day,step,power
0,0,830.5454545454545
0,1,821.2573713535264
0,2,812.938619209225
0,3,805.468739278493
0,4,798.7272727272727
0,5,792.593760721507
0,6,786.9477444271387
0,7,781.66876501011
0,8,776.6363636363636
0,9,771.8150289422633
0,10,767.5090394458567
0,11,764.1076211356128
0,12,762.0
0,13,761.469987145803
0,14,762.3797341530703
0,15,764.4859777201661
0,16,767.5454545454545
0,17,771.3064429290699
0,18,775.4833875782256
0,19,779.7822748019048
0,20,783.9090909090909
0,21,787.591172956099
0,22,790.6412609885724
0,23,792.893445799487
0,24,794.1818181818181
0,25,794.4069902465343
0,26,793.7356593765754
0,27,792.4010442728742
0,28,790.6363636363636
0,29,788.6899569668545
0,30,786.8706469596714
0,31,785.5023771090163
0,32,784.9090909090909
0,33,785.4113068860469
0,34,787.3158436938298
0,35,790.9260950183342
0,36,796.5454545454545
0,37,804.2159518525942
0,38,812.9341600831915
0,39,821.4352882721927
0,40,828.4545454545455
0,41,833.0345447944851
0,42,835.4475159734046
0,43,836.2730928019853
0,44,836.0909090909091
0,45,835.3873462421924
0,46,834.2757760231904
0,47,832.7763177925931
0,48,830.9090909090909
0,49,828.7413543276544
0,50,826.5289253883792
0,51,824.5747610276419
0,52,823.1818181818181
0,53,822.6330319017351
0,54,823.1312496960193
0,55,824.8592971877487
0,56,828.0
0,57,832.6768021563145
0,58,838.7756212820888
0,59,846.122993403182
0,60,854.5454545454545
0,61,864.0219753820974
0,62,875.1412651756258
0,63,888.6444678358872
0,64,905.2727272727273
0,65,925.177057678932
0,66,946.1479543790432
0,67,965.385782980542
0,68,980.0909090909092
0,69,988.2797370839928
0,70,991.23282639911
0,71,991.0467752419452
0,72,989.818181818182
0,73,989.192630348733
0,74,989.011649115426
0,75,988.6657524153146
0,76,987.5454545454544
0,77,985.2352528847103
0,78,982.0955771391864
0,79,978.6808400967964
0,80,975.5454545454544
0,81,972.9814149306068
0,82,970.2310423278284
0,83,966.2742394702268
0,84,960.0909090909092
0,85,950.9981783019527
0,86,939.6620717313172
0,87,927.0858383859322
0,88,914.2727272727273
0,89,902.0642241343093
0,90,890.6547616559932
0,91,880.0770092587715
0,92,870.3636363636364
0,93,861.5034478880829
0,94,853.3097907356188
0,95,845.5521473062545
1,0,838.0
1,1,830.5072115860858
1,2,823.2651663106218
1,3,816.5496287889379
1,4,810.6363636363636
1,5,805.7461148584825
1,6,801.8795440218933
1,7,798.9822920834484
1,8,797.0
1,9,795.8819085254385
1,10,795.5916576018045
1,11,796.0964869681778
1,12,797.3636363636364
1,13,799.4009669488546
1,14,802.3788255708877
1,15,806.5081804983857
1,16,812.0
1,17,819.0213259518707
1,18,827.5634946600996
1,19,837.5739160382789
1,20,849.0
1,21,861.5662860618443
1,22,874.1058321523502
1,23,885.2288258030446
1,24,893.5454545454545
1,25,898.0686434371149
1,26,899.4222676395901
1,27,898.6329398404522
1,28,896.7272727272727
1,29,894.632151553332
1,30,892.8755518347436
1,31,891.8857216533288
1,32,892.0909090909091
1,33,893.6697958041023
1,34,895.8027977487086
1,35,897.4207644553244
1,36,897.4545454545455
1,37,895.323608412077
1,38,892.4018935340584
1,39,890.5519591617377
1,40,891.6363636363636
1,41,896.8496910021353
1,42,904.7146281150582
1,43,913.085887534088
1,44,919.818181818182
1,45,923.4367184884728
1,46,925.1486849148008
1,47,926.831763429183
1,48,930.3636363636364
1,49,937.0909350439738
1,50,946.2360867711936
1,51,956.4904678400892
1,52,966.5454545454544
1,53,975.2592004265408
1,54,982.1569680004252
1,55,986.9307970286424
1,56,989.2727272727273
1,57,989.2742518862276
1,58,988.6246775907432
1,59,989.4127644998872
1,60,993.7272727272727
1,61,1003.0173715740036
1,62,1016.1738670911476
1,63,1031.4479745172634
1,64,1047.090909090909
1,65,1061.5994436359397
1,66,1074.452581317393
1,67,1085.3748828856044
1,68,1094.090909090909
1,69,1100.4072970640575
1,70,1104.458989457463
1,71,1106.4630053039557
1,72,1106.6363636363635
1,73,1105.180459016922
1,74,1102.2341881254824
1,75,1097.9208231713014
1,76,1092.3636363636365
1,77,1085.737344140982
1,78,1078.4224398587894
1,79,1070.8508611017476
1,80,1063.4545454545455
1,81,1056.414198510059
1,82,1048.9055978939052
1,83,1039.85328923989
1,84,1028.1818181818182
1,85,1013.2322822733296
1,86,996.0119867474084
1,87,977.9447887568738
1,88,960.4545454545456
1,89,944.6680360329862
1,90,930.523727843734
1,91,917.6630102780692
1,92,905.7272727272727
1,93,894.4450054129067
1,94,883.8931018776559
1,95,874.2355564944864
2,0,865.6363636363636
2,1,858.2522264062958
2,2,852.2106828274599
2,3,847.631979653076
2,4,844.6363636363636
2,5,843.2080207800922
2,6,842.7868940852314
2,7,842.6768658023
2,8,842.1818181818181
2,9,840.8190995642442
2,10,838.9599226497965
2,11,837.188966228632
2,12,836.0909090909091
2,13,836.2485355083855
2,14,838.2370516792197
2,15,842.6297692831718
2,16,850.0
2,17,860.7719856749419
2,18,874.7736888151431
2,19,891.6840020932276
2,20,911.181818181818
2,21,932.724601337302
2,22,954.8841021511164
2,23,976.0106427984636
2,24,994.4545454545456
2,25,1009.1705180667608
2,26,1021.5308116713004
2,27,1033.5120630765537
2,28,1047.090909090909
2,29,1063.5095195774736
2,30,1081.0721966182268
2,31,1097.3487753498669
2,32,1109.909090909091
2,33,1117.08969907789
2,34,1120.294038219428
2,35,1121.6922673421611
2,36,1123.4545454545455
2,37,1127.1728772927834
2,38,1132.1266505040603
2,39,1137.0170984633069
2,40,1140.5454545454545
2,41,1141.7883940237034
2,42,1141.3243597643311
2,43,1140.1072365318842
2,44,1139.090909090909
2,45,1138.8965579760393
2,46,1138.8145468022524
2,47,1137.8025349546117
2,48,1134.8181818181818
2,49,1129.1310558903212
2,50,1121.258362117569
2,51,1112.0292145587598
2,52,1102.2727272727273
2,53,1092.7780820990397
2,54,1084.174732000199
2,55,1077.05219771944
2,56,1072.0
2,57,1069.4810475317024
2,58,1069.4518007907277
2,59,1071.742108199843
2,60,1076.1818181818182
2,61,1082.6002845923324
2,62,1090.82488301871
2,63,1100.6824944811872
2,64,1112.0
2,65,1124.3180981898777
2,66,1136.0327580435237
2,67,1145.2537661481354
2,68,1150.090909090909
2,69,1149.3190840117934
2,70,1144.3736302617408
2,71,1137.3549977444538
2,72,1130.3636363636365
2,73,1125.0149407629483
2,74,1120.9840845458775
2,75,1117.461186055868
2,76,1113.6363636363635
2,77,1108.8640506636857
2,78,1103.1559406456586
2,79,1096.688042122984
2,80,1089.6363636363635
2,81,1082.0870952186733
2,82,1073.7671528714889
2,83,1064.3136340885596
2,84,1053.3636363636365
2,85,1040.719386643439
2,86,1026.8436296865686
2,87,1012.3642397045955
2,88,997.9090909090908
2,89,983.960074116661
2,90,970.4151465640548
2,91,957.0262820930576
2,92,943.5454545454544
2,93,929.8621918899172
2,94,916.416238602666
2,95,903.7848932868092
3,0,892.5454545454545
3,1,883.1053628691258
3,2,875.1926262980087
3,3,868.3653947597056
3,4,862.1818181818181
3,5,856.3115270881258
3,6,850.8700743871173
3,7,846.0844935834593
3,8,842.1818181818181
3,9,839.3900060510986
3,10,837.9407125171584
3,11,838.0665172700936
3,12,840.0
3,13,843.8869714347525
3,14,849.5261664533405
3,15,856.6295509725306
3,16,864.9090909090909
3,17,874.1757445735275
3,18,884.6364398512992
3,19,896.5970970216028
3,20,910.3636363636364
3,21,925.9966979984102
3,22,942.5758014141906
3,23,958.9351859410574
3,24,973.9090909090908
3,25,986.6854747964684
3,26,997.8671726737572
3,27,1008.4107387596218
3,28,1019.2727272727273
3,29,1031.073902815716
3,30,1043.0918715271446
3,31,1054.2684499295458
3,32,1063.5454545454545
3,33,1070.18652757703
3,34,1074.7426139449374
3,35,1078.0864842494668
3,36,1081.090909090909
3,37,1084.4214641488902
3,38,1087.9149454203782
3,39,1091.2009539816772
3,40,1093.909090909091
3,41,1095.7696612819548
3,42,1096.9157861917315
3,43,1097.5812907329148
3,44,1098.0
3,45,1098.3819929960175
3,46,1098.8423643581505
3,47,1099.472462632117
3,48,1100.3636363636365
3,49,1101.4722530976098
3,50,1102.2147563756664
3,51,1101.872608738617
3,52,1099.7272727272727
3,53,1095.2588241589974
3,54,1088.7417919573663
3,55,1080.6493183225064
3,56,1071.4545454545455
3,57,1061.8219957209456
3,58,1053.1817121585054
3,59,1047.155117971358
3,60,1045.3636363636365
3,61,1048.9105793208566
3,62,1056.826813954067
3,63,1067.625096155698
3,64,1079.8181818181818
3,65,1092.0030165410826
3,66,1103.1133047525002
3,67,1112.1669405876678
3,68,1118.1818181818182
3,69,1120.5318999693577
3,70,1120.0154215813857
3,71,1117.786686948176
3,72,1115.0
3,73,1112.5455199451228
3,74,1110.2568271037735
3,75,1107.7033570741746
3,76,1104.4545454545455
3,77,1100.170963431969
3,78,1094.8777245489728
3,79,1088.6910779369443
3,80,1081.7272727272727
3,81,1074.0561376906371
3,82,1065.5618201548814
3,83,1056.0820470871392
3,84,1045.4545454545455
3,85,1033.564713078209
3,86,1020.4886311951384
3,87,1006.3500518963168
3,88,991.2727272727273
3,89,975.5003509056176
3,90,959.7563823372924
3,91,944.8842226003212
3,92,931.7272727272727
3,93,920.8799060265936
3,94,911.9403849102374
3,95,904.2579440660356
4,0,897.1818181818181
4,1,890.1973545334625
4,2,883.3343507490298
4,3,876.758717044628
4,4,870.6363636363636
4,5,865.0906190213744
4,6,860.0744848209157
4,7,855.4983809372716
4,8,851.2727272727273
4,9,847.3620443810396
4,10,843.9472554218536
4,11,841.2633842062861
4,12,839.5454545454545
4,13,839.1188739090124
4,14,840.6705844007612
4,15,844.9779117830384
4,16,852.8181818181819
4,17,864.6141645283647
4,18,879.370406975102
4,19,895.7369004797426
4,20,912.3636363636364
4,21,928.1730475229824
4,22,943.1773331533768
4,23,957.6611340252643
4,24,971.9090909090908
4,25,986.126884016069
4,26,1000.204351320482
4,27,1013.9523702373816
4,28,1027.1818181818182
4,29,1039.7483936854687
4,30,1051.6870797465128
4,31,1063.077680479755
4,32,1074.0
4,33,1084.5926094238737
4,34,1095.2291478752848
4,35,1106.3420214799623
4,36,1118.3636363636365
4,37,1131.3058845281275
4,38,1143.4986014796216
4,39,1152.8511086003955
4,40,1157.2727272727273
4,41,1155.384136554526
4,42,1148.6514462062305
4,43,1139.2521236639095
4,44,1129.3636363636365
4,45,1120.6746147083145
4,46,1112.9183409681862
4,47,1105.3392603803286
4,48,1097.1818181818182
4,49,1087.8804727940349
4,50,1077.6297353755713
4,51,1066.8141302693214
4,52,1055.8181818181818
4,53,1045.0648577519091
4,54,1035.1308993477107
4,55,1026.631491269657
4,56,1020.181818181818
4,57,1016.2549825619652
4,58,1014.7557581426764
4,59,1015.4468364702308
4,60,1018.0909090909092
4,61,1022.5402120002304
4,62,1029.0051589906752
4,63,1037.785708303964
4,64,1049.1818181818182
4,65,1063.116839891659
4,66,1078.007696803715
4,67,1091.8947053139125
4,68,1102.8181818181818
4,69,1109.3091897967695
4,70,1111.8617810671944
4,71,1111.4607545312952
4,72,1109.090909090909
4,73,1105.6123100121729
4,74,1101.3860880184168
4,75,1096.6486401972704
4,76,1091.6363636363635
4,77,1086.524240609085
4,78,1081.2415941318652
4,79,1075.6563324068943
4,80,1069.6363636363635
4,81,1063.0464093696692
4,82,1055.7384445450318
4,83,1047.5612574478785
4,84,1038.3636363636365
4,85,1028.044383275875
4,86,1016.7023549607354
4,87,1004.4864218925004
4,88,991.5454545454544
4,89,978.0899779813764
4,90,964.5771356120272
4,91,951.5257254366649
4,92,939.4545454545456
4,93,928.67382979862
4,94,918.65955713661
4,95,908.6791422699316
5,0,898.0
5,1,886.2175437332352
5,2,874.2391812960774
5,3,863.3003191199721
5,4,854.6363636363636
5,5,849.08383617753
5,6,845.8837176790795
5,7,843.8781039774527
5,8,841.9090909090909
5,9,839.219838829372
5,10,836.6577661694228
5,11,835.4713558793076
5,12,836.9090909090909
5,13,841.917490323164
5,14,850.2352176432295
5,15,861.2989725053166
5,16,874.5454545454545
5,17,889.4496885143351
5,18,905.639999621296
5,19,922.7830381903358
5,20,940.5454545454544
5,21,958.5266533467682
5,22,976.0570565988604
5,23,992.3998406424312
5,24,1006.818181818182
5,25,1018.8357435531376
5,26,1029.018137619626
5,27,1038.1914628763022
5,28,1047.1818181818182
5,29,1056.4442928952274
5,30,1064.9499383771797
5,31,1071.298796488724
5,32,1074.090909090909
5,33,1072.3643575932258
5,34,1066.909381598928
5,35,1058.954260259712
5,36,1049.7272727272727
5,37,1040.3468562773246
5,38,1031.4920806816542
5,39,1023.7321738360654
5,40,1017.6363636363636
5,41,1013.46554684293
5,42,1010.2472956744558
5,43,1006.700851214208
5,44,1001.5454545454544
5,45,993.9528881691364
5,46,984.9051002568864
5,47,975.8365803980116
5,48,968.181818181818
5,49,963.0524459350704
5,50,960.2686669343622
5,51,959.3278271937456
5,52,959.7272727272727
5,53,960.9722712724008
5,54,962.5997774602102
5,55,964.1546676451871
5,56,965.181818181818
5,57,965.503071248054
5,58,966.0481323157064
5,59,968.0236726800508
5,60,972.6363636363636
5,61,980.813739189928
5,62,992.3667841860552
5,63,1006.827346180064
5,64,1023.7272727272727
5,65,1042.311574264961
5,66,1060.6779127582545
5,67,1076.6371130542384
5,68,1088.0
5,69,1093.2609864775002
5,70,1093.6488375082
5,71,1091.0759061484366
5,72,1087.4545454545455
5,73,1084.3362411886746
5,74,1081.8290099362175
5,75,1079.680000988379
5,76,1077.6363636363635
5,77,1075.4693328587102
5,78,1073.0464863832924
5,79,1070.2594876253197
5,80,1067.0
5,81,1063.130177376485
5,82,1058.3941354397032
5,83,1052.5064803285238
5,84,1045.1818181818182
5,85,1036.269900817167
5,86,1026.161062766986
5,87,1015.3807842424036
5,88,1004.4545454545456
5,89,993.7518670821212
5,90,983.0184316741702
5,91,971.8439622473164
5,92,959.818181818182
5,93,946.7538808543494
5,94,933.3561196272416
5,95,920.55302585924
6,0,909.2727272727273
6,1,900.1828935913906
6,2,892.9093625441369
6,3,886.8175138611786
6,4,881.2727272727273
6,5,875.7915334164519
6,6,870.4950665598473
6,7,865.6556118778644
6,8,861.5454545454545
6,9,858.3810863791649
6,10,856.155825761928
6,11,854.8071977182725
6,12,854.2727272727273
6,13,854.5307119759793
6,14,855.7225394833495
6,15,858.0303699763178
6,16,861.6363636363636
6,17,866.6437929896455
6,18,872.8403799410374
6,19,879.9349587400927
6,20,887.6363636363636
6,21,895.6029228836204
6,22,903.2909407525
6,23,910.1062155178572
6,24,915.4545454545456
6,25,918.9771859304188
6,26,921.2572206853264
6,27,923.1131905521156
6,28,925.3636363636364
6,29,928.5579356674324
6,30,932.168812869832
6,31,935.3998290918614
6,32,937.4545454545456
6,33,937.7527191271256
6,34,936.5788914717092
6,35,934.43379989862
6,36,931.818181818182
6,37,929.10164236952
6,38,926.1292576069676
6,39,922.6149713136582
6,40,918.2727272727273
6,41,912.9415636675212
6,42,906.960896282239
6,43,900.795235301292
6,44,894.9090909090909
6,45,889.6292620513038
6,46,884.7317027186218
6,47,879.8546556629927
6,48,874.6363636363636
6,49,868.9447972181727
6,50,863.5668382978191
6,51,859.5190965921923
6,52,857.8181818181819
6,53,859.1313218032778
6,54,862.728216817374
6,55,867.5291852409653
6,56,872.4545454545455
6,57,876.7344610232611
6,58,880.8384762508657
6,59,885.5459806257649
6,60,891.6363636363636
6,61,899.825720467314
6,62,910.5769690882536
6,63,924.2897331650664
6,64,941.3636363636364
6,65,961.6331116529378
6,66,982.6718292143024
6,67,1001.4882685321523
6,68,1015.0909090909092
6,69,1021.3875715572988
6,70,1021.8834413272637
6,71,1018.9830449790512
6,72,1015.0909090909092
6,73,1012.1219998451407
6,74,1010.0330418402796
6,75,1008.2911992789144
6,76,1006.3636363636364
6,77,1003.8218722439564
6,78,1000.6548458570736
6,79,996.9558510871084
6,80,992.818181818182
6,81,988.3007384517606
6,82,983.3248474586992
6,83,977.7774418271966
6,84,971.5454545454544
6,85,964.5689239490004
6,86,957.0003097626752
6,87,949.0451770586492
6,88,940.9090909090908
6,89,932.6366339340564
6,90,923.6284589451452
6,91,913.1242363018432
6,92,900.3636363636364
6,93,885.0635175875015
6,94,868.8494908203808
6,95,853.8243550067056
7,0,842.0909090909091
7,1,835.0808866250278
7,2,831.5417595915146
7,3,829.5499345804254
7,4,827.1818181818181
7,5,822.9566859123868
7,6,817.1652889953796
7,7,810.5412475806824
7,8,803.8181818181819
7,9,797.6577106345159
7,10,792.4334480633312
7,11,788.4470069150265
7,12,786.0
7,13,785.3130397313678
7,14,786.2827369331138
7,15,788.7247020319393
7,16,792.4545454545455
7,17,797.2534827127403
7,18,802.7651496587587
7,19,808.5987872299436
7,20,814.3636363636364
7,21,819.7667794176713
7,22,824.9066644318505
7,23,829.9795808664684
7,24,835.1818181818181
7,25,840.6453087074832
7,26,846.2445562502021
7,27,851.7897074860016
7,28,857.0909090909091
7,29,861.8749971160315
7,30,865.5355651127953
7,31,867.3828960077069
7,32,866.7272727272727
7,33,863.2410664647546
7,34,858.0450014804352
7,35,852.6218903013527
7,36,848.4545454545455
7,37,846.5684074794958
7,38,846.1594289654644
7,39,845.9661905141551
7,40,844.7272727272727
7,41,841.5222354354438
7,42,836.7945553849805
7,43,831.3286885511184
7,44,825.9090909090909
7,45,821.2091280514571
7,46,817.457804040068
7,47,814.7730325540997
7,48,813.2727272727273
7,49,813.0489228132742
7,50,814.0901375456565
7,51,816.3590107779378
7,52,819.8181818181819
7,53,824.4176238772641
7,54,830.0566457773057
7,55,836.62189024324
7,56,844.0
7,57,852.0930816776698
7,58,860.8650975269389
7,59,870.2954737036472
7,60,880.3636363636364
7,61,891.1773789575112
7,62,903.3579641149388
7,63,917.6550217603516
7,64,934.818181818182
7,65,955.0113229468308
7,66,976.0553187405782
7,67,995.1852915276728
7,68,1009.6363636363636
7,69,1017.4463633460748
7,70,1019.8639427409304
7,71,1018.9404598562298
7,72,1016.7272727272727
7,73,1014.8495304870524
7,74,1013.2275466593376
7,75,1011.3554258655902
7,76,1008.7272727272727
7,77,1004.953810160261
7,78,1000.1122342580836
7,79,994.3963594086824
7,80,988.0
7,81,981.05824023554
7,82,973.4712435810555
7,83,965.0804433178616
7,84,955.7272727272727
7,85,945.2649334430332
7,86,933.5937005086034
7,87,920.6256173198716
7,88,906.2727272727273
7,89,890.711571446872
7,90,875.1766816572585
7,91,861.167087402652
7,92,850.1818181818181
7,93,843.1870762240244
7,94,839.0177546805451
7,95,835.9759194331571
8,0,832.3636363636364
8,1,827.0827372933942
8,2,821.4341178023794
8,3,817.3184394101747
8,4,816.6363636363636
8,5,820.5700427842168
8,6,827.4275922917554
8,7,834.7986183806894
8,8,840.2727272727273
8,9,842.0447620242842
8,10,840.7305130305984
8,11,837.5510075216133
8,12,833.7272727272727
8,13,830.4554545731918
8,14,828.8321737676692
8,15,829.929169714676
8,16,834.8181818181819
8,17,844.2243287738584
8,18,857.4862464441791
8,19,873.5959499833197
8,20,891.5454545454545
8,21,910.4100144222848
8,22,929.5978404556143
8,23,948.6003826247731
8,24,966.9090909090908
8,25,984.0674317188208
8,26,999.826937187909
8,27,1013.9911558812248
8,28,1026.3636363636365
8,29,1036.8884405206134
8,30,1046.071683520022
8,31,1054.5599938503287
8,32,1063.0
8,33,1071.8518175623622
8,34,1080.8295105501848
8,35,1089.4606300810965
8,36,1097.2727272727273
8,37,1104.0068460481195
8,38,1110.2580015519668
8,39,1116.8347017343765
8,40,1124.5454545454545
8,41,1133.7529005178872
8,42,1143.0362105146744
8,43,1150.5286879813978
8,44,1154.3636363636365
8,45,1153.2556996076055
8,46,1148.2448836620615
8,47,1140.9525349763956
8,48,1133.0
8,49,1125.7257215062366
8,50,1119.3365275643528
8,51,1113.7563425675648
8,52,1108.909090909091
8,53,1104.692266640175
8,54,1100.897642444165
8,55,1097.2905606624363
8,56,1093.6363636363635
8,57,1089.880211933064
8,58,1086.6865390226235
8,59,1084.8995966008715
8,60,1085.3636363636365
8,61,1088.6562038093873
8,62,1094.288019647158
8,63,1101.5030983886224
8,64,1109.5454545454545
8,65,1117.6526432839316
8,66,1125.036382388744
8,67,1130.901930299184
8,68,1134.4545454545455
8,69,1135.1536776003406
8,70,1133.4755417069578
8,71,1130.1505440510057
8,72,1125.909090909091
8,73,1121.3477031328882
8,74,1116.527359874334
8,75,1111.375154860431
8,76,1105.8181818181818
8,77,1099.797839413561
8,78,1093.3127460684334
8,79,1086.375825143634
8,80,1079.0
8,81,1071.1413369401394
8,82,1062.5284740337509
8,83,1052.8331922923048
8,84,1041.7272727272727
8,85,1029.0061310076992
8,86,1014.9597214329276
8,87,1000.0016329598734
8,88,984.5454545454544
8,89,969.0003322108817
8,90,953.7576402345396
8,91,939.20430995911
8,92,925.7272727272727
8,93,913.5593015124128
8,94,902.3165358107324
8,95,891.4609567491408
9,0,880.4545454545455
9,1,869.0238253758325
9,2,857.9534892498028
9,3,848.2927721352354
9,4,841.0909090909091
9,5,837.0059083478933
9,6,835.130870826419
9,7,834.1676706190079
9,8,832.8181818181819
9,9,830.1727116871397
9,10,826.8753001717935
9,11,823.9584203887324
9,12,822.4545454545455
9,13,823.2521085399109
9,14,826.6633830318614
9,15,832.8566023715176
9,16,842.0
9,17,854.1583427895795
9,18,868.982531337124
9,19,886.0199996706524
9,20,904.818181818182
9,21,924.8588384835898
9,22,945.3610370741876
9,23,965.4781716731464
9,24,984.3636363636364
9,25,1001.4276100942436
9,26,1017.1074112752164
9,27,1032.0971431822172
9,28,1047.090909090909
9,29,1062.4648120485265
9,30,1077.3229541885837
9,31,1090.4514374161674
9,32,1100.6363636363635
9,33,1107.1151303480156
9,34,1110.930317424995
9,35,1113.5758003349315
9,36,1116.5454545454545
9,37,1120.9766551957753
9,38,1126.580776111436
9,39,1132.7126907895604
9,40,1138.7272727272727
9,41,1144.0208625052464
9,42,1148.155669038352
9,43,1150.735368325009
9,44,1151.3636363636365
9,45,1149.7680197832383
9,46,1146.171547735156
9,47,1140.9211200013135
9,48,1134.3636363636365
9,49,1126.8303538163452
9,50,1118.589958202843
9,51,1109.8954925788285
9,52,1101.0
9,53,1092.2045990422894
9,54,1084.0027103625623
9,55,1076.9358301379182
9,56,1071.5454545454545
9,57,1068.1921591054056
9,58,1066.5128367105428
9,59,1065.9634595967725
9,60,1066.0
9,61,1066.3747758997245
9,62,1068.025488249812
9,63,1072.1861837477206
9,64,1080.090909090909
9,65,1092.3087372956963
9,66,1106.7488466538457
9,67,1120.6554417759814
9,68,1131.2727272727273
9,69,1136.54652491749
9,70,1137.2291251348045
9,71,1134.77443551199
9,72,1130.6363636363635
9,73,1126.03783348889
9,74,1121.2778346251175
9,75,1116.4243729942411
9,76,1111.5454545454545
9,77,1106.6444706724044
9,78,1101.4663545465426
9,79,1095.691424783773
9,80,1089.0
9,81,1081.1172383669475
9,82,1071.9476562796217
9,83,1061.4406096888483
9,84,1049.5454545454545
9,85,1036.3311781325333
9,86,1022.3452930622448
9,87,1008.2549432790156
9,88,994.7272727272727
9,89,982.2285036483736
9,90,970.4211714714
9,91,958.7668899223625
9,92,946.7272727272727
9,93,933.9991254557892
9,94,921.2200210521552
9,95,909.2627243042622
10,0,899.0
10,1,891.0761308921066
10,2,885.2214715927064
10,3,880.9378946787712
10,4,877.7272727272727
10,5,875.1395327939666
10,6,872.9168198497463
10,7,870.8493333442892
10,8,868.7272727272727
10,9,866.4949992956633
10,10,864.7135217355813
10,11,864.098010580436
10,12,865.3636363636364
10,13,869.1120041142894
10,14,875.4904568442925
10,15,884.53277206124
10,16,896.2727272727273
10,17,910.737381974452
10,18,927.9269236145224
10,19,947.8348216291498
10,20,970.4545454545456
10,21,995.3944338969936
10,22,1020.722303243073
10,23,1044.1208391494338
10,24,1063.2727272727273
10,25,1076.5669847102995
10,26,1085.2179543222765
10,27,1091.146310409479
10,28,1096.2727272727273
10,29,1102.238195443626
10,30,1109.5649703769118
10,31,1118.4956237581057
10,32,1129.2727272727273
10,33,1141.6961426061062
10,34,1153.7948914428036
10,35,1163.1552854671904
10,36,1167.3636363636365
10,37,1164.6221204955862
10,38,1155.596372942782
10,39,1141.5678934640416
10,40,1123.8181818181818
10,41,1103.78412541155
10,42,1083.5241622406138
10,43,1065.2521179493706
10,44,1051.1818181818182
10,45,1042.7825710400316
10,46,1038.5456144583989
10,47,1036.2176688293848
10,48,1033.5454545454545
10,49,1028.9222381555958
10,50,1023.3274708348814
10,51,1018.3871499149086
10,52,1015.7272727272727
10,53,1016.5043286103136
10,54,1019.9967749293472
10,55,1025.0135610564348
10,56,1030.3636363636365
10,57,1035.155617857696
10,58,1039.696793084092
10,59,1044.594117222988
10,60,1050.4545454545455
10,61,1057.876040867994
10,62,1067.4205981888292
10,63,1079.6412200516136
10,64,1095.090909090909
10,65,1113.7549913976009
10,66,1133.3480868878637
10,67,1151.0171389341942
10,68,1163.909090909091
10,69,1169.9988799052392
10,70,1170.5734178960806
10,71,1167.7476105752455
10,72,1163.6363636363635
10,73,1159.9526139814427
10,74,1156.801423345996
10,75,1153.8858846739151
10,76,1150.909090909091
10,77,1147.602595987173
10,78,1143.8117978108446
10,79,1139.4105552745486
10,80,1134.2727272727273
10,81,1128.200922524412
10,82,1120.7127490469893
10,83,1111.254564682436
10,84,1099.2727272727273
10,85,1084.5241116424522
10,86,1068.007660546652
10,87,1051.0328337229805
10,88,1034.909090909091
10,89,1020.606039996688
10,90,1007.7338814936752
10,91,995.5629640620068
10,92,983.3636363636364
10,93,970.6682056435234
10,94,958.0568134786472
10,95,946.3715600289931
11,0,936.4545454545456
11,1,928.8560806110368
11,2,922.9593191371904
11,3,917.8556253674756
11,4,912.6363636363636
11,5,906.6077560032384
11,6,899.9354554271378
11,7,892.9999725920138
11,8,886.1818181818181
11,9,879.8961340123734
11,10,874.6965864269856
11,11,871.1714729008327
11,12,869.9090909090909
11,13,871.4042988563589
11,14,875.7781988649186
11,15,883.0584539864739
11,16,893.2727272727273
11,17,906.3843978349182
11,18,922.09970902243
11,19,940.0606202441812
11,20,959.9090909090908
11,21,981.0666325312408
11,22,1002.0729650453618
11,23,1021.2473604913472
11,24,1036.909090909091
11,25,1047.9044697673912
11,26,1055.1879762506685
11,27,1060.241130972248
11,28,1064.5454545454545
11,29,1069.2146361264668
11,30,1073.8910390428734
11,31,1077.849195165116
11,32,1080.3636363636365
11,33,1081.031019817651
11,34,1080.736503941475
11,35,1080.6873724581972
11,36,1082.090909090909
11,37,1085.6144096029302
11,38,1089.7652179185022
11,39,1092.5106900020955
11,40,1091.8181818181818
11,41,1086.2272508615367
11,42,1076.5662607481538
11,43,1064.23577662433
11,44,1050.6363636363635
11,45,1037.0092574054677
11,46,1023.9583754525194
11,47,1011.9283057733112
11,48,1001.3636363636364
11,49,992.5766286075014
11,50,985.3502374417689
11,51,979.3350911915156
11,52,974.181818181818
11,53,969.7296827099814
11,54,966.5724929622232
11,55,965.49269309699
11,56,967.2727272727273
11,57,972.3221121434818
11,58,979.5586543457016
11,59,987.5272330114342
11,60,994.7727272727273
11,61,1000.3845675797272
11,62,1005.6303896549706
11,63,1012.3223805390924
11,64,1022.2727272727273
11,65,1036.511066401246
11,66,1052.9368324889615
11,67,1068.666909604924
11,68,1080.8181818181818
11,69,1087.243752042562
11,70,1088.7415985710004
11,71,1086.845918541212
11,72,1083.090909090909
11,73,1078.780970883052
11,74,1074.3013186815815
11,75,1069.807370775684
11,76,1065.4545454545455
11,77,1061.3326485161394
11,78,1057.2690357935828
11,79,1053.0254506287804
11,80,1048.3636363636365
11,81,1043.0390032342095
11,82,1036.7816290531784
11,83,1029.3152585273765
11,84,1020.3636363636364
11,85,1009.7883271833864
11,86,998.002175266431
11,87,985.555844807169
11,88,973.0
11,89,960.7210403049722
11,90,948.4483062447342
11,91,935.7468736075836
11,92,922.181818181818
11,93,907.5547843239972
11,94,892.6136906637232
11,95,878.3430243988605
12,0,865.7272727272727
12,1,855.478856489948
12,2,847.2219311003727
12,3,840.3085856151564
12,4,834.0909090909091
12,5,828.0795056253011
12,6,822.4190394802407
12,7,817.4126899586965
12,8,813.3636363636364
12,9,810.5511323724837
12,10,809.1587291604822
12,11,809.3460522773305
12,12,811.2727272727273
12,13,815.088123975673
12,14,820.9005893323756
12,15,828.8082145683452
12,16,838.9090909090909
12,17,851.3406899066426
12,18,866.398004419106
12,19,884.4154076311078
12,20,905.7272727272727
12,21,930.2195709432118
12,22,955.9846657184728
12,23,980.6665185435882
12,24,1001.9090909090908
12,25,1017.8989240477836
12,26,1028.9928781615488
12,27,1036.0903931945395
12,28,1040.090909090909
12,29,1041.7941078656547
12,30,1041.600639817151
12,31,1039.8113973146171
12,32,1036.7272727272727
12,33,1032.676064944144
12,34,1028.0931989334845
12,35,1023.4410061833556
12,36,1019.181818181818
12,37,1015.6110073577704
12,38,1012.3561099034569
12,39,1008.8777029519604
12,40,1004.6363636363636
12,41,999.3884283520488
12,42,994.073270543598
12,43,989.9260229178938
12,44,988.181818181818
12,45,989.5298815067616
12,46,992.4758079221506
12,47,994.9792849219184
12,48,995.0
12,49,991.1000001663582
12,50,984.250770495072
12,51,976.02615557625
12,52,968.0
12,53,961.4479587368965
12,54,956.4529282793792
12,55,952.7996155003538
12,56,950.2727272727273
12,57,948.7686762496924
12,58,948.6306982055936
12,59,950.313734695061
12,60,954.2727272727273
12,61,960.9020521734247
12,62,970.3538243527933
12,63,982.719593446674
12,64,998.0909090909092
12,65,1016.0932855111542
12,66,1034.4880952923252
12,67,1050.5706756091515
12,68,1061.6363636363635
12,69,1065.82423760014
12,70,1064.6483399324516
12,71,1060.4664541167197
12,72,1055.6363636363635
12,73,1051.9975481791955
12,74,1049.3162722505951
12,75,1046.8404965603331
12,76,1043.8181818181818
12,77,1039.699774228532
12,78,1034.7456619742588
12,79,1029.418718732856
12,80,1024.1818181818182
12,81,1019.3141503612206
12,82,1014.3601707614608
12,83,1008.6806512355156
12,84,1001.6363636363636
12,85,992.7183402356756
12,86,981.9386549798986
12,87,969.4396422341716
12,88,955.3636363636364
12,89,939.9786818778948
12,90,924.0556638644003
12,91,908.4911775550696
12,92,894.1818181818181
12,93,881.7959095254726
12,94,871.0886895624997
12,95,861.5871248182771
13,0,852.8181818181819
13,1,844.400180020215
13,2,836.3168506128735
13,3,828.6432777172766
13,4,821.4545454545455
13,5,814.8278022118485
13,6,808.8484534405521
13,7,803.6039688580703
13,8,799.1818181818181
13,9,795.6352020414809
13,10,792.8802447158273
13,11,790.7988013958961
13,12,789.2727272727273
13,13,788.2791168949548
13,14,788.1760222415935
13,15,789.416734649254
13,16,792.4545454545455
13,17,797.6290121968818
13,18,804.8247572268895
13,19,813.8126690979977
13,20,824.3636363636364
13,21,836.0400615902449
13,22,847.5704033963033
13,23,857.4746344133008
13,24,864.2727272727273
13,25,867.0814800785018
13,26,867.4049928242613
13,27,867.344190976072
13,28,869.0
13,29,873.9806090048384
13,30,881.9232616702876
13,31,891.9724653187745
13,32,903.2727272727273
13,33,915.0117089021444
13,34,926.5496877673156
13,35,937.2900954761014
13,36,946.6363636363636
13,37,954.1742599320382
13,38,960.2188963513596
13,39,965.267720958638
13,40,969.818181818182
13,41,974.2571604606118
13,42,978.529272281791
13,43,982.4685661438926
13,44,985.9090909090908
13,45,988.76726868006
13,46,991.2890145214764
13,47,993.8026167385184
13,48,996.6363636363636
13,49,999.9905261827852
13,50,1003.5533059959392
13,51,1006.884887356578
13,52,1009.5454545454544
13,53,1011.2635243160728
13,54,1012.4409433129484
13,55,1013.64789065335
13,56,1015.4545454545456
13,57,1018.1954333711062
13,58,1021.262466206813
13,59,1023.8119023027498
13,60,1025.0
13,61,1024.417810381321
13,62,1023.3955554961636
13,63,1023.6982501356516
13,64,1027.090909090909
13,65,1034.6361660127004
13,66,1044.587129990351
13,67,1054.494528972826
13,68,1061.909090909091
13,69,1065.0233210224226
13,70,1064.5968336333417
13,71,1062.0310203366812
13,72,1058.7272727272727
13,73,1055.7464021703368
13,74,1052.786899112645
13,75,1049.2066737713585
13,76,1044.3636363636365
13,77,1037.8191952962309
13,78,1029.9487517342593
13,79,1021.3312050324308
13,80,1012.5454545454544
13,81,1004.0279530083764
13,82,995.6453666775903
13,83,987.1219151898272
13,84,978.181818181818
13,85,968.5661517611728
13,86,958.0834179190156
13,87,946.5589751173508
13,88,933.818181818182
13,89,919.8267581287512
13,90,905.111870737256
13,91,890.3410479771329
13,92,876.1818181818181
13,93,863.1722702692776
13,94,851.3327354955967
13,95,840.55410570139
14,0,830.7272727272727
14,1,821.7767744305016
14,2,813.7617327349025
14,3,806.7749155809429
14,4,800.9090909090909
14,5,796.1453479178065
14,6,792.0180608375206
14,7,787.9499251566561
14,8,783.3636363636364
14,9,777.907458898272
14,10,772.1319330059242
14,11,766.8131678833415
14,12,762.7272727272727
14,13,760.4847596709235
14,14,760.0337525933281
14,15,761.1567783099778
14,16,763.6363636363636
14,17,767.2685592362158
14,18,771.903511166218
14,19,777.4048893312931
14,20,783.6363636363636
14,21,790.3841852023953
14,22,797.1249300145271
14,23,803.2577552739405
14,24,808.1818181818181
14,25,811.5569158632939
14,26,814.0854051393104
14,27,816.7302827547628
14,28,820.4545454545455
14,29,825.9449695262473
14,30,832.7834494282313
14,31,840.2756591615542
14,32,847.7272727272727
14,33,854.6276946680803
14,34,861.201251693219
14,35,867.8560010535658
14,36,875.0
14,37,882.7445358923397
14,38,890.0138165261662
14,39,895.4352798060002
14,40,897.6363636363636
14,41,895.7549572171055
14,42,890.9707549293893
14,43,884.9739024497055
14,44,879.4545454545455
14,45,875.793873875601
14,46,874.1372546653675
14,47,874.3210990315415
14,48,876.1818181818181
14,49,879.4956836441262
14,50,883.7984082273215
14,51,888.5655650604928
14,52,893.2727272727273
14,53,897.6282210933489
14,54,902.2713851526188
14,55,908.0743111810342
14,56,915.9090909090908
14,57,926.2229660733872
14,58,937.7637784349296
14,59,948.8545197608252
14,60,957.818181818182
14,61,963.6248009767382
14,62,967.8325920167542
14,63,972.6468143211204
14,64,980.2727272727273
14,65,992.1272618378418
14,66,1006.4740353162356
14,67,1020.788336591057
14,68,1032.5454545454545
14,69,1039.8135948537135
14,70,1043.0326303546672
14,71,1043.2353506782877
14,72,1041.4545454545455
14,73,1038.5416542018504
14,74,1034.622715992368
14,75,1029.6424197867016
14,76,1023.5454545454544
14,77,1016.3848451570664
14,78,1008.646960221315
14,79,1000.9265042658157
14,80,993.818181818182
14,81,987.6576015335216
14,82,981.7439885769172
14,83,975.1174722409452
14,84,966.818181818182
14,85,956.1665668906662
14,86,943.6043581982888
14,87,929.8536067704034
14,88,915.6363636363636
14,89,901.6207331765414
14,90,888.2590331753826
14,91,875.9496347683503
14,92,865.0909090909091
14,93,855.9186822213499
14,94,848.0186000092727
14,95,840.8137632471047
15,0,833.7272727272727
15,1,826.3480038471498
15,2,818.9279304238905
15,3,811.8848008795951
15,4,805.6363636363636
15,5,800.5046432991417
15,6,796.4287692042561
15,7,793.2521468708786
15,8,790.8181818181819
15,9,789.0410934108288
15,10,788.118356395449
15,11,788.3182593641628
15,12,789.9090909090909
15,13,793.1136535120884
15,14,797.9728052139479
15,15,804.4819179451973
15,16,812.6363636363636
15,17,822.4702016317268
15,18,834.1722409305773
15,19,847.9699779459571
15,20,864.0909090909091
15,21,882.4032672337308
15,22,901.3382310637426
15,23,918.9677157255192
15,24,933.3636363636364
15,25,943.2150248878949
15,26,949.679380268998
15,27,954.5313182428744
15,28,959.5454545454544
15,29,966.1528263965084
15,30,974.4101569511756
15,31,984.0305908484366
15,32,994.7272727272727
15,33,1006.0799195260712
15,34,1017.1345373808458
15,35,1026.8037047270154
15,36,1034.0
15,37,1037.9223818628425
15,38,1038.9153298890778
15,39,1037.6097038798653
15,40,1034.6363636363635
15,41,1030.625439386196
15,42,1026.204143062843
15,43,1021.9989570262508
15,44,1018.6363636363636
15,45,1016.5474515014648
15,46,1015.381734223186
15,47,1014.593331651496
15,48,1013.6363636363636
15,49,1012.0569136988536
15,50,1009.7689200444128
15,51,1006.778284549584
15,52,1003.0909090909092
15,53,998.8087005213026
15,54,994.4175855991627
15,55,990.49949605926
15,56,987.6363636363636
15,57,986.338966034118
15,58,986.8334648316632
15,59,989.2748675770132
15,60,993.818181818182
15,61,1000.6578785240432
15,62,1010.1462823469108
15,63,1022.67518135996
15,64,1038.6363636363635
15,65,1057.8775312333455
15,66,1078.0700421443285
15,67,1096.3411683467832
15,68,1109.8181818181818
15,69,1116.4555760880282
15,70,1117.5167308939567
15,71,1115.092247525634
15,72,1111.2727272727273
15,73,1107.7362439599965
15,74,1104.5107615525724
15,75,1101.2117165506806
15,76,1097.4545454545455
15,77,1092.9204707992596
15,78,1087.5538592593898
15,79,1081.3648635443706
15,80,1074.3636363636365
15,81,1066.5222137520557
15,82,1057.6601650462317
15,83,1047.5589429082008
15,84,1036.0
15,85,1022.8514696470628
15,86,1008.3282078284116
15,87,992.7317511864628
15,88,976.3636363636364
15,89,959.5548622051464
15,90,942.7542763673956
15,91,926.4401887095836
15,92,911.0909090909092
15,93,897.1052178959873
15,94,884.5637776110963
15,95,873.46772124793
16,0,863.8181818181819
16,1,855.5611980290859
16,2,848.4224313700365
16,3,842.072449025969
16,4,836.1818181818181
16,5,830.5491377149422
16,6,825.4851332723935
16,7,821.428562193648
16,8,818.8181818181819
16,9,817.9808874747821
16,10,818.7961264494807
16,11,821.0314840176209
16,12,824.4545454545455
16,13,829.0400964768389
16,14,835.5917245660472
16,15,845.1202176449596
16,16,858.6363636363636
16,17,876.6399766178633
16,18,897.5869752863294
16,19,919.422304493449
16,20,940.0909090909092
16,21,958.1215879607988
16,22,974.3785561068166
16,23,990.3098825630626
16,24,1007.3636363636364
16,25,1026.345262448032
16,26,1045.4897093773131
16,27,1062.389301617938
16,28,1074.6363636363635
16,29,1080.5186690652556
16,30,1081.1057882021123
16,31,1078.16274051064
16,32,1073.4545454545455
16,33,1068.568697654582
16,34,1064.3825923596924
16,35,1061.5960999758654
16,36,1060.909090909091
16,37,1062.6539834982343
16,38,1065.693387813664
16,39,1068.5224618586255
16,40,1069.6363636363635
16,41,1067.8466183524818
16,42,1063.2302200220158
16,43,1056.1805298623603
16,44,1047.090909090909
16,45,1036.4055658191112
16,46,1024.7720957346355
16,47,1012.8889414192058
16,48,1001.4545454545456
16,49,991.0069706438
16,50,981.4427606758044
16,51,972.4980794608156
16,52,963.9090909090908
16,53,955.5878584238708
16,54,948.1500433803284
16,55,942.3872066466224
16,56,939.0909090909092
16,57,938.964038842536
16,58,942.3547930756088
16,59,949.5226962254224
16,60,960.7272727272727
16,61,976.0091112059854
16,62,994.5330570445094
16,63,1015.2450198153244
16,64,1037.090909090909
16,65,1058.9909936062495
16,66,1079.762978746353
16,67,1098.1989290587353
16,68,1113.090909090909
16,69,1123.5510620962905
16,70,1129.9718461518955
16,71,1133.0657980406445
16,72,1133.5454545454545
16,73,1132.0689625540451
16,74,1129.0769093733368
16,75,1124.955492415051
16,76,1120.090909090909
16,77,1114.8307581420752
16,78,1109.3682436274846
16,79,1103.8579709355154
16,80,1098.4545454545455
16,81,1093.1747662412906
16,82,1087.4842070258155
16,83,1080.710635206524
16,84,1072.1818181818182
16,85,1061.4034155291265
16,86,1048.5926555419794
16,87,1034.1446586929335
16,88,1018.4545454545456
16,89,1001.769810278568
16,90,983.74744353354
16,91,963.8968095671964
16,92,941.7272727272727
16,93,917.4463206293289
16,94,894.0539339602248
16,95,875.2482166746445
17,0,864.7272727272727
17,1,864.7574072041164
17,2,871.8777297164705
17,3,881.195551006953
17,4,887.8181818181819
17,5,888.0865505542059
17,6,883.2760562648019
17,7,875.8957156611791
17,8,868.4545454545455
17,9,863.0540610336062
17,10,860.1657724970489
17,11,859.8536886210582
17,12,862.1818181818181
17,13,867.218512129552
17,14,875.049490110639
17,15,885.7648139454974
17,16,899.4545454545455
17,17,916.1216063572772
17,18,935.4203579694864
17,19,956.9180215060436
17,20,980.181818181818
17,21,1004.5734715322492
17,22,1028.6327143750511
17,23,1050.6937818485098
17,24,1069.090909090909
17,25,1082.6427461500905
17,26,1092.1056027121265
17,27,1098.7202033726437
17,28,1103.7272727272727
17,29,1107.9634984128431
17,30,1110.6494202309902
17,31,1110.6015410245511
17,32,1106.6363636363635
17,33,1098.1793965621737
17,34,1087.0921709093675
17,35,1075.8452234382412
17,36,1066.909090909091
17,37,1061.942494883917
17,38,1059.35689613154
17,39,1056.7519402224837
17,40,1051.7272727272727
17,41,1042.6685216294302
17,42,1031.1052445644723
17,43,1019.3529815809152
17,44,1009.7272727272727
17,45,1003.8223390529076
17,46,1000.3471256105698
17,47,997.2892584538564
17,48,992.6363636363636
17,49,984.9327471589392
17,50,974.94943481143
17,51,964.0141323309332
17,52,953.4545454545456
17,53,944.4040586749716
17,54,937.2187715073458
17,55,932.060462222411
17,56,929.0909090909092
17,57,928.529143141175
17,58,930.8232064319138
17,59,936.478393779423
17,60,946.0
17,61,959.6810733057832
17,62,976.965675492272
17,63,997.0856217508066
17,64,1019.2727272727273
17,65,1042.5647454538744
17,66,1065.2231825080896
17,67,1085.3154828537145
17,68,1100.909090909091
17,69,1110.6238653332648
17,70,1115.289321748097
17,71,1116.2873900161535
17,72,1115.0
17,73,1112.6372363948851
17,74,1109.7218032267947
17,75,1106.6045593543977
17,76,1103.6363636363635
17,77,1101.0388368144677
17,78,1098.5166471629068
17,79,1095.645224838983
17,80,1092.0
17,81,1087.1790072563354
17,82,1080.8706990306696
17,83,1072.7861321987605
17,84,1062.6363636363635
17,85,1050.303372796555
17,86,1036.352829441687
17,87,1021.52132591143
17,88,1006.5454545454544
17,89,992.0634674665343
17,90,978.3202559298544
17,91,965.4623709737018
17,92,953.6363636363636
17,93,942.9058255191248
17,94,933.0025104752582
17,95,923.5752129210356
18,0,914.2727272727273
18,1,904.8728895478764
18,2,895.6697021691126
18,3,887.0862091603383
18,4,879.5454545454545
18,5,873.4136958348248
18,6,868.830044484655
18,7,865.8768254376123
18,8,864.6363636363636
18,9,865.1555657491881
18,10,867.3396653468127
18,11,871.0584777255765
18,12,876.1818181818181
18,13,882.6543820775133
18,14,890.7203850371847
18,15,900.6989227509908
18,16,912.9090909090908
18,17,927.5976445771216
18,18,944.7219763226302
18,19,964.167138088642
18,20,985.818181818182
18,21,1009.2718009776368
18,22,1032.97125512684
18,23,1055.071445348987
18,24,1073.7272727272727
18,25,1087.4770833305136
18,26,1096.3930031700097
18,27,1100.9306032426828
18,28,1101.5454545454545
18,29,1098.845433882128
18,30,1094.0476412840308
18,31,1088.521482589373
18,32,1083.6363636363635
18,33,1080.4551015955203
18,34,1078.8141589665945
18,35,1078.2434095816436
18,36,1078.2727272727273
18,37,1078.312852917608
18,38,1077.2979955768649
18,39,1074.04323135678
18,40,1067.3636363636365
18,41,1056.6841117340468
18,42,1043.868858725947
18,43,1031.3919036276002
18,44,1021.7272727272727
18,45,1016.7120637825672
18,46,1015.6356604284396
18,47,1017.1505177691828
18,48,1019.9090909090908
18,49,1022.6920649538654
18,50,1024.7930450148406
18,51,1025.6338662047594
18,52,1024.6363636363635
18,53,1021.5764945837888
18,54,1017.6467049667422
18,55,1014.3935628663248
18,56,1013.3636363636364
18,57,1015.7022408018888
18,58,1020.9496805727358
18,59,1028.2450073299422
18,60,1036.7272727272727
18,61,1045.7707922086563
18,62,1055.6909363786783
18,63,1067.0383396320883
18,64,1080.3636363636365
18,65,1095.812601727123
18,66,1111.9115739125505
18,67,1126.7820318689764
18,68,1138.5454545454545
18,69,1145.7884599737636
18,70,1148.9582225165734
18,71,1148.9670556192789
18,72,1146.7272727272727
18,73,1143.06622883237
18,74,1138.4714451120642
18,75,1133.3454842902722
18,76,1128.090909090909
18,77,1123.017647424031
18,78,1118.06508794426
18,79,1113.079984492359
18,80,1107.909090909091
18,81,1102.3234087442331
18,82,1095.7909303836225
18,83,1087.7038959221095
18,84,1077.4545454545455
18,85,1064.6645698717632
18,86,1049.8734632485232
18,87,1033.850170455567
18,88,1017.3636363636364
18,89,1001.0964367687131
18,90,985.3856711677392
18,91,970.4820699828954
18,92,956.6363636363636
18,93,944.0306489624744
18,94,932.5724884441566
18,95,922.1008109764877
19,0,912.4545454545456
19,1,903.5693196541156
19,2,895.7675568738159
19,3,889.4683792929719
19,4,885.0909090909091
19,5,882.8639474210624
19,6,882.2550113333061
19,7,882.5412968516243
19,8,883.0
19,9,883.1027315707252
19,10,883.0987614293222
19,11,883.4317742096217
19,12,884.5454545454545
19,13,886.9097853869463
19,14,891.0999429494051
19,15,897.7174017644342
19,16,907.3636363636364
19,17,920.4726155178528
19,18,936.8082849548754
19,19,955.9670846417328
19,20,977.5454545454544
19,21,1000.8091275416424
19,22,1023.7010081401849
19,23,1043.833293759544
19,24,1058.8181818181818
19,25,1067.0870390883065
19,26,1070.347909757113
19,27,1071.1280073655455
19,28,1071.9545454545455
19,29,1074.7113240596786
19,30,1078.708489194999
19,31,1082.6127733691835
19,32,1085.090909090909
19,33,1085.1663862638886
19,34,1083.2897243719815
19,35,1080.2682002940835
19,36,1076.909090909091
19,37,1073.709068384767
19,38,1069.9223860443474
19,39,1064.492692499936
19,40,1056.3636363636365
19,41,1044.9319992879532
19,42,1031.4070950869934
19,43,1017.451370615264
19,44,1004.7272727272727
19,45,994.4294117361476
19,46,985.8810517894982
19,47,977.9376204935538
19,48,969.4545454545456
19,49,959.6188196765476
19,50,948.9436977550154
19,51,938.273999683248
19,52,928.4545454545456
19,53,920.29275273948
19,54,914.446429917714
19,55,911.5359830461816
19,56,912.181818181818
19,57,916.7243739109864
19,58,924.3842189377652
19,59,934.1019544956612
19,60,944.818181818182
19,61,955.8395811620286
19,62,967.9371488766806
19,63,982.2479603348104
19,64,999.9090909090908
19,65,1021.3377559863534
19,66,1044.0717310100586
19,67,1064.9289314378254
19,68,1080.7272727272727
19,69,1089.1929176198307
19,70,1091.685017992176
19,71,1090.470973004797
19,72,1087.8181818181818
19,73,1085.5539258070512
19,74,1083.7450152030556
19,75,1082.0181424520774
19,76,1080.0
19,77,1077.398197333783
19,78,1074.2440121046932
19,79,1070.6496390050752
19,80,1066.7272727272727
19,81,1062.510955312363
19,82,1057.722118196354
19,83,1052.0040401639858
19,84,1045.0
19,85,1036.4983223258562
19,86,1026.8675151098917
19,87,1016.6211321571632
19,88,1006.2727272727273
19,89,996.1619485660304
19,90,985.9328213640792
19,91,975.0554652982702
19,92,963.0
19,93,949.5001902282036
19,94,935.3443812519728
19,95,921.5845634679372
20,0,909.2727272727273
20,1,899.1668359757
20,2,890.848744537121
20,3,883.6062808299811
20,4,876.7272727272727
20,5,869.7032045053592
20,6,862.8401860540893
20,7,856.647983666684
20,8,851.6363636363636
20,9,848.2163687301359
20,10,846.4041476101581
20,11,846.1171254123736
20,12,847.2727272727273
20,13,849.7850137559152
20,14,853.5545871416427
20,15,858.478685138367
20,16,864.4545454545455
20,17,871.3779512462031
20,18,879.1388674596353
20,19,887.6258044887044
20,20,896.7272727272727
20,21,906.245794895636
20,22,915.6399430198164
20,23,924.282301452271
20,24,931.5454545454544
20,25,937.0479600803452
20,26,941.3922695520076
20,27,945.42680788403
20,28,950.0
20,29,955.5524216011664
20,30,960.893251499426
20,31,964.4238192843358
20,32,964.5454545454544
20,33,960.24519442408
20,34,952.8529062684712
20,35,944.2841649786264
20,36,936.4545454545456
20,37,930.7310052479676
20,38,926.2860325175984
20,39,921.7434980738846
20,40,915.7272727272727
20,41,907.1972618567768
20,42,896.4575091156811
20,43,884.1480927258352
20,44,870.9090909090909
20,45,857.3450041431062
20,46,843.9180219287686
20,47,831.0547560227741
20,48,819.1818181818181
20,49,808.703971570799
20,50,799.9385849874267
20,51,793.1811786376136
20,52,788.7272727272727
20,53,786.762405028243
20,54,787.0321835760705
20,55,789.172233972226
20,56,792.8181818181819
20,57,797.7378855889554
20,58,804.2281352537462
20,59,812.7179536553004
20,60,823.6363636363636
20,61,837.3499730704815
20,62,853.9757299543998
20,63,873.5681673156632
20,64,896.1818181818181
20,65,921.4332448563914
20,66,947.1871267468374
20,67,970.870172536592
20,68,989.9090909090908
20,69,1002.4056838675888
20,70,1009.1621266946146
20,71,1011.6556879925148
20,72,1011.3636363636364
20,73,1009.5960083096164
20,74,1006.9939119292502
20,75,1004.0312232206225
20,76,1001.181818181818
20,77,998.7642601666728
20,78,996.4758619520215
20,79,993.8586236704504
20,80,990.4545454545456
20,81,985.9591669327835
20,82,980.6821857172088
20,83,975.0868389157572
20,84,969.6363636363636
20,85,964.6419698294656
20,86,959.8067588155062
20,87,954.68180475743
20,88,948.818181818182
20,89,941.8564764766264
20,90,933.7953244753116
20,91,924.7228738727048
20,92,914.7272727272727
20,93,903.9505901731186
20,94,892.7505796468831
20,95,881.5389156608425
21,0,870.7272727272727
21,1,860.6920151036265
21,2,851.668266028065
21,3,843.8558384839253
21,4,837.4545454545455
21,5,832.5597585032842
21,6,828.8490835135847
21,7,825.8956849489109
21,8,823.2727272727273
21,9,820.7166781559641
21,10,818.6172180994153
21,11,817.5273308113407
21,12,818.0
21,13,820.4300629637684
21,14,824.5797713614814
21,15,830.05323044209
21,16,836.4545454545455
21,17,843.3997177162354
21,18,850.5523328182958
21,19,857.5878724202993
21,20,864.1818181818181
21,21,870.0051570803809
21,22,874.7108973653354
21,23,877.947552603986
21,24,879.3636363636364
21,25,878.8069266895144
21,26,876.9222595385444
21,27,874.5537353455751
21,28,872.5454545454545
21,29,871.5370225251983
21,30,871.3500644804866
21,31,871.6017105591684
21,32,871.9090909090909
21,33,872.0748127551481
21,34,872.6433916304176
21,35,874.3448201450238
21,36,877.9090909090909
21,37,883.5614537269374
21,38,889.508187179661
21,39,893.4508270425544
21,40,893.0909090909091
21,41,886.7901677916477
21,42,875.5511323782104
21,43,861.0365307756681
21,44,844.9090909090909
21,45,828.7324205610178
21,46,813.6736469438608
21,47,800.8007771275007
21,48,791.1818181818181
21,49,785.4363999642811
21,50,782.3906434827098
21,51,780.4222925325104
21,52,777.9090909090909
21,53,773.8074909454931
21,54,769.3887791253002
21,55,766.5029504697297
21,56,767.0
21,57,772.246988526473
21,58,781.6792400160896
21,59,794.249144224934
21,60,808.9090909090909
21,61,824.9105208577049
21,62,842.7010789921592
21,63,863.0274612668978
21,64,886.6363636363636
21,65,913.6364962245254
21,66,941.5846258334544
21,67,967.3995334347468
21,68,988.0
21,69,1001.20400560783
21,70,1008.4263267649322
21,71,1011.9809390850234
21,72,1014.181818181818
21,73,1016.8031631623372
21,74,1019.4600671068166
21,75,1021.2278465887968
21,76,1021.181818181818
21,77,1018.6742508337302
21,78,1014.1652229896188
21,79,1008.3917654688802
21,80,1002.0909090909092
21,81,995.8137539572876
21,82,989.3676772983432
21,83,982.3741256265909
21,84,974.4545454545456
21,85,965.3193128825746
21,86,955.0345223624622
21,87,943.7551979338464
21,88,931.6363636363636
21,89,918.8777445124144
21,90,905.857869615444
21,91,892.999969001661
21,92,880.7272727272727
21,93,869.4225499768593
21,94,859.3067264484888
21,95,850.560266968601
22,0,843.3636363636364
22,1,837.8155783074216
22,2,833.6879518633282
22,3,830.6708949421168
22,4,828.4545454545455
22,5,826.7640004298195
22,6,825.4641933709256
22,7,824.455016899296
22,8,823.6363636363636
22,9,822.9863745187554
22,10,822.7961837438786
22,11,823.435173824335
22,12,825.2727272727273
22,13,828.7166378587957
22,14,834.3283443808334
22,15,842.7076968942729
22,16,854.4545454545455
22,17,869.9766195006079
22,18,888.913166005515
22,19,910.7113113258464
22,20,934.818181818182
22,21,960.4606909569552
22,22,985.9849006880164
22,23,1009.5166600750696
22,24,1029.1818181818182
22,25,1043.558457580663
22,26,1053.0335948787836
22,27,1058.4464801920583
22,28,1060.6363636363635
22,29,1060.3978082658496
22,30,1058.3466288877587
22,31,1055.0539532476066
22,32,1051.090909090909
22,33,1046.938377537757
22,34,1042.7162532065452
22,35,1038.4541840902425
22,36,1034.1818181818182
22,37,1030.023397492212
22,38,1026.4815401042422
22,39,1024.1534581186968
22,40,1023.6363636363636
22,41,1025.2436006752127
22,42,1028.1530409219408
22,43,1031.2586879804255
22,44,1033.4545454545455
22,45,1033.7664043523916
22,46,1031.7472052989046
22,47,1027.081676323238
22,48,1019.4545454545456
22,49,1008.79731600613
22,50,996.0285924278952
22,51,982.313754453895
22,52,968.818181818182
22,53,956.5940475321792
22,54,946.240697716787
22,55,938.2442717702738
22,56,933.0909090909092
22,57,931.1858688651528
22,58,932.6108894322296
22,59,937.3668289195552
22,60,945.4545454545456
22,61,956.8684429163004
22,62,971.5771081906582
22,63,989.5426739151414
22,64,1010.7272727272727
22,65,1034.6557003787368
22,66,1059.103405077865
22,67,1081.408498147152
22,68,1098.909090909091
22,69,1109.670687386935
22,70,1114.6683624069728
22,71,1115.6045834962513
22,72,1114.1818181818182
22,73,1111.8234818917051
22,74,1108.8367816578807
22,75,1105.249872413298
22,76,1101.090909090909
22,77,1096.3904986826078
22,78,1091.1890564160494
22,79,1085.5294495778303
22,80,1079.4545454545455
22,81,1072.944068832409
22,82,1065.725174496103
22,83,1057.461874729927
22,84,1047.8181818181818
22,85,1036.5647600786656
22,86,1023.8988819631752
22,87,1010.1244719570064
22,88,995.5454545454544
22,89,980.4559817620192
22,90,965.1111158330144
22,91,949.7561465329568
22,92,934.6363636363636
22,93,920.0331878732568
22,94,906.3725637956768
22,95,894.1165669111671
23,0,883.7272727272727
23,1,875.5234826540436
23,2,869.2509017115517
23,3,864.5119608223748
23,4,860.9090909090909
23,5,858.0788474196596
23,6,855.7942839035705
23,7,853.8625784356963
23,8,852.0909090909091
23,9,850.4182299400458
23,10,849.3105990378026
23,11,849.3658504348394
23,12,851.1818181818181
23,13,855.2809032747028
23,14,861.8837744906749
23,15,871.135667552218
23,16,883.1818181818181
23,17,898.1300319611423
23,18,915.93839390859
23,19,936.5275589017426
23,20,959.818181818182
23,21,985.3438552443636
23,22,1011.0899226022382
23,23,1034.6546650226303
23,24,1053.6363636363635
23,25,1066.250228879585
23,26,1073.1791884097302
23,27,1075.7230991895551
23,28,1075.1818181818182
23,29,1072.6921610554773
23,30,1068.7387783042964
23,31,1063.64327912824
23,32,1057.7272727272727
23,33,1051.3504450803234
23,34,1045.0247892821758
23,35,1039.3003752065763
23,36,1034.7272727272727
23,37,1031.623388168683
23,38,1029.37797365791
23,39,1027.1481177727271
23,40,1024.090909090909
23,41,1019.6318545176716
23,42,1014.2701342680028
23,43,1008.7733468843325
23,44,1003.9090909090908
23,45,1000.2412392151754
23,46,997.5187619973516
23,47,995.2869037808524
23,48,993.0909090909092
23,49,990.5168249852624
23,50,987.313908651681
23,51,983.2722198104408
23,52,978.181818181818
23,53,971.9627676619568
23,54,965.05514885047
23,55,958.0290465228392
23,56,951.4545454545456
23,57,945.953127094184
23,58,942.3518595828032
23,59,941.5292077345664
23,60,944.3636363636364
23,61,951.5301216885808
23,62,962.8896855455896
23,63,978.0998611752584
23,64,996.818181818182
23,65,1018.341158878766
23,66,1040.521216416657
23,67,1060.84975665531
23,68,1076.8181818181818
23,69,1086.5938791599913
23,70,1091.0481760605103
23,71,1091.7283849307742
23,72,1090.1818181818182
23,73,1087.733608572178
23,74,1084.8201702503925
23,75,1081.6557377125018
23,76,1078.4545454545455
23,77,1075.333902460388
23,78,1072.0234156651927
23,79,1068.1557664919465
23,80,1063.3636363636365
23,81,1057.358338404451
23,82,1050.165712543382
23,83,1041.890230410622
23,84,1032.6363636363635
23,85,1022.4997893763534
23,86,1011.541006888552
23,87,999.8117209564748
23,88,987.3636363636364
23,89,974.243356362863
23,90,960.4770780842276
23,91,946.085897127115
23,92,931.0909090909092
23,93,915.6532056267404
23,94,900.4938625927192
23,95,886.4739518987026
24,0,874.4545454545455
24,1,865.069957493812
24,2,858.0474715448945
24,3,852.8876134598939
24,4,849.0909090909091
24,5,846.2345780343752
24,6,844.2026148640653
24,7,842.9557078980858
24,8,842.4545454545455
24,9,842.7275258232326
24,10,844.073887180663
24,11,846.8605776750348
24,12,851.4545454545455
24,13,858.1692391272402
24,14,867.1041091405554
24,15,878.3051064017745
24,16,891.8181818181819
24,17,907.6722222132612
24,18,925.8278580752976
24,19,946.228655808776
24,20,968.818181818182
24,21,993.2043720197154
24,22,1017.6526403764368
24,23,1040.0927703631216
24,24,1058.4545454545455
24,25,1071.149494253332
24,26,1078.5161258735009
24,27,1081.3746945569187
24,28,1080.5454545454545
24,29,1076.9021964215017
24,30,1071.53285612956
24,31,1065.5789059546569
24,32,1060.1818181818182
24,33,1056.2914359697525
24,34,1054.091085971895
24,35,1053.5724657153626
24,36,1054.7272727272727
24,37,1057.3368892449437
24,38,1060.3414363464974
24,39,1062.4707198202568
24,40,1062.4545454545455
24,41,1059.4149843232003
24,42,1054.043168642116
24,43,1047.422495912701
24,44,1040.6363636363635
24,45,1034.4974916440726
24,46,1028.7358890850385
24,47,1022.81088743803
24,48,1016.181818181818
24,49,1008.4302763732352
24,50,999.6269113813664
24,51,989.9646361533596
24,52,979.6363636363636
24,53,969.0186187720774
24,54,959.222374480405
24,55,951.5422156758032
24,56,947.2727272727273
24,57,947.2850212657283
24,58,950.7563179697396
24,59,956.4403647797903
24,60,963.0909090909092
24,61,969.8512393468276
24,62,977.4228081860904
24,63,986.896609295944
24,64,999.3636363636364
24,65,1015.3412713469612
24,66,1033.052449285899
24,67,1050.1464934909789
24,68,1064.2727272727273
24,69,1073.6700389016917
24,70,1078.9355764884947
24,71,1081.2560531037775
24,72,1081.8181818181818
24,73,1081.5751639553637
24,74,1080.5461538510317
24,75,1078.5167940939116
24,76,1075.2727272727273
24,77,1070.6841348223106
24,78,1064.9593535619244
24,79,1058.3912591569397
24,80,1051.2727272727273
24,81,1043.7678422099405
24,82,1035.5255228103615
24,83,1026.0658965510568
24,84,1014.9090909090908
24,85,1001.7913713379284
24,86,987.3135551966288
24,87,972.2925978206512
24,88,957.5454545454544
24,89,943.7641156201648
24,90,931.1407109485776
24,91,919.7424053481564
24,92,909.6363636363636
24,93,900.7530184541396
24,94,892.4758737363329
24,95,884.0517012412689
25,0,874.7272727272727
25,1,864.0533560178214
25,2,852.796703196999
25,3,842.0280624140406
25,4,832.8181818181819
25,5,825.9824211109378
25,6,821.3145862029436
25,7,818.353094557114
25,8,816.6363636363636
25,9,815.8507663566089
25,10,816.274497445772
25,11,818.3337070847764
25,12,822.4545454545455
25,13,828.9525816444446
25,14,837.7010603776049
25,15,848.4626452855993
25,16,861.0
25,17,875.1670320656123
25,18,891.1826246801719
25,19,909.3569049546452
25,20,930.0
25,21,952.957415093105
25,22,976.2161681744352
25,23,997.2986553503658
25,24,1013.7272727272727
25,25,1023.7362621074208
25,26,1028.4072480766326
25,27,1029.533700916619
25,28,1028.909090909091
25,29,1027.9739569317562
25,30,1026.7571122463066
25,31,1024.934438710431
25,32,1022.181818181818
25,33,1018.4119442564636
25,34,1014.4847574835948
25,35,1011.4970101507467
25,36,1010.5454545454544
25,37,1012.217754678753
25,38,1015.0652214556776
25,39,1017.1300775047632
25,40,1016.4545454545456
25,41,1011.6119233921607
25,42,1003.2998112391502
25,43,992.7468843756552
25,44,981.181818181818
25,45,969.7578472071492
25,46,959.3264426786316
25,47,950.663634992616
25,48,944.5454545454544
25,49,941.4021423246968
25,50,940.280781682688
25,51,939.8826665629712
25,52,938.9090909090908
25,53,936.4347198576996
25,54,933.02770331789
25,55,929.6295623918624
25,56,927.181818181818
25,57,926.4868191535942
25,58,927.7902232275706
25,59,931.1985156877612
25,60,936.818181818182
25,61,944.785617164286
25,62,955.3568583172828
25,63,968.81785212982
25,64,985.4545454545456
25,65,1005.1150303710796
25,66,1025.895979866934
25,67,1045.4562121565946
25,68,1061.4545454545455
25,69,1072.132102260487
25,70,1078.05922221498
25,71,1080.3885492438014
25,72,1080.2727272727273
25,73,1078.7187764960636
25,74,1076.151222182236
25,75,1072.8489658681997
25,76,1069.090909090909
25,77,1065.0780190279852
25,78,1060.6995254197116
25,79,1055.766723647036
25,80,1050.090909090909
25,81,1043.4847723919954
25,82,1035.7665852298278
25,83,1026.7560145436548
25,84,1016.2727272727273
25,85,1004.23715276767
25,86,990.9727700246152
25,87,976.9038204510708
25,88,962.4545454545456
25,89,948.0254233555062
25,90,933.9218801262572
25,91,920.4255786520612
25,92,907.818181818182
25,93,896.3046197193961
25,94,885.7828912885378
25,95,876.0742626679563
26,0,867.0
26,1,858.4720068578193
26,2,850.7647365377732
26,3,844.2432797670222
26,4,839.2727272727273
26,5,836.0616142129634
26,6,834.1922534694609
26,7,833.0904023548643
26,8,832.1818181818181
26,9,831.0869340176
26,10,830.2048859480196
26,11,830.1294858135203
26,12,831.4545454545455
26,13,834.7554224439095
26,14,840.5336572839151
26,15,849.2723362092355
26,16,861.4545454545455
26,17,877.348762570398
26,18,896.3650303708656
26,19,917.6987829859004
26,20,940.5454545454544
26,21,963.9617431835892
26,22,986.4494030508044
26,23,1006.371452301708
26,24,1022.0909090909092
26,25,1032.3980146952445
26,26,1037.7919028804629
26,27,1039.1989305345403
26,28,1037.5454545454545
26,29,1033.6734707627054
26,30,1028.0875308818906
26,31,1021.20782556013
26,32,1013.4545454545456
26,33,1005.391056799388
26,34,998.1534281374304
26,35,993.0209035885756
26,36,991.2727272727273
26,37,993.5506543124694
26,38,997.946483841115
26,39,1001.9145259946572
26,40,1002.9090909090908
26,41,999.1051895870974
26,42,991.5606364981096
26,43,982.053946978249
26,44,972.3636363636364
26,45,963.8964850664136
26,46,956.5723338028092
26,47,949.9392883650733
26,48,943.5454545454544
26,49,937.0673928745208
26,50,930.6954828361074
26,51,924.7485586523678
26,52,919.5454545454544
26,53,915.3879207082304
26,54,912.5093712163972
26,55,911.1261361163652
26,56,911.4545454545456
26,57,913.581208383466
26,58,917.0738504801216
26,59,921.3704764276258
26,60,925.9090909090908
26,61,930.4775866669976
26,62,936.2634086812978
26,63,944.8038899913132
26,64,957.6363636363636
26,65,975.4970813121814
26,66,995.9179693401416
26,67,1015.6298726980312
26,68,1031.3636363636365
26,69,1040.6747130842775
26,70,1044.4169866854088
26,71,1044.268948762017
26,72,1041.909090909091
26,73,1038.745827714345
26,74,1035.107265736406
26,75,1031.0514345266274
26,76,1026.6363636363635
26,77,1021.9541919674334
26,78,1017.2334958235136
26,79,1012.7369608587462
26,80,1008.7272727272727
26,81,1005.2712112341032
26,82,1001.6519327877212
26,83,996.9566879474788
26,84,990.2727272727273
26,85,980.9737471870628
26,86,969.5792275710556
26,87,956.8950941695208
26,88,943.7272727272727
26,89,930.7570954721916
26,90,918.1675205644196
26,91,906.0169126471652
26,92,894.3636363636364
26,93,883.2634959241717
26,94,872.7620538076299
26,95,862.9023120600003
27,0,853.7272727272727
27,1,845.2826708311226
27,2,837.625173295971
27,3,830.8141800219247
27,4,824.9090909090909
27,5,819.928263933156
27,6,815.7258893721229
27,7,812.1151155795739
27,8,808.9090909090909
27,9,806.009955254435
27,10,803.6758146700828
27,11,802.2537667506891
27,12,802.0909090909091
27,13,803.486460503649
27,14,806.5481246748187
27,15,811.335726508579
27,16,817.9090909090909
27,17,826.2317027309688
27,18,835.8816866306421
27,19,846.340827214995
27,20,857.0909090909091
27,21,867.5625808452033
27,22,876.98194698443
27,23,884.5239759950787
27,24,889.3636363636364
27,25,890.9455307064011
27,26,889.7927981589096
27,27,886.6982119865089
27,28,882.4545454545455
27,29,877.8101258746473
27,30,873.3354967435677
27,31,869.5567556043403
27,32,867.0
27,33,866.1704998859186
27,34,867.4902148668199
27,35,871.3602769597659
27,36,878.1818181818181
27,37,887.7734995816784
27,38,897.624098334607
27,39,904.6399206475048
27,40,905.7272727272727
27,41,898.7681722419139
27,42,885.5474827038427
27,43,868.8257790865777
27,44,851.3636363636364
27,45,835.4648909961214
27,46,821.6064253954765
27,47,809.8083834607297
27,48,800.0909090909091
27,49,792.4702751372363
27,50,786.9472702597054
27,51,783.5188120705035
27,52,782.1818181818181
27,53,782.8273039094788
27,54,784.922675383884
27,55,787.8294364390742
27,56,790.9090909090909
27,57,793.8014751339393
27,58,797.259755477486
27,59,802.3154308095625
27,60,810.0
27,61,821.1244660093093
27,62,835.6178481607174
27,63,853.1886698681305
27,64,873.5454545454545
27,65,896.0827631015508
27,66,918.9393064250992
27,67,939.939832899734
27,68,956.9090909090908
27,69,968.2376634026696
27,70,974.579471593432
27,71,977.154271260206
27,72,977.181818181818
27,73,975.7464128332252
27,74,973.3905344738996
27,75,970.5212070594424
27,76,967.5454545454544
27,77,964.7667420826106
27,78,962.0742996018776
27,79,959.2537982292968
27,80,956.0909090909092
27,81,952.3485506545144
27,82,947.6986307549532
27,83,941.7903045688244
27,84,934.2727272727273
27,85,924.9498507538764
27,86,914.2448137419456
27,87,902.735551677224
27,88,891.0
27,89,879.5210804208891
27,90,868.40165973181
27,91,857.6495909950077
27,92,847.2727272727273
27,93,837.2896911989309
27,94,827.7621836944509
27,95,818.7626752518361
28,0,810.3636363636364
28,1,802.6170297833869
28,2,795.4927873085683
28,3,788.9403329976474
28,4,782.9090909090909
28,5,777.3643487584303
28,6,772.3348488894576
28,7,767.8651973030286
28,8,764.0
28,9,760.7778479101639
28,10,758.2132716790561
28,11,756.3147868811473
28,12,755.0909090909091
28,13,754.5881800554591
28,14,755.0052462125004
28,15,756.5787801723823
28,16,759.5454545454545
28,17,764.0299432316359
28,18,769.7089252891244
28,19,776.1470810656868
28,20,782.9090909090909
28,21,789.6002856543605
28,22,795.9885980855474
28,23,801.8826114739609
28,24,807.0909090909091
28,25,811.5987436963766
28,26,816.0980460050491
28,27,821.457416220288
28,28,828.5454545454545
28,29,838.0033191055877
28,30,849.5623997124378
28,31,862.7266440994325
28,32,877.0
28,33,891.9064457903634
28,34,907.0500824179272
28,35,922.0550414728908
28,36,936.5454545454544
28,37,950.0342500056864
28,38,961.5895433431274
28,39,970.1682468271862
28,40,974.7272727272727
28,41,974.6568382778
28,42,971.0803805732004
28,43,965.5546416729092
28,44,959.6363636363636
28,45,954.4491923376584
28,46,949.384388909526
28,47,943.4001182993584
28,48,935.4545454545456
28,49,924.9142900988388
28,50,912.779791061423
28,51,900.4599419478408
28,52,889.3636363636364
28,53,880.6166586306227
28,54,874.2123559356919
28,55,869.8609661820063
28,56,867.2727272727273
28,57,866.2895299241246
28,58,867.2798761048998
28,59,870.7439205968615
28,60,877.1818181818181
28,61,886.96527849106
28,62,899.9522305537993
28,63,915.87215824873
28,64,934.4545454545456
28,65,955.1490720207264
28,66,976.2862016799028
28,67,995.9165941354912
28,68,1012.0909090909092
28,69,1023.3404220623984
28,70,1030.118871817499
28,71,1033.3606129365778
28,72,1034.0
28,73,1032.881285184227
28,74,1030.4883110501012
28,75,1027.2148177545612
28,76,1023.4545454545456
28,77,1019.5065962916036
28,78,1015.291520345733
28,79,1010.635229681541
28,80,1005.3636363636364
28,81,999.2713069220852
28,82,992.027425748785
28,83,983.2698317010926
28,84,972.6363636363636
28,85,959.9820396564198
28,86,946.0305948409448
28,87,931.7229435140886
28,88,918.0
28,89,905.6059321795088
28,90,894.4979221601626
28,91,884.4364056061899
28,92,875.1818181818181
28,93,866.6382657164547
28,94,859.2845347002228
28,95,853.7430817884248
29,0,850.6363636363636
29,1,850.1222549546724
29,2,850.5003026753097
29,3,849.6054717855649
29,4,845.2727272727273
29,5,836.1582258284917
29,6,824.2028909621741
29,7,812.168837887497
29,8,802.8181818181819
29,9,798.2831940040884
29,10,798.1767698396296
29,11,801.4819607553559
29,12,807.1818181818181
29,13,814.4575777006091
29,14,823.2832114974891
29,15,833.8308759092611
29,16,846.2727272727273
29,17,860.750131557112
29,18,877.2812932613234
29,19,895.8536265166913
29,20,916.4545454545456
29,21,938.8302483436704
29,22,961.7620700026716
29,23,983.79012938761
29,24,1003.4545454545456
29,25,1019.5979091591154
29,26,1032.272699455262
29,27,1041.8338672965049
29,28,1048.6363636363635
29,29,1053.0451604744146
29,30,1055.465313994462
29,31,1056.31190142637
29,32,1056.0
29,33,1055.0282671250457
29,34,1054.229680930525
29,35,1054.5207997252871
29,36,1056.8181818181818
29,37,1061.6315437526762
29,38,1067.8432350107105
29,39,1073.9287633088445
29,40,1078.3636363636365
29,41,1080.1430010460683
29,42,1080.340560844814
29,43,1080.549658402971
29,44,1082.3636363636365
29,45,1086.8674747903233
29,46,1093.1127034282138
29,47,1099.6424894429065
29,48,1105.0
29,49,1108.0703384290025
29,50,1109.1063527150584
29,51,1108.7028270072217
29,52,1107.4545454545455
29,53,1105.8469101300304
29,54,1103.927794802462
29,55,1101.635691164572
29,56,1098.909090909091
29,57,1095.7153165054206
29,58,1092.1370135296384
29,59,1088.2856583344917
29,60,1084.2727272727273
29,61,1080.405460211924
29,62,1077.7741510789847
29,63,1077.664857315644
29,64,1081.3636363636365
29,65,1089.5903994650655
29,66,1100.800473063514
29,67,1112.883037402932
29,68,1123.7272727272727
29,69,1131.61220329145
29,70,1136.3762293942327
29,71,1138.2475953453538
29,72,1137.4545454545455
29,73,1134.3073782782258
29,74,1129.444609359555
29,75,1123.5868084883798
29,76,1117.4545454545455
29,77,1111.58868132292
29,78,1105.811242258456
29,79,1099.7645457011276
29,80,1093.090909090909
29,81,1085.4756805210036
29,82,1076.77633069753
29,83,1066.8933609798376
29,84,1055.7272727272727
29,85,1043.228767047611
29,86,1029.5493440423315
29,87,1014.8907035613412
29,88,999.4545454545456
29,89,983.528285379462
29,90,967.7422022240518
29,91,952.8122906838888
29,92,939.4545454545456
29,93,928.3015573436332
29,94,919.6523016069152
29,95,913.7223496121946
30,0,910.7272727272727
30,1,910.508382973279
30,2,911.4099549846508
30,3,911.4020040491512
30,4,908.4545454545456
30,5,901.260081217796
30,6,891.4010602726637
30,7,881.1824182821088
30,8,872.9090909090909
30,9,868.3206103373552
30,10,866.8948948337855
30,11,867.5444591860498
30,12,869.1818181818181
30,13,871.1080456146017
30,14,874.1784513012863
30,15,879.6369040646
30,16,888.7272727272727
30,17,902.3509003860564
30,18,920.0390272337974
30,19,940.9803677373676
30,20,964.3636363636364
30,21,989.1886369320824
30,22,1013.6995306726142
30,23,1035.9515681677478
30,24,1054.0
30,25,1066.3292109765234
30,26,1073.1401228030186
30,27,1075.0627914098225
30,28,1072.7272727272727
30,29,1066.8894055254607
30,30,1058.8081599334942
30,31,1049.8682889202348
30,32,1041.4545454545455
30,33,1034.6330532852703
30,34,1029.1954192811868
30,35,1024.6146210910556
30,36,1020.3636363636364
30,37,1015.9903131516396
30,38,1011.3419811235756
30,39,1006.3408403519062
30,40,1000.9090909090908
30,41,995.1457509263532
30,42,989.857110769964
30,43,986.0262788649565
30,44,984.6363636363636
30,45,986.2263990520388
30,46,989.5591212511137
30,47,992.9531919155409
30,48,994.7272727272727
30,49,993.6389937745832
30,50,990.2018587710356
30,51,985.368339836516
30,52,980.0909090909092
30,53,975.138080395083
30,54,970.5425345738338
30,55,966.1529941929406
30,56,961.818181818182
30,57,957.592775554176
30,58,954.3552756609012
30,59,953.190137937176
30,60,955.181818181818
30,61,961.2038855700312
30,62,971.2863627825606
30,63,985.2483858765372
30,64,1002.9090909090908
30,65,1023.7436708020628
30,66,1045.8515459361288
30,67,1066.9881935566764
30,68,1084.909090909091
30,69,1097.882510767173
30,70,1106.2279080183782
30,71,1110.7775330785764
30,72,1112.3636363636365
30,73,1111.7845247656087
30,74,1109.7027310812666
30,75,1106.746844583564
30,76,1103.5454545454545
30,77,1100.5688788067555
30,78,1097.6543494747368
30,79,1094.4808272235312
30,80,1090.7272727272727
30,81,1086.0606986437333
30,82,1080.1003255652415
30,83,1072.4534260677656
30,84,1062.7272727272727
30,85,1050.7138948001293
30,86,1036.9443482642969
30,87,1022.1344457781338
30,88,1007.0
30,89,992.1788926102938
30,90,977.9972813775712
30,91,964.7033930924264
30,92,952.5454545454544
30,93,941.777921122331
30,94,932.6801625890552
30,95,925.537777306706
31,0,920.6363636363636
31,1,917.9778888094723
31,2,916.4297955389357
31,3,914.5758954080222
31,4,911.0
31,5,904.7693304579612
31,6,896.8847461642927
31,7,888.8305160612055
31,8,882.0909090909091
31,9,877.8354143586828
31,10,875.9744016220749
31,11,876.1034608017027
31,12,877.8181818181819
31,13,880.8762280163987
31,14,885.683556438316
31,15,892.8081975501663
31,16,902.818181818182
31,17,916.1326849393594
31,18,932.575463533752
31,19,951.8214194521776
31,20,973.5454545454544
31,21,997.0887708625286
31,22,1020.4577712448583
31,23,1041.325158732032
31,24,1057.3636363636365
31,25,1066.8133679741636
31,26,1070.184360577724
31,27,1068.554081983331
31,28,1063.0
31,29,1054.630768604453
31,30,1044.6797864442458
31,31,1034.4116383346432
31,32,1025.090909090909
31,33,1017.799921244388
31,34,1012.8919481907468
31,35,1010.538001041732
31,36,1010.9090909090908
31,37,1013.8030691452676
31,38,1017.5251480654948
31,39,1020.0073802257018
31,40,1019.181818181818
31,41,1013.699449901814
31,42,1005.0870050018196
31,43,995.5901485100068
31,44,987.4545454545456
31,45,982.2798130656586
31,46,979.0813773817716
31,47,976.228616643363
31,48,972.0909090909092
31,49,965.4781728355528
31,50,956.9624854710936
31,51,947.5564644619968
31,52,938.2727272727273
31,53,929.9807910466768
31,54,922.9777716429448
31,55,917.4176845995588
31,56,913.4545454545456
31,57,911.3017879777408
31,58,911.410518866218
31,59,914.2912630488588
31,60,920.4545454545456
31,61,930.2666024969052
31,62,943.5165165285472
31,63,959.8490813868244
31,64,978.9090909090908
31,65,1000.080665671001
31,66,1021.7052332014118
31,67,1041.8635477674804
31,68,1058.6363636363635
31,69,1070.5840302736356
31,70,1078.1852779385326
31,71,1082.3984320887091
31,72,1084.1818181818182
31,73,1084.368724598094
31,74,1083.2922914080934
31,75,1081.1606216049554
31,76,1078.1818181818182
31,77,1074.5589690612626
31,78,1070.4751018836394
31,79,1066.1082292187418
31,80,1061.6363636363635
31,81,1057.0814787023112
31,82,1051.841391966441
31,83,1045.1578819746233
31,84,1036.2727272727273
31,85,1024.7259115840386
31,86,1011.250239341506
31,87,996.8767201554928
31,88,982.6363636363636
31,89,969.3714090524434
31,90,957.1690143039
31,91,945.9275669488608
31,92,935.5454545454544
31,93,925.9574862970962
31,94,917.2441579883492
31,95,909.5223870490642
32,0,902.9090909090908
32,1,897.416543486444
32,2,892.6384446517931
32,3,888.0638507639735
32,4,883.1818181818181
32,5,877.666112484401
32,6,871.9293361317501
32,7,866.5688008041335
32,8,862.1818181818181
32,9,859.255654303225
32,10,857.8373926393874
32,11,857.8640710194926
32,12,859.2727272727273
32,13,862.1109862117901
32,14,866.868820583427
32,15,874.146790117896
32,16,884.5454545454545
32,17,898.5177303950691
32,18,915.9259613905408
32,19,936.4848480543784
32,20,959.9090909090908
32,21,985.4700808442964
32,22,1010.6659702180464
32,23,1032.5516017555
32,24,1048.1818181818182
32,25,1055.599105318654
32,26,1056.796521373638
32,27,1054.7547676508937
32,28,1052.4545454545455
32,29,1052.1959978810871
32,30,1053.5570351964927
32,31,1055.4350094591066
32,32,1056.7272727272727
32,33,1056.5444599751795
32,34,1054.8503378403916
32,35,1051.821955876317
32,36,1047.6363636363635
32,37,1042.3534349454674
32,38,1035.5643407146688
32,39,1026.743076126536
32,40,1015.3636363636364
32,41,1001.3273116065876
32,42,986.244572028206
32,43,972.153182799358
32,44,961.0909090909092
32,45,954.5063527190916
32,46,951.4914620815985
32,47,950.5490222214878
32,48,950.181818181818
32,49,949.1941525170456
32,50,947.596397827218
32,51,945.7004442237812
32,52,943.818181818182
32,53,942.1872076672717
32,54,940.7479466095292
32,55,939.3665304288404
32,56,937.9090909090908
32,57,936.4050281775052
32,58,935.5368157346657
32,59,936.150195424493
32,60,939.0909090909092
32,61,945.0946682590712
32,62,954.4570631790816
32,63,967.3636537822782
32,64,984.0
32,65,1004.0770942407552
32,66,1025.4076588217356
32,67,1045.3298485373025
32,68,1061.1818181818182
32,69,1071.0245115960895
32,70,1075.8100288067037
32,71,1077.2132588866932
32,72,1076.909090909091
32,73,1076.2268480112507
32,74,1075.1135895878133
32,75,1073.1708090977424
32,76,1070.0
32,77,1065.332300904363
32,78,1059.4174310238604
32,79,1052.634754722337
32,80,1045.3636363636365
32,81,1037.8587210985718
32,82,1029.875777225836
32,83,1021.0458538310914
32,84,1011.0
32,85,999.5027010649864
32,86,986.852187345523
32,87,973.4801254078432
32,88,959.818181818182
32,89,946.292406459664
32,90,933.3063824829812
32,91,921.258076355717
32,92,910.5454545454544
32,93,901.4185821872668
32,94,893.5359190861876
32,95,886.4080237147423
33,0,879.5454545454545
33,1,872.5872420639968
33,2,865.6863048086315
33,3,859.1240333307686
33,4,853.1818181818181
33,5,848.0918245567462
33,6,843.8893162247415
33,7,840.5603315985475
33,8,838.0909090909091
33,9,836.4772778908359
33,10,835.7564302924034
33,11,835.9755493659503
33,12,837.1818181818181
33,13,839.5061661526364
33,14,843.4145080601919
33,15,849.4565050285602
33,16,858.1818181818181
33,17,870.0151029531636
33,18,884.8809920122844
33,19,902.5791123379904
33,20,922.9090909090908
33,21,945.3695015801632
33,22,968.2547057088524
33,23,989.55801152857
33,24,1007.2727272727273
33,25,1019.9046179989106
33,26,1028.0092760613977
33,27,1032.6547506386405
33,28,1034.909090909091
33,29,1035.7492423332862
33,30,1035.7877355001035
33,31,1035.5459972805056
33,32,1035.5454545454545
33,33,1036.0941513043083
33,34,1036.6466001200065
33,35,1036.4439306938827
33,36,1034.7272727272727
33,37,1030.9096638131168
33,38,1025.0917731107802
33,39,1017.5461776712356
33,40,1008.5454545454544
33,41,998.5782729886796
33,42,988.997671073236
33,43,981.37277907572
33,44,977.2727272727273
33,45,977.6621874139828
33,46,981.0879971417291
33,47,985.4925355713384
33,48,988.818181818182
33,49,989.4405909917524
33,50,987.4685221780284
33,51,983.4440104571084
33,52,977.9090909090908
33,53,971.4589713462792
33,54,964.9015505097932
33,55,959.0978998729558
33,56,954.9090909090908
33,57,952.9294895322208
33,58,952.6866394191624
33,59,953.4413786874323
33,60,954.4545454545456
33,61,955.355740979383
33,62,957.2496190862836
33,63,961.6095967409516
33,64,969.9090909090908
33,65,982.931637459339
33,66,998.7012478720666
33,67,1014.5520525305792
33,68,1027.8181818181818
33,69,1036.4262319105349
33,70,1040.672662152723
33,71,1041.446397682186
33,72,1039.6363636363635
33,73,1036.080764443976
33,74,1031.41492169886
33,75,1026.2234362861325
33,76,1021.0909090909092
33,77,1016.4865057681064
33,78,1012.4176510518372
33,79,1008.776334446013
33,80,1005.4545454545456
33,81,1002.2857124835978
33,82,998.8690195483364
33,83,994.7450895661798
33,84,989.4545454545456
33,85,982.6263261156844
33,86,974.24263439118
33,87,964.3739891074492
33,88,953.0909090909092
33,89,940.6095512354829
33,90,927.7286247051242
33,91,915.3924767312946
33,92,904.5454545454544
33,93,895.8218325787483
33,94,888.61559406105
33,95,882.010649421918
34,0,875.0909090909091
34,1,867.2124934495248
34,2,858.8203626870395
34,3,850.6316869446706
34,4,843.3636363636364
34,5,837.5639890776982
34,6,833.1029551907927
34,7,829.6813527994
34,8,827.0
34,9,824.8213229669549
34,10,823.1541801861536
34,11,822.0690382213663
34,12,821.6363636363636
34,13,821.9390713272089
34,14,823.1098695191381
34,15,825.2939147696799
34,16,828.6363636363636
34,17,833.250516724209
34,18,839.1222508282027
34,19,846.2055867908222
34,20,854.4545454545455
34,21,863.6085776850458
34,22,872.5488544407785
34,23,879.9419767033949
34,24,884.4545454545455
34,25,885.2384679901535
34,26,883.3868768632285
34,27,880.4782109410531
34,28,878.0909090909091
34,29,877.3565844452501
34,30,877.6195471972164
34,31,877.77728180512
34,32,876.7272727272727
34,33,873.6832055924825
34,34,869.1235707115418
34,35,863.8430595657395
34,36,858.6363636363636
34,37,853.9517863666377
34,38,848.8520790475249
34,39,842.0536049319221
34,40,832.2727272727273
34,41,818.8590807591478
34,42,803.6953858256318
34,43,789.297634342936
34,44,778.1818181818181
34,45,772.076379233134
34,46,769.5595594681301
34,47,768.4220508781524
34,48,766.4545454545455
34,49,762.1067091264985
34,50,756.464103574575
34,51,751.2712644171824
34,52,748.2727272727273
34,53,748.7595683517811
34,54,752.2090262335696
34,55,757.6448800894825
34,56,764.0909090909091
34,57,770.7740515572859
34,58,777.7338824002373
34,59,785.2131356794333
34,60,793.4545454545455
34,61,802.8004754190747
34,62,813.991807801845
34,63,827.8690544655109
34,64,845.2727272727273
34,65,866.4729104027789
34,66,889.4579773014734
34,67,911.6458737312496
34,68,930.4545454545456
34,69,943.9272011516282
34,70,952.6081011740793
34,71,957.6667687913092
34,72,960.2727272727273
34,73,961.3836258997992
34,74,961.1096180022096
34,75,959.3489829216968
34,76,956.0
34,77,951.1135793400834
34,78,945.3511540898104
34,79,939.5267881582683
34,80,934.4545454545456
34,81,930.6492726489574
34,82,927.4289474567312
34,83,923.8123303543211
34,84,918.818181818182
34,85,911.7666027913592
34,86,903.1830560832648
34,87,893.8943449699015
34,88,884.7272727272727
34,89,876.3240889128788
34,90,868.58882821021
34,91,861.2409715842546
34,92,854.0
34,93,846.662893829853
34,94,839.3366310758955
34,95,832.2056891476262
35,0,825.4545454545455
35,1,819.2104153131627
35,2,813.3714656680265
35,3,807.7786013706955
35,4,802.2727272727273
35,5,796.7511267356774
35,6,791.3365971610888
35,7,786.2083144605011
35,8,781.5454545454545
35,9,777.4853618350364
35,10,773.9980547785273
35,11,771.0117203327541
35,12,768.4545454545455
35,13,766.3344145605396
35,14,764.9780019066203
35,15,764.7916792084816
35,16,766.1818181818181
35,17,769.3985708318953
35,18,774.067210322264
35,19,779.6567901060462
35,20,785.6363636363636
35,21,791.4974384755152
35,22,796.8213386225057
35,23,801.2118421855158
35,24,804.2727272727273
35,25,805.9653684478618
35,26,807.6815260968043
35,27,811.1705570609812
35,28,818.1818181818181
35,29,829.6325650057653
35,30,843.1116478993677
35,31,855.3758159341957
35,32,863.1818181818181
35,33,864.2245419836231
35,34,859.9514277602702
35,35,852.7480542022366
35,36,845.0
35,37,838.6553466051963
35,38,833.9121865140968
35,39,830.5311149841306
35,40,828.2727272727273
35,41,826.8003784137728
35,42,825.3884625469789
35,43,823.2141335885136
35,44,819.4545454545455
35,45,813.5564920124397
35,46,806.045326934351
35,47,797.7160438436326
35,48,789.3636363636364
35,49,781.6895626273782
35,50,775.0211388065259
35,51,769.5921455824107
35,52,765.6363636363636
35,53,763.3713370235023
35,54,762.949663294091
35,55,764.5077033721794
35,56,768.1818181818181
35,57,773.9600324604303
35,58,781.2370261989287
35,59,789.259143201599
35,60,797.2727272727273
35,61,804.977453589322
35,62,813.8863228192854
35,63,825.9656670032423
35,64,843.1818181818181
35,65,866.5861190913726
35,66,893.5699552512028
35,67,920.6097228763408
35,68,944.181818181818
35,69,961.5658541360968
35,70,973.2543107213572
35,71,980.5428846732128
35,72,984.7272727272727
35,73,986.8848393642407
35,74,987.2196200451848
35,75,985.7173179762636
35,76,982.3636363636364
35,77,977.2953565887582
35,78,971.2535727342672
35,79,965.1304570580972
35,80,959.818181818182
35,81,955.83572291709
35,82,952.2092708359288
35,83,947.5918197004391
35,84,940.6363636363636
35,85,930.4583426519724
35,86,918.0229802856544
35,87,904.7579459583274
35,88,892.0909090909091
35,89,881.1220996568379
35,90,871.6419898396354
35,91,863.1136123753419
35,92,855.0
35,93,846.8842246297663
35,94,838.82951490126
35,95,831.0191386312141
36,0,823.6363636363636
36,1,816.8608881877327
36,2,810.8581323735077
36,3,805.7899467361651
36,4,801.8181818181819
36,5,799.0244953465757
36,6,797.1697737865278
36,7,795.9347107877619
36,8,795.0
36,9,794.1888576986926
36,10,793.8945906621992
36,11,794.653028294606
36,12,797.0
36,13,801.4175170404723
36,14,808.1723181101305
36,15,817.4773237610872
36,16,829.5454545454545
36,17,844.4990286848732
36,18,862.0979550790972
36,19,882.011540297409
36,20,903.9090909090908
36,21,927.2156295836712
36,22,950.379043391662
36,23,971.6029355038224
36,24,989.0909090909092
36,25,1001.4949870713506
36,26,1009.2608713542534
36,27,1013.2826835963932
36,28,1014.4545454545456
36,29,1013.557263040017
36,30,1010.918380282234
36,31,1006.7521255651518
36,32,1001.2727272727273
36,33,994.8668698594904
36,34,988.6110620622665
36,35,983.7542686884548
36,36,981.5454545454544
36,37,982.6513938856576
36,38,985.4100987414276
36,39,987.57739059012
36,40,986.9090909090908
36,41,981.8017023251516
36,42,973.2144520629324
36,43,962.74724849652
36,44,952.0
36,45,942.2398081773732
36,46,933.4025475522976
36,47,925.0912858783456
36,48,916.9090909090908
36,49,908.6027013289928
36,50,900.4935395460597
36,51,893.046698899188
36,52,886.7272727272727
36,53,881.9516592339289
36,54,878.9414760816454
36,55,877.8696457976304
36,56,878.9090909090909
36,57,882.1758890080189
36,58,887.55873794554
36,59,894.8894906375638
36,60,904.0
36,61,914.8433642794502
36,62,927.8576630452854
36,63,943.6022211975688
36,64,962.6363636363636
36,65,985.0159947832713
36,66,1008.7833371460456
36,67,1031.477192753979
36,68,1050.6363636363635
36,69,1064.3625429511014
36,70,1073.0089883705325
36,71,1077.4918486956064
36,72,1078.7272727272727
36,73,1077.565083412323
36,74,1074.5898002809151
36,75,1070.31961700905
36,76,1065.2727272727273
36,77,1059.9154756723342
36,78,1054.5068105058062
36,79,1049.2538309954662
36,80,1044.3636363636365
36,81,1039.8525593528857
36,82,1034.9738667867691
36,83,1028.7900590090858
36,84,1020.3636363636364
36,85,1009.1075255524854
36,86,995.836358710754
36,87,981.7151943318272
36,88,967.9090909090908
36,89,955.2713157099
36,90,943.4079710974888
36,91,931.61336820906
36,92,919.181818181818
36,93,905.7106206988238
36,94,892.009029626565
36,95,879.1892873773875
37,0,868.3636363636364
37,1,860.3563719493505
37,2,854.8400013053423
37,3,851.1990845541175
37,4,848.8181818181819
37,5,847.119573321956
37,6,845.6764196975204
37,7,844.0996016788699
37,8,842.0
37,9,839.2249938537345
37,10,836.5679562682127
37,11,835.0587587304028
37,12,835.7272727272727
37,13,839.3881217176514
37,14,845.9949370478106
37,15,855.2861020358829
37,16,867.0
37,17,880.9171215483868
37,18,896.9863864496353
37,19,915.1988217624298
37,20,935.5454545454544
37,21,957.6649829978924
37,22,979.7867898809208
37,23,999.7879290962162
37,24,1015.5454545454544
37,25,1025.4840260054984
37,26,1030.2187267539543
37,27,1030.9122459436148
37,28,1028.7272727272727
37,29,1024.6886857073866
37,30,1019.27012128508
37,31,1012.8074053111428
37,32,1005.6363636363636
37,33,998.217197074046
37,34,991.5076062875436
37,35,986.5896669027238
37,36,984.5454545454544
37,37,985.8686623600664
37,38,988.6994535647462
37,39,990.5896088961435
37,40,989.0909090909092
37,41,982.4743466675062
37,42,971.8877612716534
37,43,959.1982043308828
37,44,946.2727272727273
37,45,934.652985060818
37,46,924.5790468031856
37,47,915.9655851439604
37,48,908.7272727272727
37,49,902.7816108164948
37,50,898.0574151519672
37,51,894.4863300932747
37,52,892.0
37,53,890.5415944004766
37,54,890.1003834980361
37,55,890.6771626647588
37,56,892.2727272727273
37,57,894.9511593088719
37,58,899.0296872195257
37,59,904.8888260658712
37,60,912.9090909090908
37,61,923.3895638185808
37,62,936.3035948965884
37,63,951.5431012535748
37,64,969.0
37,65,988.2874604168046
37,66,1007.9036604668472
37,67,1026.0680302834662
37,68,1041.0
37,69,1051.390992241474
37,70,1057.8203995996596
37,71,1061.3396071580155
37,72,1063.0
37,73,1063.635786526391
37,74,1063.2124684072417
37,75,1061.4783706299263
37,76,1058.1818181818182
37,77,1053.2079071075086
37,78,1046.9888176804643
37,79,1040.0935012313694
37,80,1033.090909090909
37,81,1026.3763350435745
37,82,1019.6504426890832
37,83,1012.4402380809596
37,84,1004.2727272727273
37,85,994.7895936272844
37,86,984.0912297450212
37,87,972.392705535702
37,88,959.9090909090908
37,89,946.851654083652
37,90,933.4164565126498
37,91,919.7957579580502
37,92,906.181818181818
37,93,892.789585492654
37,94,879.9247623861975
37,95,867.915739904824
38,0,857.0909090909091
38,1,847.6959698548236
38,2,839.6458575789238
38,3,832.7728165135621
38,4,826.9090909090909
38,5,821.9123305425971
38,6,817.7418072981071
38,7,814.3821985863816
38,8,811.8181818181819
38,9,810.1106738838788
38,10,809.6255495922841
38,11,810.8049232318201
38,12,814.0909090909091
38,13,819.8623034673427
38,14,828.2446306963928
38,15,839.3000971227011
38,16,853.0909090909091
38,17,869.5935213376597
38,18,888.4413821675989
38,19,909.1821882773754
38,20,931.3636363636364
38,21,954.3090657274738
38,22,976.4443860877564
38,23,995.9711497677972
38,24,1011.0909090909092
38,25,1020.4628293888088
38,26,1024.5765280268297
38,27,1024.3792353787082
38,28,1020.818181818182
38,29,1014.913480353654
38,30,1007.9767745321976
38,31,1001.3925905355514
38,32,996.5454545454544
38,33,994.4173401056646
38,34,994.3800102080152
38,35,995.4026752063584
38,36,996.4545454545456
38,37,996.6444319509596
38,38,995.6395482721044
38,39,993.2467086390157
38,40,989.2727272727273
38,41,983.678227545043
38,42,977.0390694308392
38,43,970.0849220557616
38,44,963.5454545454544
38,45,958.0290215052324
38,46,953.6587194590836
38,47,950.4363304106664
38,48,948.3636363636364
38,49,947.3079591613
38,50,946.5987800055528
38,51,945.4311199379382
38,52,943.0
38,53,938.839994122295
38,54,933.8438877914328
38,55,929.244019383036
38,56,926.2727272727273
38,57,925.8519507131568
38,58,927.6620324650802
38,59,931.0729161662822
38,60,935.4545454545456
38,61,940.4539075705336
38,62,946.826164166428
38,63,955.60352049729
38,64,967.818181818182
38,65,983.9545780956186
38,66,1002.306038141935
38,67,1020.6181154809204
38,68,1036.6363636363635
38,69,1048.5516436833557
38,70,1056.3360469021952
38,71,1060.4069721244823
38,72,1061.1818181818182
38,73,1059.1385630800496
38,74,1054.9975015220111
38,75,1049.5395073847858
38,76,1043.5454545454545
38,77,1037.6710926328103
38,78,1032.071674282487
38,79,1026.7773278818297
38,80,1021.818181818182
38,81,1017.0989413887092
38,82,1012.0226195298578
38,83,1005.8668060878962
38,84,997.9090909090908
38,85,987.6462099941716
38,86,975.4514839617171
38,87,961.9173795847676
38,88,947.6363636363636
38,89,933.2082640891496
38,90,919.2623537141828
38,91,906.4352664821246
38,92,895.3636363636364
38,93,886.4326654674124
38,94,879.0218284542797
38,95,872.2591681230978
39,0,865.2727272727273
39,1,857.3863581321101
39,2,848.7071506505173
39,3,839.5380042073022
39,4,830.1818181818181
39,5,820.9991747314205
39,6,812.5813871254697
39,7,805.5774514113298
39,8,800.6363636363636
39,9,798.2831361240274
39,10,798.5468463021493
39,11,801.3325878746513
39,12,806.5454545454545
39,13,814.079928499743
39,14,823.7880458477509
39,15,835.5112311809739
39,16,849.0909090909091
39,17,864.3928885133639
39,18,881.3805157613934
39,19,900.0415214923622
39,20,920.3636363636364
39,21,942.0076083558912
39,22,963.32625474304
39,23,982.3454101223052
39,24,997.0909090909092
39,25,1006.0354848812524
39,26,1009.4394652664464
39,27,1008.010076654781
39,28,1002.4545454545456
39,29,993.6899407554632
39,30,983.4727023729928
39,31,973.7691128040256
39,32,966.5454545454544
39,33,963.326911187804
39,34,963.8742706961286
39,35,967.5072221291164
39,36,973.5454545454544
39,37,981.1941758569571
39,38,989.200669387947
39,39,996.197737315872
39,40,1000.818181818182
39,41,1002.0696808389122
39,42,1000.4594153884474
39,43,996.8694422437588
39,44,992.181818181818
39,45,987.2174416964853
39,46,982.5525781491732
39,47,978.7023346181836
39,48,976.181818181818
39,49,975.2281660115106
39,50,974.9666356512236
39,51,974.244514738052
39,52,971.9090909090908
39,53,967.1994397120178
39,54,960.9217883368418
39,55,954.274151884154
39,56,948.4545454545456
39,57,944.4769160495088
39,58,942.618938274137
39,59,942.974218634424
39,60,945.6363636363636
39,61,950.7167597263108
39,62,958.3979131120656
39,63,968.8801099417868
39,64,982.3636363636364
39,65,998.685874590702
39,66,1016.232591095784
39,67,1033.0266484166102
39,68,1047.090909090909
39,69,1056.846560092699
39,70,1062.3080861411622
39,71,1063.8882963917715
39,72,1062.0
39,73,1057.170782765775
39,74,1050.3873370668402
39,75,1042.7511319253945
39,76,1035.3636363636365
39,77,1029.0796838442016
39,78,1023.7675655914768
39,79,1019.0489372702864
39,80,1014.5454545454544
39,81,1009.832925039237
39,82,1004.303764203616
39,83,997.304539448005
39,84,988.181818181818
39,85,976.5261159988502
39,86,962.9037412304224
39,87,948.1249503922382
39,88,933.0
39,89,918.2557927835442
39,90,904.2858163292397
39,91,891.4002044375881
39,92,879.9090909090909
39,93,870.0004287760636
39,94,861.3734479980733
39,95,853.605197766501
40,0,846.2727272727273
40,1,839.0606739303835
40,2,832.0840280421031
40,3,825.5653681327716
40,4,819.7272727272727
40,5,814.7369891387665
40,6,810.5404398335132
40,7,807.0282160660489
40,8,804.0909090909091
40,9,801.6959149690961
40,10,800.1178489874796
40,11,799.7081312393962
40,12,800.8181818181819
40,13,803.8174191666673
40,14,809.147255125659
40,15,817.2670998854575
40,16,828.6363636363636
40,17,843.4988970005986
40,18,861.2363123280664
40,19,881.0146624005919
40,20,902.0
40,21,923.2196632854844
40,22,943.146131925712
40,23,960.1131709667204
40,24,972.4545454545456
40,25,978.9974498574647
40,26,980.5427963327217
40,27,978.3849264597992
40,28,973.818181818182
40,29,968.1044577392016
40,30,962.3758645615834
40,31,957.7320663759008
40,32,955.2727272727273
40,33,955.7878441857292
40,34,958.8287454209452
40,35,963.6370921275068
40,36,969.4545454545456
40,37,975.4700177906088
40,38,980.6614264819084
40,39,983.953940114072
40,40,984.2727272727273
40,41,980.888902833654
40,42,974.4573668332396
40,43,965.9789655980236
40,44,956.4545454545456
40,45,946.833745874776
40,46,937.8613789124068
40,47,930.2310497665618
40,48,924.6363636363636
40,49,921.479238667243
40,50,919.9948447898604
40,51,919.126664881184
40,52,917.818181818182
40,53,915.27202672898
40,54,911.7274237463338
40,55,907.6827452541576
40,56,903.6363636363636
40,57,900.1727112350193
40,58,898.220460224804
40,59,898.7943427385501
40,60,902.9090909090908
40,61,911.2686624218516
40,62,923.3339171726316
40,63,938.2549406098228
40,64,955.181818181818
40,65,973.1347413503016
40,66,990.6143256301244
40,67,1005.9912925494305
40,68,1017.6363636363636
40,69,1024.3983380860336
40,70,1027.0383257614164
40,71,1026.7955141924544
40,72,1024.909090909091
40,73,1022.3883835782916
40,74,1019.323280415119
40,75,1015.5738097716596
40,76,1011.0
40,77,1005.5339230553458
40,78,999.3958253053804
40,79,992.8779967209066
40,80,986.2727272727273
40,81,979.8097310185073
40,82,973.4684183633592
40,83,967.1656237992592
40,84,960.818181818182
40,85,954.3066983251712
40,86,947.3668648775464
40,87,939.6981444456936
40,88,931.0
40,89,921.0515438626252
40,90,909.9504857628187
40,91,897.8741847816029
40,92,885.0
40,93,871.5808762243279
40,94,858.1721011620878
40,95,845.4045482460763
41,0,833.9090909090909
41,1,824.1363148764268
41,2,815.8156550433758
41,3,808.4962585977278
41,4,801.7272727272727
41,5,795.1565347245097
41,6,788.8266423007722
41,7,782.8788832721035
41,8,777.4545454545455
41,9,772.7006144073529
41,10,768.7868666626259
41,11,765.888776495677
41,12,764.1818181818181
41,13,763.8080531006246
41,14,764.7758910487239
41,15,767.0603289270068
41,16,770.6363636363636
41,17,775.477684553785
41,18,781.5527509606601
41,19,788.8287146144777
41,20,797.2727272727273
41,21,806.6689927751446
41,22,816.069923290454
41,23,824.3449830696273
41,24,830.3636363636364
41,25,833.2966284365461
41,26,833.5198286047967
41,27,831.7103871979217
41,28,828.5454545454545
41,29,824.6842662059432
41,30,820.7143986539954
41,31,817.2055135932311
41,32,814.7272727272727
41,33,813.8086362851343
41,34,814.8157585974036
41,35,818.0740925200622
41,36,823.9090909090909
41,37,832.3141431989742
41,38,841.9543851382084
41,39,851.1628890537929
41,40,858.2727272727273
41,41,862.0725750098786
41,42,863.1735190315813
41,43,862.6422489920392
41,44,861.5454545454545
41,45,860.719420397876
41,46,860.0788114627383
41,47,859.3078877053223
41,48,858.0909090909091
41,49,856.137811580436
41,50,853.2612351174655
41,51,849.2994956412168
41,52,844.0909090909091
41,53,837.5745037349258
41,54,830.092157158309
41,55,822.0864592752648
41,56,814.0
41,57,806.3908780253154
41,58,800.2792271583897
41,59,796.8006899849967
41,60,797.0909090909091
41,61,802.1105637092674
41,62,812.1204796626776
41,63,827.2065194211128
41,64,847.4545454545455
41,65,872.419708046706
41,66,899.5343087363541
41,67,925.6999368760067
41,68,947.818181818182
41,69,963.5074791039086
41,70,973.2536490282696
41,71,978.2593580748594
41,72,979.7272727272727
41,73,978.7861709922048
41,74,976.26927696875
41,75,972.935926279102
41,76,969.5454545454544
41,77,966.6972687454536
41,78,964.3510612785497
41,79,962.3065958996432
41,80,960.3636363636364
41,81,958.2812881168894
41,82,955.6560233715976
41,83,952.0436560314166
41,84,947.0
41,85,940.25854469608
41,86,932.2634815986956
41,87,923.6366777019635
41,88,915.0
41,89,906.7924876442456
41,90,898.7218684154378
41,91,890.3130422516381
41,92,881.0909090909091
41,93,870.8073001814832
41,94,860.1217720122809
41,95,849.9208123823923
42,0,841.0909090909091
42,1,834.2325729934571
42,2,828.8024071718027
42,3,823.9710377642467
42,4,818.9090909090909
42,5,812.9967828446883
42,6,806.4526902096001
42,7,799.7049797424388
42,8,793.1818181818181
42,9,787.2973410823353
42,10,782.409559262525
42,11,778.8624523569069
42,12,777.0
42,13,777.018398280516
42,14,778.522709103936
42,15,780.9702108299338
42,16,783.8181818181819
42,17,786.6972476137821
42,18,789.9314225035486
42,19,794.0180679597223
42,20,799.4545454545455
42,21,806.4227249007185
42,22,813.8425099727788
42,23,820.3183127857225
42,24,824.4545454545455
42,25,825.1956596015254
42,26,822.8462648780637
42,27,818.0510104428428
42,28,811.4545454545455
42,29,803.7008866931799
42,30,795.4315214240575
42,31,787.2873045338155
42,32,779.9090909090909
42,33,773.909884534846
42,34,769.7912857893424
42,35,768.0270441491678
42,36,769.0909090909091
42,37,773.2519047128912
42,38,779.9601536003909
42,39,788.4610529604223
42,40,798.0
42,41,807.7813602499526
42,42,816.8453725363665
42,43,824.1912440091427
42,44,828.8181818181819
42,45,830.1581656509347
42,46,829.3742653450518
42,47,828.0623232757342
42,48,827.8181818181819
42,49,829.7848407826725
42,50,833.29392971979
42,51,837.224235615194
42,52,840.4545454545455
42,53,842.0476416729208
42,54,841.8022885030613
42,55,839.7012456271262
42,56,835.7272727272727
42,57,830.1765811620087
42,58,824.5991889952373
42,59,820.8585659672109
42,60,820.8181818181819
42,61,825.8894995881354
42,62,835.6759555159898
42,63,849.3289791403942
42,64,866.0
42,65,884.7270682127215
42,66,904.0947162135316
42,67,922.5740970166668
42,68,938.6363636363636
42,69,951.0814889246146
42,70,960.02472508443
42,71,965.910144156576
42,72,969.181818181818
42,73,970.3120329070024
42,74,969.885928903294
42,75,968.5168604479388
42,76,966.818181818182
42,77,965.2726521746488
42,78,963.8406502114846
42,79,962.3519595062146
42,80,960.6363636363636
42,81,958.4766197580392
42,82,955.4673793416767
42,83,951.156267436294
42,84,945.0909090909092
42,85,936.9586528841036
42,86,927.0057415127176
42,87,915.6181412031546
42,88,903.181818181818
42,89,890.1262687055456
42,90,877.0551091529069
42,91,864.6154859329058
42,92,853.4545454545455
42,93,844.0192268391681
42,94,835.9556400574726
42,95,828.709687792495
43,0,821.7272727272727
43,1,814.6192671195994
43,2,807.6564215262945
43,3,801.2744560789329
43,4,795.9090909090909
43,5,791.8517160460702
43,6,788.8164011100775
43,7,786.3728856190461
43,8,784.0909090909091
43,9,781.7806868779381
43,10,780.2143376697593
43,11,780.4044559903373
43,12,783.3636363636364
43,13,789.8678659876318
43,14,799.7467027563401
43,15,812.5930972377874
43,16,828.0
43,17,845.5475650806252
43,18,864.7647603957893
43,19,885.1677573312408
43,20,906.2727272727273
43,21,927.4518168716868
43,22,947.501073842321
43,23,965.072521164522
43,24,978.818181818182
43,25,987.7275537962636
43,26,992.140035144017
43,27,992.7324989197616
43,28,990.181818181818
43,29,985.1706383978034
43,30,978.4046946725198
43,31,970.5954945200672
43,32,962.4545454545456
43,33,954.723415339796
43,34,948.2639134386312
43,35,943.9679093636051
43,36,942.7272727272727
43,37,945.009563879376
43,38,949.5851061184098
43,39,954.7999134800568
43,40,959.0
43,41,960.9656018699728
43,42,961.2138439059116
43,43,960.6960730798036
43,44,960.3636363636364
43,45,960.8993354589148
43,46,961.9117909852168
43,47,962.7410782916376
43,48,962.7272727272727
43,49,961.410067658004
43,50,959.1276285168576
43,51,956.417738753646
43,52,953.818181818182
43,53,951.7302802727052
43,54,950.0095131291702
43,55,948.3748985119591
43,56,946.5454545454544
43,57,944.3790385239024
43,58,942.2888644210068
43,59,940.8269853803348
43,60,940.5454545454544
43,61,942.06748608623
43,62,946.3009382777116
43,63,954.2248304212465
43,64,966.818181818182
43,65,984.4390853129958
43,66,1004.961927922692
43,67,1025.6401702074063
43,68,1043.7272727272727
43,69,1057.071059025423
43,70,1065.8968045769736
43,71,1071.0241478400378
43,72,1073.2727272727273
43,73,1073.383212676221
43,74,1071.7803992239585
43,75,1068.8101134324434
43,76,1064.8181818181818
43,77,1060.099215269693
43,78,1054.7429621635576
43,79,1048.7879552483705
43,80,1042.2727272727273
43,81,1035.2028807904608
43,82,1027.4522975763566
43,83,1018.8619292104376
43,84,1009.2727272727273
43,85,998.566534295736
43,86,986.7887566219248
43,87,974.0256915462422
43,88,960.3636363636364
43,89,945.9741638447766
43,90,931.3699486632166
43,91,917.14894096823
43,92,903.9090909090908
43,93,892.1078330524294
43,94,881.6405396342994
43,95,872.2620673081103
44,0,863.7272727272727
44,1,855.8231971273236
44,2,848.4656200723133
44,3,841.6025057084188
44,4,835.1818181818181
44,5,829.1817648019121
44,6,823.7015255309935
44,7,818.870523494578
44,8,814.8181818181819
44,9,811.6841186650277
44,10,809.6487323491677
44,11,808.9026162223599
44,12,809.6363636363636
44,13,812.0874423561585
44,14,816.6808177996088
44,15,823.8883297978005
44,16,834.1818181818181
44,17,847.8524755467023
44,18,864.4689055433064
44,19,883.4190645864393
44,20,904.0909090909092
44,21,925.7356100024876
44,22,947.0571963908022
44,23,966.6229118564428
44,24,983.0
44,25,995.1937208069828
44,26,1003.9613998025758
44,27,1010.4983788968806
44,28,1016.0
44,29,1021.3005863150346
44,30,1025.790386217076
44,31,1028.4986293742163
44,32,1028.4545454545455
44,33,1025.0755248419705
44,34,1019.3316007836644
44,35,1012.580967242617
44,36,1006.181818181818
44,37,1001.130268862539
44,38,996.9741197391754
44,39,992.899092564406
44,40,988.0909090909092
44,41,982.0866383442382
44,42,975.828738441452
44,43,970.6110147724856
44,44,967.7272727272727
44,45,968.023177760508
44,46,970.5518355859248
44,47,973.9182119820156
44,48,976.7272727272727
44,49,977.9200824319108
44,50,977.7821010330304
44,51,976.9348872994528
44,52,976.0
44,53,975.5464925118482
44,54,975.93339664559
44,55,977.4672388201736
44,56,980.4545454545456
44,57,985.0530384297876
44,58,990.8252214755186
44,59,997.18479378349
44,60,1003.5454545454544
44,61,1009.5623764962736
44,62,1015.856626543245
44,63,1023.2907451367756
44,64,1032.7272727272727
44,65,1044.6860919487544
44,66,1058.3164541696833
44,67,1072.4249529421345
44,68,1085.8181818181818
44,69,1097.457460254164
44,70,1106.923011323476
44,71,1113.9497840037775
44,72,1118.2727272727273
44,73,1119.7994079436803
44,74,1119.1278641727756
44,75,1117.0287519518463
44,76,1114.2727272727273
44,77,1111.452862516568
44,78,1108.451895621785
44,79,1104.9749809161092
44,80,1100.7272727272727
44,81,1095.4331760809555
44,82,1088.8940987946305
44,83,1080.9306993837172
44,84,1071.3636363636365
44,85,1060.0843195232453
44,86,1047.267163745148
44,87,1033.157335185386
44,88,1018.0
44,89,1002.1500003715178
44,90,986.4008825884138
44,91,971.6558689656482
44,92,958.818181818182
44,93,948.5102812634104
44,94,940.2315786284696
44,95,933.2007230429308
45,0,926.6363636363636
45,1,919.9012041202946
45,2,912.9341665340696
45,3,905.8182274989924
45,4,898.6363636363636
45,5,891.5198454372301
45,6,884.793118871614
45,7,878.8289237792818
45,8,874.0
45,9,870.6614595853306
45,10,869.0979034340195
45,11,869.5763046566077
45,12,872.3636363636364
45,13,877.68658894872
45,14,885.6107219377624
45,15,896.1613121397422
45,16,909.3636363636364
45,17,925.1575255288816
45,18,943.1410269967492
45,19,962.8267422389696
45,20,983.7272727272727
45,21,1005.183308935754
45,22,1025.8478973479685
45,23,1044.2021734498348
45,24,1058.7272727272727
45,25,1068.3336705462834
45,26,1073.6492017931953
45,27,1075.7310412344189
45,28,1075.6363636363635
45,29,1074.1652475154754
45,30,1071.0893863883407
45,31,1065.923377521581
45,32,1058.1818181818182
45,33,1047.7354530281789
45,34,1035.879616289806
45,35,1024.2657895883483
45,36,1014.5454545454544
45,37,1007.9284517354472
45,38,1003.8580575433456
45,39,1001.335907306844
45,40,999.3636363636364
45,41,997.028012757306
45,42,993.7563353549936
45,43,989.06103572973
45,44,982.4545454545456
45,45,973.7023949626022
45,46,963.5825101275892
45,47,953.1259156833268
45,48,943.3636363636364
45,49,935.1155323922852
45,50,928.356805952832
45,51,922.8514947187806
45,52,918.3636363636364
45,53,914.6763845591648
45,54,911.6493569701742
45,55,909.1612872597324
45,56,907.0909090909092
45,57,905.531202098328
45,58,905.4321298028358
45,59,907.9579016968348
45,60,914.2727272727273
45,61,925.244261592978
45,62,940.5539420003014
45,63,959.5866514074744
45,64,981.7272727272727
45,65,1006.1934560752146
45,66,1031.5339203777771
45,67,1056.1301517641784
45,68,1078.3636363636365
45,69,1096.9009481970734
45,70,1111.5490128522272
45,71,1122.3998438085405
45,72,1129.5454545454545
45,73,1133.1487738637652
45,74,1133.6563918496777
45,75,1131.5858139107515
45,76,1127.4545454545455
45,77,1121.802251802412
45,78,1115.25723793088
45,79,1108.4699687302714
45,80,1102.090909090909
45,81,1096.530003017496
45,82,1091.2351109722574
45,83,1085.4135725317992
45,84,1078.2727272727273
45,85,1069.229724763968
45,86,1058.540954543727
45,87,1046.672616142532
45,88,1034.090909090909
45,89,1021.2187115629968
45,90,1008.3056163073804
45,91,995.5578947162552
45,92,983.181818181818
45,93,971.3826448931352
45,94,960.361580226752
45,95,950.3188163560836
46,0,941.4545454545456
46,1,933.8941747735532
46,2,927.4639718765212
46,3,921.915419404865
46,4,917.0
46,5,912.5733264671984
46,6,908.9075322671636
46,7,906.3788810244562
46,8,905.3636363636364
46,9,906.0951898121986
46,10,908.2354445093698
46,11,911.303431497311
46,12,914.818181818182
46,13,918.5785847385528
46,14,923.5029624226296
46,15,930.7894952590282
46,16,941.6363636363636
46,17,956.8333689608633
46,18,975.5367967092023
46,19,996.4945533756672
46,20,1018.4545454545456
46,21,1040.15470078163
46,22,1060.2930325587424
46,23,1077.5575753292107
46,24,1090.6363636363635
46,25,1098.6003847307982
46,26,1102.0524366921911
46,27,1101.9782703074886
46,28,1099.3636363636365
46,29,1095.0545557497226
46,30,1089.3381297634023
46,31,1082.3617298044717
46,32,1074.2727272727273
46,33,1065.3575286339471
46,34,1056.458680617836
46,35,1048.5577650200796
46,36,1042.6363636363635
46,37,1039.226977441761
46,38,1037.0657841288898
46,39,1034.4398805697556
46,40,1029.6363636363635
46,41,1021.6124025081
46,42,1012.0054555938772
46,43,1003.1230536099888
46,44,997.2727272727273
46,45,995.95409434402
46,46,997.435120768328
46,47,999.1758595357444
46,48,998.6363636363636
46,49,993.926333752182
46,50,985.7540613328104
46,51,975.4774855197604
46,52,964.4545454545456
46,53,953.890286556341
46,54,944.378179354976
46,55,936.3588006579408
46,56,930.2727272727273
46,57,926.51962229518
46,58,925.3354939745584
46,59,926.915436848476
46,60,931.4545454545456
46,61,939.069576535666
46,62,949.5639356558804
46,63,962.6626905845184
46,64,978.0909090909092
46,65,995.3696851985204
46,66,1013.2042179473742
46,67,1030.095732631632
46,68,1044.5454545454545
46,69,1055.579523579344
46,70,1064.323738009168
46,71,1072.4288107071352
46,72,1081.5454545454545
46,73,1092.6588113931944
46,74,1104.091739106863
46,75,1113.5015245398272
46,76,1118.5454545454545
46,77,1117.6105149387868
46,78,1112.002487381562
46,79,1103.7568524971923
46,80,1094.909090909091
46,81,1087.008503851658
46,82,1079.659675003252
46,83,1071.98100865322
46,84,1063.090909090909
46,85,1052.3568901091269
46,86,1040.1429035145209
46,87,1027.0620106172005
46,88,1013.7272727272727
46,89,1000.6875152572894
46,90,988.2346200295729
46,91,976.596232968888
46,92,966.0
46,93,956.5620829526245
46,94,947.9527072762786
46,95,939.7306143254297
47,0,931.4545454545456
47,1,922.8851756594854
47,2,914.5909145016768
47,3,907.3421051839388
47,4,901.9090909090908
47,5,898.7835780457975
47,6,897.3427256261047
47,7,896.6850558479053
47,8,895.9090909090909
47,9,894.3555121573253
47,10,892.3336375393585
47,11,890.3949441517126
47,12,889.0909090909091
47,13,889.042952870356
47,14,891.1522696710064
47,15,896.3899970906991
47,16,905.7272727272727
47,17,919.7240968157956
47,18,937.2959201402518
47,19,956.947056121855
47,20,977.181818181818
47,21,996.6245803210068
47,22,1014.3799588588952
47,23,1029.6726306946084
47,24,1041.7272727272727
47,25,1049.972184172904
47,26,1054.650153515077
47,27,1056.207591554257
47,28,1055.090909090909
47,29,1051.7437852601047
47,30,1046.5989725353422
47,31,1040.086491724727
47,32,1032.6363636363635
47,33,1024.67057251395
47,34,1016.5789563435538
47,35,1008.7433165468354
47,36,1001.5454545454544
47,37,995.2869928659132
47,38,989.9488384540788
47,39,985.4317193606591
47,40,981.6363636363636
47,41,978.4243537496696
47,42,975.5006898401316
47,43,972.531226465073
47,44,969.181818181818
47,45,965.2343421354088
47,46,960.9347658217592
47,47,956.645079324503
47,48,952.7272727272727
47,49,949.375493617787
47,50,946.1125196001047
47,51,942.29328578237
47,52,937.2727272727273
47,53,930.6287402116252
47,54,922.831064868731
47,55,914.5724025460167
47,56,906.5454545454544
47,57,899.5101137175309
47,58,894.4950391067902
47,59,892.5960813062906
47,60,894.9090909090909
47,61,902.1930208273418
47,62,913.8592332495632
47,63,928.9821926833664
47,64,946.6363636363636
47,65,965.8087120640108
47,66,985.1362097131392
47,67,1003.1683297784256
47,68,1018.4545454545456
47,69,1029.8647445529796
47,70,1037.5504733524258
47,71,1041.983692748386
47,72,1043.6363636363635
47,73,1043.0646960877075
47,74,1041.161896877158
47,75,1038.905421955302
47,76,1037.2727272727273
47,77,1036.9489142780085
47,78,1037.4496664116696
47,79,1037.9983126122231
47,80,1037.8181818181818
47,81,1036.2660672548052
47,82,1033.2326192943458
47,83,1028.7419525958046
47,84,1022.818181818182
47,85,1015.5067030664072
47,86,1006.9380382291282
47,87,997.263990640922
47,88,986.6363636363636
47,89,975.295188661384
47,90,963.8334096073228
47,91,952.9321984768728
47,92,943.2727272727273
47,93,935.2457809244208
47,94,928.080596068854
47,95,920.716022269769
48,0,912.0909090909092
48,1,901.5739603682064
48,2,890.2532970263532
48,3,879.6468942622328
48,4,871.2727272727273
48,5,866.2538321482087
48,6,864.1334885530061
48,7,864.0600370449366
48,8,865.1818181818181
48,9,866.6621314935037
48,10,867.7241123979863
48,11,867.6058552852938
48,12,865.5454545454545
48,13,861.2084373323214
48,14,855.970061855049
48,15,851.6330190866155
48,16,850.0
48,17,852.3592328135732
48,18,857.9410947272728
48,19,865.4615001864263
48,20,873.6363636363636
48,21,881.3375859588396
48,22,888.0610137813156
48,23,893.4584801676792
48,24,897.1818181818181
48,25,899.095821078341
48,26,899.9171228747382
48,27,900.5753177792208
48,28,902.0
48,29,904.6924820005236
48,30,907.4409492651864
48,31,908.6053055336196
48,32,906.5454545454544
48,33,900.1441941013826
48,34,890.3758982463344
48,35,878.7378350863007
48,36,866.7272727272727
48,37,855.7193779575829
48,38,846.6009122949315
48,39,840.1365359393596
48,40,837.0909090909091
48,41,837.8660781591946
48,42,841.4136343921222
48,43,846.3225552471704
48,44,851.1818181818181
48,45,854.8319344056382
48,46,857.1195501365801
48,47,858.1428453446862
48,48,858.0
48,49,856.5789114909795
48,50,852.92634687974
48,51,845.8787906468128
48,52,834.2727272727273
48,53,817.7529878122623
48,54,799.197789617187
48,55,782.2936966135181
48,56,770.7272727272727
48,57,767.1861258963346
48,58,770.3620401060573
48,59,777.9478433536602
48,60,787.6363636363636
48,61,797.7340426933074
48,62,809.0017772313106
48,63,822.8140776991135
48,64,840.5454545454545
48,65,862.9103737849811
48,66,887.9831236959719
48,67,913.1779481226132
48,68,935.9090909090908
48,69,954.1287235304036
48,70,967.9407279848008
48,71,977.9869139013427
48,72,984.9090909090908
48,73,989.2537093661304
48,74,991.1857825466432
48,75,990.7749644538344
48,76,988.0909090909092
48,77,983.350757186892
48,78,977.3615963740808
48,79,971.0780010105932
48,80,965.4545454545456
48,81,961.1571823408476
48,82,957.6973774115788
48,83,954.2979746856116
48,84,950.181818181818
48,85,944.7591498133548
48,86,938.1898030705134
48,87,930.8210093378696
48,88,923.0
48,89,915.042013860279
48,90,907.134319397277
48,91,899.432192508364
48,92,892.0909090909091
48,93,885.2205220182567
48,94,878.7501920676509
48,95,872.5638569923104
49,0,866.5454545454545
49,1,860.604307157603
49,2,854.7512759684822
49,3,849.0226067951204
49,4,843.4545454545455
49,5,838.0653743513317
49,6,832.8015222402385
49,7,827.5914544635717
49,8,822.3636363636364
49,9,817.1199908916155
49,10,812.1562714342002
49,11,807.8416889869571
49,12,804.5454545454545
49,13,802.643582536751
49,14,802.5393011138702
49,15,804.6426418613271
49,16,809.3636363636364
49,17,816.811360779562
49,18,825.8910695648643
49,19,835.2070617495527
49,20,843.3636363636364
49,21,849.1805766177281
49,22,852.3396024448542
49,23,852.7379179586442
49,24,850.2727272727273
49,25,845.1467304767982
49,26,838.7846115648099
49,27,832.9165505067803
49,28,829.2727272727273
49,29,828.8290923841704
49,30,829.5446785686338
49,31,828.6242891051444
49,32,823.2727272727273
49,33,811.7229795319755
49,34,796.3207650697458
49,35,780.4399862544615
49,36,767.4545454545455
49,37,759.8173417606552
49,38,756.2972611523833
49,39,754.7421863315559
49,40,753.0
49,41,749.3585056981308
49,42,743.8651903207211
49,43,737.0074616011326
49,44,729.2727272727273
49,45,721.0909649922761
49,46,712.662432110187
49,47,704.129955900277
49,48,695.6363636363636
49,49,687.4324638782196
49,50,680.2009903294404
49,51,674.7326579795775
49,52,671.8181818181819
49,53,672.0456567675727
49,54,675.1926974811421
49,55,680.8342985450494
49,56,688.5454545454545
49,57,698.0667272333073
49,58,709.8009470187186
49,59,724.3165114765886
49,60,742.1818181818181
49,61,763.6533433901066
49,62,787.739878080347
49,63,813.1382919122323
49,64,838.5454545454545
49,65,862.8681946608123
49,66,885.8531770235295
49,67,907.4570254199364
49,68,927.6363636363636
49,69,946.2076847848264
49,70,962.426959280081
49,71,975.4100268625676
49,72,984.2727272727273
49,73,988.4786230180632
49,74,988.8821676743286
49,75,986.6855375843388
49,76,983.0909090909092
49,77,979.0979935974658
49,78,974.8966427498774
49,79,970.4742432546228
49,80,965.818181818182
49,81,960.9305389557098
49,82,955.8721704170708
49,83,950.7186257608054
49,84,945.5454545454544
49,85,940.3147937615126
49,86,934.5351301272938
49,87,927.6015377930638
49,88,918.9090909090908
49,89,908.1327291800563
49,90,896.0668545282998
49,91,883.7857344305753
49,92,872.3636363636364
49,93,862.6301417909887
49,94,854.436088123143
49,95,847.3876267573626
50,0,841.0909090909091
50,1,835.2415900196255
50,2,829.8933384336731
50,3,825.189326721793
50,4,821.2727272727273
50,5,818.2571913123277
50,6,816.1382854148919
50,7,814.8820549918283
50,8,814.4545454545455
50,9,814.8120310947
50,10,815.8717017249412
50,11,817.5409760381664
50,12,819.7272727272727
50,13,822.481900217963
50,14,826.4317258671614
50,15,832.3475067645974
50,16,841.0
50,17,852.827129397084
50,18,866.9354857155035
50,19,882.0988264488991
50,20,897.0909090909091
50,21,910.7948094664284
50,22,922.5308767253688
50,23,931.7287783488978
50,24,937.818181818182
50,25,940.5646554644755
50,26,941.0773710193844
50,27,940.801401064601
50,28,941.181818181818
50,29,943.1923073120328
50,30,945.9210028334572
50,31,947.9846514836074
50,32,948.0
50,33,945.028331196484
50,34,939.9090721922414
50,35,933.9261861827872
50,36,928.3636363636364
50,37,924.0764701747584
50,38,920.2040720339407
50,39,915.4569106034254
50,40,908.5454545454544
50,41,898.6203335590278
50,42,886.5928214901771
50,43,873.8143532216926
50,44,861.6363636363636
50,45,851.179411498221
50,46,842.6405510962594
50,47,835.9859606007133
50,48,831.1818181818181
50,49,828.1620204480874
50,50,826.7313377611492
50,51,826.6622589209087
50,52,827.7272727272727
50,53,829.7179612548829
50,54,832.5022796773264
50,55,835.9672764429243
50,56,840.0
50,57,844.6266458960164
50,58,850.4299980750003
50,59,858.1319875801207
50,60,868.4545454545455
50,61,881.8734665246885
50,62,897.880000749945
50,63,915.7192618729564
50,64,934.6363636363636
50,65,953.8368743688666
50,66,972.3681807434008
50,67,989.238124018962
50,68,1003.4545454545456
50,69,1014.2534678180274
50,70,1021.783639912814
50,71,1026.421992051194
50,72,1028.5454545454545
50,73,1028.5412998135691
50,74,1026.838168696251
50,75,1023.875044139898
50,76,1020.0909090909092
50,77,1015.8654238367868
50,78,1011.3409580294548
50,79,1006.6005586619406
50,80,1001.7272727272727
50,81,996.7185957483744
50,82,991.2298173677484
50,83,984.8306757577942
50,84,977.0909090909092
50,85,967.6763863515338
50,86,956.637499772278
50,87,944.120772397792
50,88,930.2727272727273
50,89,915.3571088454894
50,90,900.1065471795032
50,91,885.370893741947
50,92,872.0
50,93,860.6139282665074
50,94,850.9135842369815
50,95,842.3700844526014
51,0,834.4545454545455
51,1,826.7567803612077
51,2,819.341388599843
51,3,812.39166617492
51,4,806.0909090909091
51,5,800.6188934704792
51,6,796.1413159091011
51,7,792.8203531204452
51,8,790.8181818181819
51,9,790.2676457568749
51,10,791.1842568546614
51,11,793.5541940705717
51,12,797.3636363636364
51,13,802.6329666838395
51,14,809.5193839449806
51,15,818.2142910518133
51,16,828.9090909090909
51,17,841.7146920532218
51,18,856.4200255472341
51,19,872.7335280858114
51,20,890.3636363636364
51,21,908.8420719214554
51,22,926.993695684264
51,23,943.466653423123
51,24,956.9090909090908
51,25,966.3843498064124
51,26,972.6165553520724
51,27,976.7450286762418
51,28,979.9090909090908
51,29,982.9827447619869
51,30,985.7787192710824
51,31,987.8444250537278
51,32,988.7272727272727
51,33,988.0156370547317
51,34,985.4617493817796
51,35,980.8588051997558
51,36,974.0
51,37,964.8851047463592
51,38,954.3401922927088
51,39,943.3979109654312
51,40,933.0909090909092
51,41,924.3956485052862
51,42,918.0638450837496
51,43,914.7910282112472
51,44,915.2727272727273
51,45,919.7212216870412
51,46,926.415791008656
51,47,933.1524648259432
51,48,937.7272727272727
51,49,938.513498837458
51,50,936.19344542708
51,51,932.026669303162
51,52,927.2727272727273
51,53,923.0827375085812
51,54,920.1740636466602
51,55,919.1556306886814
51,56,920.6363636363636
51,57,924.9865170373072
51,58,931.6216636226432
51,59,939.7187056693848
51,60,948.4545454545456
51,61,957.2794329785536
51,62,966.7370091354952
51,63,977.644262542871
51,64,990.818181818182
51,65,1006.6017169575696
51,66,1023.44166347174
51,67,1039.3107782500406
51,68,1052.1818181818182
51,69,1060.5750628275323
51,70,1065.20088243209
51,71,1067.3171699115123
51,72,1068.1818181818182
51,73,1068.768486277757
51,74,1068.91389770899
51,75,1068.1705421039103
51,76,1066.090909090909
51,77,1062.410651152351
51,78,1057.5980721864948
51,79,1052.3046389455733
51,80,1047.1818181818182
51,81,1042.5889091128397
51,82,1037.7165408177573
51,83,1031.463174841069
51,84,1022.7272727272727
51,85,1010.8175192144728
51,86,996.6834918152032
51,87,981.6849912356048
51,88,967.181818181818
51,89,954.2049344838144
51,90,942.469946466884
51,91,931.363621580148
51,92,920.2727272727273
51,93,908.7959814866337
51,94,897.3799041354429
51,95,886.6829656256218
52,0,877.3636363636364
52,1,869.8781850241965
52,2,863.8740733549807
52,3,858.7965613719111
52,4,854.0909090909091
52,5,849.3702556893084
52,6,844.9192569900889
52,7,841.1904479776437
52,8,838.6363636363636
52,9,837.6393717640251
52,10,838.3011714119356
52,11,840.6532944447878
52,12,844.7272727272727
52,13,850.5665754364101
52,14,858.2624209985316
52,15,867.9179651522965
52,16,879.6363636363636
52,17,893.4338151266983
52,18,908.9786900484836
52,19,925.8524017642092
52,20,943.6363636363636
52,21,961.766345874979
52,22,979.0955460802608
52,23,994.3315186999578
52,24,1006.181818181818
52,25,1013.8019377370218
52,26,1018.1391256304724
52,27,1020.5885688905051
52,28,1022.5454545454544
52,29,1024.848346358752
52,30,1026.1093150342128
52,31,1024.3838080107491
52,32,1017.7272727272727
52,33,1005.1370631916068
52,34,989.3781596872216
52,35,974.157449066498
52,36,963.181818181818
52,37,959.0707304202756
52,38,960.093955307811
52,39,963.4338389050772
52,40,966.2727272727273
52,41,966.4585662636546
52,42,964.5017008997164
52,43,961.578075995011
52,44,958.8636363636364
52,45,957.1880442978336
52,46,955.9958320024142
52,47,954.385249160333
52,48,951.4545454545456
52,49,946.7743417722849
52,50,941.8047438179
52,51,938.47822850002
52,52,938.7272727272727
52,53,943.8090488403006
52,54,952.2795109078038
52,55,962.019308430496
52,56,970.9090909090908
52,57,977.3403151392396
52,58,981.7476670963392
52,59,985.0766400507237
52,60,988.2727272727273
52,61,992.3183269663776
52,62,998.3434570704763
52,63,1007.5150404575188
52,64,1021.0
52,65,1039.4105247225225
52,66,1061.139868258119
52,67,1084.0265503919286
52,68,1105.909090909091
52,69,1124.9230968708046
52,70,1140.3925244425025
52,71,1151.9384170656765
52,72,1159.1818181818182
52,73,1162.0107241578955
52,74,1161.38094306278
52,75,1158.51523589082
52,76,1154.6363636363635
52,77,1150.6675292248865
52,78,1146.333703306377
52,79,1141.0602984619518
52,80,1134.2727272727273
52,81,1125.5620566698317
52,82,1115.181970984439
52,83,1103.551808897736
52,84,1091.090909090909
52,85,1078.1637895503334
52,86,1064.9156854831397
52,87,1051.437011401649
52,88,1037.8181818181818
52,89,1024.1435805833812
52,90,1010.473468901184
52,91,996.862077313849
52,92,983.3636363636364
52,93,970.129785843414
52,94,957.7018025484876
52,95,946.718372524772
53,0,937.818181818182
53,1,931.3443783156898
53,2,926.4579572685014
53,3,922.0243757688808
53,4,916.9090909090908
53,5,910.325087257463
53,6,902.8754592865964
53,7,895.5108289451592
53,8,889.1818181818181
53,9,884.693340836277
53,10,882.2674783123849
53,11,881.9806039050276
53,12,883.9090909090909
53,13,888.1146175792474
53,14,894.600082009318
53,15,903.3536872529116
53,16,914.3636363636364
53,17,927.6464843012792
53,18,943.3321936503424
53,19,961.5790789015072
53,20,982.5454545454544
53,21,1005.9698997610903
53,22,1029.912052480221
53,23,1052.0118153228775
53,24,1069.909090909091
53,25,1081.9781780179956
53,26,1089.5309600651374
53,27,1094.6137166251651
53,28,1099.2727272727273
53,29,1105.042104076018
53,30,1111.4072890774112
53,31,1117.341556812826
53,32,1121.8181818181818
53,33,1124.1999965870234
53,34,1125.4080654434
53,35,1126.7530106689856
53,36,1129.5454545454545
53,37,1134.5726823031605
53,38,1140.5286309671708
53,39,1145.583900511232
53,40,1147.909090909091
53,41,1146.1229105639711
53,42,1140.636501597008
53,43,1132.3091145588137
53,44,1122.0
53,45,1110.540789077318
53,46,1098.65263537207
53,47,1087.0290730716958
53,48,1076.3636363636365
53,49,1067.1017172176655
53,50,1058.696138732894
53,51,1050.3515817907669
53,52,1041.2727272727273
53,53,1031.0239329611102
53,54,1020.6082642418075
53,55,1011.3884634016014
53,56,1004.7272727272727
53,57,1001.6761304833476
53,58,1002.0412588453293
53,59,1005.3175759664643
53,60,1011.0
53,61,1018.7204087418625
53,62,1028.6585185586937
53,63,1041.131005459814
53,64,1056.4545454545455
53,65,1074.618370912839
53,66,1094.3019396471695
53,67,1113.8572658306423
53,68,1131.6363636363635
53,69,1146.2734371522365
53,70,1157.531450125356
53,71,1165.4555562176156
53,72,1170.090909090909
53,73,1171.5861759327613
53,74,1170.5040780332254
53,75,1167.5108502079856
53,76,1163.2727272727273
53,77,1158.3591318439912
53,78,1152.9522377417431
53,79,1147.1374065868056
53,80,1141.0
53,81,1134.527012600365
53,82,1127.3119709998014
53,83,1118.8500348084287
53,84,1108.6363636363635
53,85,1096.3723063909135
53,86,1082.5839691681413
53,87,1068.003647361298
53,88,1053.3636363636365
53,89,1039.2380231996174
53,90,1025.5680614185426
53,91,1012.136796200924
53,92,998.7272727272727
53,93,985.2366803560716
53,94,972.0187851576876
53,95,959.54149738046
54,0,948.2727272727273
54,1,938.5581531033696
54,2,930.2545252234336
54,3,923.0963620045084
54,4,916.818181818182
54,5,911.2082640486324
54,6,906.2699321303958
54,7,902.060270510598
54,8,898.6363636363636
54,9,896.0746997930102
54,10,894.5293826186193
54,11,894.1739195894639
54,12,895.1818181818181
54,13,897.771345870236
54,14,902.3398101223996
54,15,909.3292784042728
54,16,919.181818181818
54,17,932.1794053624092
54,18,947.9636496190548
54,19,966.016069066173
54,20,985.818181818182
54,21,1006.687169043763
54,22,1027.2828641286535
54,23,1046.1007635128535
54,24,1061.6363636363635
54,25,1072.9142480079931
54,26,1081.075348411786
54,27,1087.7896837005949
54,28,1094.7272727272727
54,29,1103.1245889242646
54,30,1112.4839240423846
54,31,1121.8740244120395
54,32,1130.3636363636365
54,33,1137.3189303858574
54,34,1143.2957736004937
54,35,1149.1474572876095
54,36,1155.7272727272727
54,37,1163.60110998685
54,38,1172.185254282915
54,39,1180.6085896193404
54,40,1188.0
54,41,1193.7510614849227
54,42,1198.304118358756
54,43,1202.3642069623022
54,44,1206.6363636363635
54,45,1211.518223618913
54,46,1216.177817736606
54,47,1219.4757757132686
54,48,1220.2727272727273
54,49,1217.815248584879
54,50,1212.89370160391
54,51,1206.684394730077
54,52,1200.3636363636365
54,53,1194.84578204157
54,54,1189.9973758477531
54,55,1185.4230090027877
54,56,1180.7272727272727
54,57,1175.6297482488424
54,58,1170.309976823259
54,59,1165.062489713319
54,60,1160.1818181818182
54,61,1156.0102249630618
54,62,1153.0808986773932
54,63,1151.974759416664
54,64,1153.2727272727273
54,65,1157.252647353456
54,66,1162.9800648308055
54,67,1169.2174498927525
54,68,1174.7272727272727
54,69,1178.4578788049328
54,70,1180.101114726658
54,71,1179.5347023759632
54,72,1176.6363636363635
54,73,1171.478337426813
54,74,1164.9109308080174
54,75,1157.9789678761226
54,76,1151.7272727272727
54,77,1146.775078305997
54,78,1142.039252950363
54,79,1136.01107384682
54,80,1127.1818181818182
54,81,1114.596065258288
54,82,1099.5116028450757
54,83,1083.7395208275072
54,84,1069.090909090909
54,85,1056.8690697517598
54,86,1046.3461538511526
54,87,1036.2865246613328
54,88,1025.4545454545455
54,89,1012.9390193710356
54,90,999.1265090230416
54,91,984.728016890799
54,92,970.4545454545456
54,93,956.9117845822792
54,94,944.284173693046
54,95,932.6508395936536
55,0,922.0909090909092
55,1,912.6652627543928
55,2,904.361796204774
55,3,897.150158825496
55,4,891.0
55,5,885.8447780365132
55,6,881.4731869424016
55,7,877.6377296498168
55,8,874.0909090909091
55,9,870.6644319177365
55,10,867.5068196619827
55,11,864.8457975752373
55,12,862.9090909090909
55,13,861.920789747086
55,14,862.0904435005771
55,15,863.6239664128706
55,16,866.7272727272727
55,17,871.5089431848276
55,18,877.6882245175274
55,19,884.8870299550993
55,20,892.7272727272727
55,21,900.9695738772388
55,22,909.9293857020414
55,23,920.0608683121868
55,24,931.818181818182
55,25,945.5559431243986
55,26,961.2305963106708
55,27,978.6990422506988
55,28,997.818181818182
55,29,1018.296710443349
55,30,1039.2505017825472
55,31,1059.6472240486537
55,32,1078.4545454545455
55,33,1094.8424423749332
55,34,1108.7901238318668
55,35,1120.4791070092308
55,36,1130.090909090909
55,37,1137.6588041478271
55,38,1142.6230937990756
55,39,1144.2758365507862
55,40,1141.909090909091
55,41,1135.1459205792128
55,42,1124.93341006274
55,43,1112.5496490603516
55,44,1099.2727272727273
55,45,1086.1950135353218
55,46,1073.6659932226924
55,47,1061.849430844171
55,48,1050.909090909091
55,49,1041.055559370409
55,50,1032.6867079555818
55,51,1026.247229835691
55,52,1022.181818181818
55,53,1020.677919437588
55,54,1020.8939931367986
55,55,1021.731252085792
55,56,1022.0909090909092
55,57,1021.1986719701486
55,58,1019.5782285881332
55,59,1018.0777618211422
55,60,1017.5454545454544
55,61,1018.7290972272724
55,62,1021.9749106924872
55,63,1027.528723356913
55,64,1035.6363636363635
55,65,1046.328120938944
55,66,1058.7721286419185
55,67,1071.9209811148432
55,68,1084.7272727272727
55,69,1096.2226235624066
55,70,1105.7547565580203
55,71,1112.7504203655326
55,72,1116.6363636363635
55,73,1117.108089356884
55,74,1114.9361178532731
55,75,1111.1597237866624
55,76,1106.8181818181818
55,77,1102.717178100966
55,78,1098.7280447561598
55,79,1094.4885253969096
55,80,1089.6363636363635
55,81,1083.837118693797
55,82,1076.8676122129973
55,83,1068.532481443881
55,84,1058.6363636363635
55,85,1047.1289493965735
55,86,1034.5401427554875
55,87,1021.5449011002936
55,88,1008.818181818182
55,89,996.8899814471814
55,90,985.7104531286892
55,91,975.0847891549432
55,92,964.818181818182
55,93,954.7543066328824
55,94,944.8907720024832
55,95,935.2636695526602
56,0,925.9090909090908
56,1,916.8825647485604
56,2,908.3173679522872
56,3,900.3662144525974
56,4,893.1818181818181
56,5,886.8915707365119
56,6,881.5215743701865
56,7,877.0726090005861
56,8,873.5454545454545
56,9,870.9076863963011
56,10,868.9940618396939
56,11,867.6061336359672
56,12,866.5454545454545
56,13,865.7120586782844
56,14,865.3999055437652
56,15,866.0014360009995
56,16,867.9090909090909
56,17,871.3577152541974
56,18,875.9517705307001
56,19,881.1381223600346
56,20,886.3636363636364
56,21,891.2363416685613
56,22,896.0089214243434
56,23,901.0952222861353
56,24,906.9090909090908
56,25,913.493793071557
56,26,919.4102710446545
56,27,922.8488862226972
56,28,922.0
56,29,915.7217246815744
56,30,905.543176215221
56,31,893.6612214594393
56,32,882.2727272727273
56,33,873.1803877476005
56,34,866.6102059126429
56,35,862.3940120304545
56,36,860.3636363636364
56,37,860.239962964387
56,38,861.3000910432984
56,39,862.7101736005603
56,40,863.6363636363636
56,41,863.4279422130335
56,42,862.1667026414372
56,43,860.1175662945764
56,44,857.5454545454545
56,45,854.765597728934
56,46,852.2944620273178
56,47,850.6988225847704
56,48,850.5454545454545
56,49,852.2056895985036
56,50,855.2690856129276
56,51,859.1297570027058
56,52,863.1818181818181
56,53,866.9031211497787
56,54,870.1064682482443
56,55,872.6883994044055
56,56,874.5454545454545
56,57,875.7741553478355
56,58,877.2709504850052
56,59,880.1322703796719
56,60,885.4545454545455
56,61,894.089746095242
56,62,905.9120025390082
56,63,920.5509849859974
56,64,937.6363636363636
56,65,956.6893034530142
56,66,976.7969484498713
56,67,996.9379374036108
56,68,1016.0909090909092
56,69,1033.2723582745195
56,70,1047.6502036615066
56,71,1058.4302199450135
56,72,1064.8181818181818
56,73,1066.428649812544
56,74,1064.5113278131923
56,75,1060.7247055436078
56,76,1056.7272727272727
56,77,1053.8099174753036
56,78,1051.7931214493603
56,79,1050.1297646987366
56,80,1048.2727272727273
56,81,1045.7009984680583
56,82,1041.9980045711843
56,83,1036.7732811159908
56,84,1029.6363636363635
56,85,1020.307963652462
56,86,1008.9534966295386
56,87,995.8495540191184
56,88,981.2727272727273
56,89,965.5983969220932
56,90,949.5970998197528
56,91,934.1381618984452
56,92,920.0909090909092
56,93,908.1649259318924
56,94,898.4308313641778
56,95,890.7995029325557
57,0,885.1818181818181
57,1,881.3825243503369
57,2,878.7818474508096
57,3,876.6538831895134
57,4,874.2727272727273
57,5,871.0961698485772
57,6,867.3167788325842
57,7,863.3108165821176
57,8,859.4545454545455
57,9,856.1589326189901
57,10,853.9737644915807
57,11,853.4835323001993
57,12,855.2727272727273
57,13,859.8405428572805
57,14,867.3449813829109
57,15,877.8587473989039
57,16,891.4545454545455
57,17,908.0286118609783
57,18,926.771309976776
57,19,946.6965349223668
57,20,966.818181818182
57,21,986.3248392442596
57,22,1005.1038696190768
57,23,1023.2173288207192
57,24,1040.7272727272727
57,25,1057.656406161983
57,26,1073.8700297287353
57,27,1089.1940929765742
57,28,1103.4545454545455
57,29,1116.2668656532626
57,30,1126.4046478296182
57,31,1132.431015182074
57,32,1132.909090909091
57,33,1127.1710175886026
57,34,1117.625015316428
57,35,1107.4483235678574
57,36,1099.8181818181818
57,37,1097.0575867196
57,38,1098.072563631943
57,39,1100.9148950919512
57,40,1103.6363636363635
57,41,1104.7037491693618
57,42,1104.2438210648909
57,43,1102.7983460643384
57,44,1100.909090909091
57,45,1099.113212057499
57,46,1097.9294248357658
57,47,1097.8718342870588
57,48,1099.4545454545455
57,49,1102.89453896428
57,50,1107.220297773865
57,51,1111.1631804237902
57,52,1113.4545454545455
57,53,1113.1211320853815
57,54,1110.3712022505931
57,55,1105.7083985632353
57,56,1099.6363636363635
57,57,1092.7161031487392
57,58,1085.738075041945
57,59,1079.5501003232691
57,60,1075.0
57,61,1072.8070689560248
57,62,1073.1764975816268
57,63,1076.1849501436882
57,64,1081.909090909091
57,65,1090.2587460271611
57,66,1100.476389177002
57,67,1111.63765592016
57,68,1122.8181818181818
57,69,1133.1323787535118
57,70,1141.849763892183
57,71,1148.2786307211263
57,72,1151.7272727272727
57,73,1151.7856025951548
57,74,1149.1700097997189
57,75,1144.8785030135143
57,76,1139.909090909091
57,77,1135.0220858658688
57,78,1130.0270150907584
57,79,1124.4957094975418
57,80,1118.0
57,81,1110.1686675777328
57,82,1100.8582934736098
57,83,1089.9824089963183
57,84,1077.4545454545455
57,85,1063.3117665504724
57,86,1048.0852655602566
57,87,1032.4297681535488
57,88,1017.0
57,89,1002.2944934931046
57,90,988.187007921728
57,91,974.3951092985778
57,92,960.6363636363636
57,93,946.7730435680186
57,94,933.2462482073778
57,95,920.6417832885032
58,0,909.5454545454544
58,1,900.3718549620943
58,2,892.8507265214877
58,3,886.5405984565008
58,4,881.0
58,5,875.9057297654227
58,6,871.4076638884898
58,7,867.7739478854942
58,8,865.2727272727273
58,9,864.0989759762149
58,10,864.1549815609163
58,11,865.2698600015228
58,12,867.2727272727273
58,13,870.1401276933535
58,14,874.438318958754
58,15,880.8809871084142
58,16,890.1818181818181
58,17,902.8263087049164
58,18,918.3871971495216
58,19,936.2090324739112
58,20,955.6363636363636
58,21,975.850092032435
58,22,995.376528806796
58,23,1012.5783375413952
58,24,1025.8181818181818
58,25,1033.8954822562523
58,26,1037.3566876232946
58,27,1037.185003724144
58,28,1034.3636363636365
58,29,1029.802353942555
58,30,1024.1171752454793
58,31,1017.8506816529366
58,32,1011.5454545454544
58,33,1005.7161247007996
58,34,1000.7655204856964
58,35,997.0685196641087
58,36,995.0
58,37,994.7408177087912
58,38,995.6957428117344
58,39,997.0755237815372
58,40,998.0909090909092
58,41,998.0578203731257
58,42,996.71287190373
58,43,993.8978511188332
58,44,989.4545454545456
58,45,983.3688098896156
58,46,976.2027695733456
58,47,968.6626171976756
58,48,961.4545454545456
58,49,955.2197809775024
58,50,950.3396861665232
58,51,947.1306573631916
58,52,945.9090909090908
58,53,946.7747934731012
58,54,948.961213033288
58,55,951.4852078950124
58,56,953.3636363636364
58,57,953.993545130092
58,58,954.292734427597
58,59,955.55919287494
58,60,959.0909090909092
58,61,965.9214805519852
58,62,976.0269401654144
58,63,989.118929696137
58,64,1004.9090909090908
58,65,1022.9086008437864
58,66,1041.8267776380171
58,67,1060.1724747041487
58,68,1076.4545454545455
58,69,1089.4696842546875
58,70,1099.165949282516
58,71,1105.7792396690866
58,72,1109.5454545454545
58,73,1110.775162137463
58,74,1110.0776070501004
58,75,1108.136702983142
58,76,1105.6363636363635
58,77,1103.058928559097
58,78,1100.0804406989012
58,79,1096.1753688528909
58,80,1090.8181818181818
58,81,1083.6013395352395
58,82,1074.5892665179315
58,83,1063.964378423476
58,84,1051.909090909091
58,85,1038.664974663581
58,86,1024.7102205020997
58,87,1010.5821742713864
58,88,996.818181818182
58,89,983.806943628618
58,90,971.342578746397
58,91,959.0705608546136
58,92,946.6363636363636
58,93,933.8174780946748
58,94,920.9194645123124
58,95,908.3799004919758
59,0,896.6363636363636
59,1,886.0438826290465
59,2,876.6272904770805
59,3,868.3288712683919
59,4,861.0909090909091
59,5,854.8720482073205
59,6,849.696373579366
59,7,845.6043303435465
59,8,842.6363636363636
59,9,840.8699131780344
59,10,840.5303970236374
59,11,841.8802278119673
59,12,845.1818181818181
59,13,850.6213104441781
59,14,858.0797655988113
59,15,867.3619743176752
59,16,878.2727272727273
59,17,890.671833681616
59,18,904.6391769447532
59,19,920.3096590082408
59,20,937.818181818182
59,21,957.0848207384482
59,22,977.1703448039938
59,23,996.9206964675424
59,24,1015.181818181818
59,25,1031.1053606373184
59,26,1045.0658074756354
59,27,1057.7433505761342
59,28,1069.8181818181818
59,29,1081.6002708031874
59,30,1091.9186980207387
59,31,1099.2323216824657
59,32,1102.0
59,33,1099.1782152408405
59,34,1091.7139458959564
59,35,1081.051794512185
59,36,1068.6363636363635
59,37,1055.938288687996
59,38,1044.5323365772535
59,39,1036.0193070869757
59,40,1032.0
59,41,1033.2987436435396
59,42,1037.6339805223015
59,43,1041.9476816853676
59,44,1043.1818181818182
59,45,1039.1607708287545
59,46,1031.238559515357
59,47,1021.651613898827
59,48,1012.6363636363636
59,49,1005.951638950533
59,50,1001.4458723253592
59,51,998.489896810234
59,52,996.4545454545456
59,53,994.7982983691138
59,54,993.3302239104772
59,55,991.9470374966014
59,56,990.5454545454544
59,57,989.1392584821024
59,58,988.2105047600052
59,59,988.358316839724
59,60,990.181818181818
59,61,994.1943836115686
59,62,1000.5663934131388
59,63,1009.382479235412
59,64,1020.7272727272727
59,65,1034.5832070716228
59,66,1050.52392158744
59,67,1068.0208571277187
59,68,1086.5454545454545
59,69,1105.3918221928482
59,70,1123.1447384189196
59,71,1138.2116490718954
59,72,1149.0
59,73,1154.4276291569845
59,74,1155.4539429186989
59,75,1153.5487397665183
59,76,1150.1818181818182
59,77,1146.5567520883048
59,78,1142.812217179012
59,79,1138.820664589304
59,80,1134.4545454545455
59,81,1129.50019203525
59,82,1123.3994610925251
59,83,1115.508090512629
59,84,1105.1818181818182
59,85,1092.080263861605
59,86,1077.0785748145236
59,87,1061.3557801783618
59,88,1046.090909090909
59,89,1032.195797972875
59,90,1019.5135123766536
59,91,1007.6199251375602
59,92,996.0909090909092
59,93,984.5925101559856
59,94,973.1514665879524
59,95,961.8846897259432
60,0,950.9090909090908
60,1,940.3574568577288
60,2,930.4260758169912
60,3,921.3271114132126
60,4,913.2727272727273
60,5,906.4350487767356
60,6,900.8260483259004
60,7,896.4176600757518
60,8,893.1818181818181
60,9,891.1551889444204
60,10,890.6333672430429
60,11,891.9766801019624
60,12,895.5454545454545
60,13,901.6174909001288
60,14,910.1404827019272
60,15,920.9795967891258
60,16,934.0
60,17,949.018313364156
60,18,965.6569746765208
60,19,983.4898759233528
60,20,1002.0909090909092
60,21,1020.816357915975
60,22,1038.1520731374435
60,23,1052.3662972447355
60,24,1061.7272727272727
60,25,1065.0344367901268
60,26,1063.212005500978
60,27,1057.7153896431585
60,28,1050.0
60,29,1041.369758559882
60,30,1032.522632131372
60,31,1024.005098728085
60,32,1016.3636363636364
60,33,1009.8686312430729
60,34,1003.6861023371704
60,35,996.7059768081374
60,36,987.818181818182
60,37,976.4170801041904
60,38,963.9147767017644
60,39,952.2278122211832
60,40,943.2727272727273
60,41,938.3565142492564
60,42,936.3479726739536
60,43,935.5063538525832
60,44,934.0909090909092
60,45,930.7847038078752
60,46,925.966059875148
60,47,920.4371132775742
60,48,915.0
60,49,910.23052279197
60,50,905.7991514618184
60,51,901.1500225825756
60,52,895.7272727272727
60,53,889.2463300242435
60,54,882.5077888230331
60,55,876.5835350284877
60,56,872.5454545454545
60,57,871.2088730201453
60,58,872.3628750642306
60,59,875.5399850307463
60,60,880.2727272727273
60,61,886.3301097133572
60,62,894.4270745564077
60,63,905.5150475758002
60,64,920.5454545454544
60,65,940.000517671882
60,66,962.4856448919568
60,67,986.137040575144
60,68,1009.0909090909092
60,69,1029.684865053661
60,70,1047.062164057584
60,71,1060.567471941806
60,72,1069.5454545454545
60,73,1073.6847380225647
60,74,1074.049789786798
60,75,1072.0490375667237
60,76,1069.090909090909
60,77,1066.3304442197164
60,78,1063.909131340678
60,79,1061.7150709731186
60,80,1059.6363636363635
60,81,1057.435246462206
60,82,1054.3705030323088
60,83,1049.5750535408024
60,84,1042.1818181818182
60,85,1031.657263113278
60,86,1018.8020383482694
60,87,1004.7503398636716
60,88,990.6363636363636
60,89,977.381723811955
60,90,965.0577072109772
60,91,953.5230188226928
60,92,942.6363636363636
60,93,932.348512093448
60,94,922.9784964441856
60,95,914.937414391012
61,0,908.6363636363636
61,1,904.2341709960716
61,2,900.8805797395536
61,3,897.4730622496222
61,4,892.9090909090909
61,5,886.4775880131737
61,6,879.0332755066905
61,7,871.822325246862
61,8,866.0909090909091
61,9,862.8000792239601
61,10,861.770409142775
61,11,862.5373526720202
61,12,864.6363636363636
61,13,867.7965269091673
61,14,872.5214515585735
61,15,879.5083777014203
61,16,889.4545454545455
61,17,902.7723358666436
61,18,918.73469371384
61,19,936.329704704116
61,20,954.5454545454544
61,21,972.36981144244
61,22,988.7897735860672
61,23,1002.792121663933
61,24,1013.3636363636364
61,25,1019.7441569999606
61,26,1022.1857573964378
61,27,1021.1935700037872
61,28,1017.2727272727273
61,29,1010.8552651031724
61,30,1002.080833191818
61,31,991.0159846845544
61,32,977.7272727272727
61,33,962.503816678259
61,34,946.5250007453816
61,35,931.1927753489042
61,36,917.9090909090908
61,37,907.7004909110644
61,38,900.0918910993835
61,39,894.2328002834653
61,40,889.2727272727273
61,41,884.4371174047556
61,42,879.2551621298118
61,43,873.3319894263254
61,44,866.2727272727273
61,45,857.8720621971854
61,46,848.6829149268237
61,47,839.4477647385048
61,48,830.9090909090909
61,49,823.7394065337751
61,50,818.3313599810747
61,51,815.0076334378366
61,52,814.0909090909091
61,53,815.7115048495317
61,54,819.2302815125138
61,55,823.8157356010572
61,56,828.6363636363636
61,57,833.1290627044615
61,58,837.804332150688
61,59,843.4410718852065
61,60,850.8181818181819
61,61,860.5108806962585
61,62,872.2796626120074
61,63,885.6813404944797
61,64,900.2727272727273
61,65,915.6711645105044
61,66,931.736108310374
61,67,948.3875434096022
61,68,965.5454545454544
61,69,982.8953703526336
61,70,999.184995055588
61,71,1012.9275767762028
61,72,1022.6363636363636
61,73,1027.2956495335072
61,74,1027.773911467275
61,75,1025.4106722128597
61,76,1021.5454545454544
61,77,1017.3154974224292
61,78,1013.0489045298584
61,79,1008.8714957359948
61,80,1004.9090909090908
61,81,1001.182417594959
61,82,997.2918340496554
61,83,992.7326062067968
61,84,987.0
61,85,979.7304003795526
61,86,971.1246683624288
61,87,961.524783982272
61,88,951.2727272727273
61,89,940.6843331595564
61,90,929.9708561369928
61,91,919.3174055913872
61,92,908.9090909090908
61,93,898.8973238004033
61,94,889.2987252714182
61,95,880.0962186521789
62,0,871.2727272727273
62,1,862.8442693661035
62,2,854.959242777334
62,3,847.799140254443
62,4,841.5454545454545
62,5,836.315087371547
62,6,831.9665763465183
62,7,828.2938680573217
62,8,825.0909090909091
62,9,822.2277675113451
62,10,819.8789972911377
62,11,818.2952738799071
62,12,817.7272727272727
62,13,818.3690130376185
62,14,820.1878890343854
62,15,823.0946386957777
62,16,827.0
62,17,831.7734530654532
62,18,837.1194465713207
62,19,842.7011713369822
62,20,848.1818181818181
62,21,853.2317769732963
62,22,857.550233771241
62,23,860.8435736835654
62,24,862.8181818181819
62,25,863.4627913140888
62,26,863.895527434624
62,27,865.5168634742109
62,28,869.7272727272727
62,29,877.2963191339854
62,30,886.469929217536
62,31,894.8631201468638
62,32,900.0909090909091
62,33,900.6289207863333
62,34,898.3952102406867
62,35,896.1684400292423
62,36,896.7272727272727
62,37,901.9550431752272
62,38,910.1537752742628
62,39,918.7301651907125
62,40,925.0909090909092
62,41,927.1673837854848
62,42,924.989688662262
62,43,919.1126037533631
62,44,910.0909090909092
62,45,898.4336603191979
62,46,884.4670155312334
62,47,868.4714084321982
62,48,850.7272727272727
62,49,831.7002476649974
62,50,812.5967946673493
62,51,794.8085806996623
62,52,779.7272727272727
62,53,768.4471672026301
62,54,760.873078526643
62,55,756.6124505873341
62,56,755.2727272727273
62,57,756.5054017063005
62,58,760.1381639533524
62,59,766.0427533146375
62,60,774.0909090909091
62,61,784.2130441539865
62,62,796.5742656599473
62,63,811.3983543359346
62,64,828.9090909090909
62,65,849.0884444050265
62,66,870.9511370432215
62,67,893.270079341624
62,68,914.818181818182
62,69,934.4630077713626
62,70,951.450731621712
62,71,965.1221805702965
62,72,974.818181818182
62,73,980.163217691342
62,74,981.9163910153846
62,75,981.1204597408262
62,76,978.818181818182
62,77,975.8997464632696
62,78,972.6450679531124
62,79,969.1814918300356
62,80,965.6363636363636
62,81,962.0602396373984
62,82,958.1965189903476
62,83,953.7118115753958
62,84,948.2727272727273
62,85,941.6561699871368
62,86,934.0802197218604
62,87,925.8732505047446
62,88,917.3636363636364
62,89,908.8434895049636
62,90,900.4598748494832
62,91,892.323595496534
62,92,884.5454545454545
62,93,877.1744174475542
62,94,870.0120990620248
62,95,862.7982766000281
63,0,855.2727272727273
63,1,847.268499795729
63,2,838.9917289024182
63,3,830.7418208306258
63,4,822.8181818181819
63,5,815.4973220058943
63,6,808.9641671464841
63,7,803.38074689565
63,8,798.9090909090909
63,9,795.6299962716032
63,10,793.2993297843727
63,11,791.5917256776834
63,12,790.1818181818181
63,13,788.8605338167839
63,14,787.8839682614791
63,15,787.6245094845257
63,16,788.4545454545455
63,17,790.5969025521706
63,18,793.6761608060744
63,19,797.1673386569412
63,20,800.5454545454545
63,21,803.4137877927161
63,22,805.888661241496
63,23,808.2146586149826
63,24,810.6363636363636
63,25,813.24652582242
63,26,815.5305578643046
63,27,816.8220382467645
63,28,816.4545454545455
63,29,814.2123248266954
63,30,811.6822891194668
63,31,810.9020179434141
63,32,813.9090909090909
63,33,822.1243453253443
63,34,834.5016492941918
63,35,849.3781286159433
63,36,865.0909090909091
63,37,880.0658620537455
63,38,893.0838409764939
63,39,903.0144448655404
63,40,908.7272727272727
63,41,909.477263277855
63,42,906.0607140725606
63,43,899.6592623764404
63,44,891.4545454545455
63,45,882.5321871075619
63,46,873.5937572787185
63,47,865.2448124468796
63,48,858.0909090909091
63,49,852.5587610191701
63,50,848.3597113580196
63,51,845.0262605633142
63,52,842.0909090909091
63,53,839.1816324521219
63,54,836.3083063801118
63,55,833.5762816635005
63,56,831.0909090909091
63,57,829.0158455359798
63,58,827.7479722124426
63,59,827.7424764190473
63,60,829.4545454545455
63,61,833.3487354039586
63,62,839.9270774973917
63,63,849.7009717512193
63,64,863.1818181818181
63,65,880.546599211822
63,66,900.6346268889009
63,67,921.9507956669836
63,68,943.0
63,69,962.3881632032992
63,70,979.1253240379144
63,71,992.3225501262998
63,72,1001.0909090909092
63,73,1004.9362593386176
63,74,1004.9436224139864
63,75,1002.5928106459984
63,76,999.3636363636364
63,77,996.4349812604128
63,78,993.7820044879584
63,79,991.078934562434
63,80,988.0
63,81,984.2314860742772
63,82,979.507905088726
63,83,973.575826104266
63,84,966.181818181818
63,85,957.1532789879332
63,86,946.6409206116842
63,87,934.8762837477752
63,88,922.0909090909092
63,89,908.59289797399
63,90,894.9965942827188
63,91,881.9929025409975
63,92,870.2727272727273
63,93,860.4552427524715
63,94,852.8727022574411
63,95,847.7856288155082
64,0,845.4545454545455
64,1,845.758006016124
64,2,847.0466875966081
64,3,847.2892981060606
64,4,844.4545454545455
64,5,837.2201195466695
64,6,827.0996382652182
64,7,816.3157014875214
64,8,807.0909090909091
64,9,801.2137885244709
64,10,798.7365775243372
64,11,799.2774413983984
64,12,802.4545454545455
64,13,807.9517149918106
64,14,815.7154152737966
64,15,825.757771555248
64,16,838.0909090909091
64,17,852.649806053741
64,18,869.0608522895673
64,19,886.8732905624285
64,20,905.6363636363636
64,21,924.758719884135
64,22,943.0866301133888
64,23,959.3257707404936
64,24,972.181818181818
64,25,980.7528144097196
64,26,985.7062636205144
64,27,988.102035566506
64,28,989.0
64,29,989.285420204258
64,30,989.1451335863724
64,31,988.5913710843912
64,32,987.6363636363636
64,33,986.3327775005196
64,34,984.8950202158144
64,35,983.5779346413832
64,36,982.6363636363636
64,37,982.2257993391178
64,38,982.1043310049168
64,39,981.9306971682572
64,40,981.3636363636364
64,41,980.1020933248266
64,42,978.0058375827008
64,43,974.9748448674062
64,44,970.9090909090908
64,45,965.7834409979388
64,46,959.87231866428
64,47,953.5250369984814
64,48,947.0909090909092
64,49,940.8536313197816
64,50,934.834433214724
64,51,928.9889275932136
64,52,923.2727272727273
64,53,917.632999632026
64,54,911.983130295006
64,55,906.228059446846
64,56,900.2727272727273
64,57,894.3061315157505
64,58,889.6535001507073
64,59,887.9241187103104
64,60,890.7272727272727
64,61,899.1282697595168
64,62,912.0165054658014
64,63,927.7373975300942
64,64,944.6363636363636
64,65,961.3796530825458
64,66,977.916841622451
64,67,994.518336623858
64,68,1011.4545454545456
64,69,1028.694027001209
64,70,1044.9979462262131
64,71,1058.8256196108375
64,72,1068.6363636363635
64,73,1073.3769093671622
64,74,1073.9436461999692
64,75,1071.720378114609
64,76,1068.090909090909
64,77,1064.2145287119597
64,78,1060.3524689739108
64,79,1056.54144747618
64,80,1052.8181818181818
64,81,1049.0732144213637
64,82,1044.6123869952958
64,83,1038.59536607158
64,84,1030.1818181818182
64,85,1018.8434658753137
64,86,1005.3002557721782
64,87,990.5841905102268
64,88,975.7272727272727
64,89,961.5500811682916
64,90,948.0274990069
64,91,934.9229855238772
64,92,922.0
64,93,909.1422889969756
64,94,896.7147482002212
64,95,885.2025605760836
65,0,875.0909090909091
65,1,866.7358764801709
65,2,859.9771445558516
65,3,854.5252948990611
65,4,850.0909090909091
65,5,846.4085232641593
65,6,843.3084917581909
65,7,840.6451234640358
65,8,838.2727272727273
65,9,836.1683827359185
65,10,834.8002520477487
65,11,834.759268062977
65,12,836.6363636363636
65,13,840.9335707921658
65,14,847.7973182326327
65,15,857.2851338295103
65,16,869.4545454545455
65,17,884.2393795499628
65,18,901.078656839902
65,19,919.2876966189812
65,20,938.181818181818
65,21,956.9398769170732
65,22,974.1948725895768
65,23,988.443341058201
65,24,998.181818181818
65,25,1002.5508286908346
65,26,1003.2668528017902
65,27,1002.6903596027602
65,28,1003.181818181818
65,29,1006.1622060468618
65,30,1009.29453438508
65,31,1009.3023228034858
65,32,1002.9090909090908
65,33,988.2222221217188
65,34,968.8845551124348
65,35,949.9227923651156
65,36,936.3636363636364
65,37,931.686121375354
65,38,933.1786088015438
65,39,936.5817918269614
65,40,937.6363636363636
65,41,933.303178740502
65,42,925.4237369541174
65,43,917.0596994179464
65,44,911.2727272727273
65,45,910.2091182080924
65,46,912.3537161092592
65,47,915.2760014103424
65,48,916.5454545454544
65,49,914.276541608947
65,50,908.7636713361172
65,51,900.8462381225022
65,52,891.3636363636364
65,53,881.1378403561207
65,54,870.9211440008163
65,55,861.4484210996495
65,56,853.4545454545455
65,57,847.6863015120246
65,58,844.9381162969808
65,59,846.016327478901
65,60,851.7272727272727
65,61,862.5061581412352
65,62,877.3036635385338
65,63,894.6993371665656
65,64,913.2727272727273
65,65,931.8458841048528
65,66,950.2108659125208
65,67,968.4022329457468
65,68,986.4545454545456
65,69,1004.167123621172
65,70,1020.398327356838
65,71,1033.7712765049937
65,72,1042.909090909091
65,73,1046.931644137732
65,74,1046.9458246601278
65,75,1044.5552746706417
65,76,1041.3636363636365
65,77,1038.650333918809
65,78,1036.3979194571957
65,79,1034.2647270851664
65,80,1031.909090909091
65,81,1028.934349732486
65,82,1024.7238611474522
65,83,1018.605987443238
65,84,1009.9090909090908
65,85,998.271358060338
65,86,984.5702723166304
65,87,969.993141323698
65,88,955.7272727272727
65,89,942.7373202988888
65,90,931.0973223132984
65,91,920.6586631710592
65,92,911.2727272727273
65,93,902.868849380471
65,94,895.688165702903
65,95,890.0497628102471
66,0,886.2727272727273
66,1,884.4506344519549
66,2,883.77501487509
66,3,883.2118878606805
66,4,881.7272727272727
66,5,878.5686696298912
66,6,874.109502069464
66,7,869.0046743833958
66,8,863.9090909090909
66,9,859.459346119389
66,10,856.2187950288718
66,11,854.7324827875547
66,12,855.5454545454545
66,13,859.0967868016428
66,14,865.4016814514125
66,15,874.3693717391124
66,16,885.9090909090909
66,17,899.8523703104037
66,18,915.7199337109328
66,19,932.9548029832685
66,20,951.0
66,21,969.1627660476526
66,22,986.2072200684928
66,23,1000.7617004187229
66,24,1011.4545454545456
66,25,1017.4553723171684
66,26,1020.0989132878236
66,27,1021.2611794327488
66,28,1022.818181818182
66,29,1026.041312865492
66,30,1029.7834904165766
66,31,1032.2930136684636
66,32,1031.8181818181818
66,33,1027.1904557663174
66,34,1019.573943227688
66,35,1010.7159136206692
66,36,1002.3636363636364
66,37,995.7011254328746
66,38,989.6593730363074
66,39,982.6061159397688
66,40,972.9090909090908
66,41,959.5291902294572
66,42,943.7999282634454
66,43,927.647974892984
66,44,913.0
66,45,901.375295467479
66,46,892.6636411826373
66,47,886.3474390337499
66,48,881.9090909090909
66,49,878.7778665369908
66,50,876.1705070060051
66,51,873.2506212447439
66,52,869.1818181818181
66,53,863.4152270209205
66,54,856.5520580660698
66,55,849.4810418963658
66,56,843.0909090909091
66,57,838.2785549247811
66,58,835.9735334569887
66,59,837.1135634425201
66,60,842.6363636363636
66,61,853.1410078254095
66,62,867.871989924157
66,63,885.7351588790079
66,64,905.6363636363636
66,65,926.5821296826716
66,66,947.9816886645648
66,67,969.3449487687208
66,68,990.181818181818
66,69,1009.949507534812
66,70,1027.894437235765
66,71,1043.2103301370178
66,72,1055.090909090909
66,73,1062.97921517808
66,74,1067.315562392374
66,75,1068.7895829559357
66,76,1068.090909090909
66,77,1065.8339158437773
66,78,1062.3319495583748
66,79,1057.823099402876
66,80,1052.5454545454545
66,81,1046.6837009922665
66,82,1040.208912101399
66,83,1033.038758068923
66,84,1025.090909090909
66,85,1016.2920756417036
66,86,1006.6051293087564
66,87,996.0019819577952
66,88,984.4545454545456
66,89,972.0471441681932
66,90,959.3137524817572
66,91,946.9007572817152
66,92,935.4545454545456
66,93,925.4923590491608
66,94,917.0148607642152
66,95,909.8935684607984
67,0,904.0
67,1,899.1936469078911
67,2,895.2858953704723
67,3,892.0761052387265
67,4,889.3636363636364
67,5,886.9219737738204
67,6,884.4211032084407
67,7,881.5051355842952
67,8,877.8181818181819
67,9,873.2789693604637
67,10,868.9046917957647
67,11,865.9871592422743
67,12,865.8181818181819
67,13,869.3882851479613
67,14,876.4828568812275
67,15,886.5860001738798
67,16,899.1818181818181
67,17,913.7403332295092
67,18,929.6752443156888
67,19,946.3861696076608
67,20,963.2727272727273
67,21,979.610609206729
67,22,994.1798022196532
67,23,1005.6363668500234
67,24,1012.6363636363636
67,25,1014.4138208526656
67,26,1012.51463771479
67,27,1009.0626811740648
67,28,1006.181818181818
67,29,1005.3306982916994
67,30,1005.3071014666422
67,31,1004.2435902718996
67,32,1000.2727272727273
67,33,992.2548632532636
67,34,981.9615018731874
67,35,971.8919350110632
67,36,964.5454545454544
67,37,961.6029736952466
67,38,961.4718910406082
67,39,961.7412265020292
67,40,960.0
67,41,954.5321056021138
67,42,946.40093396438
67,43,937.36474988991
67,44,929.181818181818
67,45,923.24303571448
67,46,919.4698276473272
67,47,917.4162512110564
67,48,916.6363636363636
67,49,916.6761492672396
67,50,917.0493009008568
67,51,917.2614384476818
67,52,916.818181818182
67,53,915.4543558529248
67,54,913.821605112882
67,55,912.8007790891254
67,56,913.2727272727273
67,57,915.8515977756064
67,58,920.0847331930698
67,59,925.252774741271
67,60,930.6363636363636
67,61,935.822491681013
67,62,941.6235530239296
67,63,949.1582924003364
67,64,959.5454545454544
67,65,973.4536059548868
67,66,989.750600165756
67,67,1006.8541124755652
67,68,1023.181818181818
67,69,1037.3701867721672
67,70,1048.9308644948644
67,71,1057.594291788311
67,72,1063.090909090909
67,73,1065.329851501899
67,74,1064.9350327638774
67,75,1062.709061280281
67,76,1059.4545454545455
67,77,1055.8416572202373
67,78,1052.0108226314442
67,79,1047.9700312723833
67,80,1043.7272727272727
67,81,1039.2083491626065
67,82,1034.0103130739826
67,83,1027.6480295392766
67,84,1019.6363636363636
67,85,1009.6388665838828
67,86,997.9138341635346
67,87,984.8682482977824
67,88,970.9090909090908
67,89,956.4904458654978
67,90,942.254804817334
67,91,928.8917613605032
67,92,917.0909090909092
67,93,907.3098613177616
67,94,899.0783102034928
67,95,891.6939676238416
68,0,884.4545454545455
68,1,876.853915681638
68,2,869.1705907323313
68,3,861.8792431441315
68,4,855.4545454545455
68,5,850.2261805011408
68,6,845.9438723217281
68,7,842.2123552541786
68,8,838.6363636363636
68,9,834.9998850410713
68,10,831.8039199807569
68,11,829.7287222027909
68,12,829.4545454545455
68,13,831.5299611527552
68,14,835.9768113916085
68,15,842.6852559346578
68,16,851.5454545454545
68,17,862.4172021660896
68,18,875.0388344528087
68,19,889.1183222403964
68,20,904.3636363636364
68,21,920.4418551828858
68,22,936.8564871607924
68,23,953.0701482855752
68,24,968.5454545454544
68,25,982.867933920548
68,26,996.1147623585668
68,27,1008.4860277991206
68,28,1020.181818181818
68,29,1031.3491932258307
68,30,1041.923099768576
68,31,1051.785456427033
68,32,1060.8181818181818
68,33,1069.0279068124928
68,34,1076.9201112944022
68,35,1085.1249874018376
68,36,1094.2727272727273
68,37,1104.720997706017
68,38,1115.737364144725
68,39,1126.316866692889
68,40,1135.4545454545455
68,41,1142.404863727076
68,42,1147.459977581243
68,43,1151.1714662811517
68,44,1154.090909090909
68,45,1156.6240360220418
68,46,1158.5931800757578
68,47,1159.674825000686
68,48,1159.5454545454545
68,49,1158.0890490029385
68,50,1156.019574842998
68,51,1154.258495079741
68,52,1153.7272727272727
68,53,1154.906131602568
68,54,1156.5103387340675
68,55,1156.8139219530788
68,56,1154.090909090909
68,57,1147.1486404958798
68,58,1136.9277065843678
68,59,1124.9020102897628
68,60,1112.5454545454545
68,61,1101.208113232094
68,62,1091.74474401937
68,63,1084.8862755242344
68,64,1081.3636363636365
68,65,1081.585667939382
68,66,1084.672862792697
68,67,1089.4236262496636
68,68,1094.6363636363635
68,69,1099.2347263740155
68,70,1102.643350264387
68,71,1104.412117204383
68,72,1104.090909090909
68,73,1101.4200288372836
68,74,1096.901463422482
68,75,1091.2276208418946
68,76,1085.090909090909
68,77,1079.048226458668
68,78,1073.1144324093202
68,79,1067.168876700767
68,80,1061.090909090909
68,81,1054.7166107825897
68,82,1047.7089887584186
68,83,1039.6877814459474
68,84,1030.2727272727273
68,85,1019.2657281382458
68,86,1007.1973398297328
68,87,994.7802816063534
68,88,982.7272727272727
68,89,971.5315562098816
68,90,960.808470104468
68,91,949.9538762195488
68,92,938.3636363636364
68,93,925.6648652040476
68,94,912.4096888433028
68,95,899.381486242725
69,0,887.3636363636364
69,1,876.9595511557471
69,2,868.05277452232
69,3,860.3468833550054
69,4,853.5454545454545
69,5,847.3974983547822
69,6,841.833758521963
69,7,836.8304121554345
69,8,832.3636363636364
69,9,828.4220463342145
69,10,825.0440095716469
69,11,822.2803316596196
69,12,820.1818181818181
69,13,818.8248276719961
69,14,818.3879304641766
69,15,819.0752498424506
69,16,821.0909090909091
69,17,824.5059157050738
69,18,828.8588140261919
69,19,833.5550326069413
69,20,838.0
69,21,841.7495208713449
69,22,844.960904340147
69,23,847.9418356388753
69,24,851.0
69,25,854.5925917186374
69,26,859.7748413404937
69,27,867.7514884739211
69,28,879.7272727272727
69,29,896.1599417995593
69,30,914.5192757524242
69,31,931.5280627381676
69,32,943.9090909090908
69,33,949.4437774467608
69,34,950.1480556498096
69,35,949.0964878461356
69,36,949.3636363636364
69,37,953.116084777033
69,38,958.8885016483372
69,39,964.3075767863814
69,40,967.0
69,41,965.2850652632882
69,42,960.2524832113882
69,43,953.6845686447028
69,44,947.3636363636364
69,45,942.6925178061774
69,46,939.5561109606564
69,47,937.4598304529892
69,48,935.9090909090908
69,49,934.3354885120018
69,50,931.875345673259
69,51,927.5911663615226
69,52,920.5454545454544
69,53,910.302175873088
69,54,898.4311427099452
69,55,887.0036291009205
69,56,878.0909090909091
69,57,873.2754102683735
69,58,872.1841743960517
69,59,873.9553967802493
69,60,877.7272727272727
69,61,882.8958989625083
69,62,889.8889778876667
69,63,899.3921133235366
69,64,912.0909090909092
69,65,928.2645734270462
69,66,946.5667322351004
69,67,965.244615834695
69,68,982.5454545454544
69,69,996.9776255111242
69,70,1008.0940931719329
69,71,1015.7089687922291
69,72,1019.6363636363636
69,73,1019.9002086193656
69,74,1017.3637132589868
69,75,1013.0999067236604
69,76,1008.181818181818
69,77,1003.4755172841408
69,78,999.0192356103008
69,79,994.64424522222
69,80,990.181818181818
69,81,985.4633472440717
69,82,980.3207079361728
69,83,974.5858964783696
69,84,968.0909090909092
69,85,960.7293323759368
69,86,952.6411144631892
69,87,944.0277938643015
69,88,935.0909090909092
69,89,926.0014255249096
69,90,916.8080160292528
69,91,907.5287803371511
69,92,898.1818181818181
69,93,888.8374087062438
69,94,879.7745486925272
69,95,871.3244143325475
70,0,863.8181818181819
70,1,857.511155559208
70,2,852.3551528370022
70,3,848.2261191508409
70,4,845.0
70,5,842.524929284198
70,6,840.5377945049192
70,7,838.74767156409
70,8,836.8636363636364
70,9,834.6909738949093
70,10,832.4198055069577
70,11,830.3364616382543
70,12,828.7272727272727
70,13,827.7729649088919
70,14,827.2318471036143
70,15,826.7566239283477
70,16,826.0
70,17,824.7817971513409
70,18,823.5903060785855
70,19,823.0809346938099
70,20,823.9090909090909
70,21,826.4876305766535
70,22,830.2592013093167
70,23,834.4238986600492
70,24,838.1818181818181
70,25,840.9864305420455
70,26,843.3047068659657
70,27,845.8569933932666
70,28,849.3636363636364
70,29,854.2385222551643
70,30,859.6696984995474
70,31,864.5387527668838
70,32,867.7272727272727
70,33,868.4231168009334
70,34,867.039226408572
70,35,864.2948137210154
70,36,860.9090909090909
70,37,857.6371923592836
70,38,855.37794132071
70,39,855.0660832581451
70,40,857.6363636363636
70,41,863.4499887619328
70,42,870.574008308588
70,43,876.5019327918585
70,44,878.7272727272727
70,45,875.4620003202591
70,46,867.7919345358471
70,47,857.521356028966
70,48,846.4545454545455
70,49,836.001725866122
70,50,825.9968899116603
70,51,815.8799726377321
70,52,805.0909090909091
70,53,793.3876303061621
70,54,781.8000512720574
70,55,771.6760829655606
70,56,764.3636363636364
70,57,760.8767301819566
70,58,760.8938140910184
70,59,763.7594455000258
70,60,768.8181818181819
70,61,775.5557330569208
70,62,784.0224196365958
70,63,794.4097145797914
70,64,806.9090909090909
70,65,821.5864171358154
70,66,838.0051437262341
70,67,855.6031166353542
70,68,873.8181818181819
70,69,892.1667802179999
70,70,910.4797327311944
70,71,928.6664552424282
70,72,946.6363636363636
70,73,964.0831097194584
70,74,979.8372889853512
70,75,992.5137328494776
70,76,1000.7272727272727
70,77,1003.5945309041676
70,78,1002.239293145582
70,79,998.2871360869326
70,80,993.3636363636364
70,81,988.686493936599
70,82,983.8419020686844
70,83,978.008177348246
70,84,970.3636363636364
70,85,960.3754024403456
70,86,948.665825852408
70,87,936.1460636109936
70,88,923.7272727272727
70,89,912.1485440292904
70,90,901.4607036125924
70,91,891.5425113895977
70,92,882.2727272727273
70,93,873.565932806128
70,94,865.4799960608586
70,95,858.1086067397054
71,0,851.5454545454545
71,1,845.8703952007431
71,2,841.1079485076098
71,3,837.2688002879445
71,4,834.3636363636364
71,5,832.3743613908998
71,6,831.1677553632476
71,7,830.5818171085172
71,8,830.4545454545455
71,9,830.646363781112
71,10,831.1073936757631
71,11,831.8101812779871
71,12,832.7272727272727
71,13,833.9776834846525
71,14,836.2663062973371
71,15,840.4445032340799
71,16,847.3636363636364
71,17,857.663072734823
71,18,871.1341993167076
71,19,887.35640805842
71,20,905.9090909090908
71,21,926.2563892124188
71,22,947.4014418903786
71,23,968.232137259512
71,24,987.6363636363636
71,25,1004.6835295064104
71,26,1019.1691240308696
71,27,1031.0701565398945
71,28,1040.3636363636365
71,29,1047.1231291255758
71,30,1051.808425622506
71,31,1054.9758729445462
71,32,1057.1818181818182
71,33,1058.8253744458314
71,34,1059.6767189336526
71,35,1059.3487948637385
71,36,1057.4545454545455
71,37,1053.7231003638262
71,38,1048.3483350065198
71,39,1041.6403112368623
71,40,1033.909090909091
71,41,1025.3688718261371
71,42,1015.8503955857228
71,43,1005.0885397342646
71,44,992.818181818182
71,45,978.9619236952616
71,46,964.1932644687714
71,47,949.3734275533506
71,48,935.3636363636364
71,49,922.9453652109992
71,50,912.5810919937368
71,51,904.6535455068783
71,52,899.5454545454545
71,53,897.4810472789238
71,54,898.0505493744637
71,55,900.6856858736807
71,56,904.818181818182
71,57,909.813684309669
71,58,914.773528690227
71,59,918.7329723620348
71,60,920.7272727272727
71,61,920.2940450278544
71,62,918.9803358646292
71,63,918.83554967818
71,64,921.9090909090908
71,65,929.6749083061862
71,66,941.3051278512572
71,67,955.3964198343356
71,68,970.5454545454544
71,69,985.6000717474004
71,70,1000.4127890939787
71,71,1015.0872937117492
71,72,1029.7272727272727
71,73,1044.1733842496662
71,74,1057.2141703182815
71,75,1067.3751439550294
71,76,1073.1818181818182
71,77,1073.7049707993883
71,78,1070.1964387238022
71,79,1064.453323649951
71,80,1058.2727272727273
71,81,1052.9584370982338
71,82,1047.8409838774182
71,83,1041.757584172439
71,84,1033.5454545454545
71,85,1022.4030421713124
71,86,1008.973716675616
71,87,994.2620782966568
71,88,979.2727272727273
71,89,964.8839396710616
71,90,951.468694874664
71,91,939.2736480954796
71,92,928.5454545454544
71,93,919.3950059626222
71,94,911.3901401893648
71,95,903.9629315941525
72,0,896.5454545454545
72,1,888.7320592057225
72,2,880.7661989133318
72,3,873.0536028006386
72,4,866.0
72,5,859.8983481235784
72,6,854.5905187027627
72,7,849.8056117487472
72,8,845.2727272727273
72,9,840.8691505726906
72,10,837.0649080937993
72,11,834.4782115680082
72,12,833.7272727272727
72,13,835.2727768583862
72,14,838.9453034674949
72,15,844.4179056155834
72,16,851.3636363636364
72,17,859.5922988119465
72,18,869.4606962180397
72,19,881.462381878749
72,20,896.0909090909091
72,21,913.5085960756464
72,22,932.5528207512572
72,23,951.72972596033
72,24,969.5454545454544
72,25,984.8392259763776
72,26,997.7825662314788
72,27,1008.8800779162948
72,28,1018.6363636363636
72,29,1027.5876250188428
72,30,1036.3964597773736
72,31,1045.7570646472177
72,32,1056.3636363636365
72,33,1068.6156716755238
72,34,1081.7338673862998
72,35,1094.644220313017
72,36,1106.2727272727273
72,37,1115.8246882790625
72,38,1123.6226161319728
72,39,1130.2683268279875
72,40,1136.3636363636365
72,41,1142.3185297536804
72,42,1147.775668085809
72,43,1152.185881465942
72,44,1155.0
72,45,1155.7435222516694
72,46,1154.2406206157002
72,47,1150.3901359446083
72,48,1144.090909090909
72,49,1135.394881239641
72,50,1124.9663949059352
72,51,1113.622892937443
72,52,1102.1818181818182
72,53,1091.409907335219
72,54,1081.8710724878313
72,55,1074.0785195783458
72,56,1068.5454545454545
72,57,1065.5251485103906
72,58,1064.2311333245575
72,59,1063.6170060219
72,60,1062.6363636363635
72,61,1060.5108054413993
72,62,1057.5339396684835
72,63,1054.2673767885988
72,64,1051.2727272727273
72,65,1049.0651524512846
72,66,1047.9740170924176
72,67,1048.282236823705
72,68,1050.2727272727273
72,69,1054.11068702619
72,70,1059.4904465073018
72,71,1065.9886190983996
72,72,1073.1818181818182
72,73,1080.530451716684
72,74,1087.0301059692847
72,75,1091.5601617826976
72,76,1093.0
72,77,1090.6780174707103
72,78,1085.7186750701055
72,79,1079.6954496799026
72,80,1074.1818181818182
72,81,1070.24327385502
72,82,1066.9133755684757
72,83,1062.7176985886026
72,84,1056.1818181818182
72,85,1046.2565575637548
72,86,1033.5937317469006
72,87,1019.2704036929604
72,88,1004.3636363636364
72,89,989.8242458899616
72,90,976.0980610802844
72,91,963.5046639122836
72,92,952.3636363636364
72,93,942.845606603672
72,94,934.5253875683246
72,95,926.8288383851782
73,0,919.181818181818
73,1,911.1740095135318
73,2,903.0503886464174
73,3,895.2197552742764
73,4,888.0909090909091
73,5,881.972559887655
73,6,876.7730578460055
73,7,872.3006632449894
73,8,868.3636363636364
73,9,864.8562054813024
73,10,862.0164708786513
73,11,860.1685008366749
73,12,859.6363636363636
73,13,860.7205159144083
73,14,863.6269677302978
73,15,868.5381174992202
73,16,875.6363636363636
73,17,885.0444013156094
73,18,896.6461127456118
73,19,910.2656768937172
73,20,925.7272727272727
73,21,942.7652310958804
73,22,960.7544903781636
73,23,978.9801408350014
73,24,996.7272727272727
73,25,1013.27251520996
73,26,1027.8586530144607
73,27,1039.7200097662767
73,28,1048.090909090909
73,29,1052.550247837007
73,30,1054.0552157458112
73,31,1053.9075757817095
73,32,1053.409090909091
73,33,1053.6237945783753
73,34,1054.6648021841122
73,35,1056.4074996068844
73,36,1058.7272727272727
73,37,1061.5035795313097
73,38,1064.6321664268298
73,39,1068.0128519271166
73,40,1071.5454545454545
73,41,1075.1268020691125
73,42,1078.6417593812955
73,43,1081.9722006391946
73,44,1085.0
73,45,1087.4877917376955
73,46,1088.7212505934426
73,47,1087.8668114251957
73,48,1084.090909090909
73,49,1077.00157643465
73,50,1067.9732382449338
73,51,1058.821917296387
73,52,1051.3636363636365
73,53,1046.761584341885
73,54,1043.56761460864
73,55,1039.680746661984
73,56,1033.0
73,57,1022.1878816523548
73,58,1008.9608487750515
73,59,995.7988460556772
73,60,985.181818181818
73,61,978.979786775968
73,62,976.6230812002444
73,63,976.9321077516712
73,64,978.7272727272727
73,65,981.0889939710454
73,66,984.13773551488
73,67,988.253972937638
73,68,993.818181818182
73,69,1001.1244646125764
73,70,1010.1214312856908
73,71,1020.6713186795964
73,72,1032.6363636363635
73,73,1045.6063293968307
73,74,1058.081084796902
73,75,1068.2880250712494
73,76,1074.4545454545455
73,77,1075.3905587091924
73,78,1072.23604770852
73,79,1066.7135128535867
73,80,1060.5454545454545
73,81,1054.9621175845807
73,82,1049.2247243690188
73,83,1042.1022416962203
73,84,1032.3636363636365
73,85,1019.2126754979388
73,86,1003.5923275426784
73,87,986.8803612706234
73,88,970.4545454545456
73,89,955.4272372418452
73,90,941.8491472784508
73,91,929.505574584922
73,92,918.181818181818
73,93,907.699114171044
73,94,898.0224469798825
73,95,889.1527381169616
74,0,881.0909090909091
74,1,873.8402265285243
74,2,867.4133375292921
74,3,861.8252343108684
74,4,857.0909090909091
74,5,853.2198092603131
74,6,850.1992029029491
74,7,848.0108132759289
74,8,846.6363636363636
74,9,846.0532637029504
74,10,846.2216690407291
74,11,847.0974216763251
74,12,848.6363636363636
74,13,850.8952609278851
74,14,854.3345754795887
74,15,859.5156932005891
74,16,867.0
74,17,877.2279084946002
74,18,890.155938131825
74,19,905.6196350667734
74,20,923.4545454545456
74,21,943.3138437300776
74,22,964.1212174476572
74,23,984.6179824414078
74,24,1003.5454545454544
74,25,1019.9272279487254
74,26,1033.9160102593653
74,27,1045.9467874403224
74,28,1056.4545454545455
74,29,1065.6846308386569
74,30,1073.1238324239728
74,31,1078.0692996154846
74,32,1079.8181818181818
74,33,1077.9656407421026
74,34,1073.2988873174706
74,35,1066.9031447795585
74,36,1059.8636363636365
74,37,1053.1552209656609
74,38,1047.3113001243255
74,39,1042.7549110390098
74,40,1039.909090909091
74,41,1038.9454356225265
74,42,1039.029775821589
74,43,1039.07650083713
74,44,1038.0
74,45,1034.930224044233
74,46,1029.8593693165906
74,47,1022.995193567016
74,48,1014.5454545454544
74,49,1004.7470204732692
74,50,993.9532014575036
74,51,982.5464180766228
74,52,970.9090909090908
74,53,959.4936258808732
74,54,949.0323703079404
74,55,940.3276568537648
74,56,934.181818181818
74,57,930.9844419123292
74,58,929.4741354925528
74,59,927.9767613264996
74,60,924.818181818182
74,61,918.9450269243554
74,62,911.786996812758
74,63,905.3945592038724
74,64,901.818181818182
74,65,902.6360185720674
74,66,907.5369681655062
74,67,915.7376154943734
74,68,926.4545454545456
74,69,939.023682878284
74,70,953.2583123433992
74,71,969.0910583640876
74,72,986.4545454545456
74,73,1004.9624317329776
74,74,1022.952509733624
74,75,1038.4436055947308
74,76,1049.4545454545455
74,77,1054.5981810988949
74,78,1054.8634669039236
74,79,1051.8333828933537
74,80,1047.090909090909
74,81,1041.8891620532595
74,82,1036.161804468864
74,83,1029.5126355591271
74,84,1021.5454545454544
74,85,1012.0000002335204
74,86,1001.1597697660752
74,87,989.444199870138
74,88,977.2727272727273
74,89,965.0199279217488
74,90,952.8809346486528
74,91,941.0060195057758
74,92,929.5454545454544
74,93,918.6361971703936
74,94,908.3619461847684
74,95,898.7930857431224
75,0,890.0
75,1,882.0503402148596
75,2,875.0008260668201
75,3,868.9054443399162
75,4,863.8181818181819
75,5,859.7320442428955
75,6,856.3961131843149
75,7,853.4984891699401
75,8,850.7272727272727
75,9,847.9092669044666
75,10,845.4260848322846
75,11,843.7980421621422
75,12,843.5454545454545
75,13,845.1536154119655
75,14,848.9677293047291
75,15,855.2979785451283
75,16,864.4545454545455
75,17,876.6225782658535
75,18,891.4870888578895
75,19,908.6080550209804
75,20,927.5454545454544
75,21,947.7552192518932
75,22,968.2770970818948
75,23,988.0467900073132
75,24,1006.0
75,25,1021.3963174538466
75,26,1034.7908864508945
75,27,1047.062739495222
75,28,1059.090909090909
75,29,1071.3043972963571
75,30,1082.332084387256
75,31,1090.3528201936176
75,32,1093.5454545454545
75,33,1090.6048433607252
75,34,1082.2898669091735
75,35,1069.8754115484896
75,36,1054.6363636363635
75,37,1037.7265133516512
75,38,1019.8152661578682
75,39,1001.4509313396968
75,40,983.181818181818
75,41,965.4720577781246
75,42,948.4490684593532
75,43,932.1560903654506
75,44,916.6363636363636
75,45,902.0059941722131
75,46,888.6725509138098
75,47,877.116468562138
75,48,867.8181818181819
75,49,861.1090791693864
75,50,856.7243642490438
75,51,854.2501944769064
75,52,853.2727272727273
75,53,853.358825513877
75,54,853.9981739081969
75,55,854.6611626211459
75,56,854.8181818181819
75,57,854.145959684196
75,58,853.1465764818051
75,59,852.5284504930568
75,60,853.0
75,61,855.1098925675208
75,62,858.7677928918561
75,63,863.7236149520817
75,64,869.7272727272727
75,65,876.5749814093579
75,66,884.2481610416799
75,67,892.7745328804344
75,68,902.181818181818
75,69,912.506374976866
75,70,923.8191083959704
75,71,936.1995603443622
75,72,949.7272727272727
75,73,964.1807686831776
75,74,978.1344962835292
75,75,989.8618848330254
75,76,997.6363636363636
75,77,1000.28759574497
75,78,998.8701791971856
75,79,994.9949457780816
75,80,990.2727272727273
75,81,985.9458369733068
75,82,981.782514200455
75,83,977.1824797819216
75,84,971.5454545454544
75,85,964.4077495436218
75,86,955.8520367282664
75,87,946.0975782760506
75,88,935.3636363636364
75,89,923.9231648522064
75,90,912.2638843410248
75,91,900.9272071138764
75,92,890.4545454545455
75,93,881.2305569566433
75,94,873.0128804530887
75,95,865.4024000866258
76,0,858.0
76,1,850.5651186848561
76,2,843.491412028439
76,3,837.331090266893
76,4,832.6363636363636
76,5,829.7461842130233
76,6,828.1464714331563
76,7,827.109886573075
76,8,825.9090909090909
76,9,824.0083830994146
76,10,821.6386113298453
76,11,819.2222611680809
76,12,817.1818181818181
76,13,815.9063629347733
76,14,815.651355974735
76,15,816.6388528455113
76,16,819.0909090909091
76,17,823.1332106160382
76,18,828.5059647712143
76,19,834.8530092680559
76,20,841.8181818181819
76,21,848.9997150556206
76,22,855.8134213040445
76,23,861.6295078095372
76,24,865.8181818181819
76,25,867.9702018887527
76,26,868.5585318307893
76,27,868.2766867665222
76,28,867.8181818181819
76,29,867.5058410257324
76,30,866.1797241000709
76,31,862.3091996698288
76,32,854.3636363636364
76,33,841.4822862810458
76,34,825.483935405291
76,35,808.8572531905272
76,36,794.0909090909091
76,37,783.0366047591757
76,38,774.9981706424012
76,39,768.6424693862444
76,40,762.6363636363636
76,41,755.8883401367974
76,42,748.2733820251043
76,43,739.9080965372225
76,44,730.9090909090909
76,45,721.4384437845437
76,46,711.840119439
76,47,702.5035535557744
76,48,693.8181818181819
76,49,686.2257824523002
76,50,680.3775038552595
76,51,676.9768369669528
76,52,676.7272727272727
76,53,680.1214945880733
76,54,686.8089560490525
76,55,696.2283031218691
76,56,707.8181818181819
76,57,721.0325573772244
76,58,735.3866719485302
76,59,750.4110869092073
76,60,765.6363636363636
76,61,780.6119122666652
76,62,794.9625379750083
76,63,808.3318946958475
76,64,820.3636363636364
76,65,830.8749071924781
76,66,840.3768125150724
76,67,849.5539479437666
76,68,859.0909090909091
76,69,869.5162998725128
76,70,880.734757419248
76,71,892.49492716545
76,72,904.5454545454544
76,73,916.5002342265616
76,74,927.4341578079355
76,75,936.2873661217054
76,76,942.0
76,77,943.9017973121488
76,78,942.8808840762816
76,79,940.214983347728
76,80,937.181818181818
76,81,934.6965537975698
76,82,932.224124068756
76,83,928.8669050328364
76,84,923.7272727272727
76,85,916.2097147702984
76,86,906.9271651032404
76,87,896.7946692481986
76,88,886.7272727272727
76,89,877.4645871212361
76,90,869.0444882455554
76,91,861.3294179743694
76,92,854.1818181818181
76,93,847.4305162902114
76,94,840.7698819145381
76,95,833.86067021796
77,0,826.3636363636364
77,1,818.1102227179191
77,2,809.6146204599274
77,3,801.5617079719722
77,4,794.6363636363636
77,5,789.3132519290211
77,6,785.226181700297
77,7,781.7987478941515
77,8,778.4545454545455
77,9,774.7887582023596
77,10,771.0829254661571
77,11,767.7901754514216
77,12,765.3636363636364
77,13,764.1453516251764
77,14,764.0330255259829
77,15,764.813277572889
77,16,766.2727272727273
77,17,768.2420512060256
77,18,770.7281542480924
77,19,773.7819983479312
77,20,777.4545454545455
77,21,781.7259321870847
77,22,786.2929938452835
77,23,790.7817403990225
77,24,794.8181818181819
77,25,798.1368905001808
77,26,800.9066885525913
77,27,803.4049605105246
77,28,805.9090909090909
77,29,808.5887217212836
77,30,811.1825246716238
77,31,813.321428922516
77,32,814.6363636363636
77,33,814.97555216014
77,34,815.056394579095
77,35,815.813585163048
77,36,818.1818181818181
77,37,822.9281037290656
77,38,830.1487151938138
77,39,839.772241788928
77,40,851.7272727272727
77,41,865.6373170145075
77,42,879.9055628274683
77,43,892.6301181357859
77,44,901.9090909090908
77,45,906.4274577583594
77,46,907.21766985995
77,47,905.899047031565
77,48,904.0909090909092
77,49,903.0122269520544
77,50,902.2805759145508
77,51,901.1131823743174
77,52,898.7272727272727
77,53,894.603179887968
77,54,889.273662845483
77,55,883.5345871075292
77,56,878.1818181818181
77,57,873.7043148597096
77,58,869.3634090671534
77,59,864.1135260137479
77,60,856.9090909090909
77,61,847.3892197641027
77,62,837.9317917949938
77,63,831.5993770192971
77,64,831.4545454545455
77,65,839.4660788111523
77,66,853.2276055710531
77,67,869.2389659090641
77,68,884.0
77,69,894.956692264015
77,70,903.3396041026116
77,71,911.3254411626295
77,72,921.0909090909092
77,73,934.0139703146058
77,74,948.2776143821374
77,75,961.2660876222365
77,76,970.3636363636364
77,77,973.7118582957436
77,78,972.4817565506582
77,79,968.6016856211525
77,80,964.0
77,81,960.1243919569648
77,82,956.4999048697762
77,83,952.1709198931538
77,84,946.181818181818
77,85,937.8772216036696
77,86,927.802714879328
77,87,916.8041234425956
77,88,905.7272727272727
77,89,895.2260966283579
77,90,885.1869628856389
77,91,875.3043477001004
77,92,865.2727272727273
77,93,854.9229373374442
77,94,844.6312517599346
77,95,834.910303938821
78,0,826.2727272727273
78,1,819.1048812945924
78,2,813.2880300746227
78,3,808.5771638173418
78,4,804.7272727272727
78,5,801.5396397569137
78,6,799.0007188506653
78,7,797.1432567009022
78,8,796.0
78,9,795.6058778595706
78,10,796.0045490681707
78,11,797.241854833595
78,12,799.3636363636364
78,13,802.4885533502588
78,14,807.026539422106
78,15,813.460346691991
78,16,822.2727272727273
78,17,833.7950223757573
78,18,847.7529296070413
78,19,863.7207356711682
78,20,881.2727272727273
78,21,899.913743510348
78,22,918.8708330588196
78,23,937.3015969869724
78,24,954.3636363636364
78,25,969.3127876737602
78,26,981.797829066771
78,27,991.565774108214
78,28,998.3636363636364
78,29,1002.2356739764292
78,30,1004.4151234013692
78,31,1006.4324656710792
78,32,1009.818181818182
78,33,1015.5797436932504
78,34,1022.6325864186612
78,35,1029.3691359347415
78,36,1034.1818181818182
78,37,1035.976601250569
78,38,1035.7136218330763
78,39,1034.8665587717728
78,40,1034.909090909091
78,41,1036.8746467590183
78,42,1040.0356535217604
78,43,1043.2242880690767
78,44,1045.2727272727273
78,45,1045.2250958042666
78,46,1042.9733095344277
78,47,1038.6212321337389
78,48,1032.2727272727273
78,49,1024.1425836602791
78,50,1014.88929015871
78,51,1005.2822606686956
78,52,996.0909090909092
78,53,987.7883763727996
78,54,979.662711648913
78,55,970.70569110057
78,56,959.9090909090908
78,57,946.7237972121592
78,58,932.4371359729104
78,59,918.7955431108428
78,60,907.5454545454544
78,61,900.1388779603815
78,62,896.850108095809
78,63,897.659011456059
78,64,902.5454545454544
78,65,911.2945545826776
78,66,922.9124316438534
78,67,936.210456519466
78,68,950.0
78,69,963.3135855270888
78,70,976.0683471469594
78,71,988.4025715569863
78,72,1000.4545454545456
78,73,1012.1485464907852
78,74,1022.5528161319464
78,75,1030.5215867980432
78,76,1034.909090909091
78,77,1035.008421691589
78,78,1031.8681155979832
78,79,1026.9755698872038
78,80,1021.818181818182
78,81,1017.492482651949
78,82,1013.5315396579388
78,83,1009.077554107687
78,84,1003.2727272727273
78,85,995.4406817915244
78,86,985.6307257702608
78,87,974.0735886820486
78,88,961.0
78,89,946.754733363772
78,90,932.1387390792
78,91,918.0670116186644
78,92,905.4545454545456
78,93,894.9892483897518
78,94,886.4506815493033
78,95,879.3913193887488
79,0,873.3636363636364
79,1,867.9303185317669
79,2,862.6948983599501
79,3,857.2711199172496
79,4,851.2727272727273
79,5,844.5082274831814
79,6,837.56517955635
79,7,831.2259054877076
79,8,826.2727272727273
79,9,823.3180215355083
79,10,822.2943834146491
79,11,822.9644626773749
79,12,825.0909090909091
79,13,828.5236636475133
79,14,833.461832239598
79,15,840.1918119846111
79,16,849.0
79,17,860.1157329653477
79,18,873.5401058087763
79,19,889.2171530205444
79,20,907.0909090909092
79,21,926.9849954001876
79,22,948.2413808889328
79,23,970.0816213877572
79,24,991.7272727272727
79,25,1012.4386036157208
79,26,1031.6307342718565
79,27,1048.757497792064
79,28,1063.2727272727273
79,29,1074.837294682384
79,30,1083.9402274781862
79,31,1091.2775919894411
79,32,1097.5454545454545
79,33,1103.190910836562
79,34,1107.6651739972162
79,35,1110.1704865228985
79,36,1109.909090909091
79,37,1106.454459698641
79,38,1100.864985623858
79,39,1094.5702914644191
79,40,1089.0
79,41,1085.046648096148
79,42,1081.4544289618973
79,43,1076.4304498921522
79,44,1068.1818181818182
79,45,1055.5379251894935
79,46,1039.8172985285523
79,47,1022.9607498760622
79,48,1006.9090909090908
79,49,993.440855691332
79,50,983.685467832984
79,51,978.6100733308712
79,52,979.181818181818
79,53,985.7924020451782
79,54,996.5317392304206
79,55,1008.9142977095436
79,56,1020.4545454545456
79,57,1029.202036127955
79,58,1035.3466661544242
79,59,1039.6134176491355
79,60,1042.7272727272727
79,61,1045.327010261184
79,62,1047.7065961518824
79,63,1050.0737930575494
79,64,1052.6363636363635
79,65,1055.5339569182188
79,66,1058.633767419863
79,67,1061.7348760297573
79,68,1064.6363636363635
79,69,1067.2587529750317
79,70,1070.008334168666
79,71,1073.4128391870577
79,72,1078.0
79,73,1083.9892698180176
79,74,1090.366986814566
79,75,1095.8112104038305
79,76,1099.0
79,77,1098.9603041165335
79,78,1096.114627663981
79,79,1091.2343646521656
79,80,1085.090909090909
79,81,1078.2746273522118
79,82,1070.651775256783
79,83,1061.9075809875076
79,84,1051.7272727272727
79,85,1039.9454478382552
79,86,1026.994180399797
79,87,1013.4549136705314
79,88,999.9090909090908
79,89,986.85835402204
79,90,974.4851395076654
79,91,962.892082512186
79,92,952.181818181818
79,93,942.442158800858
79,94,933.7016252059044
79,95,925.9739153716356
80,0,919.2727272727273
80,1,913.5619312290746
80,2,908.6060869414436
80,3,904.119926455818
80,4,899.8181818181819
80,5,895.5444912828436
80,6,891.6581179374119
80,7,888.6472310778197
80,8,887.0
80,9,887.0015809122779
80,10,888.1250776725446
80,11,889.6405810510852
80,12,890.8181818181819
80,13,891.2716282498634
80,14,891.9892986451356
80,15,894.3032288087492
80,16,899.5454545454545
80,17,908.7258265428144
80,18,921.5654550196396
80,19,937.4632650775544
80,20,955.818181818182
80,21,975.9003496697892
80,22,996.4647903672154
80,23,1016.1377449719428
80,24,1033.5454545454545
80,25,1047.6415247780294
80,26,1058.6890198751355
80,27,1067.2783686710377
80,28,1074.0
80,29,1079.3829830362747
80,30,1083.7109483140605
80,31,1087.2061667075434
80,32,1090.090909090909
80,33,1092.5112021677812
80,34,1094.308095959532
80,35,1095.2463963169716
80,36,1095.090909090909
80,37,1093.7043105653277
80,38,1091.3407587569018
80,39,1088.3522821154795
80,40,1085.090909090909
80,41,1081.8846237527266
80,42,1078.9652326492244
80,43,1076.5404979483826
80,44,1074.8181818181818
80,45,1073.9177057874022
80,46,1073.6051288280194
80,47,1073.5581692728088
80,48,1073.4545454545455
80,49,1072.9914280976648
80,50,1071.943797493244
80,51,1070.1060863240189
80,52,1067.2727272727273
80,53,1063.227377276484
80,54,1057.7105902899152
80,55,1050.452144522025
80,56,1041.1818181818182
80,57,1029.931449160036
80,58,1017.9411140743688
80,59,1006.7529492242444
80,60,997.9090909090908
80,61,992.6093260833728
80,62,990.6840443217012
80,63,991.6212858537248
80,64,994.9090909090908
80,65,1000.0261328701096
80,66,1006.4136177297356
80,67,1013.5033846335843
80,68,1020.7272727272727
80,69,1027.7392674361888
80,70,1035.0819393048112
80,71,1043.5200051573918
80,72,1053.8181818181818
80,73,1066.2625360214993
80,74,1079.224534141929
80,75,1090.596992464121
80,76,1098.2727272727273
80,77,1100.754622568723
80,78,1098.9858332183828
80,79,1094.5195818043055
80,80,1088.909090909091
80,81,1083.3411327945175
80,82,1077.5366784390858
80,83,1070.8502485004742
80,84,1062.6363636363635
80,85,1052.449028071388
80,86,1040.640180298002
80,87,1027.7612423756148
80,88,1014.3636363636364
80,89,1000.9266753744758
80,90,987.6412367325428
80,91,974.6260888152478
80,92,962.0
80,93,949.9252363397997
80,94,938.7380545900076
80,95,928.8182091815756
81,0,920.5454545454544
81,1,914.15220881178
81,2,909.281544907426
81,3,905.4291994584496
81,4,902.0909090909092
81,5,898.8679170494433
81,6,895.783493053016
81,7,892.9664134391716
81,8,890.5454545454545
81,9,888.663054808628
81,10,887.516301062328
81,11,887.3159422394099
81,12,888.2727272727273
81,13,890.5991818978629
81,14,894.5149390613079
81,15,900.2414085122807
81,16,908.0
81,17,917.998456236284
81,18,930.3898517833496
81,19,945.3135941660132
81,20,962.9090909090908
81,21,983.014947702456
81,22,1004.2665628962036
81,23,1024.998533005486
81,24,1043.5454545454545
81,25,1058.6335143175288
81,26,1070.5552602681994
81,27,1079.994830630225
81,28,1087.6363636363635
81,29,1094.088779118338
81,30,1099.6601233037256
81,31,1104.5832240190691
81,32,1109.090909090909
81,33,1113.1761419363918
81,34,1115.872428335079
81,35,1115.9734096571356
81,36,1112.2727272727273
81,37,1104.1512554088215
81,38,1093.3387997195948
81,39,1082.1523987160251
81,40,1072.909090909091
81,41,1067.2259387010488
81,42,1063.920100059269
81,43,1061.1087568424005
81,44,1056.909090909091
81,45,1049.991864786983
81,46,1041.242163679692
81,47,1032.098653459828
81,48,1024.0
81,49,1017.9699544237468
81,50,1013.3726088583264
81,51,1009.1571406819244
81,52,1004.2727272727273
81,53,997.9976356998473
81,54,990.9264917960936
81,55,983.9830110852027
81,56,978.0909090909092
81,57,973.8704686859556
81,58,970.7282421391166
81,59,967.7673490681738
81,60,964.0909090909092
81,61,959.266228192694
81,62,954.717357829258
81,63,952.33253582392
81,64,954.0
81,65,961.026266270542
81,66,972.3909629074884
81,67,986.4919962725094
81,68,1001.7272727272727
81,69,1016.841774906958
81,70,1031.9687905407882
81,71,1047.588683631497
81,72,1064.1818181818182
81,73,1081.8282250107172
81,74,1099.0066022020862
81,75,1113.7953146560485
81,76,1124.2727272727273
81,77,1129.0768591410815
81,78,1129.0843461054124
81,79,1125.731478198855
81,80,1120.4545454545455
81,81,1114.3984293340466
81,82,1107.5423770126276
81,83,1099.574227093986
81,84,1090.1818181818182
81,85,1079.1973212500054
81,86,1067.030236753168
81,87,1054.23439751611
81,88,1041.3636363636365
81,89,1028.8960924841138
81,90,1017.007130520156
81,91,1005.7964214779385
81,92,995.3636363636364
81,93,985.6955815408124
81,94,976.3276048025724
81,95,966.68218929941
82,0,956.181818181818
82,1,944.5886268071832
82,2,933.023359360464
82,3,922.9464122335128
82,4,915.818181818182
82,5,912.5237748668188
82,6,911.647139573754
82,7,911.1969344938116
82,8,909.181818181818
82,9,904.2878646346325
82,10,897.9108096172483
82,11,892.1238043366949
82,12,889.0
82,13,890.1287438673794
82,14,895.1641674117983
82,15,903.2765981594086
82,16,913.6363636363636
82,17,925.5821030776682
82,18,939.1257025537406
82,19,954.4473598438516
82,20,971.7272727272727
82,21,990.8411392764932
82,22,1010.4466587368762
82,23,1028.8970306470028
82,24,1044.5454545454545
82,25,1056.141407998177
82,26,1064.0194806805737
82,27,1068.91054029541
82,28,1071.5454545454545
82,29,1072.451183276253
82,30,1071.339054904467
82,31,1067.7164899895388
82,32,1061.090909090909
82,33,1051.2626657149935
82,34,1039.203845156104
82,35,1026.1794656555255
82,36,1013.4545454545456
82,37,1001.9640629546822
82,38,991.3228371983896
82,39,980.8156473883575
82,40,969.7272727272727
82,41,957.5430142844602
82,42,944.550260595791
82,43,931.2369220637712
82,44,918.0909090909092
82,45,905.4519480892952
82,46,893.0670295093561
82,47,880.5349598111026
82,48,867.4545454545455
82,49,853.6776024492688
82,50,840.0679850031495
82,51,827.742556873637
82,52,817.8181818181819
82,53,811.1075284772658
82,54,807.2064850235006
82,55,805.4067445125306
82,56,805.0
82,57,805.3894427325773
82,58,806.4242567210295
82,59,808.065124167149
82,60,810.2727272727273
82,61,813.1358369560618
82,62,817.255579001472
82,63,823.3611679097826
82,64,832.1818181818181
82,65,844.2717548977208
82,66,859.4852454549007
82,67,877.5015678300846
82,68,898.0
82,69,920.5456093621458
82,70,944.2466209971076
82,71,968.097049406243
82,72,991.0909090909092
82,73,1012.2631371991504
82,74,1030.81236146576
82,75,1045.9781322722165
82,76,1057.0
82,77,1063.4103645685248
82,78,1065.9130240489435
82,79,1065.5046260503457
82,80,1063.1818181818182
82,81,1059.7715408903875
82,82,1055.421905974829
82,83,1050.1113180718562
82,84,1043.8181818181818
82,85,1036.5730741426526
82,86,1028.6152611426494
82,87,1020.2361812076848
82,88,1011.7272727272727
82,89,1003.288435266274
82,90,994.7534130909374
82,91,985.8644116428594
82,92,976.3636363636364
82,93,966.1226166104336
82,94,955.5301774026924
82,95,945.1044676754232
83,0,935.3636363636364
83,1,926.6969505647191
83,2,918.9781500255664
83,3,911.9520926554484
83,4,905.3636363636364
83,5,899.0356038579616
83,6,893.1026770404968
83,7,887.7775026118746
83,8,883.2727272727273
83,9,879.7444408216156
83,10,877.12250544881
83,11,875.2802264425083
83,12,874.0909090909091
83,13,873.5008374010304
83,14,873.7482102551724
83,15,875.1442052544553
83,16,878.0
83,17,882.5107323015355
83,18,888.4073808032276
83,19,895.3048843578516
83,20,902.818181818182
83,21,910.491744756464
83,22,917.5881756228254
83,23,923.2996095868656
83,24,926.818181818182
83,25,927.543595490791
83,26,925.7058257963791
83,27,921.7424159310503
83,28,916.0909090909092
83,29,909.1591573712814
83,30,901.236248464385
83,31,892.5815789616597
83,32,883.4545454545455
83,33,873.9561386604465
83,34,863.553725800626
83,35,851.5562682223106
83,36,837.2727272727273
83,37,820.4097538960225
83,38,802.2647574240199
83,39,784.5328367854618
83,40,768.9090909090909
83,41,756.673311664554
83,42,747.444062685113
83,43,740.4246005449336
83,44,734.8181818181819
83,45,729.9509767184887
83,46,725.6408100173467
83,47,721.828420125713
83,48,718.4545454545455
83,49,715.4063041887637
83,50,712.3563336091366
83,51,708.9236507703959
83,52,704.7272727272727
83,53,699.602783799184
83,54,694.2520373642884
83,55,689.5934540654306
83,56,686.5454545454545
83,57,685.8615378872278
83,58,687.6355169337096
83,59,691.7962829678821
83,60,698.2727272727273
83,61,706.9752123791774
83,62,717.739985809964
83,63,730.3847663357685
83,64,744.7272727272727
83,65,760.6438625960626
83,66,778.2454489173438
83,67,797.7015835072256
83,68,819.1818181818181
83,69,842.64678041839
83,70,867.2214003388428
83,71,891.8216837262382
83,72,915.3636363636364
83,73,936.835777094014
83,74,955.5166770000112
83,75,970.7574202241846
83,76,981.9090909090908
83,77,988.6038612055544
83,78,991.5982552974758
83,79,991.9298853770226
83,80,990.6363636363636
83,81,988.5612780837672
83,82,985.7721199919037
83,83,982.1423564495428
83,84,977.5454545454544
83,85,971.9265946411942
83,86,965.5178101894552
83,87,958.622847915716
83,88,951.5454545454544
83,89,944.4951274423648
83,90,937.3043665230028
83,91,929.7114223421394
83,92,921.4545454545456
83,93,912.4025546802552
83,94,902.9465419003518
83,95,893.6081672611818
84,0,884.9090909090909
84,1,877.2682333820695
84,2,870.6935567846809
84,3,865.0902836131337
84,4,860.3636363636364
84,5,856.3995117914681
84,6,853.0065036881974
84,7,849.9738801044645
84,8,847.0909090909091
84,9,844.2445149066042
84,10,841.7122466443482
84,11,839.8693096053728
84,12,839.0909090909091
84,13,839.6508376730252
84,14,841.4172370071373
84,15,844.1568360194993
84,16,847.6363636363636
84,17,851.6421912194775
84,18,856.0392598725575
84,19,860.7121531348131
84,20,865.5454545454545
84,21,870.3528406308834
84,22,874.6643598662703
84,23,877.9391537139762
84,24,879.6363636363636
84,25,879.3811053478973
84,26,877.4623915714535
84,27,874.3352092820096
84,28,870.4545454545455
84,29,866.1809766138905
84,30,861.4974374842803
84,31,856.2924523398032
84,32,850.4545454545455
84,33,843.8992495601774
84,34,836.6501312186974
84,35,828.7577654496871
84,36,820.2727272727273
84,37,811.2333887817641
84,38,801.6293103682027
84,39,791.4378494978125
84,40,780.6363636363636
84,41,769.2652066764025
84,42,757.6167182175828
84,43,746.0462342863353
84,44,734.9090909090909
84,45,724.5779436035353
84,46,715.4947258523755
84,47,708.1186906295733
84,48,702.9090909090909
84,49,700.084950727638
84,50,698.9043783729153
84,51,698.3852531953713
84,52,697.5454545454545
84,53,695.7512875768217
84,54,693.7627606559633
84,55,692.6883079525777
84,56,693.6363636363636
84,57,697.3900126014385
84,58,703.430942639595
84,59,710.9154922670449
84,60,719.0
84,61,727.1233211083336
84,62,735.8543778765659
84,63,746.044609342879
84,64,758.5454545454545
84,65,773.9789188743183
84,66,792.0492731268688
84,67,812.2313544523485
84,68,834.0
84,69,856.8374238489391
84,70,880.2553477977771
84,71,903.7728705749992
84,72,926.9090909090908
84,73,949.0733743662896
84,74,969.2361538638412
84,75,986.258129156745
84,76,999.0
84,77,1006.7256127768133
84,78,1010.3114003832226
84,79,1011.0369423434754
84,80,1010.181818181818
84,81,1008.6974699810044
84,82,1006.2227900578146
84,83,1002.0685332875354
84,84,995.5454545454544
84,85,986.245870935533
84,86,974.8883484764292
84,87,962.4730154154742
84,88,950.0
84,89,938.2806940041354
84,90,927.371543309196
84,91,917.1402573232954
84,92,907.4545454545456
84,93,898.2904439570161
84,94,890.0572964686039
84,95,883.2727734731626
85,0,878.4545454545455
85,1,875.8345188041635
85,2,874.50154354366
85,3,873.2587056022355
85,4,870.9090909090909
85,5,866.6626740081479
85,6,861.3569839022105
85,7,856.2364382088043
85,8,852.5454545454545
85,9,851.2477397087
85,10,852.1841572111346
85,11,854.9148597443653
85,12,859.0
85,13,864.1560262479612
85,14,870.7245690714335
85,15,879.203554631916
85,16,890.0909090909091
85,17,903.734689390364
85,18,919.8834755940406
85,19,938.1359785461518
85,20,958.0909090909092
85,21,979.1381707360376
85,22,999.832437643312
85,23,1018.5195766380214
85,24,1033.5454545454545
85,25,1043.665752665487
85,26,1049.2754101963471
85,27,1051.1791808108524
85,28,1050.1818181818182
85,29,1046.9473981474696
85,30,1041.5772852076625
85,31,1034.03216602766
85,32,1024.2727272727273
85,33,1012.4821547446352
85,34,999.7336307911854
85,35,987.3228368966888
85,36,976.5454545454544
85,37,968.3484146921724
85,38,962.2836461730498
85,39,957.5543272946754
85,40,953.3636363636364
85,41,948.9807205775852
85,42,943.9386026984324
85,43,937.8362743791548
85,44,930.2727272727273
85,45,921.0951802702148
85,46,911.1437612150378
85,47,901.5068251887056
85,48,893.2727272727273
85,49,887.1527628870102
85,50,882.3499888050524
85,51,877.6904021387504
85,52,872.0
85,53,864.5295636362899
85,54,856.2290108374797
85,55,848.4730435290203
85,56,842.6363636363636
85,57,839.7375052951022
85,58,839.3703314813927
85,59,840.772537381532
85,60,843.1818181818181
85,61,846.1596197287553
85,62,850.5623905096774
85,63,857.570329672124
85,64,868.3636363636364
85,65,883.632538517149
85,66,902.1073792071718
85,67,922.0285302936082
85,68,941.6363636363636
85,69,959.5971580208308
85,70,976.2808199343636
85,71,992.4831627898056
85,72,1009.0
85,73,1026.2373521268005
85,74,1043.0420683281006
85,75,1057.871204910805
85,76,1069.1818181818182
85,77,1075.851160744695
85,78,1078.4372703895972
85,79,1077.9183812033368
85,80,1075.2727272727273
85,81,1071.2756185307833
85,82,1065.8906682953295
85,83,1058.878565730393
85,84,1050.0
85,85,1039.1344333139891
85,86,1026.636420065448
85,87,1012.979287693273
85,88,998.6363636363636
85,89,984.077273213258
85,90,969.75683326106
85,91,956.1261584965138
85,92,943.6363636363636
85,93,932.628917014796
85,94,923.0067014357664
85,95,914.5629533206716
86,0,907.0909090909092
86,1,900.46245645483
86,2,894.8640882686017
86,3,890.5609486753451
86,4,887.8181818181819
86,5,886.6661435295199
86,6,886.1960363989178
86,7,885.2642747052204
86,8,882.7272727272727
86,9,877.9283671543625
86,10,872.1585843175452
86,11,867.1958729583189
86,12,864.8181818181819
86,13,866.400217398485
86,14,871.7037172399927
86,15,880.0871766433222
86,16,890.9090909090909
86,17,903.6241723426068
86,18,918.0720012679394
86,19,934.1883750138472
86,20,951.9090909090908
86,21,970.914172776542
86,22,989.8605504155228
86,23,1007.14938011947
86,24,1021.181818181818
86,25,1030.6239660966803
86,26,1035.201706160878
86,27,1034.905865871909
86,28,1029.7272727272727
86,29,1019.9791673821912
86,30,1007.2644431227836
86,31,993.5084063928932
86,32,980.6363636363636
86,33,970.1298189200098
86,34,961.6950668025336
86,35,954.5945994656088
86,36,948.0909090909092
86,37,941.754397846861
86,38,936.3871078489008
86,39,933.0989911992176
86,40,933.0
86,41,936.666510147092
86,42,942.5405927109546
86,43,948.5307425557036
86,44,952.5454545454544
86,45,953.0170615647712
86,46,950.4732485800088
86,47,945.9655385779688
86,48,940.5454545454544
86,49,935.001039048368
86,50,929.0664129690114
86,51,922.2122167687849
86,52,913.9090909090908
86,53,904.0199754235746
86,54,893.9770086348564
86,55,885.6046284378008
86,56,880.7272727272727
86,57,880.5625251664252
86,58,883.9005524915636
86,59,888.9246672072845
86,60,893.8181818181819
86,61,897.2739580016355
86,62,900.0230541261618
86,63,903.3060777330618
86,64,908.3636363636364
86,65,916.11152919067
86,66,926.1663219128804
86,67,937.8197718604688
86,68,950.3636363636364
86,69,963.2586184175028
86,70,976.6412036768622
86,71,990.8168234614268
86,72,1006.0909090909092
86,73,1022.4534289575004
86,74,1038.632499743307
86,75,1053.0407752029148
86,76,1064.090909090909
86,77,1070.623688479768
86,78,1073.1924337135451
86,79,1072.7785984541858
86,80,1070.3636363636365
86,81,1066.7350557597902
86,82,1061.9045835843306
86,83,1055.690001434887
86,84,1047.909090909091
86,85,1038.43324757198
86,86,1027.348322858224
86,87,1014.793782169902
86,88,1000.9090909090908
86,89,985.9595107704724
86,90,970.7134886191368
86,91,956.0652676127786
86,92,942.9090909090908
86,93,931.8750161643128
86,94,922.536359028864
86,95,914.2022496517108
87,0,906.181818181818
87,1,898.0319018450044
87,2,890.3001661744973
87,3,883.7819837803781
87,4,879.2727272727273
87,5,877.1990810011243
87,6,876.5129762731459
87,7,875.7976561358671
87,8,873.6363636363636
87,9,869.1376832414077
87,10,863.5115650965558
87,11,858.4933007670628
87,12,855.8181818181819
87,13,856.825470124155
87,14,861.2703087951766
87,15,868.5118112504277
87,16,877.9090909090909
87,17,888.995095352881
87,18,901.9981088136476
87,19,917.3202496857716
87,20,935.3636363636364
87,21,956.1202848279564
87,22,977.9418014047792
87,23,998.769690006485
87,24,1016.5454545454544
87,25,1029.8121176080206
87,26,1039.518776476327
87,27,1047.2160471064697
87,28,1054.4545454545455
87,29,1062.3570970126884
87,30,1070.3353654171858
87,31,1077.3732238403632
87,32,1082.4545454545455
87,33,1084.985346613953
87,34,1086.0602164003842
87,35,1087.1958870775327
87,36,1089.909090909091
87,37,1095.2625960769542
87,38,1102.5033144358222
87,39,1110.4241937585973
87,40,1117.8181818181818
87,41,1123.670234987322
87,42,1127.7333440381449
87,43,1129.9525083426229
87,44,1130.2727272727273
87,45,1128.5692480646676
87,46,1124.4383094115983
87,47,1117.4063978709123
87,48,1107.0
87,49,1093.0144204812802
87,50,1076.3202364972788
87,51,1058.0568433555468
87,52,1039.3636363636365
87,53,1021.1628427374834
87,54,1003.508017326559
87,55,986.2355468887188
87,56,969.181818181818
87,57,952.449265386968
87,58,937.2045123783034
87,59,924.8802304532142
87,60,916.9090909090908
87,61,914.2616866237348
87,62,916.0602967965908
87,63,920.965122207515
87,64,927.6363636363636
87,65,935.0849540271836
87,66,943.7247549807876
87,67,954.3203602621796
87,68,967.6363636363636
87,69,984.1300313584396
87,70,1003.0293196438946
87,71,1023.2548571983112
87,72,1043.7272727272727
87,73,1063.3636705390572
87,74,1081.0670573527248
87,75,1095.7369154900296
87,76,1106.2727272727273
87,77,1111.925229667149
87,78,1113.3501782179342
87,79,1111.5545831142972
87,80,1107.5454545454545
87,81,1102.159842610528
87,82,1095.5549570482665
87,83,1087.7180475073264
87,84,1078.6363636363635
87,85,1068.3615362543756
87,86,1057.202720861727
87,87,1045.533454129124
87,88,1033.7272727272727
87,89,1022.126966917424
87,90,1010.9523413230067
87,91,1000.3924541579956
87,92,990.6363636363636
87,93,981.7541756213828
87,94,973.3401865735174
87,95,964.8697406025298
88,0,955.818181818182
88,1,945.8961033243172
88,2,935.7550942011048
88,3,926.2819925227946
88,4,918.3636363636364
88,5,912.6486269904389
88,6,908.832618440245
88,7,906.373027942656
88,8,904.7272727272727
88,9,903.4923432593816
88,10,902.8235229470064
88,11,903.0156684338548
88,12,904.3636363636364
88,13,907.1547272447624
88,14,911.6460170444576
88,15,918.0870255946515
88,16,926.7272727272727
88,17,937.725395488843
88,18,950.8764997842546
88,19,965.8848087329936
88,20,982.4545454545456
88,21,1000.1397135271392
88,22,1017.8934383639786
88,23,1034.5186258370104
88,24,1048.8181818181818
88,25,1060.0168867662362
88,26,1069.0270194871036
88,27,1077.18273337351
88,28,1085.8181818181818
88,29,1095.707512135188
88,30,1105.3848473239702
88,31,1112.8243043053126
88,32,1116.0
88,33,1113.4542010566477
88,34,1106.0017730351974
88,35,1095.0257312234207
88,36,1081.909090909091
88,37,1067.9600586382207
88,38,1054.187605989786
88,39,1041.525895801004
88,40,1030.909090909091
88,41,1023.0635189359244
88,42,1017.8841666420224
88,43,1015.0581855725642
88,44,1014.2727272727273
88,45,1015.0614337999
88,46,1016.3439092603054
88,47,1016.8862482723764
88,48,1015.4545454545456
88,49,1011.1836435917484
88,50,1004.6833781349368
88,51,996.932332701566
88,52,988.9090909090908
88,53,981.4312645603792
88,54,974.672578199947
88,55,968.6457845577232
88,56,963.3636363636364
88,57,958.8384572576444
88,58,955.0808545198208
88,59,952.1010063402686
88,60,949.9090909090908
88,61,948.552974590862
88,62,948.231276448043
88,63,949.1803037175658
88,64,951.6363636363636
88,65,955.8004966516348
88,66,961.732676051644
88,67,969.457608334922
88,68,979.0
88,69,990.414072893508
88,70,1003.872110254472
88,71,1019.5759106700184
88,72,1037.7272727272727
88,73,1058.0787231379704
88,74,1078.5857011122864
88,75,1096.7543739850043
88,76,1110.090909090909
88,77,1116.830693645519
88,78,1118.1259943872917
88,79,1115.858297935418
88,80,1111.909090909091
88,81,1107.7235022799532
88,82,1103.0012304294569
88,83,1097.0056160915049
88,84,1089.0
88,85,1078.4741608710317
88,86,1065.8236293494274
88,87,1051.6703740622006
88,88,1036.6363636363635
88,89,1021.3457633268296
88,90,1006.4315249001064
88,91,992.5287967506029
88,92,980.2727272727273
88,93,970.064660821651
88,94,961.3707255956014
88,95,953.4232457535692
89,0,945.4545454545456
89,1,936.943888841112
89,2,928.3582999902152
89,3,920.4117429623932
89,4,913.818181818182
89,5,909.0916019957186
89,6,905.9460744435368
89,7,903.8956914877682
89,8,902.4545454545456
89,9,901.2720895396494
89,10,900.5392204174557
89,11,900.5821956319887
89,12,901.7272727272727
89,13,904.30867620932
89,14,908.692498432095
89,15,915.2527987115496
89,16,924.3636363636364
89,17,936.2531488048884
89,18,950.5657858541643
89,19,966.8000754309032
89,20,984.4545454545456
89,21,1002.87759220749
89,22,1020.817085423975
89,23,1036.8707632012
89,24,1049.6363636363635
89,25,1058.0518232742436
89,26,1062.4158724499357
89,27,1063.3674399461142
89,28,1061.5454545454545
89,29,1057.5145465137175
89,30,1051.5421520490104
89,31,1043.821408832525
89,32,1034.5454545454545
89,33,1023.9269224890672
89,34,1012.256428444932
89,35,999.8440838146948
89,36,987.0
89,37,973.992252166378
89,38,960.9207705348978
89,39,947.8434490905144
89,40,934.818181818182
89,41,921.9961142999672
89,42,909.9013985063858
89,43,899.1514380050663
89,44,890.3636363636364
89,45,883.9920406337537
89,46,879.837271803195
89,47,877.5365943437657
89,48,876.7272727272727
89,49,877.0016322559272
89,50,877.7722415535623
89,51,878.4067300744159
89,52,878.2727272727273
89,53,876.9403507970833
89,54,874.7896710734659
89,55,872.4032467222066
89,56,870.3636363636364
89,57,869.1631009193767
89,58,868.9327105162105
89,59,869.7132375822122
89,60,871.5454545454545
89,61,874.584802343592
89,62,879.4453959526007
89,63,886.856018858036
89,64,897.5454545454545
89,65,911.8655874335276
89,66,928.6607056733872
89,67,946.3981983492808
89,68,963.5454545454544
89,69,978.955688831388
89,70,993.0254177174868
89,71,1006.5369831993874
89,72,1020.2727272727273
89,73,1034.618475422738
89,74,1048.3739870930297
89,75,1059.9425052168065
89,76,1067.7272727272727
89,77,1070.637170841296
89,78,1069.6036339103944
89,79,1066.0637345697503
89,80,1061.4545454545455
89,81,1056.8740343938969
89,82,1052.0637499926647
89,83,1046.4261360496462
89,84,1039.3636363636365
89,85,1030.4419756740265
89,86,1019.8800024825822
89,87,1008.0598462316656
89,88,995.3636363636364
89,89,982.1989720009076
89,90,969.0753309860974
89,91,956.5276608418744
89,92,945.0909090909092
89,93,935.1911135950704
89,94,926.8186735730292
89,95,919.8550785826548
90,0,914.181818181818
90,1,909.6232213460828
90,2,905.7749747217864
90,3,902.1756043729604
90,4,898.3636363636364
90,5,893.9736714751435
90,6,889.024609358007
90,7,883.6314243800483
90,8,877.9090909090909
90,9,872.0332291169786
90,10,866.4220423916403
90,11,861.5543799250277
90,12,857.9090909090909
90,13,855.8792075114881
90,14,855.5144938027044
90,15,856.7788968289319
90,16,859.6363636363636
90,17,863.9854522007055
90,18,869.4631642157236
90,19,875.6411123046983
90,20,882.0909090909091
90,21,888.3622223220532
90,22,893.9169402434919
90,23,898.1950062250028
90,24,900.6363636363636
90,25,900.8454880565362
90,26,899.0849839012182
90,27,895.7819877952909
90,28,891.3636363636364
90,29,886.1152004518018
90,30,879.7544877879994
90,31,871.8574403211063
90,32,862.0
90,33,849.9394487726196
90,34,836.158428583148
90,35,821.3209213748298
90,36,806.0909090909091
90,37,791.0574021849926
90,38,776.5095251521354
90,39,762.6614309977563
90,40,749.7272727272727
90,41,737.9616243055924
90,42,727.7807435355825
90,43,719.6413091795994
90,44,714.0
90,45,711.0904187744558
90,46,710.2538643418981
90,47,710.6085595565729
90,48,711.2727272727273
90,49,711.4963028693118
90,50,711.056071824098
90,51,709.8605321395627
90,52,707.8181818181819
90,53,704.9470970210244
90,54,701.7036665435279
90,55,698.653857339722
90,56,696.3636363636364
90,57,695.3133204102271
90,58,695.6406256381542
90,59,697.3976180470044
90,60,700.6363636363636
90,61,705.4913827017036
90,62,712.4270127220369
90,63,721.9900454722608
90,64,734.7272727272727
90,65,750.9725692375036
90,66,770.2081416555163
90,67,791.7032796094073
90,68,814.7272727272727
90,69,838.5814085301001
90,70,862.6949661104434
90,71,886.5292224537461
90,72,909.5454545454544
90,73,931.1208307330048
90,74,950.296084811802
90,75,966.027841939244
90,76,977.2727272727273
90,77,983.3869730833354
90,78,985.3252400968936
90,79,984.4417961529144
90,80,982.0909090909092
90,81,979.3355382972906
90,82,976.0734093460773
90,83,971.910939358189
90,84,966.4545454545456
90,85,959.4583737275028
90,86,951.2674861551612
90,87,942.3746736870572
90,88,933.2727272727273
90,89,924.363637247244
90,90,915.6861914878236
90,91,907.188377257219
90,92,898.8181818181819
90,93,890.558668192612
90,94,882.5332024389983
90,95,874.900226374976
91,0,867.8181818181819
91,1,861.3818036186717
91,2,855.4309987561838
91,3,849.7419672428767
91,4,844.0909090909091
91,5,838.3374127872465
91,6,832.6746207180844
91,7,827.3790637444258
91,8,822.7272727272727
91,9,818.930477050524
91,10,815.9387001896598
91,11,813.6366641430569
91,12,811.9090909090909
91,13,810.6892585561123
91,14,810.1046694323668
91,15,810.3313819560743
91,16,811.5454545454545
91,17,813.8579432704817
91,18,817.1198948081457
91,19,821.1173534871915
91,20,825.6363636363636
91,21,830.3903319983252
91,22,834.802114971414
91,23,838.2219313678869
91,24,840.0
91,25,839.7000469180359
91,26,837.7398271243804
91,27,834.7506028594433
91,28,831.3636363636364
91,29,827.9458439658939
91,30,823.8067583492467
91,31,817.991566285249
91,32,809.5454545454545
91,33,797.9654408547515
91,34,784.5558667513596
91,35,771.072904726834
91,36,759.2727272727273
91,37,750.3131312514641
91,38,742.9584110089501
91,39,735.374485261961
91,40,725.7272727272727
91,41,712.7380000484828
91,42,697.349125576476
91,43,681.0584155889584
91,44,665.3636363636364
91,45,651.5843003727862
91,46,640.326904866964
91,47,632.0196932912963
91,48,627.0909090909091
91,49,625.6747984603725
91,50,626.7296185920312
91,51,628.9196294276745
91,52,630.9090909090909
91,53,631.7420739675425
91,54,631.9818934921836
91,55,632.5716753616421
91,56,634.4545454545455
91,57,638.4364511240033
91,58,644.7746256210526
91,59,653.5891236712117
91,60,665.0
91,61,678.9865533546263
91,62,694.9650585690611
91,63,712.2110344989653
91,64,730.0
91,65,747.848869548401
91,66,766.2401401027033
91,67,785.8977042420179
91,68,807.5454545454545
91,69,831.5696729972246
91,70,857.0061992019437
91,71,882.5532621693269
91,72,906.9090909090908
91,73,928.9022680081544
91,74,947.8827903622496
91,75,963.3310084443106
91,76,974.7272727272727
91,77,981.781482242884
91,78,985.1217302581488
91,79,985.6056585988844
91,80,984.0909090909092
91,81,981.2871439294
91,82,977.3121067869736
91,83,972.1355617056058
91,84,965.7272727272727
91,85,958.0869874940614
91,86,949.3343880485024
91,87,939.6191400332376
91,88,929.0909090909092
91,89,917.9345083670822
91,90,906.4753410190168
91,91,895.0739577068979
91,92,884.0909090909091
91,93,873.8397517648835
91,94,864.4460660572487
91,95,855.9884382300803
92,0,848.5454545454545
92,1,842.1823368461108
92,2,836.9108492974433
92,3,832.7293916455084
92,4,829.6363636363636
92,5,827.5715258506727
92,6,826.240082207524
92,7,825.2885974606136
92,8,824.3636363636364
92,9,823.2616733875625
92,10,822.3788218724603
92,11,822.2611048756735
92,12,823.4545454545455
92,13,826.4201328718055
92,14,831.2787212117256
92,15,838.0661307639649
92,16,846.8181818181819
92,17,857.5549542161257
92,18,870.2335660079099
92,19,884.7953947957393
92,20,901.181818181818
92,21,919.1157320818744
92,22,937.446105665726
92,23,954.8034264167144
92,24,969.818181818182
92,25,981.5133674563782
92,26,990.4820113291872
92,27,997.7096495374028
92,28,1004.181818181818
92,29,1010.6475594562506
92,30,1016.9099399266156
92,31,1022.5355322518548
92,32,1027.090909090909
92,33,1030.2742356277115
92,34,1032.310047146168
92,35,1033.554471455177
92,36,1034.3636363636365
92,37,1034.954361669267
92,38,1034.9862351250758
92,39,1033.9795364728925
92,40,1031.4545454545455
92,41,1026.9637154224936
92,42,1020.1881941717106
92,43,1010.8413031077996
92,44,998.6363636363636
92,45,983.6197539134864
92,46,967.1700790971728
92,47,950.9990010959092
92,48,936.818181818182
92,49,925.8711893781076
92,50,917.5292167123264
92,51,910.6953629631092
92,52,904.2727272727273
92,53,897.3273067559018
92,54,889.5766904171585
92,55,880.9013652334718
92,56,871.1818181818181
92,57,860.5894699619207
92,58,850.4594761644945
92,59,842.4179261030029
92,60,838.0909090909091
92,61,838.6898133964152
92,62,843.7672231066812
92,63,852.461021263607
92,64,863.9090909090909
92,65,877.3700264524188
92,66,892.5852677724168
92,67,909.4169661152972
92,68,927.7272727272727
92,69,947.3812171575464
92,70,968.2553421672884
92,71,990.2290688206588
92,72,1013.181818181818
92,73,1036.7031162810313
92,74,1059.2229090129754
92,75,1078.881247238432
92,76,1093.8181818181818
92,77,1102.7196699910555
92,78,1106.4552945080825
92,79,1106.4405444983406
92,80,1104.090909090909
92,81,1100.5176355729282
92,82,1095.615003863786
92,83,1088.9730520409328
92,84,1080.1818181818182
92,85,1069.040753626322
92,86,1056.1869627640451
92,87,1042.4669632470186
92,88,1028.7272727272727
92,89,1015.6545771945104
92,90,1003.296235989123
92,91,991.539776789174
92,92,980.2727272727273
92,93,969.403437595636
92,94,958.9235478249165
92,95,948.8455205053748
93,0,939.181818181818
93,1,930.0626383320364
93,2,922.0891181657564
93,3,915.9801298256892
93,4,912.4545454545456
93,5,911.8289636216728
93,6,912.8108886029668
93,7,913.7055511009588
93,8,912.818181818182
93,9,909.0831549085448
93,10,903.951418331468
93,11,899.503063497748
93,12,897.8181818181819
93,13,900.4847235623292
93,14,907.1220744347978
93,15,916.857478998959
93,16,928.818181818182
93,17,942.2833485694114
93,18,957.1398293838854
93,19,973.4263955064172
93,20,991.181818181818
93,21,1010.137563978208
93,22,1028.7958807569323
93,23,1045.3517117026456
93,24,1058.0
93,25,1065.4149750632123
93,26,1068.1880112247486
93,27,1067.389769046638
93,28,1064.090909090909
93,29,1059.1883312234884
93,30,1052.8838925258913
93,31,1045.2056893835306
93,32,1036.1818181818182
93,33,1025.9254500428335
93,34,1014.890055035322
93,35,1003.6141779646948
93,36,992.6363636363636
93,37,982.4649822415408
93,38,973.487705514639
93,39,966.0620305758724
93,40,960.5454545454544
93,41,957.0086550819136
93,42,954.375031997032
93,43,951.2811656409076
93,44,946.3636363636364
93,45,938.7560792489876
93,46,929.5803483154144
93,47,920.4553523150436
93,48,913.0
93,49,908.2766870130458
93,50,905.1217565594914
93,51,901.8150387352816
93,52,896.6363636363636
93,53,888.3346158806471
93,54,877.5348981738941
93,55,865.3313677438306
93,56,852.8181818181819
93,57,841.0325767370933
93,58,830.7841052903873
93,59,822.8253993803063
93,60,817.9090909090909
93,61,816.7112135346164
93,62,819.601407937284
93,63,826.872716553128
93,64,838.8181818181819
93,65,855.4535350335323
93,66,875.6852629604767
93,67,898.1425412253647
93,68,921.4545454545456
93,69,944.5129986039816
93,70,967.259812948082
93,71,989.8994480908688
93,72,1012.6363636363636
93,73,1035.3524250959963
93,74,1056.6391216108318
93,75,1074.7653482293422
93,76,1088.0
93,77,1095.1667896483957
93,78,1097.3087006085907
93,79,1096.0235339917626
93,80,1092.909090909091
93,81,1089.2389390376927
93,82,1084.989712318442
93,83,1079.8138112581523
93,84,1073.3636363636365
93,85,1065.3419428371972
93,86,1055.652904663096
93,87,1044.2510505210828
93,88,1031.090909090909
93,89,1016.3378918862458
93,90,1001.0009417564472
93,91,986.2998843847886
93,92,973.4545454545456
93,93,963.397398708729
93,94,955.9115101292972
93,95,950.4925937579438
94,0,946.6363636363636
94,1,943.7756382788384
94,2,941.0916540900012
94,3,937.7027519470724
94,4,932.7272727272727
94,5,925.6435140850084
94,6,917.3696007834264
94,7,909.1836143628584
94,8,902.3636363636364
94,9,897.9272940174912
94,10,895.8503973217483
94,11,895.8483019651311
94,12,897.6363636363636
94,13,901.0194689359352
94,14,906.1606281113984
94,15,913.3123823220716
94,16,922.7272727272727
94,17,934.5672734205856
94,18,948.6320902326574
94,19,964.6308619284006
94,20,982.2727272727273
94,21,1001.0097328362672
94,22,1019.2655564125166
94,23,1035.20678360069
94,24,1047.0
94,25,1053.335556597982
94,26,1054.998865935457
94,27,1053.299105941567
94,28,1049.5454545454545
94,29,1044.811393044532
94,30,1039.227616209292
94,31,1032.689122178497
94,32,1025.090909090909
94,33,1016.3435871329804
94,34,1006.42021468192
94,35,995.3094621626274
94,36,983.0
94,37,969.7205084235462
94,38,956.6597068812092
94,39,945.24632462554
94,40,936.9090909090908
94,41,932.4377314455618
94,42,930.065957793244
94,43,927.3884779715772
94,44,922.0
94,45,912.2572589760246
94,46,899.565098309451
94,47,886.0903884881519
94,48,874.0
94,49,864.9664712867037
94,50,858.6850126053156
94,51,854.3565021667241
94,52,851.1818181818181
94,53,848.4549808771608
94,54,845.8425785420139
94,55,843.1043414813147
94,56,840.0
94,57,836.4565029319263
94,58,833.0696732266287
94,59,830.6025523625623
94,60,829.8181818181819
94,61,831.4036664860432
94,62,835.7423649151077
94,63,843.1416990684363
94,64,853.9090909090909
94,65,868.1475811239001
94,66,885.1426852947587
94,67,903.9755377273292
94,68,923.7272727272727
94,69,943.5926567456293
94,70,963.220984814948
94,71,982.3751841131564
94,72,1000.818181818182
94,73,1018.1920191663106
94,74,1033.6551936272674
94,75,1046.245316729136
94,76,1055.0
94,77,1059.3210847709463
94,78,1060.0673315850736
94,79,1058.461730788482
94,80,1055.7272727272727
94,81,1052.7665394771766
94,82,1049.2004800324396
94,83,1044.3296351169374
94,84,1037.4545454545455
94,85,1028.1354845930748
94,86,1016.9716573760778
94,87,1004.8220014710422
94,88,992.5454545454544
94,89,980.793794877796
94,90,969.390163190521
94,91,957.9505408170764
94,92,946.0909090909092
94,93,933.6026881684676
94,94,920.9790534982018
94,95,908.8886193515624
95,0,898.0
95,1,888.919031993788
95,2,882.00044099849
95,3,877.5361749584926
95,4,875.8181818181819
95,5,876.8433429472894
95,6,879.4282734169287
95,7,882.0945217235582
95,8,883.3636363636364
95,9,882.2374257625088
95,10,879.6387380610679
95,11,876.970681329093
95,12,875.6363636363636
95,13,876.8149085481302
95,14,880.7895016115275
95,15,887.6193438691608
95,16,897.3636363636364
95,17,909.9660082267884
95,18,924.9078009473684
95,19,941.5547841033545
95,20,959.2727272727273
95,21,977.31963809017
95,22,994.5224764171816
95,23,1009.6004401719664
95,24,1021.2727272727273
95,25,1028.586405321623
95,26,1031.9000206566325
95,27,1031.8999892996892
95,28,1029.2727272727273
95,29,1024.5733769869748
95,30,1017.8319864108354
95,31,1008.9473299020052
95,32,997.818181818182
95,33,984.4794617304774
95,34,969.5106700636636
95,35,953.6274524559268
95,36,937.5454545454544
95,37,922.0201397274792
95,38,907.9662424254192
95,39,896.338314819741
95,40,888.0909090909091
95,41,883.6885589050612
95,42,881.6357238710222
95,43,879.9468450832906
95,44,876.6363636363636
95,45,870.3605678340954
95,46,862.3431348177645
95,47,854.4495889380058
95,48,848.5454545454545
95,49,845.9146243040119
95,50,845.514464130647
95,51,845.7207082555947
95,52,844.9090909090909
95,53,841.9525258589475
95,54,837.7126450232844
95,55,833.5482598577968
95,56,830.8181818181819
95,57,830.5721472601977
95,58,832.6235921398528
95,59,836.4768773132179
95,60,841.6363636363636
95,61,847.73757828208
95,62,854.9407136900319
95,63,863.5371286166046
95,64,873.8181818181819
95,65,885.9746987023917
95,66,899.7953712818367
95,67,914.9683582203636
95,68,931.181818181818
95,69,948.161922362899
95,70,965.7868920917113
95,71,983.972961229214
95,72,1002.6363636363636
95,73,1021.406020936922
95,74,1038.7616058058627
95,75,1052.895478680963
95,76,1062.0
95,77,1064.8872893439586
95,78,1062.8485028666553
95,79,1057.7945558651156
95,80,1051.6363636363635
95,81,1045.824651232699
95,82,1039.969382727516
95,83,1033.220331949484
95,84,1024.7272727272727
95,85,1013.9007534525192
95,86,1001.1944207687358
95,87,987.3226958824026
95,88,973.0
95,89,958.8606872299514
95,90,945.2188432884498
95,91,932.3084867936328
95,92,920.3636363636364
95,93,909.549963536767
95,94,899.7597515320103
95,95,890.8169364885209
96,0,882.5454545454545
96,1,874.8300836229803
96,2,867.7989687653272
96,3,861.6410967977379
96,4,856.5454545454545
96,5,852.636804244038
96,6,849.7830097703168
96,7,847.7877104114374
96,8,846.4545454545455
96,9,845.648267582686
96,10,845.4780830624964
96,11,846.114311556513
96,12,847.7272727272727
96,13,850.4533640615821
96,14,854.2932943433342
96,15,859.2138501806916
96,16,865.1818181818181
96,17,872.2044693528034
96,18,880.45101229144
96,19,890.1311399934476
96,20,901.4545454545456
96,21,914.3679630726594
96,22,927.7662928545426
96,23,940.2814762091548
96,24,950.5454545454544
96,25,957.5253829020136
96,26,961.5292708358444
96,27,963.2003415335712
96,28,963.181818181818
96,29,962.0163007738324
96,30,959.8438965293528
96,31,956.7040894747424
96,32,952.6363636363636
96,33,947.6068571844756
96,34,941.2883248649256
96,35,933.2801755674586
96,36,923.181818181818
96,37,910.8020091246292
96,38,896.7868949200355
96,39,881.9919696190605
96,40,867.2727272727273
96,41,853.4052767715528
96,42,840.8481863640237
96,43,829.9806391381188
96,44,821.1818181818181
96,45,814.6947815164324
96,46,810.2180868965977
96,47,807.3141670102824
96,48,805.5454545454545
96,49,804.5030971627181
96,50,803.893102413222
96,51,803.4501928207512
96,52,802.9090909090909
96,53,802.0570343781499
96,54,800.891321632333
96,55,799.4617662521673
96,56,797.8181818181819
96,57,796.1963221428633
96,58,795.5757019665376
96,59,797.1217762614883
96,60,802.0
96,61,810.9872225049411
96,62,823.3058705015167
96,63,837.7897650655156
96,64,853.2727272727273
96,65,868.8050719282808
96,66,884.3030887546679
96,67,899.8995612037211
96,68,915.7272727272727
96,69,931.8493079637542
96,70,948.0499562979934
96,71,964.0438083014178
96,72,979.5454545454544
96,73,994.175537125794
96,74,1007.1789042351768
96,75,1017.706455590608
96,76,1024.909090909091
96,77,1028.2511003512525
96,78,1028.4503358522084
96,79,1026.5380397906963
96,80,1023.5454545454544
96,81,1020.2149478328324
96,82,1016.1333887196264
96,83,1010.5987716102428
96,84,1002.9090909090908
96,85,992.6234833174176
96,86,980.3456547238324
96,87,966.9404533137856
96,88,953.2727272727273
96,89,940.0638461702252
96,90,927.4612651123174
96,91,915.46896058916
96,92,904.0909090909092
96,93,893.3356206380457
96,94,883.2297393723528
96,95,873.804442965938
97,0,865.0909090909091
97,1,857.0979326412281
97,2,849.7447773982716
97,3,842.9283243652702
97,4,836.5454545454545
97,5,830.5283306152236
97,6,824.9502419436517
97,7,819.919759572981
97,8,815.5454545454545
97,9,811.9194267160586
97,10,809.0678911907577
97,11,807.0005918882597
97,12,805.7272727272727
97,13,805.2712352478139
97,14,805.7100114751356
97,15,807.1346910557986
97,16,809.6363636363636
97,17,813.248473201776
97,18,817.7738810905179
97,19,822.9578029794553
97,20,828.5454545454545
97,21,834.2022014905365
97,22,839.2740096173388
97,23,843.0269947536536
97,24,844.7272727272727
97,25,843.8702776542597
97,26,840.8687168037633
97,27,836.3646157332033
97,28,831.0
97,29,825.2598697106064
97,30,819.0011231676083
97,31,811.923633222624
97,32,803.7272727272727
97,33,794.291948048769
97,34,784.2176996167128
97,35,774.2846013763003
97,36,765.2727272727273
97,37,757.6944971852263
97,38,750.9917147291764
97,39,744.3385294539926
97,40,736.9090909090909
97,41,728.1459723012348
97,42,718.5654414665819
97,43,708.9521898986382
97,44,700.0909090909091
97,45,692.6420681552888
97,46,686.7692466772231
97,47,682.5118018605458
97,48,679.9090909090909
97,49,678.9420050776099
97,50,679.3575718245257
97,51,680.8443526591785
97,52,683.0909090909091
97,53,685.8058206251804
97,54,688.7777387519468
97,55,691.8153329572852
97,56,694.7272727272727
97,57,697.5236328762138
97,58,701.0201095313233
97,59,706.233804148044
97,60,714.1818181818181
97,61,725.5442501426918
97,62,739.6531867591234
97,63,755.5037118141753
97,64,772.0909090909091
97,65,788.6246506439282
97,66,805.1739616140011
97,67,822.022655413437
97,68,839.4545454545455
97,69,857.6616927361406
97,70,876.469148603054
97,71,895.6102119866226
97,72,914.818181818182
97,73,933.660396593328
97,74,951.0403530646922
97,75,965.6955875491648
97,76,976.3636363636364
97,77,982.1825163450932
97,78,983.8921664109046
97,79,982.6330059985364
97,80,979.5454545454544
97,81,975.5512993899364
97,82,970.697799473508
97,83,964.8135816385072
97,84,957.7272727272727
97,85,949.362286095162
97,86,940.0211811496098
97,87,930.1013038110711
97,88,920.0
97,89,910.0592153203252
97,90,900.3992941098709
97,91,891.0851803899357
97,92,882.1818181818181
97,93,873.6849435326286
97,94,865.3134605927248
97,95,856.7170655382769
98,0,847.5454545454545
98,1,837.6186241855241
98,2,827.4377726101385
98,3,817.6743983660473
98,4,809.0
98,5,801.9172642707294
98,6,796.2536307849026
98,7,791.6677273611699
98,8,787.8181818181819
98,9,784.4324891861033
98,10,781.5136133411598
98,11,779.1333853710908
98,12,777.3636363636364
98,13,776.2661312575842
98,14,775.862370395913
98,15,776.1637879726491
98,16,777.1818181818181
98,17,778.8950312381049
98,18,781.1505414388247
98,19,783.7625991019503
98,20,786.5454545454545
98,21,789.2773233354502
98,22,791.5922820306064
98,23,793.0883724377322
98,24,793.3636363636364
98,25,792.2215276928218
98,26,790.287148620568
98,27,788.3910134198482
98,28,787.3636363636364
98,29,787.6959408932627
98,30,788.5204871234855
98,31,788.6302443374203
98,32,786.8181818181819
98,33,782.310049643218
98,34,776.0627210673076
98,35,769.4658501395614
98,36,763.9090909090909
98,37,760.3905650793193
98,38,758.3422649709202
98,39,756.804650558879
98,40,754.8181818181819
98,41,751.5935991304137
98,42,747.0227645035578
98,43,741.1678203521955
98,44,734.0909090909091
98,45,725.9637315808435
98,46,717.3962224693946
98,47,709.1078748505211
98,48,701.8181818181819
98,49,696.0699404553031
98,50,691.6991638006823
98,51,688.3651688820838
98,52,685.7272727272727
98,53,683.5647452343076
98,54,682.1366677824221
98,55,681.8220746211437
98,56,683.0
98,57,686.0233513347393
98,58,691.1405287059932
98,59,698.5738053606142
98,60,708.5454545454545
98,61,721.1742357903714
98,62,736.1648537572412
98,63,753.118499390945
98,64,771.6363636363636
98,65,791.349307776502
98,66,812.00687444686
98,67,833.3882766210605
98,68,855.2727272727273
98,69,877.3433058308927
98,70,898.8985575462281
98,71,919.1408941248128
98,72,937.2727272727273
98,73,952.6368438999266
98,74,965.1375317318646
98,75,974.8194536978704
98,76,981.7272727272727
98,77,985.9729549330372
98,78,987.9376791626768
98,79,988.069927447342
98,80,986.818181818182
98,81,984.4571318224702
98,82,980.5662970719732
98,83,974.5514046945804
98,84,965.818181818182
98,85,954.0593132316276
98,86,940.1153143676122
98,87,925.1136583197906
98,88,910.181818181818
98,89,896.2502175237463
98,90,883.4610818212142
98,91,871.7595870262566
98,92,861.0909090909091
98,93,851.4412371279319
98,94,842.9608128929859
98,95,835.8408913024559
99,0,830.2727272727273
99,1,826.2561407827069
99,2,823.0252120613876
99,3,819.6225864002837
99,4,815.0909090909091
99,5,808.8012451957857
99,6,801.4383388614638
99,7,794.0153540055009
99,8,787.5454545454545
99,9,782.8826284341502
99,10,780.2441597654845
99,11,779.6881566686221
99,12,781.2727272727273
99,13,785.0020478857952
99,14,790.6645675311436
99,15,797.9948034109199
99,16,806.7272727272727
99,17,816.6489527499416
99,18,827.7566610190327
99,19,840.0996751422438
99,20,853.7272727272727
99,21,868.4518570235293
99,22,883.1383338472714
99,23,896.4147346564688
99,24,906.9090909090908
99,25,913.6174827923048
99,26,917.0081854100636
99,27,917.917522595518
99,28,917.181818181818
99,29,915.4773595345248
99,30,912.8402881488382
99,31,909.1467090523688
99,32,904.2727272727273
99,33,898.2742154332328
99,34,891.9261165400385
99,35,886.1831411950071
99,36,882.0
99,37,880.0408355507261
99,38,879.8075184182806
99,39,880.5113511676037
99,40,881.3636363636364
99,41,881.7854537274981
99,42,882.0369916050208
99,43,882.5882154982148
99,44,883.9090909090909
99,45,886.2761563574629
99,46,889.192242434363
99,47,891.9667527486268
99,48,893.9090909090909
99,49,894.5502617517409
99,50,894.3076750211636
99,51,893.8203416890952
99,52,893.7272727272727
99,53,894.5298989083003
99,54,896.1793302082555
99,55,898.4890964040828
99,56,901.2727272727273
99,57,904.3997448877844
99,58,907.9636405094508
99,59,912.1138976945736
99,60,917.0
99,61,922.8356101769256
99,62,930.0911077539412
99,63,939.3010514539862
99,64,951.0
99,65,965.432530313604
99,66,981.683292111148
99,67,998.5469533076632
99,68,1014.818181818182
99,69,1029.5578481141126
99,70,1042.891632892376
99,71,1055.2114194062694
99,72,1066.909090909091
99,73,1078.1528385935817
99,74,1088.216085410257
99,75,1096.1485622490766
99,76,1101.0
99,77,1102.0992634206525
99,78,1099.8917527393237
99,79,1095.102002051969
99,80,1088.4545454545455
99,81,1080.532494087446
99,82,1071.3532672688134
99,83,1060.7928613612287
99,84,1048.7272727272727
99,85,1035.1443397750193
99,86,1020.4792690945144
99,87,1005.2791093212982
99,88,990.0909090909092
99,89,975.3659990852046
99,90,961.1728381713104
99,91,947.4841672626702
99,92,934.2727272727273
99,93,921.557857065981
99,94,909.5452873111532
99,95,898.4873466280216
100,0,888.6363636363636
100,1,880.1156408326898
100,2,872.5323762204407
100,3,865.3647416797895
100,4,858.0909090909091
100,5,850.4028750578051
100,6,842.8479350798112
100,7,836.1872093800936
100,8,831.1818181818181
100,9,828.3879157542717
100,10,827.5417925512232
100,11,828.1747730725633
100,12,829.8181818181819
100,13,832.1519960160175
100,14,835.4508038062048
100,15,840.1378460569259
100,16,846.6363636363636
100,17,855.2498388180214
100,18,865.8027194966854
100,19,877.9996949724609
100,20,891.5454545454545
100,21,906.009160075532
100,22,920.4178636615994
100,23,933.6630899623216
100,24,944.6363636363636
100,25,952.4393731525768
100,26,957.0144622205534
100,27,958.5141383600712
100,28,957.0909090909092
100,29,953.0600518596154
100,30,947.3879238198238
100,31,941.2036520519384
100,32,935.6363636363636
100,33,931.6144534998704
100,34,929.2633879546974
100,35,928.507901159448
100,36,929.2727272727273
100,37,931.3386682318107
100,38,933.9107970886596
100,39,936.0502546739058
100,40,936.818181818182
100,41,935.603316754704
100,42,933.1047873270276
100,43,930.3493187812918
100,44,928.3636363636364
100,45,927.8588602039184
100,46,928.283689966867
100,47,928.7712202009272
100,48,928.4545454545456
100,49,926.7169242478028
100,50,923.9422709873228
100,51,920.7646640513632
100,52,917.818181818182
100,53,915.546170077596
100,54,913.6290442656592
100,55,911.5564872299836
100,56,908.818181818182
100,57,905.2915772599946
100,58,902.4051883136768
100,59,901.9752961196116
100,60,905.818181818182
100,61,915.0616686096982
100,62,928.0797479341792
100,63,942.5579532915704
100,64,956.181818181818
100,65,967.2572028466674
100,66,976.5712744950612
100,67,985.5315270777425
100,68,995.5454545454544
100,69,1007.6382131854511
100,70,1021.305608631031
100,71,1035.6611088520042
100,72,1049.8181818181818
100,73,1062.934262593347
100,74,1074.3426546171793
100,75,1083.4206284233303
100,76,1089.5454545454545
100,77,1092.288088713888
100,78,1091.994227445707
100,79,1089.2032524546728
100,80,1084.4545454545455
100,81,1078.1349734601915
100,82,1070.021344690901
100,83,1059.7379526670688
100,84,1046.909090909091
100,85,1031.402131081709
100,86,1014.0567574270528
100,87,995.9557323315968
100,88,978.181818181818
100,89,961.6371840311538
100,90,946.5016256008888
100,91,932.7743452792704
100,92,920.4545454545456
100,93,909.5675987027666
100,94,900.2435583512106
100,95,892.6386479149579
101,0,886.9090909090909
101,1,883.0000916123245
101,2,880.0127773579057
101,3,876.8372562427165
101,4,872.3636363636364
101,5,865.8808984842991
101,6,858.2735140353477
101,7,850.8248271141765
101,8,844.8181818181819
101,9,841.1851212686609
101,10,839.4499846825224
101,11,838.7853103005774
101,12,838.3636363636364
101,13,837.6641278046932
101,14,837.3924563254717
101,15,838.5609203198776
101,16,842.1818181818181
101,17,849.0077993307482
101,18,858.7529172883188
101,19,870.87157660173
101,20,884.8181818181819
101,21,899.9850725995868
101,22,915.516329066708
101,23,930.4939664550204
101,24,944.0
101,25,955.4056034527224
101,26,965.2385846266671
101,27,974.315909850915
101,28,983.4545454545456
101,29,993.1325704077052
101,30,1002.4725142448044
101,31,1010.2580191413196
101,32,1015.2727272727273
101,33,1016.7359899164568
101,34,1015.6099947577508
101,35,1013.2926385838058
101,36,1011.181818181818
101,37,1010.4504585628316
101,38,1011.3715976332828
101,39,1013.9933015234564
101,40,1018.3636363636364
101,41,1024.297403104944
101,42,1030.6763419818446
101,43,1036.1489280496414
101,44,1039.3636363636365
101,45,1039.362769926484
101,46,1036.763943530247
101,47,1032.578599914341
101,48,1027.8181818181818
101,49,1023.23305128003
101,50,1018.529247533531
101,51,1013.1517291111754
101,52,1006.5454545454544
101,53,998.3982067715776
101,54,989.3690663356292
101,55,980.3599381864116
101,56,972.2727272727273
101,57,965.8914511791136
101,58,961.5285780330432
101,59,959.378688597724
101,60,959.6363636363636
101,61,962.3442271483324
101,62,966.9370760776532
101,63,972.6977506045108
101,64,978.9090909090908
101,65,985.0270947730112
101,66,991.2003903836174
101,67,997.7507635296876
101,68,1005.0
101,69,1013.1695528505315
101,70,1022.0795442060588
101,71,1031.4497634585564
101,72,1041.0
101,73,1050.364296097589
101,74,1058.8337055194204
101,75,1065.6135349088142
101,76,1069.909090909091
101,77,1071.1729786682022
101,78,1069.8469973526237
101,79,1066.62024463346
101,80,1062.1818181818182
101,81,1057.002027865965
101,82,1050.676032342813
101,83,1042.5802024664365
101,84,1032.090909090909
101,85,1018.8814098679378
101,86,1003.8125096397608
101,87,988.0419000462488
101,88,972.7272727272727
101,89,958.8018781168296
101,90,946.3012018254173
101,91,935.0362882576602
101,92,924.818181818182
101,93,915.4721572101988
101,94,906.8804103312974
101,95,898.9393673776563
102,0,891.5454545454545
102,1,884.6163112241935
102,2,878.1544295766657
102,3,872.1835149589872
102,4,866.7272727272727
102,5,861.7643024384815
102,6,857.0927804529475
102,7,852.465777331849
102,8,847.6363636363636
102,9,842.5196608400623
102,10,837.6789940660888
102,11,833.8397393499799
102,12,831.7272727272727
102,13,831.9411451103599
102,14,834.5776069190608
102,15,839.607083450049
102,16,847.0
102,17,856.6802473548607
102,18,868.3855782576684
102,19,881.8072109407327
102,20,896.6363636363636
102,21,912.421672288379
102,22,928.1414436866294
102,23,942.6314023324746
102,24,954.7272727272727
102,25,963.5989725825328
102,26,969.7531924503592
102,27,974.030816093006
102,28,977.2727272727273
102,29,980.2122669269448
102,30,983.1526046937524
102,31,986.2893673864106
102,32,989.818181818182
102,33,993.801959709688
102,34,997.7727524109956
102,35,1001.1298961795328
102,36,1003.2727272727273
102,37,1003.8881328706672
102,38,1003.8132038440832
102,39,1004.172581986367
102,40,1006.0909090909092
102,41,1010.2080088076432
102,42,1015.2244322126708
102,43,1019.3559122386356
102,44,1020.818181818182
102,45,1018.3778432623964
102,46,1013.0049763961422
102,47,1006.220530422726
102,48,999.5454545454544
102,49,994.1499363245898
102,50,989.801116748215
102,51,985.9153751613696
102,52,981.9090909090908
102,53,977.4059341665168
102,54,972.858738429179
102,55,968.9276280227058
102,56,966.2727272727273
102,57,965.3229179184324
102,58,965.5821113532508
102,59,966.3229763841708
102,60,966.818181818182
102,61,966.5509737052072
102,62,965.8469070669094
102,63,965.2421141678838
102,64,965.2727272727273
102,65,966.4376758971016
102,66,969.0870785609304
102,67,973.5338510352032
102,68,980.0909090909092
102,69,988.9454817972957
102,70,999.782051416642
102,71,1012.1594135094856
102,72,1025.6363636363635
102,73,1039.6255673682615
102,74,1052.9551703179563
102,75,1064.3071881086728
102,76,1072.3636363636365
102,77,1076.1900328205677
102,78,1076.3859036751694
102,79,1073.9342772376417
102,80,1069.8181818181818
102,81,1064.793278622196
102,82,1058.7057604359118
102,83,1051.1744529407626
102,84,1041.8181818181818
102,85,1030.4266254179213
102,86,1017.4728727630022
102,87,1003.600865544764
102,88,989.4545454545456
102,89,975.602492433392
102,90,962.3118394211708
102,91,949.774357607455
102,92,938.181818181818
102,93,927.6932343939658
102,94,918.3365877341332
102,95,910.1071017526884
103,0,903.0
103,1,896.942751808927
103,2,891.5918096422968
103,3,886.5358717454269
103,4,881.3636363636364
103,5,875.8084856430531
103,6,870.1825373330437
103,7,864.9425930837854
103,8,860.5454545454545
103,9,857.3701806188609
103,10,855.4848592073466
103,11,854.879835464886
103,12,855.5454545454545
103,13,857.4906214269578
103,14,860.7984803830251
103,15,865.5707355112162
103,16,871.9090909090909
103,17,879.8988677642166
103,18,889.5598556241895
103,19,900.8954611266132
103,20,913.9090909090908
103,21,928.45936206163
103,22,943.8257334838532
103,23,959.1428745277858
103,24,973.5454545454544
103,25,986.3744794438084
103,26,997.7963013494896
103,27,1008.183608944062
103,28,1017.9090909090908
103,29,1027.1407315267725
103,30,1035.2276974818262
103,31,1041.3144510596032
103,32,1044.5454545454545
103,33,1044.2827649036471
103,34,1040.7588178141152
103,35,1034.4236436357069
103,36,1025.7272727272727
103,37,1015.2779247677288
103,38,1004.3165767162592
103,39,994.242394852114
103,40,986.4545454545456
103,41,981.903831479983
103,42,979.747602593576
103,43,978.6948451376538
103,44,977.4545454545456
103,45,974.995953857794
103,46,971.3293765458004
103,47,966.7253836881792
103,48,961.4545454545456
103,49,955.8424667252042
103,50,950.4348912232218
103,51,945.8325973823564
103,52,942.6363636363636
103,53,941.0418496959348
103,54,939.6242403794936
103,55,936.5536017823964
103,56,930.0
103,57,918.8764981274198
103,58,905.068147258804
103,59,891.2029954880592
103,60,879.9090909090909
103,61,873.2348282489307
103,62,870.9099887671084
103,63,872.0847003562769
103,64,875.9090909090909
103,65,881.6401547859474
103,66,888.9623522182173
103,67,897.6670099050151
103,68,907.5454545454544
103,69,918.4602344254612
103,70,930.5587841782038
103,71,944.0597600236628
103,72,959.181818181818
103,73,975.815782512208
103,74,992.5411474326032
103,75,1007.6095750003332
103,76,1019.2727272727273
103,77,1026.2524877984342
103,78,1029.1516260913827
103,79,1029.043133156821
103,80,1027.0
103,81,1023.8788117486012
103,82,1019.6705300200476
103,83,1014.1497105541978
103,84,1007.0909090909092
103,85,998.3657879344344
103,86,988.2344356466084
103,87,977.0540473536598
103,88,965.181818181818
103,89,952.9747978772972
103,90,940.7894546662465
103,91,928.9821113947996
103,92,917.9090909090908
103,93,907.8344523745584
103,94,898.6532002338605
103,95,890.1680752489597
104,0,882.1818181818181
104,1,874.5410858062864
104,2,867.2681989437659
104,3,860.4293944275436
104,4,854.0909090909091
104,5,848.3009203093857
104,6,843.03536762744
104,7,838.2521311317745
104,8,833.9090909090909
104,9,829.9952897743523
104,10,826.6244214555645
104,11,823.9413424089945
104,12,822.0909090909091
104,13,821.2349660477507
104,14,821.6033101866658
104,15,823.4427265049748
104,16,827.0
104,17,832.3148460346445
104,18,838.5987014341367
104,19,844.8559333892885
104,20,850.0909090909091
104,21,853.5198543591265
104,22,855.2064295313324
104,23,855.426153574236
104,24,854.4545454545455
104,25,852.470793347032
104,26,849.2687622587152
104,27,844.5459864046774
104,28,838.0
104,29,829.5387336163822
104,30,819.9117032519887
104,31,810.0788212616008
104,32,801.0
104,33,793.4708630965301
104,34,787.6298792787846
104,35,783.4512285489196
104,36,780.9090909090909
104,37,779.8207117247701
104,38,779.3755978146907
104,39,778.6063213609025
104,40,776.5454545454545
104,41,772.486346822572
104,42,766.76545673518
104,43,759.9800200983801
104,44,752.7272727272727
104,45,745.6216850758516
104,46,739.3466661536802
104,47,734.6028596092141
104,48,732.0909090909091
104,49,732.1831628740215
104,50,733.9387877410084
104,51,736.0886551011275
104,52,737.3636363636364
104,53,736.8402657007897
104,54,734.9777283368315
104,55,732.5808722590032
104,56,730.4545454545455
104,57,729.3492402319106
104,58,729.7980261843924
104,59,732.2796172264963
104,60,737.2727272727273
104,61,745.073852917023
104,62,755.2506214710531
104,63,767.1884429259204
104,64,780.2727272727273
104,65,794.0414276454522
104,66,808.6426697495768
104,67,824.3771224334586
104,68,841.5454545454545
104,69,860.2476524102586
104,70,879.7809722579117
104,71,899.2419877947905
104,72,917.7272727272727
104,73,934.4296104407856
104,74,948.926623036958
104,75,960.8921422964694
104,76,970.0
104,77,976.0395876447812
104,78,979.262535594256
104,79,980.0360339284216
104,80,978.7272727272727
104,81,975.6719821619084
104,82,971.0800527678352
104,83,965.1299151716628
104,84,958.0
104,85,949.88043825304
104,86,941.0081624253112
104,87,931.6318053849274
104,88,922.0
104,89,912.2920602804774
104,90,902.4100248036464
104,91,892.1866132886283
104,92,881.4545454545455
104,93,870.1771728977778
104,94,858.84037472374
104,95,848.0606619151047
105,0,838.4545454545455
105,1,830.4736799465932
105,2,823.910294483212
105,3,818.3917617782249
105,4,813.5454545454545
105,5,809.0474254976681
105,6,804.7684473434118
105,7,800.627972790177
105,8,796.5454545454545
105,9,792.4914476081896
105,10,788.6409161431409
105,11,785.2199266065219
105,12,782.4545454545455
105,13,780.5379204332107
105,14,779.5315244476612
105,15,779.4639116928265
105,16,780.3636363636364
105,17,782.1963592953311
105,18,784.676167884396
105,19,787.4542561676263
105,20,790.1818181818181
105,21,792.5019264763733
105,22,794.0251676511183
105,23,794.3540068184859
105,24,793.0909090909091
105,25,790.0019007082664
105,26,785.5072524202213
105,27,780.1907961038839
105,28,774.6363636363636
105,29,769.3086525087431
105,30,764.1958226679964
105,31,759.1668996750693
105,32,754.0909090909091
105,33,748.9694551658519
105,34,744.3344569077937
105,35,740.8504120140203
105,36,739.1818181818181
105,37,739.7538677369405
105,38,742.0345315190111
105,39,745.2524749961217
105,40,748.6363636363636
105,41,751.4951875227497
105,42,753.4592351979795
105,43,754.2391198196743
105,44,753.5454545454545
105,45,751.2753253538784
105,46,748.071709507252
105,47,744.7640570888176
105,48,742.1818181818181
105,49,740.9645906071905
105,50,740.9925631366488
105,51,741.9560722796007
105,52,743.5454545454545
105,53,745.3833576719045
105,54,746.8216743097892
105,55,747.1446083382342
105,56,745.6363636363636
105,57,741.9934559779186
105,58,737.5616487151029
105,59,734.0990170947356
105,60,733.3636363636364
105,61,736.7351479618753
105,62,744.0794581025264
105,63,754.8840391919143
105,64,768.6363636363636
105,65,784.7946453563981
105,66,802.7000643293369
105,67,821.664542046698
105,68,841.0
105,69,860.1303047034417
105,70,878.9271027619445
105,71,897.3739858031116
105,72,915.4545454545456
105,73,932.9923744661996
105,74,949.1710700774308
105,75,963.0142306499469
105,76,973.5454545454544
105,77,980.0607087953962
105,78,982.9454351101502
105,79,982.8574438698288
105,80,980.4545454545456
105,81,976.3130858067608
105,82,970.6835531183318
105,83,963.7349711434643
105,84,955.6363636363636
105,85,946.5619479775604
105,86,936.706716052886
105,87,926.2708533744952
105,88,915.4545454545456
105,89,904.4519063739066
105,90,893.4327644883069
105,91,882.5608767221906
105,92,872.0
105,93,861.9201992540868
105,94,852.516771448432
105,95,843.9913215549249
106,0,836.5454545454545
106,1,830.3019557006556
106,2,825.0683315361468
106,3,820.5732688762918
106,4,816.5454545454545
106,5,812.7555006705628
106,6,809.1417205887988
106,7,805.6843529399081
106,8,802.3636363636364
106,9,799.2527461625473
106,10,796.7966042904761
106,11,795.533069364076
106,12,796.0
106,13,798.6383442247023
106,14,803.501407703842
106,15,810.5455855128785
106,16,819.7272727272727
106,17,830.9609223931892
106,18,843.9932194396108
106,19,858.5289067662277
106,20,874.2727272727273
106,21,890.8418298389054
106,22,907.5029872649868
106,23,923.4353783313016
106,24,937.818181818182
106,25,950.0510196148252
106,26,960.415286045897
106,27,969.4128185449296
106,28,977.5454545454544
106,29,985.2282394290664
106,30,992.5290503696074
106,31,999.4289724889808
106,32,1005.9090909090908
106,33,1011.8925567598174
106,34,1017.0707852029462
106,35,1021.077257408238
106,36,1023.5454545454544
106,37,1024.279658531663
106,38,1023.7673542731536
106,39,1022.6668274235216
106,40,1021.6363636363636
106,41,1021.1706272953488
106,42,1021.1097977044404
106,43,1021.1304328976752
106,44,1020.9090909090908
106,45,1020.1528891051244
106,46,1018.6911821818132
106,47,1016.3838841675956
106,48,1013.0909090909092
106,49,1008.5715094659724
106,50,1002.182291750125
106,51,993.1792008864882
106,52,980.818181818182
106,53,964.8266980309868
106,54,946.8182871813228
106,55,928.8780054682702
106,56,913.0909090909092
106,57,901.0691415918992
106,58,892.5331958882198
106,59,886.7306522404306
106,60,882.9090909090909
106,61,880.5103719650531
106,62,879.7534747203434
106,63,881.05165829728
106,64,884.8181818181819
106,65,891.3282910024332
106,66,900.3051779576792
106,67,911.3340213886314
106,68,924.0
106,69,937.9179412979414
106,70,952.821267994394
106,71,968.4730516027402
106,72,984.6363636363636
106,73,1000.900511987619
106,74,1016.1597500647456
106,75,1029.1345676549538
106,76,1038.5454545454545
106,77,1043.4942152970373
106,78,1044.607913564806
106,79,1042.8949277774448
106,80,1039.3636363636365
106,81,1034.808706369687
106,82,1029.1699593123935
106,83,1022.173505326176
106,84,1013.5454545454544
106,85,1003.1331751333064
106,86,991.269067367438
106,87,978.4067895542148
106,88,965.0
106,89,951.5222294607242
106,90,938.5264984905804
106,91,926.5857000933285
106,92,916.2727272727273
106,93,907.9554638419794
106,94,901.1817568520582
106,95,895.2944441633807
107,0,889.6363636363636
107,1,883.6900060804498
107,2,877.4964741011873
107,3,871.2365232531487
107,4,865.0909090909091
107,5,859.146727745312
107,6,853.1164376522846
107,7,846.6188378240239
107,8,839.2727272727273
107,9,831.0043329383018
107,10,822.9695934714929
107,11,816.6318754507557
107,12,813.4545454545455
107,13,814.4936109560261
107,14,819.1756430071982
107,15,826.5198535547712
107,16,835.5454545454545
107,17,845.4658255103208
107,18,856.2710163178958
107,19,868.1452444210682
107,20,881.2727272727273
107,21,895.657291548145
107,22,910.5812008121276
107,23,925.1463278518644
107,24,938.4545454545456
107,25,949.863815115281
107,26,959.7564531608672
107,27,968.7708646260191
107,28,977.5454545454544
107,29,986.3348911725489
107,30,993.8588956353142
107,31,998.4534522804224
107,32,998.4545454545456
107,33,992.8534383763424
107,34,983.2625097524226
107,35,971.9494171613824
107,36,961.181818181818
107,37,952.7513553220816
107,38,946.5456108095418
107,39,941.976151801322
107,40,938.4545454545456
107,41,935.4792085171488
107,42,932.8959561003196
107,43,930.6374529060575
107,44,928.6363636363636
107,45,926.9170378820498
107,46,925.87056478918
107,47,925.9797183926288
107,48,927.7272727272727
107,49,931.2574695001058
107,50,935.3604211065976
107,51,938.4877076143358
107,52,939.0909090909092
107,53,936.016152299345
107,54,929.6877507844302
107,55,920.9245647863912
107,56,910.5454545454544
107,57,899.4307622116052
107,58,888.7067575738635
107,59,879.5611923310083
107,60,873.1818181818181
107,61,870.5534124905976
107,62,871.848855283752
107,63,877.0380522532123
107,64,886.0909090909091
107,65,898.7050196441862
107,66,913.4887303820376
107,67,928.7780759288704
107,68,942.9090909090908
107,69,954.728781659931
107,70,965.1280413699166
107,71,975.5087349403984
107,72,987.2727272727273
107,73,1001.2662173524542
107,74,1016.1127405019328
107,75,1029.8801661277178
107,76,1040.6363636363635
107,77,1046.925098930253
107,78,1049.19372389508
107,79,1048.365486912367
107,80,1045.3636363636365
107,81,1040.9410573810796
107,82,1035.169182099566
107,83,1027.9490794046326
107,84,1019.181818181818
107,85,1008.8447624545192
107,86,997.2204567975664
107,87,984.6677409236482
107,88,971.5454545454544
107,89,958.1969382553888
107,90,944.9035361647148
107,91,931.9310932644104
107,92,919.5454545454544
107,93,907.9725981602888
107,94,897.2790349072106
107,95,887.4914087459819
108,0,878.6363636363636
108,1,870.7578395580017
108,2,863.9689605700787
108,3,858.4001467516617
108,4,854.1818181818181
108,5,851.318486789523
108,6,849.3110319033837
108,7,847.5344247019165
108,8,845.3636363636364
108,9,842.4113951020882
108,10,839.2414572709316
108,11,836.6553362588546
108,12,835.4545454545455
108,13,836.3313873475786
108,14,839.5413208310715
108,15,845.2305938990291
108,16,853.5454545454545
108,17,864.494589598507
108,18,877.5364412229635
108,19,891.9918904177565
108,20,907.181818181818
108,21,922.4161065311216
108,22,936.9606415498018
108,23,950.0703103390358
108,24,961.0
108,25,969.2202456406442
108,26,975.0641743960113
108,27,979.0805614079184
108,28,981.818181818182
108,29,983.5381381790291
108,30,983.3508426843345
108,31,980.0790349383813
108,32,972.5454545454544
108,33,960.1541902796016
108,34,944.634727593924
108,35,928.297901111284
108,36,913.4545454545456
108,37,901.8664075207444
108,38,893.0988833036058
108,39,886.1682810710284
108,40,880.0909090909091
108,41,874.1188160010571
108,42,868.447011918925
108,43,863.5062473318759
108,44,859.7272727272727
108,45,857.4040671113903
108,46,856.2835235661481
108,47,855.9757636923773
108,48,856.0909090909091
108,49,856.3274155533818
108,50,856.7370756346642
108,51,857.4600160804326
108,52,858.6363636363636
108,53,860.2294524932645
108,54,861.4954466224681
108,55,861.5137174404371
108,56,859.3636363636364
108,57,854.5828994735601
108,58,848.5425015118275
108,59,843.0717618850907
108,60,840.0
108,61,840.730142794314
108,62,844.9595473302211
108,63,851.9591782010178
108,64,861.0
108,65,871.4638588946385
108,66,883.1761273491054
108,67,896.0730594017466
108,68,910.0909090909092
108,69,925.1161261725862
108,70,940.8359432733578
108,71,956.8877887374504
108,72,972.9090909090908
108,73,988.4736250513804
108,74,1002.9005541029186
108,75,1015.4453879211792
108,76,1025.3636363636365
108,77,1032.088805440074
108,78,1035.7663857695138
108,79,1036.7198641232876
108,80,1035.2727272727273
108,81,1031.6981418246876
108,82,1026.0679937281172
108,83,1018.403848767488
108,84,1008.7272727272727
108,85,997.144195442994
108,86,984.0980029543814
108,87,970.1164453522144
108,88,955.7272727272727
108,89,941.4225195851536
108,90,927.5513580907208
108,91,914.4272448236547
108,92,902.3636363636364
108,93,891.6358966709363
108,94,882.3670192281897
108,95,874.6419048986207
109,0,868.5454545454545
109,1,864.0679846401908
109,2,860.8214740874296
109,3,858.3233174000441
109,4,856.0909090909091
109,5,853.7654602228449
109,6,851.483448058456
109,7,849.5051664102939
109,8,848.0909090909091
109,9,847.4142085593387
109,10,847.3015518605639
109,11,847.492664686053
109,12,847.7272727272727
109,13,847.9555464488917
109,14,848.9694354083789
109,15,851.771333936404
109,16,857.3636363636364
109,17,866.4155942814582
109,18,878.2638883241017
109,19,891.9120563865131
109,20,906.3636363636364
109,21,920.6704286980028
109,22,934.077284022486
109,23,945.877315517544
109,24,955.3636363636364
109,25,962.0063841083488
109,26,965.9837937677736
109,27,967.6511247251296
109,28,967.3636363636364
109,29,965.4347166867844
109,30,962.0102681791482
109,31,957.1943219455744
109,32,951.0909090909092
109,33,943.9280445990596
109,34,936.4296789701796
109,35,929.443746583482
109,36,923.818181818182
109,37,920.1798094624312
109,38,918.2710159401348
109,39,917.613078084134
109,40,917.7272727272727
109,41,918.186524369397
109,42,918.7703481783732
109,43,919.309906989072
109,44,919.6363636363636
109,45,919.6607407872536
109,46,919.6135004372824
109,47,919.8049644141242
109,48,920.5454545454544
109,49,922.0568761179528
109,50,924.2074682543172
109,51,926.77705353625
109,52,929.5454545454544
109,53,932.3035161045716
109,54,934.886171999995
109,55,937.1393782590576
109,56,938.9090909090908
109,57,940.1452526455791
109,58,941.2137528366114
109,59,942.584467518429
109,60,944.7272727272727
109,61,947.933655131294
109,62,951.7815439262864
109,63,955.6704789399536
109,64,959.0
109,65,961.449672283791
109,66,963.8191623673353
109,67,967.1881621763029
109,68,972.6363636363636
109,69,980.9366898244516
109,70,991.6349884225548
109,71,1003.970338263926
109,72,1017.181818181818
109,73,1030.455557054767
109,74,1042.765883942446
109,75,1053.0341779498103
109,76,1060.1818181818182
109,77,1063.4442069564802
109,78,1063.3128394440266
109,79,1060.5932340277416
109,80,1056.090909090909
109,81,1050.4139219374931
109,82,1043.3804855541755
109,83,1034.6113518483148
109,84,1023.7272727272727
109,85,1010.5790825662732
109,86,995.9379456119992
109,87,980.8051085789982
109,88,966.181818181818
109,89,952.7953159792324
109,90,940.2768229069192
109,91,927.9835547447829
109,92,915.2727272727273
109,93,901.7566989713428
109,94,888.068399123961
109,95,875.0958997145989
110,0,863.7272727272727
110,1,854.578456317214
110,2,847.1768533245094
110,3,840.7777327604591
110,4,834.6363636363636
110,5,828.2590212143463
110,6,822.15600575982
110,7,817.0886237890197
110,8,813.8181818181819
110,9,812.8769360981282
110,10,813.8809418180299
110,11,816.2172039016436
110,12,819.2727272727273
110,13,822.6167571204131
110,14,826.5474996953337
110,15,831.5454015134964
110,16,838.0909090909091
110,17,846.5111490565828
110,18,856.5199684915443
110,19,867.6778945898249
110,20,879.5454545454545
110,21,891.661089835074
110,22,903.4748990657616
110,23,914.4148951272044
110,24,923.9090909090908
110,25,931.4780143303942
110,26,937.0122534272288
110,27,940.4949112649946
110,28,941.9090909090908
110,29,941.310375570622
110,30,939.0442690435054
110,31,935.5287552673636
110,32,931.181818181818
110,33,926.4892902053
110,34,922.2083976714767
110,35,919.164215392824
110,36,918.181818181818
110,37,919.8617249718136
110,38,923.906231179678
110,39,929.7930763431582
110,40,937.0
110,41,944.9288667256274
110,42,952.678041246174
110,43,959.270013325452
110,44,963.7272727272727
110,45,965.4924103984046
110,46,965.688422017444
110,47,965.8584044459428
110,48,967.5454545454544
110,49,971.8003553171174
110,50,977.7046343204142
110,51,983.8475052544128
110,52,988.818181818182
110,53,991.621509242216
110,54,992.9248588827176
110,55,993.8112336273148
110,56,995.3636363636364
110,57,998.4508236231092
110,58,1003.084566512352
110,59,1009.0623897817826
110,60,1016.181818181818
110,61,1024.1632644471656
110,62,1032.4186932496918
110,63,1040.282957245554
110,64,1047.090909090909
110,65,1052.447254951865
110,66,1057.0361150343344
110,67,1061.8114630541825
110,68,1067.7272727272727
110,69,1075.4468634726472
110,70,1084.4709375220605
110,71,1094.0095428104432
110,72,1103.2727272727273
110,73,1111.5309161575456
110,74,1118.2960439683332
110,75,1123.140422522227
110,76,1125.6363636363635
110,77,1125.5075968971707
110,78,1123.0835229682436
110,79,1118.844960282467
110,80,1113.2727272727273
110,81,1106.7156848901343
110,82,1098.9948641586925
110,83,1089.799338620632
110,84,1078.8181818181818
110,85,1065.898129451384
110,86,1051.5165658515318
110,87,1036.308537507732
110,88,1020.9090909090908
110,89,1005.7940700316028
110,90,990.8025087988163
110,91,975.6142386211671
110,92,959.9090909090908
110,93,943.5761586040218
110,94,927.3415807713842
110,95,912.1407580075996
111,0,898.9090909090909
111,1,888.3316932795823
111,2,880.0925317520101
111,3,873.6252861666154
111,4,868.3636363636364
111,5,863.8101364594677
111,6,859.7428376751196
111,7,856.0086655077574
111,8,852.4545454545455
111,9,848.9291813370927
111,10,845.2883902747836
111,11,841.3897677114462
111,12,837.0909090909091
111,13,832.3893313739795
111,14,827.8422375893825
111,15,824.1467522828215
111,16,822.0
111,17,821.8345158942615
111,18,823.0244775495048
111,19,824.6794731572683
111,20,825.9090909090909
111,21,826.0609573217021
111,22,825.4348522125983
111,23,824.5685937244684
111,24,824.0
111,25,824.2568820916582
111,26,825.827022691011
111,27,829.188197399404
111,28,834.8181818181819
111,29,842.7396393116662
111,30,851.1547842960848
111,31,857.8107189506431
111,32,860.4545454545455
111,33,857.6652424798596
111,34,851.349294670104
111,35,844.2450631616604
111,36,839.0909090909091
111,37,837.9530839507137
111,38,840.2094006598621
111,39,844.5655624936251
111,40,849.7272727272727
111,41,854.5408876263768
111,42,858.4153754177194
111,43,860.9003573183837
111,44,861.5454545454545
111,45,860.1944450892335
111,46,857.8677340328973
111,47,855.8798832328393
111,48,855.5454545454545
111,49,857.8290592894159
111,50,862.2955066325106
111,51,868.1596552048043
111,52,874.6363636363636
111,53,881.0901700258302
111,54,887.484330346152
111,55,893.9317800388525
111,56,900.5454545454545
111,57,907.3827037890808
111,58,914.2785356192454
111,59,921.01237236706
111,60,927.3636363636364
111,61,933.305151181482
111,62,939.5833453586848
111,63,947.1380486747267
111,64,956.9090909090908
111,65,969.4506687577178
111,66,983.7744465823796
111,67,998.506455661306
111,68,1012.2727272727273
111,69,1024.0441624240104
111,70,1034.17114103907
111,71,1043.3489127709586
111,72,1052.2727272727273
111,73,1061.3456929098772
111,74,1069.8023528977037
111,75,1076.585109163951
111,76,1080.6363636363635
111,77,1081.181020481935
111,78,1078.57399282466
111,79,1073.452696027782
111,80,1066.4545454545455
111,81,1058.1532365260182
111,82,1048.867584894565
111,83,1038.8526862703748
111,84,1028.3636363636365
111,85,1017.565408413992
111,86,1006.2624857788984
111,87,994.1692293452642
111,88,981.0
111,89,966.6277434543772
111,90,951.5597447171152
111,91,936.4618736212956
111,92,922.0
111,93,908.7048677684992
111,94,896.5667171708229
111,95,885.4406625331895
112,0,875.1818181818181
112,1,865.6735241079891
112,2,856.9120229632292
112,3,848.9217830641276
112,4,841.7272727272727
112,5,835.3254676177265
112,6,829.6033727944422
112,7,824.4205006648458
112,8,819.6363636363636
112,9,815.1098326938322
112,10,810.6972131317297
112,11,806.2541688219443
112,12,801.6363636363636
112,13,796.8048038796716
112,14,792.1418655877301
112,15,788.1352672291963
112,16,785.2727272727273
112,17,783.8470881511178
112,18,783.3716881537134
112,19,783.1649895339979
112,20,782.5454545454545
112,21,780.9758776067665
112,22,778.496381797416
112,23,775.2914223620846
112,24,771.5454545454545
112,25,767.4752536945434
112,26,763.4268755657137
112,27,759.7786960176633
112,28,756.9090909090909
112,29,755.0350394332414
112,30,753.7279341215476
112,31,752.3977708399892
112,32,750.4545454545455
112,33,747.6118612997637
112,34,744.7977515844595
112,35,743.2438569860168
112,36,744.1818181818181
112,37,748.457856276795
112,38,755.3765140860684
112,39,763.8569148523078
112,40,772.8181818181819
112,41,781.295349956693
112,42,788.7871011621756
112,43,794.9080290592977
112,44,799.2727272727273
112,45,801.734323441888
112,46,803.100081265229
112,47,804.4157984559555
112,48,806.7272727272727
112,49,810.7559926393916
112,50,815.926210140545
112,51,821.3378680259713
112,52,826.0909090909091
112,53,829.545683273273
112,54,832.1041690816822
112,55,834.4287521674323
112,56,837.1818181818181
112,57,840.8567288129706
112,58,845.2707498963617
112,59,850.0721233042995
112,60,854.9090909090909
112,61,859.7063787475716
112,62,865.494649514688
112,63,873.5810500699152
112,64,885.2727272727273
112,65,901.3333811967432
112,66,920.3529247721584
112,67,940.3778241433128
112,68,959.4545454545456
112,69,976.0694714654554
112,70,990.468651396678
112,71,1003.3380510841066
112,72,1015.3636363636364
112,73,1026.9966874868894
112,74,1037.7497423684028
112,75,1046.900653338442
112,76,1053.7272727272727
112,77,1057.6625285869873
112,78,1058.7596518569835
112,79,1057.226949198489
112,80,1053.2727272727273
112,81,1047.162857256072
112,82,1039.3934683854804
112,83,1030.518254413058
112,84,1021.0909090909092
112,85,1011.5155878432714
112,86,1001.5982927829132
112,87,990.9954876947344
112,88,979.3636363636364
112,89,966.51626864357
112,90,952.895178664686
112,91,939.0992266261866
112,92,925.7272727272727
112,93,913.2616671279036
112,94,901.7187198310698
112,95,890.9982308005193
113,0,881.0
113,1,871.6629151175428
113,2,863.0822147383075
113,3,855.3922251717366
113,4,848.7272727272727
113,5,843.1932064928346
113,6,838.7819666702458
113,7,835.4570162398069
113,8,833.1818181818181
113,9,831.8270430020283
113,10,830.892191307982
113,11,829.7839712326721
113,12,827.9090909090909
113,13,825.0639624081424
113,14,822.6038135523712
113,15,822.2735761022327
113,16,825.8181818181819
113,17,834.4156869108564
113,18,846.9766453916236
113,19,861.8447357220338
113,20,877.3636363636364
113,21,892.1426081302506
113,22,905.8532412447704
113,23,918.4327082823598
113,24,929.818181818182
113,25,939.9954146590508
113,26,949.1444805383846
113,27,957.4940334212538
113,28,965.2727272727273
113,29,972.656983233547
113,30,979.6142911471444
113,31,986.0599080326244
113,32,991.9090909090908
113,33,997.040004679489
113,34,1001.182445782128
113,35,1004.0291185391576
113,36,1005.2727272727273
113,37,1004.8449298666782
113,38,1003.633198451616
113,39,1002.7639587198364
113,40,1003.3636363636364
113,41,1005.9836849447064
113,42,1008.8756695023168
113,43,1009.7161829451323
113,44,1006.181818181818
113,45,996.7444780817692
113,46,983.0573053572988
113,47,967.568752681452
113,48,952.7272727272727
113,49,940.4872663645818
113,50,930.8269272503062
113,51,923.2303972381504
113,52,917.181818181818
113,53,912.2794678235404
113,54,908.5781674596578
113,55,906.2468742750368
113,56,905.4545454545456
113,57,906.2812259776198
113,58,908.4513120019722
113,59,911.600287479884
113,60,915.3636363636364
113,61,919.578582811435
113,62,924.8893118051808
113,63,932.1417485327004
113,64,942.181818181818
113,65,955.44847686755
113,66,970.7528044136676
113,67,986.4989115711332
113,68,1001.0909090909092
113,69,1013.3931347183666
113,70,1024.110834176513
113,71,1034.4094801827669
113,72,1045.4545454545455
113,73,1057.940631986258
113,74,1070.6788588802804
113,75,1082.009474515981
113,76,1090.2727272727273
113,77,1094.2179168820564
113,78,1094.2305484841831
113,79,1091.1051785714908
113,80,1085.6363636363635
113,81,1078.5073027582432
113,82,1069.955765364805
113,83,1060.1081634707823
113,84,1049.090909090909
113,85,1037.039803903152
113,86,1024.1282082384146
113,87,1010.5388720908334
113,88,996.4545454545456
113,89,982.0366066291482
113,90,967.360947136082
113,91,952.4820868022476
113,92,937.4545454545456
113,93,922.4188832166182
113,94,907.8598213990748
113,95,894.3481216092671
114,0,882.4545454545455
114,1,872.6060423225607
114,2,864.6543127221634
114,3,858.307244942502
114,4,853.2727272727273
114,5,849.2435952204113
114,6,845.8524731668178
114,7,842.7169327116335
114,8,839.4545454545455
114,9,835.8727017957942
114,10,832.5380673378387
114,11,830.2071264836909
114,12,829.6363636363636
114,13,831.4005407782296
114,14,835.3475302091003
114,15,841.1434818081484
114,16,848.4545454545455
114,17,856.9995669094696
114,18,866.7081754621236
114,19,877.5626962837156
114,20,889.5454545454545
114,21,902.511702947528
114,22,915.8084043060412
114,23,928.6554489660792
114,24,940.2727272727273
114,25,950.0303258458732
114,26,957.8991164046208
114,27,964.0001669428756
114,28,968.4545454545456
114,29,971.4451186689788
114,30,973.4019482572944
114,31,974.8168946260538
114,32,976.181818181818
114,33,977.9306767509388
114,34,980.2658178389288
114,35,983.3316863710904
114,36,987.2727272727273
114,37,991.982742509084
114,38,996.3529622051724
114,39,999.0239735259476
114,40,998.6363636363636
114,41,994.3215918490896
114,42,987.1746060676544
114,43,978.781226343301
114,44,970.7272727272727
114,45,964.2308900945574
114,46,959.0395226151194
114,47,954.5329392826668
114,48,950.0909090909092
114,49,945.2463250454078
114,50,940.144576199141
114,51,935.08417561694
114,52,930.3636363636364
114,53,926.1872188147202
114,54,922.3821725883164
114,55,918.6814946132092
114,56,914.818181818182
114,57,910.8101974229844
114,58,907.8153698112296
114,59,907.2764936574964
114,60,910.6363636363636
114,61,918.8021051297062
114,62,930.5381663485832
114,63,944.0733262113506
114,64,957.6363636363636
114,65,969.7796775127368
114,66,980.3501466126193
114,67,989.5182696789192
114,68,997.4545454545456
114,69,1004.4541848193472
114,70,1011.31124720094
114,71,1018.9445041638812
114,72,1028.2727272727273
114,73,1039.791367300784
114,74,1052.3025918563485
114,75,1064.185247756466
114,76,1073.8181818181818
114,77,1079.9130164320627
114,78,1082.512476282758
114,79,1081.9920616284378
114,80,1078.7272727272727
114,81,1073.0608283346016
114,82,1065.204321194438
114,83,1055.3365625479646
114,84,1043.6363636363635
114,85,1030.3550338658945
114,86,1016.0338753031256
114,87,1001.2866881797032
114,88,986.7272727272727
114,89,972.8343771109114
114,90,959.5465412294228
114,91,946.6672529150408
114,92,934.0
114,93,921.4196735995502
114,94,909.0867779610012
114,95,897.2332206146789
115,0,886.0909090909091
115,1,875.8562466727064
115,2,866.5836196538453
115,3,858.2919100807885
115,4,851.0
115,5,844.7377260732602
115,6,839.578743423618
115,7,835.6076617894396
115,8,832.9090909090909
115,9,831.5266558524345
115,10,831.340043015319
115,11,832.1879541250895
115,12,833.9090909090909
115,13,836.4283777897286
115,14,840.0156299696508
115,15,845.0268853465658
115,16,851.8181818181819
115,17,860.609264806832
115,18,871.0747098333494
115,19,882.7527999431924
115,20,895.1818181818181
115,21,907.8916652556704
115,22,920.3787125151334
115,23,932.1309489715744
115,24,942.6363636363636
115,25,951.4689605341216
115,26,958.5468037424816
115,27,963.8739723523277
115,28,967.4545454545456
115,29,969.3035153351148
115,30,969.4795270603956
115,31,968.0521388918422
115,32,965.0909090909092
115,33,960.8837394890552
115,34,956.5919061977544
115,35,953.5950288984856
115,36,953.2727272727273
115,37,956.5166403450286
115,38,962.2664845122232
115,39,968.9739955142152
115,40,975.0909090909092
115,41,979.4019718581033
115,42,982.0239739351714
115,43,983.4067163173812
115,44,984.0
115,45,984.1808699498308
115,46,984.035347019818
115,47,983.576696034442
115,48,982.818181818182
115,49,981.8148892516645
115,50,980.7891834401012
115,51,980.0052495448512
115,52,979.7272727272727
115,53,980.1405389526034
115,54,981.1147374015956
115,55,982.440658058881
115,56,983.9090909090908
115,57,985.4979549379226
115,58,987.9336851353348
115,59,992.1298454923524
115,60,999.0
115,61,1009.1133799320704
115,62,1021.6618856934292
115,63,1035.4930849717098
115,64,1049.4545454545455
115,65,1062.5982412428864
115,66,1074.793772090948
115,67,1086.1151441662632
115,68,1096.6363636363635
115,69,1106.4354164600204
115,70,1115.6062077609597
115,71,1124.246622454146
115,72,1132.4545454545455
115,73,1140.1572520079412
115,74,1146.5995786833953
115,75,1150.855752380788
115,76,1152.0
115,77,1149.444098235487
115,78,1143.9500229600044
115,79,1136.6172998408836
115,80,1128.5454545454545
115,81,1120.5549914137473
115,82,1112.3503294765865
115,83,1103.356866437496
115,84,1093.0
115,85,1080.8046861095245
115,86,1066.6941136791042
115,87,1050.6910298636776
115,88,1032.8181818181818
115,89,1013.2916050572468
115,90,993.1004885342696
115,91,973.4273095623392
115,92,955.4545454545456
115,93,940.095655025125
115,94,927.1880230929088
115,95,916.3000159778744
116,0,907.0
116,1,898.8939566604338
116,2,891.7383281850041
116,3,885.3271719807088
116,4,879.4545454545455
116,5,873.8981206058663
116,6,868.3700278034382
116,7,862.5660120083819
116,8,856.1818181818181
116,9,849.1470836433735
116,10,842.3270151466976
116,11,836.8207118039455
116,12,833.7272727272727
116,13,833.8984880024575
116,14,837.1969116097712
116,15,843.2377885031084
116,16,851.6363636363636
116,17,861.9706120740692
116,18,873.6694293233087
116,19,886.1244410018027
116,20,898.7272727272727
116,21,910.9378137012656
116,22,922.4890074606304
116,23,933.182061126044
116,24,942.818181818182
116,25,951.2909172117786
116,26,958.8631771978054
116,27,965.8902122212936
116,28,972.7272727272727
116,29,979.5405629061662
116,30,985.740101929966
116,31,990.5468627160552
116,32,993.181818181818
116,33,993.2087629817374
116,34,991.562778718694
116,35,989.5217687326672
116,36,988.3636363636364
116,37,988.9837601668828
116,38,990.7474195588946
116,39,992.637369171458
116,40,993.6363636363636
116,41,992.9613099870934
116,42,990.7657248639106
116,43,987.4372773087722
116,44,983.3636363636364
116,45,979.0616248847432
116,46,975.564680985464
116,47,974.0353965934528
116,48,975.6363636363636
116,49,981.0478722921156
116,50,989.0210057396883
116,51,997.8245454083262
116,52,1005.7272727272727
116,53,1011.4400677649757
116,54,1015.4422051466912
116,55,1018.6550581368796
116,56,1022.0
116,57,1026.2500952843457
116,58,1031.5851736735465
116,59,1038.0367561350647
116,60,1045.6363636363635
116,61,1054.3976192794594
116,62,1064.2625547045775
116,63,1075.1553036864989
116,64,1087.0
116,65,1099.541529870544
116,66,1111.8077893263237
116,67,1122.6474268462143
116,68,1130.909090909091
116,69,1135.843931692909
116,70,1138.3131061719455
116,71,1139.5802730195542
116,72,1140.909090909091
116,73,1143.1963797214542
116,74,1145.8716041677126
116,75,1147.9973901664785
116,76,1148.6363636363635
116,77,1147.0821971485468
116,78,1143.5527498844765
116,79,1138.4969276781678
116,80,1132.3636363636365
116,81,1125.4265362298129
116,82,1117.25830538529
116,83,1107.2563763935768
116,84,1094.8181818181818
116,85,1079.5994420231116
116,86,1062.2890285743638
116,87,1043.8341008384343
116,88,1025.1818181818182
116,89,1007.1458661322864
116,90,990.0060348627092
116,91,973.9086407072316
116,92,959.0
116,93,945.3653889022888
116,94,932.8459228838908
116,95,921.2216772417296
117,0,910.2727272727273
117,1,899.8172941676498
117,2,889.8261826926358
117,3,880.3083435076677
117,4,871.2727272727273
117,5,862.8029344271123
117,6,855.2811645273836
117,7,849.1642669094177
117,8,844.9090909090909
117,9,842.8047749420825
117,10,842.4696137432837
117,11,843.3541911273883
117,12,844.9090909090909
117,13,846.742170350012
117,14,849.0903804994814
117,15,852.3479458537556
117,16,856.9090909090909
117,17,863.063191385142
117,18,870.6802278951542
117,19,879.5253322757711
117,20,889.3636363636364
117,21,899.963870927602
117,22,911.1091624653563
117,23,922.5862364067962
117,24,934.181818181818
117,25,945.5614385408134
117,26,955.9058495161472
117,27,964.2746084606804
117,28,969.7272727272727
117,29,971.7719090000544
117,30,971.7106212882364
117,31,971.2940229323
117,32,972.2727272727273
117,33,975.923368640788
117,34,981.6266653309074
117,35,988.2893566283008
117,36,994.818181818182
117,37,1000.2689914367944
117,38,1004.2940810244972
117,39,1006.6948573726788
117,40,1007.2727272727273
117,41,1005.9949837938532
117,42,1003.4924651165584
117,43,1000.5618956991658
117,44,998.0
117,45,996.4044824787014
117,46,995.5769676001792
117,47,995.1200598306582
117,48,994.6363636363636
117,49,993.8018590186124
117,50,992.5860281190884
117,51,991.031728614565
117,52,989.181818181818
117,53,987.2829678104844
117,54,986.3971017416496
117,55,987.789957529263
117,56,992.7272727272727
117,57,1001.992406103087
117,58,1014.4392012779496
117,59,1028.439123086565
117,60,1042.3636363636365
117,61,1054.895135049896
117,62,1065.9597295101885
117,63,1075.7944592153865
117,64,1084.6363636363635
117,65,1092.7210877882387
117,66,1100.278698863115
117,67,1107.5378695973434
117,68,1114.7272727272727
117,69,1121.997502433513
117,70,1129.1868386737135
117,71,1136.0554828497852
117,72,1142.3636363636365
117,73,1147.8443002049823
117,74,1152.1216737147563
117,75,1154.7927558216977
117,76,1155.4545454545455
117,77,1153.8156376556494
117,78,1150.0310119218057
117,79,1144.3672438634233
117,80,1137.090909090909
117,81,1128.469853717875
117,82,1118.7770058707465
117,83,1108.2865641791543
117,84,1097.2727272727273
117,85,1085.9029588364874
117,86,1073.9177827770254
117,87,1060.9509880563232
117,88,1046.6363636363635
117,89,1030.777685936175
117,90,1013.8586812029702
117,91,996.5330631410072
117,92,979.4545454545456
117,93,963.1936837824488
117,94,947.9884015020036
117,95,933.9934639251024
118,0,921.3636363636364
118,1,910.1791130249388
118,2,900.2218036981062
118,3,891.1990470676748
118,4,882.8181818181819
118,5,874.8569095723408
118,6,867.3743837055716
118,7,860.5001205314712
118,8,854.3636363636364
118,9,849.067964594789
118,10,844.6102069341531
118,11,840.9609821700765
118,12,838.0909090909091
118,13,835.9820275030484
118,14,834.6620612850896
118,15,834.1701553336769
118,16,834.5454545454545
118,17,835.7240958475627
118,18,837.2301842891251
118,19,838.4848169497614
118,20,838.9090909090909
118,21,838.1414754703371
118,22,836.6899288311374
118,23,835.2797814127327
118,24,834.6363636363636
118,25,835.3719340892706
118,26,837.6464640226891
118,27,841.5068528538542
118,28,847.0
118,29,853.9616972634899
118,30,861.3833059871966
118,31,868.0450798991241
118,32,872.7272727272727
118,33,874.6136632204071
118,34,874.5021302103411
118,35,873.5940775496499
118,36,873.0909090909091
118,37,873.8620589457906
118,38,875.449082262348
118,39,877.0615644477315
118,40,877.9090909090909
118,41,877.3940669055218
118,42,875.6901771039036
118,43,873.1639260230604
118,44,870.1818181818181
118,45,867.163946159395
118,46,864.744754776584
118,47,863.6122769145718
118,48,864.4545454545455
118,49,867.6703189114436
118,50,872.5012583352153
118,51,877.8997504095612
118,52,882.8181818181819
118,53,886.5468236493754
118,54,889.7274846098272
118,55,893.3398578108201
118,56,898.3636363636364
118,57,905.6097160365092
118,58,915.2138032254752
118,59,927.142806983522
118,60,941.3636363636364
118,61,957.6876076591326
118,62,975.303666124634
118,63,993.2451642550913
118,64,1010.5454545454544
118,65,1026.35860332696
118,66,1040.3215322759877
118,67,1052.1918769052031
118,68,1061.7272727272727
118,69,1068.8126381239367
118,70,1073.842022953234
118,71,1077.336759942278
118,72,1079.8181818181818
118,73,1081.6763555409295
118,74,1082.7762850019856
118,75,1082.8517083256854
118,76,1081.6363636363635
118,77,1078.9222806214366
118,78,1074.734655220642
118,79,1069.156974936799
118,80,1062.2727272727273
118,81,1054.1970219733246
118,82,1045.1714577518098
118,83,1035.4692555634808
118,84,1025.3636363636365
118,85,1015.0538360307196
118,86,1004.4431501357554
118,87,993.3608891729134
118,88,981.6363636363636
118,89,969.1685998128876
118,90,956.1354871597146
118,91,942.7846309266836
118,92,929.3636363636364
118,93,916.1055715359112
118,94,903.185355770842
118,95,890.7633712112603
119,0,879.0
119,1,868.0355344980134
119,2,857.9299079387372
119,3,848.7229637737288
119,4,840.4545454545455
119,5,833.1116654720354
119,6,826.4700124742096
119,7,820.2524441483697
119,8,814.1818181818181
119,9,808.0902467956631
119,10,802.2468603462422
119,11,797.0300437237003
119,12,792.8181818181819
119,13,789.8781996180394
119,14,788.0311825044577
119,15,786.9867559568288
119,16,786.4545454545455
119,17,786.1895683685427
119,18,786.1284096359269
119,19,786.2530460853479
119,20,786.5454545454545
119,21,787.016935998699
119,22,787.7960880427436
119,23,789.0408324290526
119,24,790.9090909090909
119,25,793.5111535457519
119,26,796.7667836476445
119,27,800.5481128348056
119,28,804.7272727272727
119,29,809.1486770910201
119,30,813.5458682757694
119,31,817.6246707771796
119,32,821.0909090909091
119,33,823.7805017265314
119,34,826.0497432492779
119,35,828.3850222382946
119,36,831.2727272727273
119,37,834.9551682755816
119,38,838.698340545301
119,39,841.5241607241879
119,40,842.4545454545455
119,41,840.7724047165964
119,42,836.8046218422455
119,43,831.1390735013171
119,44,824.3636363636364
119,45,817.1327696762143
119,46,810.3672629948082
119,47,805.0544884523614
119,48,802.1818181818181
119,49,802.3229370330918
119,50,804.3967807239762
119,51,806.9085976892364
119,52,808.3636363636364
119,53,807.7331526459645
119,54,805.852432291105
119,55,804.0227685179653
119,56,803.5454545454545
119,57,805.5242819285049
119,58,810.2730355661498
119,59,817.907998693447
119,60,828.5454545454545
119,61,842.1498332763797
119,62,858.0781527170237
119,63,875.5355776173378
119,64,893.7272727272727
119,65,911.9005326932504
119,66,929.4711717475748
119,67,945.8971340190204
119,68,960.6363636363636
119,69,973.307695041529
119,70,984.1735239290424
119,71,993.6571363065802
119,72,1002.181818181818
119,73,1010.0363007769972
119,74,1016.9710961726192
119,75,1022.6021616637496
119,76,1026.5454545454545
119,77,1028.511590486845
119,78,1028.5898186532083
119,79,1026.9640465838768
119,80,1023.818181818182
119,81,1019.279553184714
119,82,1013.2491746690936
119,83,1005.5714815461988
119,84,996.0909090909092
119,85,984.6997422288453
119,86,971.4816644886
119,87,956.5682090495096
119,88,940.0909090909092
119,89,922.3760233544511
119,90,904.5287128310524
119,91,887.8488640739455
119,92,873.6363636363636
119,93,862.8174711715321
119,94,854.823938732646
119,95,848.7138914728909
120,0,843.5454545454545
120,1,838.5302283230558
120,2,833.4937140565461
120,3,828.4148882163088
120,4,823.2727272727273
120,5,818.1326382635168
120,6,813.4057504957152
120,7,809.5896238436926
120,8,807.1818181818181
120,9,806.4917754410594
120,10,807.0764657787748
120,11,808.304741408921
120,12,809.5454545454545
120,13,810.4670213358826
120,14,811.9361136619133
120,15,815.1189673388056
120,16,821.1818181818181
120,17,830.9071846699561
120,18,843.5427159372088
120,19,857.9523437813117
120,20,873.0
120,21,887.7692968024745
120,22,902.222568043797
120,23,916.5418279904934
120,24,930.9090909090908
120,25,945.330969029236
120,26,959.112466433058
120,27,971.3831851658052
120,28,981.2727272727273
120,29,988.1980202623986
120,30,992.7252934966982
120,31,995.7081018008306
120,32,998.0
120,33,1000.36416583026
120,34,1003.2022686710582
120,35,1006.8256008126908
120,36,1011.5454545454544
120,37,1017.4021345983796
120,38,1023.351995455433
120,39,1028.0804040393152
120,40,1030.2727272727273
120,41,1028.9321253216756
120,42,1024.3329313253917
120,43,1017.0672716664114
120,44,1007.7272727272727
120,45,996.984420933099
120,46,985.8276428793644
120,47,975.3252252041292
120,48,966.5454545454544
120,49,960.1145659459272
120,50,954.8905880662415
120,51,949.2894979716164
120,52,941.7272727272727
120,53,931.185156192282
120,54,918.9054594011247
120,55,906.695760182132
120,56,896.3636363636364
120,57,889.3720820122167
120,58,885.8057561474417
120,59,885.4047340271278
120,60,887.9090909090909
120,61,892.9998112133964
120,62,900.1215160091076
120,63,908.6597355275378
120,64,918.0
120,65,927.6073663160164
120,66,937.2649979979458
120,67,946.8355852263572
120,68,956.181818181818
120,69,965.251121249811
120,70,974.3298556354724
120,71,983.789116748852
120,72,994.0
120,73,1005.112580502921
120,74,1016.3928521874376
120,75,1026.8857886873257
120,76,1035.6363636363635
120,77,1041.8752612839594
120,78,1045.576008342051
120,79,1046.8978421382078
120,80,1046.0
120,81,1043.0014311794232
120,82,1037.8599326261772
120,83,1030.4930132143882
120,84,1020.818181818182
120,85,1008.8931617256208
120,86,995.3365338805128
120,87,980.9070936406032
120,88,966.3636363636364
120,89,952.3350128271852
120,90,938.9302954881354
120,91,926.1286122231992
120,92,913.9090909090908
120,93,902.2809915110925
120,94,891.3741023487645
120,95,881.348343830236
121,0,872.3636363636364
121,1,864.5310779466262
121,2,857.7664769349886
121,3,851.9368192740392
121,4,846.9090909090909
121,5,842.60179897513
121,6,839.1395353658253
121,7,836.6984131645171
121,8,835.4545454545455
121,9,835.5091693346724
121,10,836.6640179653464
121,11,838.6459485224382
121,12,841.1818181818181
121,13,844.1214668679991
121,14,847.8066655000622
121,15,852.7021677457305
121,16,859.2727272727273
121,17,867.8203041024221
121,18,877.9956836707689
121,19,889.2868577673676
121,20,901.181818181818
121,21,913.196748540494
121,22,924.9605998168624
121,23,936.1305148211628
121,24,946.3636363636364
121,25,955.3586108265106
121,26,962.9800988799636
121,27,969.1342647661626
121,28,973.7272727272727
121,29,976.7026149716456
121,30,978.1530955723734
121,31,978.2088465687324
121,32,977.0
121,33,974.79541792327
121,34,972.4188824669064
121,35,970.8329057770892
121,36,971.0
121,37,973.4637246989104
121,38,977.0918291054564
121,39,980.3331098683648
121,40,981.6363636363636
121,41,979.8184332810888
121,42,975.1683465658142
121,43,968.3431774767236
121,44,960.0
121,45,950.790951267644
121,46,941.3484209949236
121,47,932.2998620429228
121,48,924.2727272727273
121,49,917.6285571028806
121,50,911.6652421817648
121,51,905.4147607152212
121,52,897.9090909090909
121,53,888.5911271390155
121,54,878.5474284598356
121,55,869.2754700961927
121,56,862.2727272727273
121,57,858.6688661592397
121,58,858.1223167061652
121,59,859.9236998090993
121,60,863.3636363636364
121,61,867.8683514058451
121,62,873.4064865336859
121,63,880.0822874855929
121,64,888.0
121,65,897.1602850355622
121,66,907.1494644318186
121,67,917.4502752485296
121,68,927.5454545454544
121,69,937.1538607246334
121,70,946.9388375572216
121,71,957.7998501566536
121,72,970.6363636363636
121,73,985.9146129749948
121,74,1002.3679126120222
121,75,1018.2963468521294
121,76,1032.0
121,77,1042.123766920842
121,78,1048.6917847219622
121,79,1052.073001071192
121,80,1052.6363636363635
121,81,1050.6783875234555
121,82,1046.2058575910387
121,83,1039.153126135829
121,84,1029.4545454545455
121,85,1017.2010352580623
121,86,1003.1097849138848
121,87,988.0545512036734
121,88,972.9090909090908
121,89,958.4123578079306
121,90,944.7640936625146
121,91,932.0292372312954
121,92,920.2727272727273
121,93,909.5174312374876
121,94,899.6179313451488
121,95,890.3867385075085
122,0,881.6363636363636
122,1,873.2466104239381
122,2,865.3664536841633
122,3,858.2121610113977
122,4,852.0
122,5,846.9080588849422
122,6,842.9617084636525
122,7,840.1481401741727
122,8,838.4545454545455
122,9,837.8796767635657
122,10,838.4685306430448
122,11,840.2776646555468
122,12,843.3636363636364
122,13,847.7720976971578
122,14,853.5050780550773
122,15,860.5537012036395
122,16,868.9090909090909
122,17,878.5376142659838
122,18,889.3066116821009
122,19,901.0586668935308
122,20,913.6363636363636
122,21,926.786252057088
122,22,939.8707479437928
122,23,952.156233494964
122,24,962.9090909090908
122,25,971.3869797783904
122,26,976.812669270002
122,27,978.4002059447944
122,28,975.3636363636364
122,29,967.3817379202584
122,30,955.992211339836
122,31,943.1974881804044
122,32,931.0
122,33,921.047716267848
122,34,913.5707580979274
122,35,908.4447845154068
122,36,905.5454545454544
122,37,904.63052200835
122,38,904.986119904818
122,39,905.7804760306954
122,40,906.181818181818
122,41,905.5310479714798
122,42,903.8597622828008
122,43,901.3722318163576
122,44,898.2727272727273
122,45,894.8148883784578
122,46,891.4498309639789
122,47,888.6780398856928
122,48,887.0
122,49,886.628432605599
122,50,886.6250047703738
122,51,885.7636200045076
122,52,882.8181818181819
122,53,877.0847334718753
122,54,869.9478772272527
122,55,863.3143550962769
122,56,859.0909090909091
122,57,858.7542244159918
122,58,862.0607590478877
122,59,868.3369141558395
122,60,876.9090909090909
122,61,887.1043347732489
122,62,898.2522683993785
122,63,909.68315873491
122,64,920.7272727272727
122,65,930.8312774001035
122,66,939.9074400818706
122,67,947.9844281772472
122,68,955.0909090909092
122,69,961.4157260808812
122,70,967.7884258185936
122,71,975.1987308288273
122,72,984.6363636363636
122,73,996.6393410036446
122,74,1009.9388566437556
122,75,1022.8143985074436
122,76,1033.5454545454545
122,77,1040.7769099045408
122,78,1044.6152385154744
122,79,1045.532311505035
122,80,1044.0
122,81,1040.386542105466
122,82,1034.6456438398002
122,83,1026.6273781996897
122,84,1016.181818181818
122,85,1003.3729444008684
122,86,989.1203679435056
122,87,974.5576075143896
122,88,960.818181818182
122,89,948.77793029106
122,90,938.2819752952688
122,91,928.9177599245704
122,92,920.2727272727273
122,93,911.9798230712556
122,94,903.8540036026916
122,95,895.7557277873278
123,0,887.5454545454545
123,1,879.184879696645
123,2,871.0406466575997
123,3,863.5806357442997
123,4,857.2727272727273
123,5,852.4624763239822
123,6,849.0061370396369
123,7,846.6376383263826
123,8,845.0909090909091
123,9,844.1598172801539
123,10,843.8779870020352
123,11,844.3389814047172
123,12,845.6363636363636
123,13,847.8939931917662
123,14,851.3569149522228
123,15,856.3004701456593
123,16,863.0
123,17,871.6406304073269
123,18,882.046625916346
123,19,893.9520357399193
123,20,907.0909090909092
123,21,921.1542806334712
123,22,935.6611268369384
123,23,950.087409621936
123,24,963.9090909090908
123,25,976.6115652406062
123,26,987.7179576449925
123,27,996.7608257723368
123,28,1003.2727272727273
123,29,1006.926447040468
123,30,1007.9556789467296
123,31,1006.7343441068988
123,32,1003.6363636363636
123,33,999.1400329611585
123,34,994.141144749908
123,35,989.639865981886
123,36,986.6363636363636
123,37,985.786148387626
123,38,986.366105690002
123,39,987.3084646928312
123,40,987.5454545454544
123,41,986.2366803065196
123,42,983.4512506719028
123,43,979.4856502467898
123,44,974.6363636363636
123,45,969.1066190226592
123,46,962.7266188951128
123,47,955.2333093200097
123,48,946.3636363636364
123,49,936.1436617846612
123,50,925.7559101112824
123,51,916.6720215640804
123,52,910.3636363636364
123,53,907.7960065659688
123,54,907.9088315688492
123,55,909.1354226054868
123,56,909.9090909090908
123,57,909.1566869514636
123,58,907.779218158776
123,59,907.1712311957912
123,60,908.7272727272727
123,61,913.3371888099944
123,62,919.8720230687742
123,63,926.6981185204394
123,64,932.181818181818
123,65,935.2204100812852
123,66,936.8349622934004
123,67,938.57748790427
123,68,942.0
123,69,948.2896935921374
123,70,957.1744913939884
123,71,968.0174980443
123,72,980.181818181818
123,73,992.9972360047104
123,74,1005.6602539488272
123,75,1017.3340540094396
123,76,1027.1818181818182
123,77,1034.5196578435657
123,78,1039.2754019016113
123,79,1041.5298086452144
123,80,1041.3636363636365
123,81,1038.8800985301173
123,82,1034.2722293538193
123,83,1027.7555182278843
123,84,1019.5454545454544
123,85,1009.888925308692
123,86,999.1584079558388
123,87,987.7577775341572
123,88,976.0909090909092
123,89,964.5315297805694
123,90,953.3327751864624
123,91,942.7176329991238
123,92,932.9090909090908
123,93,924.027569205394
123,94,915.7832185710396
123,95,907.7836222875292
124,0,899.6363636363636
124,1,891.0826252160372
124,2,882.3979868930156
124,3,873.9916278507593
124,4,866.2727272727273
124,5,859.5851117486399
124,6,854.011197493261
124,7,849.5680481276154
124,8,846.2727272727273
124,9,844.1238027894034
124,10,843.045859497577
124,11,842.9449864569618
124,12,843.7272727272727
124,13,845.3742225482912
124,14,848.1690008800678
124,15,852.4701878627197
124,16,858.6363636363636
124,17,866.8651024719765
124,18,876.7099551639699
124,19,887.5634666376146
124,20,898.8181818181819
124,21,909.9565607456212
124,22,920.8207239185984
124,23,931.342706950458
124,24,941.4545454545456
124,25,950.9947340909936
124,26,959.4276037070908
124,27,966.123944196916
124,28,970.4545454545456
124,29,972.114218799496
124,30,972.0938612530372
124,31,971.7083912618784
124,32,972.2727272727273
124,33,974.78986798375
124,34,979.015133098941
124,35,984.3919225737524
124,36,990.3636363636364
124,37,996.4180706291404
124,38,1002.2206063511984
124,39,1007.4810207158388
124,40,1011.9090909090908
124,41,1015.1997813178692
124,42,1016.9888051326292
124,43,1016.897062744711
124,44,1014.5454545454544
124,45,1009.6862131902908
124,46,1002.5969003910124
124,47,993.6864101235
124,48,983.3636363636364
124,49,972.0184341027845
124,50,959.9645023942312
124,51,947.496501306744
124,52,934.9090909090908
124,53,922.5042549440252
124,54,910.6132718502448
124,55,899.5747437404327
124,56,889.7272727272727
124,57,881.4063074847505
124,58,874.9346829320622
124,59,870.6320805497064
124,60,868.8181818181819
124,61,869.6787537533364
124,62,872.8639055124156
124,63,877.8898317880144
124,64,884.2727272727273
124,65,891.567597956449
124,66,899.4846950182754
124,67,907.7730809346
124,68,916.181818181818
124,69,924.56221805723
124,70,933.174587141756
124,71,942.3814808372222
124,72,952.5454545454544
124,73,963.834097996449
124,74,975.6351382328828
124,75,987.1413366256024
124,76,997.5454545454544
124,77,1006.1226967751549
124,78,1012.4780417448942
124,79,1016.2989112967316
124,80,1017.2727272727273
124,81,1015.2518194483858
124,82,1010.7481493329952
124,83,1004.4385863692888
124,84,997.0
124,85,989.0063890676654
124,86,980.6202700140336
124,87,971.901288680658
124,88,962.9090909090908
124,89,953.7339879173172
124,90,944.5889524290516
124,91,935.7176225444424
124,92,927.3636363636364
124,93,919.6130569903391
124,94,911.9216475424864
124,95,903.5875961415728
125,0,893.9090909090909
125,1,882.477136394054
125,2,870.0540028555478
125,3,857.6947769801768
125,4,846.4545454545455
125,5,837.1460110698091
125,6,829.6123410353233
125,7,823.4543186649939
125,8,818.2727272727273
125,9,813.7726261448915
125,10,810.0761784577047
125,11,807.4098233598475
125,12,806.0
125,13,805.997859350625
125,14,807.2533996793126
125,15,809.5413310774348
125,16,812.6363636363636
125,17,816.2615046344265
125,18,819.9329500977722
125,19,823.1151932395043
125,20,825.2727272727273
125,21,826.0825425662141
125,22,826.071618111417
125,23,825.9794300554569
125,24,826.5454545454545
125,25,828.1640069188978
125,26,829.8487592747413
125,27,830.2682229023047
125,28,828.0909090909091
125,29,822.3892706672846
125,30,813.8515266077998
125,31,803.5698374262333
125,32,792.6363636363636
125,33,782.0715240483277
125,34,772.6087706576963
125,35,764.9098137563983
125,36,759.6363636363636
125,37,757.147076321223
125,38,756.5883907614157
125,39,756.8036916390822
125,40,756.6363636363636
125,41,755.1313638485982
125,42,752.1399390239144
125,43,747.7149083236367
125,44,741.9090909090909
125,45,734.9084341934745
125,46,727.4313985974728
125,47,720.3295727936439
125,48,714.4545454545455
125,49,710.3925698320495
125,50,707.6685574952854
125,51,705.5420845926967
125,52,703.2727272727273
125,53,700.441741023782
125,54,697.9170986941127
125,55,696.8884524719326
125,56,698.5454545454545
125,57,703.7126251637312
125,58,711.7539568191722
125,59,721.6683100650274
125,60,732.4545454545455
125,61,743.328496957657
125,62,754.3738922110159
125,63,765.891432267958
125,64,778.1818181818181
125,65,791.3910006420048
125,66,805.0459288822178
125,67,818.5188017722314
125,68,831.1818181818181
125,69,842.634489110688
125,70,853.385574078294
125,71,864.1711447340258
125,72,875.7272727272727
125,73,888.504281551607
125,74,901.8095020773331
125,75,914.6645170189382
125,76,926.0909090909092
125,77,935.253214228338
125,78,941.8877812487368
125,79,945.8739121902214
125,80,947.0909090909092
125,81,945.5396797168588
125,82,941.7075547459018
125,83,936.2034705838122
125,84,929.6363636363636
125,85,922.5127828133172
125,86,914.9297270403828
125,87,906.8818077472567
125,88,898.3636363636364
125,89,889.4447003935085
125,90,880.4939916380222
125,91,871.9553779726153
125,92,864.2727272727273
125,93,857.7325633399211
125,94,851.9920336802567
125,95,846.5509417259185
126,0,840.9090909090909
126,1,834.7358417013525
126,2,828.37878273186
126,3,822.3550596691647
126,4,817.1818181818181
126,5,813.2047516728509
126,6,810.0837444832124
126,7,807.3072286883312
126,8,804.3636363636364
126,9,800.9167425163346
126,10,797.331693880745
126,11,794.1489801229646
126,12,791.9090909090909
126,13,790.9663464436289
126,14,790.9303890847167
126,15,791.2246917289008
126,16,791.2727272727273
126,17,790.6255421636954
126,18,789.3444770531154
126,19,787.6184461432505
126,20,785.6363636363636
126,21,783.5726780834077
126,22,781.5439754300944
126,23,779.6523759708248
126,24,778.0
126,25,776.5951091390372
126,26,775.0705303174162
126,27,772.9652317916324
126,28,769.8181818181819
126,29,765.4275671786254
126,30,760.6284487547865
126,31,756.5151059535546
126,32,754.1818181818181
126,33,754.2372357828251
126,34,755.3474928452556
126,35,755.6930943941496
126,36,753.4545454545455
126,37,747.4885465082567
126,38,739.3565798641907
126,39,731.2963232880296
126,40,725.5454545454545
126,41,723.5713622750574
126,42,723.7602786070718
126,43,723.728146544641
126,44,721.0909090909091
126,45,714.1237316642407
126,46,703.7386693438858
126,47,691.5069996243152
126,48,679.0
126,49,667.6297337952524
126,50,658.1714076537488
126,51,651.2410140490073
126,52,647.4545454545455
126,53,647.2579013365681
126,54,650.416609132028
126,55,656.5261032705647
126,56,665.1818181818181
126,57,675.8883767675662
126,58,687.7871558181395
126,59,699.9287205960065
126,60,711.3636363636364
126,61,721.5110347749852
126,62,731.26431304996
126,63,741.8854347999547
126,64,754.6363636363636
126,65,770.4055523143106
126,66,788.5874101638386
126,67,808.2028356587201
126,68,828.2727272727273
126,69,847.9690286950448
126,70,867.0678644765037
126,71,885.4964043833468
126,72,903.181818181818
126,73,920.053560178238
126,74,936.0502228392388
126,75,951.1126831715288
126,76,965.181818181818
126,77,978.0553669556384
126,78,988.958516893814
126,79,996.9733174759916
126,80,1001.181818181818
126,81,1000.9536651810254
126,82,996.8088914036864
126,83,989.5551264699589
126,84,980.0
126,85,968.875710956623
126,86,956.6127356732584
126,87,943.566119825992
126,88,930.0909090909092
126,89,916.4682069015734
126,90,902.6833477214618
126,91,888.647723771528
126,92,874.2727272727273
126,93,859.6179387098102
126,94,845.335691622713
126,95,832.2265078151685
127,0,821.0909090909091
127,1,812.4861746228221
127,2,805.9966130604134
127,3,800.9632904223436
127,4,796.7272727272727
127,5,792.7626468898102
127,6,789.0755834083601
127,7,785.8052736772753
127,8,783.0909090909091
127,9,781.1081241815735
127,10,780.1783260334188
127,11,780.6593648685547
127,12,782.9090909090909
127,13,787.1997427475325
127,14,793.4611124579649
127,15,801.5373804848696
127,16,811.2727272727273
127,17,822.4551207373876
127,18,834.6476786801762
127,19,847.3573063737851
127,20,860.0909090909091
127,21,872.430058393825
127,22,884.2549910031491
127,23,895.52060992908
127,24,906.181818181818
127,25,916.067543414584
127,26,924.5028118526824
127,27,930.6866743644396
127,28,933.818181818182
127,29,933.41198385693
127,30,930.2451252224852
127,31,925.410249431343
127,32,920.0
127,33,915.0544075213325
127,34,911.4030508937408
127,35,909.822896092006
127,36,911.0909090909092
127,37,915.5763519668308
127,38,922.0176712025516
127,39,928.7456093824508
127,40,934.0909090909092
127,41,936.7822300658892
127,42,937.139900659689
127,43,935.8821663781898
127,44,933.7272727272727
127,45,931.3458641332488
127,46,929.2181807041468
127,47,927.7768614684264
127,48,927.4545454545456
127,49,928.4081770374792
127,50,929.6919219782678
127,51,930.084251384468
127,52,928.3636363636364
127,53,923.778529989562
127,54,917.4573132009632
127,55,910.9983489027924
127,56,906.0
127,57,903.706396186092
127,58,903.9447343087884
127,59,906.1879780043632
127,60,909.9090909090908
127,61,914.6544079933432
127,62,920.2637495638832
127,63,926.6503072615728
127,64,933.7272727272727
127,65,941.4117672950812
127,66,949.6366310720422
127,67,958.3386338584368
127,68,967.4545454545456
127,69,976.9513637354232
127,70,986.9169988752204
127,71,997.4695891228622
127,72,1008.7272727272727
127,73,1020.647834581408
127,74,1032.5476461543485
127,75,1043.5827255592055
127,76,1052.909090909091
127,77,1059.7825820298542
127,78,1063.8583255982956
127,79,1064.8912700039527
127,80,1062.6363636363635
127,81,1057.0045077537206
127,82,1048.5304150888337
127,83,1037.904751243166
127,84,1025.8181818181818
127,85,1012.864159682536
127,86,999.2472867736436
127,87,985.0749522961112
127,88,970.4545454545456
127,89,955.536012607045
127,90,940.6395287256832
127,91,926.1278259360248
127,92,912.3636363636364
127,93,899.6622444347377
127,94,888.149143778169
127,95,877.902380323425
128,0,869.0
128,1,861.4613164721857
128,2,855.0707143434591
128,3,849.5538459520939
128,4,844.6363636363636
128,5,840.0677737674283
128,6,835.6929988479947
128,7,831.3808154136543
128,8,827.0
128,9,822.5602020944639
128,10,818.6345629918352
128,11,815.9370969387437
128,12,815.1818181818181
128,13,816.9073269456256
128,14,820.9505673664826
128,15,826.973069558644
128,16,834.6363636363636
128,17,843.5846378503069
128,18,853.3927129967797
128,19,863.6180680084989
128,20,873.8181818181819
128,21,883.6461671076929
128,22,893.1376715554899
128,23,902.423976589178
128,24,911.6363636363636
128,25,920.7923414461948
128,26,929.4543280539884
128,27,937.0709688166064
128,28,943.0909090909092
128,29,947.2057739257114
128,30,950.0791071376468
128,31,952.6174322353046
128,32,955.7272727272727
128,33,960.0649605782332
128,34,965.2860615772418
128,35,970.7959499694476
128,36,976.0
128,37,980.4406337613564
128,38,984.2084647352044
128,39,987.5311542505414
128,40,990.6363636363636
128,41,993.602902103615
128,42,995.9141703910316
128,43,996.9047171192956
128,44,995.9090909090908
128,45,992.4844055514558
128,46,987.0780355188512
128,47,980.359920454094
128,48,973.0
128,49,965.6100438723796
128,50,958.5691420790176
128,51,952.198214700692
128,52,946.818181818182
128,53,942.672009868117
128,54,939.6908507105336
128,55,937.72790256132
128,56,936.6363636363636
128,57,936.2274848369708
128,58,936.1447278061208
128,59,935.9896068722102
128,60,935.3636363636364
128,61,934.0856644203628
128,62,932.84387442862
128,63,932.5437835862032
128,64,934.0909090909092
128,65,938.0591188452132
128,66,943.6956835703093
128,67,949.916224692068
128,68,955.6363636363636
128,69,960.1778601987836
128,70,964.4870276537808
128,71,969.916317645524
128,72,977.818181818182
128,73,989.0149517232884
128,74,1002.2084785418402
128,75,1015.5704933621992
128,76,1027.2727272727273
128,77,1035.8177306353352
128,78,1041.031330906131
128,79,1043.0701748147696
128,80,1042.090909090909
128,81,1038.2936711899156
128,82,1032.0525614700002
128,83,1023.7851710150848
128,84,1013.9090909090908
128,85,1002.7803118777292
128,86,990.5084232138678
128,87,977.1414138521632
128,88,962.7272727272727
128,89,947.4586608446216
128,90,932.1069274927108
128,91,917.5880940308076
128,92,904.818181818182
128,93,894.4148742892379
128,94,885.8025031789261
128,95,878.1070622973331
129,0,870.4545454545455
129,1,862.2042851802446
129,2,853.6489688824935
129,3,845.3146226889502
129,4,837.7272727272727
129,5,831.3375872625107
129,6,826.2948031092812
129,7,822.6727992195931
129,8,820.5454545454545
129,9,819.9553089515306
129,10,820.8195459531088
129,11,823.0240099781323
129,12,826.4545454545455
129,13,831.0144723859124
129,14,836.6770130782838
129,15,843.4328654133315
129,16,851.2727272727273
129,17,860.1430515048199
129,18,869.8133108246656
129,19,880.0087329139965
129,20,890.4545454545455
129,21,900.9119011402626
129,22,911.285652713964
129,23,921.5165779306832
129,24,931.5454545454544
129,25,941.2547984795852
129,26,950.2940783194794
129,27,958.2545008178156
129,28,964.7272727272727
129,29,969.4765753959426
129,30,972.9584885535731
129,31,975.8020665253264
129,32,978.6363636363636
129,33,981.9227067548262
129,34,985.4515129207728
129,35,988.8454717172422
129,36,991.7272727272727
129,37,993.801347584753
129,38,995.099096126972
129,39,995.7336602420684
129,40,995.818181818182
129,41,995.4301415425252
129,42,994.504375298612
129,43,992.9400577690286
129,44,990.6363636363636
129,45,987.5618930633276
129,46,983.9629481331262
129,47,980.1552564090888
129,48,976.4545454545456
129,49,973.1205816587102
129,50,970.1892867143386
129,51,967.64062114007
129,52,965.4545454545456
129,53,963.560893938195
129,54,961.6889959186112
129,55,959.5180544851762
129,56,956.7272727272727
129,57,953.131581224873
129,58,949.088820520308
129,59,945.092558646498
129,60,941.6363636363636
129,61,939.15425843504
129,62,937.8420856365212
129,63,937.8361427470144
129,64,939.2727272727273
129,65,942.2116123076931
129,66,946.406473297244
129,67,951.5344612745364
129,68,957.2727272727273
129,69,963.40128097055
129,70,970.1115666290478
129,71,977.6978871548396
129,72,986.4545454545456
129,73,996.5085479010154
129,74,1007.3177147320196
129,75,1018.1725696515596
129,76,1028.3636363636365
129,77,1037.1923683344803
129,78,1044.003938079238
129,79,1048.1544478752858
129,80,1049.0
129,81,1046.0955583065186
129,82,1039.7915329510283
129,83,1030.6371956654789
129,84,1019.181818181818
129,85,1006.0361938939908
129,86,992.0572028439208
129,87,978.1632467355266
129,88,965.2727272727273
129,89,953.9983024811536
129,90,943.7296556732882
129,91,933.5507264833236
129,92,922.5454545454544
129,93,910.114062090484
129,94,896.9219017356543
129,95,883.950608694815
130,0,872.1818181818181
130,1,862.3536877932729
130,2,854.2304646568232
130,3,847.332918282871
130,4,841.1818181818181
130,5,835.4044253727875
130,6,830.0539669097808
130,7,825.2901613555198
130,8,821.2727272727273
130,9,818.2317357155772
130,10,816.6786677040545
130,11,817.1953567495952
130,12,820.3636363636364
130,13,826.5393704012665
130,14,835.1745440921833
130,15,845.4951730097356
130,16,856.7272727272727
130,17,868.2372031339011
130,18,879.9527013817574
130,19,891.9418489387349
130,20,904.2727272727273
130,21,916.9777261540372
130,22,929.9464685626052
130,23,943.0328857807792
130,24,956.0909090909092
130,25,968.8803013408584
130,26,980.7841516405496
130,27,991.0913806654208
130,28,999.0909090909092
130,29,1004.2837389370744
130,30,1007.0191976024684
130,31,1007.8586938302644
130,32,1007.3636363636364
130,33,1006.089856547207
130,34,1004.5708761313944
130,35,1003.3346394680668
130,36,1002.9090909090908
130,37,1003.636664419552
130,38,1005.1177524174074
130,39,1006.7672369338318
130,40,1008.0
130,41,1008.2328039564028
130,42,1006.8899323807937
130,43,1003.3975491602424
130,44,997.181818181818
130,45,988.0059833912004
130,46,976.9816089685082
130,47,965.5573391524712
130,48,955.181818181818
130,49,946.981898842432
130,50,940.797268108809
130,51,936.1458215026
130,52,932.5454545454544
130,53,929.4542053299808
130,54,926.0906822326184
130,55,921.6136362007654
130,56,915.181818181818
130,57,906.5663366558264
130,58,897.9877302334432
130,59,892.2788950579751
130,60,892.2727272727273
130,61,899.857152592169
130,62,913.1402150154262
130,63,929.2849881127884
130,64,945.4545454545456
130,65,959.3899961573156
130,66,971.1445915230336
130,67,981.3496183999614
130,68,990.6363636363636
130,69,999.4990559603862
130,70,1007.8836916197127
130,71,1015.5992087419102
130,72,1022.4545454545456
130,73,1028.3623595465936
130,74,1033.6501874526612
130,75,1038.7492852687617
130,76,1044.090909090909
130,77,1049.8426990350572
130,78,1055.1178312969162
130,79,1058.7658660921354
130,80,1059.6363636363635
130,81,1056.8506511313592
130,82,1050.617123723311
130,83,1041.4159435445165
130,84,1029.7272727272727
130,85,1016.1268555304148
130,86,1001.5727647189306
130,87,987.1186551843444
130,88,973.818181818182
130,89,962.4743131106172
130,90,952.8872719464216
130,91,944.6065948090152
130,92,937.181818181818
130,93,930.2230511180252
130,94,923.5826929499284
130,95,917.1737155795948
131,0,910.9090909090908
131,1,904.6959824172824
131,2,898.4183198902288
131,3,891.9542246907877
131,4,885.1818181818181
131,5,878.046996485573
131,6,870.766754761885
131,7,863.6258629299816
131,8,856.9090909090909
131,9,850.9683043676986
131,10,846.4237519713229
131,11,843.9627781347401
131,12,844.2727272727273
131,13,847.7956951345423
131,14,853.9927828073694
131,15,862.0798427128756
131,16,871.2727272727273
131,17,880.9099946395876
131,18,890.8210258901087
131,19,900.9579078319388
131,20,911.2727272727273
131,21,921.720576307107
131,22,932.2685681776506
131,23,942.8868214139136
131,24,953.5454545454544
131,25,964.1523024047112
131,26,974.366065035653
131,27,983.783158785132
131,28,992.0
131,29,998.7085663467756
131,30,1003.9830807706462
131,31,1007.9933275364666
131,32,1010.9090909090908
131,33,1012.79042084455
131,34,1013.2584300635798
131,35,1011.8244969780924
131,36,1008.0
131,37,1001.597079820479
131,38,993.6309262477622
131,39,985.4174913693458
131,40,978.2727272727273
131,41,973.1692712371704
131,42,969.7065013090082
131,43,967.1404807263422
131,44,964.7272727272727
131,45,961.9957215944764
131,46,959.5657957889324
131,47,958.3302448161946
131,48,959.181818181818
131,49,962.566592384924
131,50,967.1439518988992
131,51,971.1266081906974
131,52,972.7272727272727
131,53,970.7336475021912
131,54,966.2333966154708
131,55,960.889174693742
131,56,956.3636363636364
131,57,954.0385903335844
131,58,954.1724616392178
131,59,956.7428293979698
131,60,961.7272727272727
131,61,969.039547981654
131,62,978.338120464022
131,63,989.2176327143784
131,64,1001.2727272727273
131,65,1014.010604103436
131,66,1026.5886928683317
131,67,1038.0769806536073
131,68,1047.5454545454545
131,69,1054.3328083318754
131,70,1058.852562608106
131,71,1061.786944671193
131,72,1063.8181818181818
131,73,1065.5828784781545
131,74,1067.5351476083351
131,75,1070.0834792979847
131,76,1073.6363636363635
131,77,1078.3030073009622
131,78,1082.99548332219
131,79,1086.3265813186863
131,80,1086.909090909091
131,81,1083.7121945907245
131,82,1077.1306463756328
131,83,1067.9155931545426
131,84,1056.8181818181818
131,85,1044.510146154322
131,86,1031.345567538916
131,87,1017.599114244961
131,88,1003.5454545454544
131,89,989.4972207919868
131,90,975.9189016505212
131,91,963.312949865613
131,92,952.181818181818
131,93,942.8489820413664
131,94,934.922007677181
131,95,927.82948401986
132,0,921.0
132,1,913.9775896789116
132,2,906.7680676407548
132,3,899.4926936004026
132,4,892.2727272727273
132,5,885.263386515715
132,6,878.7557217597998
132,7,873.0747415785306
132,8,868.5454545454545
132,9,865.3339210764117
132,10,862.9704089564094
132,11,860.8262378127479
132,12,858.2727272727273
132,13,854.9250769059119
132,14,851.3740060509258
132,15,848.4541139886588
132,16,847.0
132,17,847.5566803908506
132,18,849.5108395671596
132,19,851.9595789598891
132,20,854.0
132,21,854.9959288034134
132,22,855.37809022589
132,23,855.8439338081483
132,24,857.0909090909091
132,25,859.6215362136771
132,26,863.1586177110993
132,27,867.230026716608
132,28,871.3636363636364
132,29,875.1983240691512
132,30,878.8169843842588
132,31,882.4135161436006
132,32,886.1818181818181
132,33,890.1476675097182
132,34,893.664353842774
132,35,895.9170450726243
132,36,896.0909090909091
132,37,893.7465172556124
132,38,889.9460547900998
132,39,886.1271103840827
132,40,883.7272727272727
132,41,883.7441043769238
132,42,885.4150633604633
132,43,887.5375815728621
132,44,888.9090909090909
132,45,888.6321788730564
132,46,887.0300554044107
132,47,884.7310860517413
132,48,882.3636363636364
132,49,880.4331460399414
132,50,878.9533513855309
132,51,877.8150628565367
132,52,876.9090909090909
132,53,876.2787028762691
132,54,876.5769935989209
132,55,878.6095147948392
132,56,883.1818181818181
132,57,890.809997000437
132,58,900.8523105824224
132,59,912.3775597822874
132,60,924.4545454545456
132,61,936.406025031074
132,62,948.570582253208
132,63,961.5407574396468
132,64,975.9090909090908
132,65,991.9380619661764
132,66,1008.5699058592912
132,67,1024.4167968227605
132,68,1038.090909090909
132,69,1048.6144543769474
132,70,1056.6497943096265
132,71,1063.2693279965831
132,72,1069.5454545454545
132,73,1076.24616598058
132,74,1082.9218259931115
132,75,1088.8183911909064
132,76,1093.1818181818182
132,77,1095.3966203370967
132,78,1095.4015380815622
132,79,1093.2738686034288
132,80,1089.090909090909
132,81,1082.951443580124
132,82,1075.0402034988208
132,83,1065.563407122652
132,84,1054.7272727272727
132,85,1042.7834007969525
132,86,1030.164920650428
132,87,1017.3503438150532
132,88,1004.818181818182
132,89,992.9206350502486
132,90,981.504659354013
132,91,970.2908994353166
132,92,959.0
132,93,947.4417294565988
132,94,935.7823510244284
132,95,924.2772516254984
133,0,913.181818181818
133,1,902.7115948506282
133,2,892.9227547300908
133,3,883.831628153599
133,4,875.4545454545455
133,5,867.7871752317973
133,6,860.7425391461172
133,7,854.2129971237423
133,8,848.0909090909091
133,9,842.3115792221829
133,10,836.9820886854409
133,11,832.2524628968873
133,12,828.2727272727273
133,13,825.1625306067436
133,14,822.9200152030287
133,15,821.5129467432545
133,16,820.9090909090909
133,17,820.9914233508429
133,18,821.3037595933522
133,19,821.3051251300944
133,20,820.4545454545455
133,21,818.4768896262482
133,22,816.1604009690165
133,23,814.559166372731
133,24,814.7272727272727
133,25,817.4348249623455
133,26,822.3160001669454
133,27,828.7209934698908
133,28,836.0
133,29,843.5934696152782
133,30,851.3028710904749
133,31,859.0199279295247
133,32,866.6363636363636
133,33,873.8759556674504
133,34,879.7906972893375
133,35,883.2646357211015
133,36,883.1818181818181
133,37,878.9694690785567
133,38,872.2275215703569
133,39,865.0990860042513
133,40,859.7272727272727
133,41,857.6992930183228
133,42,858.3787618837804
133,43,860.5733952618932
133,44,863.0909090909091
133,45,864.974836120879
133,46,866.2119763490667
133,47,867.0249465845392
133,48,867.6363636363636
133,49,868.2081806799793
133,50,868.6596963563167
133,51,868.8495456726771
133,52,868.6363636363636
133,53,868.1199979773851
133,54,868.3651473165766
133,55,870.6777229974796
133,56,876.3636363636364
133,57,886.2606910468439
133,58,899.3342598319229
133,59,914.0816077919496
133,60,929.0
133,61,942.9593969261482
133,62,956.3205406284592
133,63,969.8168685619949
133,64,984.181818181818
133,65,999.8548462485631
133,66,1016.09948674515
133,67,1031.8852929600712
133,68,1046.1818181818182
133,69,1058.1695135341447
133,70,1067.8724214818496
133,71,1075.5254823249934
133,72,1081.3636363636365
133,73,1085.6673837057672
133,74,1088.8994636910877
133,75,1091.568175467228
133,76,1094.1818181818182
133,77,1097.0174857336956
133,78,1099.4274510265268
133,79,1100.5327817151856
133,80,1099.4545454545455
133,81,1095.5084119958142
133,82,1088.788459475533
133,83,1079.583368126576
133,84,1068.1818181818182
133,85,1054.9275594648657
133,86,1040.384620162251
133,87,1025.172098051238
133,88,1009.9090909090908
133,89,995.0782251447232
133,90,980.6162416936456
133,91,966.3234101230178
133,92,952.0
133,93,937.638801319878
133,94,924.0026857904402
133,95,912.0470455476004
134,0,902.7272727272727
134,1,896.6577627575829
134,2,893.0889242355032
134,3,890.9301690502172
134,4,889.0909090909091
134,5,886.673329467972
134,6,883.5507081766383
134,7,879.7890964333491
134,8,875.4545454545455
134,9,870.7469307341648
134,10,866.4014248761257
134,11,863.2870247618418
134,12,862.2727272727273
134,13,863.9795725953683
134,14,868.0367741370411
134,15,873.8255886101931
134,16,880.7272727272727
134,17,888.2325061570887
134,18,896.2696603938922
134,19,904.876529888295
134,20,914.0909090909092
134,21,923.9654027762768
134,22,934.6118570146632
134,23,946.1569282002632
134,24,958.7272727272727
134,25,972.3348600105312
134,26,986.5329115474552
134,27,1000.7599618561064
134,28,1014.4545454545456
134,29,1027.186634454326
134,30,1039.0519513409704
134,31,1050.277656193493
134,32,1061.090909090909
134,33,1071.5009885358015
134,34,1080.6456467250275
134,35,1087.4447542790124
134,36,1090.8181818181818
134,37,1090.1062864024675
134,38,1086.3313708498283
134,39,1080.9362244177298
134,40,1075.3636363636365
134,41,1070.7599453997825
134,42,1067.085688057476
134,43,1064.0049503227956
134,44,1061.1818181818182
134,45,1058.3610342711306
134,46,1055.609967829358
134,47,1053.076644745633
134,48,1050.909090909091
134,49,1049.2163720611495
134,50,1047.9517133523657
134,51,1047.0293797855809
134,52,1046.3636363636365
134,53,1045.9780229388164
134,54,1046.3331787611792
134,55,1047.999017930225
134,56,1051.5454545454545
134,57,1057.3587520926749
134,58,1065.0905716029174
134,59,1074.2089234935197
134,60,1084.1818181818182
134,61,1094.4875368723017
134,62,1104.6454439180595
134,63,1114.1851744593334
134,64,1122.6363636363635
134,65,1129.634282236301
134,66,1135.2367436339346
134,67,1139.607196850965
134,68,1142.909090909091
134,69,1145.3872660006768
134,70,1147.612127000746
134,71,1150.2354699549885
134,72,1153.909090909091
134,73,1159.0425060337193
134,74,1165.0761119994431
134,75,1171.2080256018091
134,76,1176.6363636363635
134,77,1180.6515166826282
134,78,1182.9129704560264
134,79,1183.1724844559567
134,80,1181.1818181818182
134,81,1176.7036999630402
134,82,1169.5447334491785
134,83,1159.522491119818
134,84,1146.4545454545455
134,85,1130.3518652833916
134,86,1111.9990048381685
134,87,1092.3739147011345
134,88,1072.4545454545455
134,89,1053.0607139033934
134,90,1034.3797017436011
134,91,1016.4406568938272
134,92,999.2727272727273
134,93,982.930847284853
134,94,967.5730972783338
134,95,953.3833440871932
135,0,940.5454545454544
135,1,929.2130560481036
135,2,919.4188182339724
135,3,911.1651713028548
135,4,904.4545454545456
135,5,899.2495989772785
135,6,895.3539025130502
135,7,892.5312547922966
135,8,890.5454545454545
135,9,889.2061616791462
135,10,888.5064808047363
135,11,888.4853777097771
135,12,889.1818181818181
135,13,890.6459247606822
135,14,892.9724469952762
135,15,896.2672911867772
135,16,900.6363636363636
135,17,906.1419574599424
135,18,912.6719130323404
135,19,920.0704575431135
135,20,928.181818181818
135,21,936.8203363086388
135,22,945.6808099662712
135,23,954.4281513680412
135,24,962.7272727272727
135,25,970.3835154873216
135,26,977.7639380116652
135,27,985.3760278938132
135,28,993.7272727272727
135,29,1003.273442651166
135,30,1014.2634379870664
135,31,1026.894441602161
135,32,1041.3636363636365
135,33,1057.404816180742
135,34,1072.8982191309783
135,35,1085.260694333907
135,36,1091.909090909091
135,37,1091.2053039895018
135,38,1085.2914127617485
135,39,1077.254542425848
135,40,1070.1818181818182
135,41,1066.4685701339774
135,42,1065.7429480038463
135,43,1066.9413064172472
135,44,1069.0
135,45,1071.031210929133
135,46,1072.8504315865007
135,47,1074.4489819051637
135,48,1075.8181818181818
135,49,1076.9591429676714
135,50,1077.9121438319678
135,51,1078.7272545984622
135,52,1079.4545454545455
135,53,1080.207501291091
135,54,1081.3532658129006
135,55,1083.3223974282605
135,56,1086.5454545454545
135,57,1091.3585791406929
135,58,1097.7202474618837
135,59,1105.4945193248598
135,60,1114.5454545454545
135,61,1124.6536366915925
135,62,1135.2657443395644
135,63,1145.7449798177547
135,64,1155.4545454545455
135,65,1163.9047150020292
135,66,1171.194047907131
135,67,1177.5681750404865
135,68,1183.2727272727273
135,69,1188.5329010275636
135,70,1193.492154941001
135,71,1198.2735132021196
135,72,1203.0
135,73,1207.7108399786257
135,74,1212.1100596015924
135,75,1215.8178857873993
135,76,1218.4545454545455
135,77,1219.6620913306615
135,78,1219.1698793799026
135,79,1216.7290913755564
135,80,1212.090909090909
135,81,1205.0527265169108
135,82,1195.5967865151608
135,83,1183.7515441649214
135,84,1169.5454545454545
135,85,1153.0843889653318
135,86,1134.7838836503634
135,87,1115.1368910556675
135,88,1094.6363636363635
135,89,1073.8043198944888
135,90,1053.27904251975
135,91,1033.7278802487729
135,92,1015.818181818182
135,93,1000.0463428203494
135,94,986.2249462706368
135,95,973.9956220401508
136,0,963.0
136,1,952.9179792786584
136,2,943.5825360340672
136,3,934.8649156815331
136,4,926.6363636363636
136,5,918.849921883198
136,6,911.785818684004
136,7,905.8060788700808
136,8,901.2727272727273
136,9,898.459321824912
136,10,897.2855528662799
136,11,897.5826438381441
136,12,899.1818181818181
136,13,901.9193249080624
136,14,905.651515305422
136,15,910.2397662318888
136,16,915.5454545454544
136,17,921.4301399064746
136,18,927.7561131847592
136,19,934.3858480524824
136,20,941.181818181818
136,21,948.0234677387664
136,22,954.8581228646316
136,23,961.6500801945448
136,24,968.3636363636364
136,25,975.0186027748234
136,26,981.8568499021684
136,27,989.17576298752
136,28,997.2727272727273
136,29,1006.298427980122
136,30,1015.8167502539676
136,31,1025.2448792190114
136,32,1034.0
136,33,1041.547628486507
136,34,1047.546603627415
136,35,1051.7040951364338
136,36,1053.7272727272727
136,37,1053.5849217102136
136,38,1052.2922897818264
136,39,1051.1262402352534
136,40,1051.3636363636365
136,41,1053.827173309002
136,42,1057.5228736089152
136,43,1061.0025916498255
136,44,1062.8181818181818
136,45,1061.9032600537778
136,46,1058.7184885097852
136,47,1054.1062908927174
136,48,1048.909090909091
136,49,1043.966036475886
136,50,1040.103172351945
136,51,1038.143267506577
136,52,1038.909090909091
136,53,1042.9556054063153
136,54,1049.7665493551622
136,55,1058.5578549900647
136,56,1068.5454545454545
136,57,1079.0496100806713
136,58,1089.8079029546786
136,59,1100.6622443513468
136,60,1111.4545454545455
136,61,1122.0206701800903
136,62,1132.172293371577
136,63,1141.7150426045484
136,64,1150.4545454545455
136,65,1158.2043569262414
136,66,1164.8097417408314
136,67,1170.123892048642
136,68,1174.0
136,69,1176.4062202967634
136,70,1177.7705578469167
136,71,1178.635980109975
136,72,1179.5454545454545
136,73,1180.915080068523
136,74,1182.653481416957
136,75,1184.5424147841852
136,76,1186.3636363636365
136,77,1187.88800488369
136,78,1188.8427892125278
136,79,1188.944360753284
136,80,1187.909090909091
136,81,1185.4306276694451
136,82,1181.1117253692948
136,83,1174.532414929952
136,84,1165.2727272727273
136,85,1153.13948443853
136,86,1138.846672946656
136,87,1123.3350704359998
136,88,1107.5454545454545
136,89,1092.140695940072
136,90,1076.6720373895353
136,91,1060.412814689685
136,92,1042.6363636363635
136,93,1022.9994363466368
136,94,1002.6924502224756
136,95,983.2892389870768
137,0,966.3636363636364
137,1,953.0476382188352
137,2,942.7058889932896
137,3,934.2611952710992
137,4,926.6363636363636
137,5,919.0642721416582
137,6,912.0180847134568
137,7,906.2810367467088
137,8,902.6363636363636
137,9,901.5589095781684
137,10,902.2899539710648
137,11,903.7623850147924
137,12,904.9090909090908
137,13,905.0296350002136
137,14,904.8902812204658
137,15,905.6239686486668
137,16,908.3636363636364
137,17,913.9006754209778
137,18,921.6602847834356
137,19,930.7261153905392
137,20,940.181818181818
137,21,949.2866974067846
137,22,958.0026705548828
137,23,966.4673084255396
137,24,974.818181818182
137,25,983.1897508609744
137,26,991.7040329970332
137,27,1000.479934998212
137,28,1009.6363636363636
137,29,1019.1900946038628
137,30,1028.7493792751652
137,31,1037.820337945249
137,32,1045.909090909091
137,33,1052.625154814484
137,34,1057.9916317204863
137,35,1062.1350200389732
137,36,1065.1818181818182
137,37,1067.3277520472925
137,38,1069.0454574792518
137,39,1070.8767978079488
137,40,1073.3636363636365
137,41,1076.7200869963465
137,42,1079.8492656352337
137,43,1081.3265387292306
137,44,1079.7272727272727
137,45,1074.152695421867
137,46,1065.807479979815
137,47,1056.4221609114918
137,48,1047.7272727272727
137,49,1041.0824835889134
137,50,1036.3639962636896
137,51,1033.0771471702571
137,52,1030.7272727272727
137,53,1028.9875406770254
137,54,1028.202444056337
137,55,1028.8843072256618
137,56,1031.5454545454545
137,57,1036.5511605211666
137,58,1043.6785002382353
137,59,1052.5574989270956
137,60,1062.8181818181818
137,61,1074.0819649655814
137,62,1085.9358277179945
137,63,1097.958140247774
137,64,1109.7272727272727
137,65,1120.8795023437797
137,66,1131.2827343443312
137,67,1140.8627809908985
137,68,1149.5454545454545
137,69,1157.2338324774807
137,70,1163.740053086499
137,71,1168.8535198795405
137,72,1172.3636363636365
137,73,1174.2022132008422
137,74,1174.8706896733097
137,75,1175.0129122182127
137,76,1175.2727272727273
137,77,1176.0325988100592
137,78,1176.6294609475362
137,79,1176.1388653385184
137,80,1173.6363636363635
137,81,1168.3761983771028
137,82,1160.3273756274534
137,83,1149.6375923368048
137,84,1136.4545454545455
137,85,1121.0293690451651
137,86,1104.0269456335575
137,87,1086.2155948597167
137,88,1068.3636363636365
137,89,1051.135586805872
137,90,1034.7807509292245
137,91,1019.4446304970552
137,92,1005.2727272727273
137,93,992.3047041858924
137,94,980.1568688313632
137,95,968.3396899702436
138,0,956.3636363636364
138,1,943.9595169051044
138,2,931.73950101805
138,3,920.5360982583336
138,4,911.181818181818
138,5,904.2606372845988
138,6,899.36239982371
138,7,895.8284169964207
138,8,893.0
138,9,890.3743544110458
138,10,888.0722633234737
138,11,886.3704042105284
138,12,885.5454545454545
138,13,885.8385359803091
138,14,887.3485468823953
138,15,890.1388297978298
138,16,894.2727272727273
138,17,899.7786039404455
138,18,906.5449127833082
138,19,914.4251288708804
138,20,923.2727272727273
138,21,932.9604005306362
138,22,943.4377110752812
138,23,954.6734388095582
138,24,966.6363636363636
138,25,979.2547939370098
138,26,992.2951520064764
138,27,1005.4833886181592
138,28,1018.5454545454544
138,29,1031.1241169031423
138,30,1042.52940817154
138,31,1051.98817717235
138,32,1058.7272727272727
138,33,1062.352431632239
138,34,1063.98494258009
138,35,1065.124982237896
138,36,1067.2727272727273
138,37,1071.515872476993
138,38,1077.2921851444637
138,39,1083.6269506942476
138,40,1089.5454545454545
138,41,1094.1806693688793
138,42,1097.096316842056
138,43,1097.963805894205
138,44,1096.4545454545455
138,45,1092.470256865672
138,46,1086.8339111236755
138,47,1080.5987916380236
138,48,1074.8181818181818
138,49,1070.1542122593428
138,50,1065.7044022996054
138,51,1060.175118462792
138,52,1052.2727272727273
138,53,1041.38022364241
138,54,1029.58711604154
138,55,1019.65954132899
138,56,1014.3636363636364
138,57,1015.552165898289
138,58,1021.4244062615086
138,59,1029.2662616757918
138,60,1036.3636363636365
138,61,1040.700885491706
138,62,1043.0561680033354
138,63,1044.9060937860236
138,64,1047.7272727272727
138,65,1052.5846330439767
138,66,1058.896376270605
138,67,1065.6690222710222
138,68,1071.909090909091
138,69,1076.9122868778418
138,70,1081.1310541869716
138,71,1085.3070216753424
138,72,1090.1818181818182
138,73,1096.253435353747
138,74,1103.0453160724185
138,75,1109.837266027608
138,76,1115.909090909091
138,77,1120.5924376162618
138,78,1123.4263178869912
138,79,1124.001584668771
138,80,1121.909090909091
138,81,1116.8739732721156
138,82,1109.1585032887067
138,83,1099.1592362063989
138,84,1087.2727272727273
138,85,1073.9486011134572
138,86,1059.8487598672723
138,87,1045.688175051088
138,88,1032.1818181818182
138,89,1019.8401450013288
138,90,1008.355548151294
138,91,997.2159044983392
138,92,985.9090909090908
138,93,974.0715006994094
138,94,961.9335929820968
138,95,949.8743433191904
139,0,938.2727272727273
139,1,927.4164658373973
139,2,917.2282617385
139,3,907.5395631339896
139,4,898.1818181818181
139,5,889.0992836782751
139,6,880.6874509729934
139,7,873.4546200539422
139,8,867.9090909090909
139,9,864.328444904048
139,10,862.0673889149807
139,11,860.2499111956957
139,12,858.0
139,13,854.7602321600782
139,14,851.2475388216288
139,15,848.4974397087287
139,16,847.5454545454545
139,17,849.0610241829119
139,18,852.249273980322
139,19,855.9492504239345
139,20,859.0
139,21,860.5737961082741
139,22,861.1758198025382
139,23,861.6444790500781
139,24,862.8181818181819
139,25,865.4165186567184
139,26,869.6838104458892
139,27,875.7455606484792
139,28,883.7272727272727
139,29,893.4802997193982
139,30,903.75939295936
139,31,913.0451533560052
139,32,919.818181818182
139,33,923.10546428387
139,34,924.11952680758
139,35,924.6192804729544
139,36,926.3636363636364
139,37,930.536763599667
139,38,936.0238634466834
139,39,941.135395206722
139,40,944.181818181818
139,41,943.9463449538256
139,42,941.103201223868
139,43,936.7993659728852
139,44,932.181818181818
139,45,928.2417770395748
139,46,925.3474225669352
139,47,923.711174992646
139,48,923.5454545454544
139,49,924.883421887874
139,50,927.0411994174818
139,51,929.1556499656214
139,52,930.3636363636364
139,53,930.1407285907468
139,54,929.3173252176828
139,55,929.0625319630498
139,56,930.5454545454544
139,57,934.6502546582288
139,58,941.1213178936056
139,59,949.4180858185432
139,60,959.0
139,61,969.3946164127016
139,62,980.4019486624416
139,63,991.8901247627784
139,64,1003.7272727272727
139,65,1015.693154690964
139,66,1027.2140692748114
139,67,1037.6279492212527
139,68,1046.2727272727273
139,69,1052.683617096169
139,70,1057.1849560564954
139,71,1060.2983624431197
139,72,1062.5454545454545
139,73,1064.3948201061785
139,74,1066.1029246810251
139,75,1067.8732032789962
139,76,1069.909090909091
139,77,1072.27119338821
139,78,1074.4487997648578
139,79,1075.7883698954406
139,80,1075.6363636363635
139,81,1073.455065431892
139,82,1069.1700580777251
139,83,1062.8227489574235
139,84,1054.4545454545455
139,85,1044.2125221569502
139,86,1032.6664224696958
139,87,1020.4916570021386
139,88,1008.3636363636364
139,89,996.7672891221252
139,90,985.425615679856
139,91,973.8711343976588
139,92,961.6363636363636
139,93,948.4512759000036
139,94,934.8356602654258
139,95,921.5067599526806
140,0,909.181818181818
140,1,898.4318686414965
140,2,889.2431068948044
140,3,881.4555189734372
140,4,874.9090909090909
140,5,869.3752268067371
140,6,864.3510030644477
140,7,859.2649141535711
140,8,853.5454545454545
140,9,846.8669400406463
140,10,839.8869717564957
140,11,833.5089721395517
140,12,828.6363636363636
140,13,825.9027516670411
140,14,824.8624735459335
140,15,824.8000495609499
140,16,825.0
140,17,824.9027351093708
140,18,824.5722249688614
140,19,824.2283296166486
140,20,824.0909090909091
140,21,824.3343192591117
140,22,824.9508993058931
140,23,825.8874842451825
140,24,827.0909090909091
140,25,828.6151014905466
140,26,830.9423596257479
140,27,834.662074311712
140,28,840.3636363636364
140,29,848.3828315968843
140,30,858.0410258274784
140,31,868.4059798716061
140,32,878.5454545454545
140,33,887.7058448491891
140,34,895.8480825188839
140,35,903.1117334745912
140,36,909.6363636363636
140,37,915.4159480972692
140,38,919.8620986424412
140,39,922.2408362300288
140,40,921.818181818182
140,41,918.1388854890072
140,42,911.8626138204432
140,43,903.9277625143844
140,44,895.2727272727273
140,45,886.8296463103383
140,46,879.5056278939687
140,47,874.2015228033423
140,48,871.8181818181819
140,49,872.8990633605495
140,50,876.558056421864
140,51,881.5516576358827
140,52,886.6363636363636
140,53,891.0357479747363
140,54,895.8416918731207
140,55,902.613153471308
140,56,912.9090909090908
140,57,927.6127742859592
140,58,944.9047215401984
140,59,962.2897625697932
140,60,977.2727272727273
140,61,988.140995790518
140,62,996.3121492388124
140,63,1003.9863189767916
140,64,1013.3636363636364
140,65,1025.9454016428792
140,66,1040.4375905954616
140,67,1054.8473478866767
140,68,1067.1818181818182
140,69,1075.9935908197838
140,70,1082.0170338338874
140,71,1086.5319599310474
140,72,1090.8181818181818
140,73,1095.8444396234408
140,74,1101.335183159899
140,75,1106.703789661862
140,76,1111.3636363636365
140,77,1114.7706961409988
140,78,1116.5513244356089
140,79,1116.374472330596
140,80,1113.909090909091
140,81,1108.9023212671093
140,82,1101.414064552212
140,83,1091.582411924845
140,84,1079.5454545454545
140,85,1065.5262687905629
140,86,1050.087871900997
140,87,1033.87826633366
140,88,1017.5454545454544
140,89,1001.606239934275
140,90,986.0526296619807
140,91,970.7454318314236
140,92,955.5454545454544
140,93,940.4180896541556
140,94,925.747063996534
140,95,912.0206881588268
141,0,899.7272727272727
141,1,889.215719630921
141,2,880.2772961700659
141,3,872.5638609878145
141,4,865.7272727272727
141,5,859.5471568221611
141,6,854.3142058686567
141,7,850.4468792535514
141,8,848.3636363636364
141,9,848.2859939895258
141,10,849.647698537125
141,11,851.6855538161618
141,12,853.6363636363636
141,13,855.0347194924626
141,14,856.6063636192065
141,15,859.3748259363471
141,16,864.3636363636364
141,17,872.2569462224418
141,18,882.3813924405946
141,19,893.7242333475407
141,20,905.2727272727273
141,21,916.2400524359516
141,22,926.7430666184158
141,23,937.124547491672
141,24,947.7272727272727
141,25,958.7416508519332
141,26,969.7486138130153
141,27,980.1767244130446
141,28,989.4545454545456
141,29,997.1683441563164
141,30,1003.53520540225
141,31,1008.9299184925136
141,32,1013.7272727272727
141,33,1018.242642977347
141,34,1022.553746396166
141,35,1026.6788857078109
141,36,1030.6363636363635
141,37,1034.395174843386
141,38,1037.727081740359
141,39,1040.3545386762432
141,40,1042.0
141,41,1042.5417144672904
141,42,1042.4811084605803
141,43,1042.4754027690342
141,44,1043.1818181818182
141,45,1045.0885354692691
141,46,1048.007575326411
141,47,1051.581918429438
141,48,1055.4545454545455
141,49,1059.2802800192685
141,50,1062.761317506503
141,51,1065.6116962404865
141,52,1067.5454545454545
141,53,1068.4664808172938
141,54,1069.038063738486
141,55,1070.1133420631625
141,56,1072.5454545454545
141,57,1077.0128876206477
141,58,1083.495518448644
141,59,1091.7985718705004
141,60,1101.7272727272727
141,61,1113.0728777910244
141,62,1125.5707715578462
141,63,1138.9423704548358
141,64,1152.909090909091
141,65,1167.0365103061636
141,66,1180.2668498654257
141,67,1191.3864917647018
141,68,1199.1818181818182
141,69,1202.8663082570476
141,70,1203.3618289804515
141,71,1202.017344304539
141,72,1200.1818181818182
141,73,1198.9030862110997
141,74,1198.0244705764037
141,75,1197.088165108051
141,76,1195.6363636363635
141,77,1193.336687807644
141,78,1190.358470532116
141,79,1186.9964725359848
141,80,1183.5454545454545
141,81,1180.0669239219608
141,82,1175.68937456786
141,83,1169.3080470207385
141,84,1159.8181818181818
141,85,1146.4822642317852
141,86,1130.031758469172
141,87,1111.5653734719724
141,88,1092.1818181818182
141,89,1072.8023146054434
141,90,1053.6381370099982
141,91,1034.7230727277354
141,92,1016.0909090909092
141,93,997.8539318918956
141,94,980.4384207635632
141,95,964.3491537989038
142,0,950.0909090909092
142,1,938.0205941906108
142,2,927.903634481204
142,3,919.3575848039218
142,4,912.0
142,5,905.5125549820236
142,6,899.833404947985
142,7,894.9648251672262
142,8,890.9090909090909
142,9,887.6777654267487
142,10,885.3195639086753
142,11,883.8924895271734
142,12,883.4545454545455
142,13,884.101667401891
142,14,886.0815212354962
142,15,889.6797053604442
142,16,895.1818181818181
142,17,902.7479513293237
142,18,912.036169331158
142,19,922.5790299401403
142,20,933.9090909090908
142,21,945.61391364445
142,22,957.501074167144
142,23,969.4331521517208
142,24,981.2727272727273
142,25,992.8276440928762
142,26,1003.6868067275384
142,27,1013.3843841802496
142,28,1021.4545454545456
142,29,1027.601078165864
142,30,1032.206244377249
142,31,1035.821924763646
142,32,1039.0
142,33,1042.3120773345763
142,34,1046.40867030892
142,35,1051.9600190378949
142,36,1059.6363636363635
142,37,1069.694646586738
142,38,1080.7386198416154
142,39,1090.9587377211396
142,40,1098.5454545454545
142,41,1102.1692795002891
142,42,1102.4209412337086
142,43,1100.3712232593653
142,44,1097.090909090909
142,45,1093.5572126848344
142,46,1090.3730697690046
142,47,1088.0478465141273
142,48,1087.090909090909
142,49,1087.671472033102
142,50,1088.5981433266368
142,51,1088.3393793204896
142,52,1085.3636363636365
142,53,1078.7284900918492
142,54,1069.8479932880853
142,55,1060.7253180220962
142,56,1053.3636363636365
142,57,1049.1809028267742
142,58,1047.2542017028418
142,59,1046.0753997274887
142,60,1044.1363636363635
142,61,1040.4960520101458
142,62,1036.4817908096386
142,63,1033.9879978406757
142,64,1034.909090909091
142,65,1040.4819061780972
142,66,1049.312953240422
142,67,1059.3511600461725
142,68,1068.5454545454545
142,69,1075.354022141102
142,70,1080.272078046855
142,71,1084.3040949291803
142,72,1088.4545454545455
142,73,1093.4883688938587
142,74,1099.2123709357948
142,75,1105.19382387347
142,76,1111.0
142,77,1116.1427863743725
142,78,1119.9125291190574
142,79,1121.5441891223954
142,80,1120.2727272727273
142,81,1115.6123606086512
142,82,1108.1943307697943
142,83,1098.9291355460405
142,84,1088.7272727272727
142,85,1078.2557825546578
142,86,1067.2078750744918
142,87,1055.0333027843524
142,88,1041.1818181818182
142,89,1025.364509172717
142,90,1008.3378052958748
142,91,991.119471498368
142,92,974.7272727272727
142,93,960.0063512090204
142,94,947.1113582874636
142,95,936.0243225858115
143,0,926.7272727272727
143,1,919.1370746275658
143,2,912.909943372452
143,3,907.6369313402032
143,4,902.9090909090908
143,5,898.3771684625345
143,6,893.9306864045462
143,7,889.5188611442844
143,8,885.0909090909091
143,9,880.6667515222957
143,10,876.5491291911821
143,11,873.1114877190233
143,12,870.7272727272727
143,13,869.7399163573738
143,14,870.3727968307252
143,15,872.8192788887136
143,16,877.2727272727273
143,17,883.8238671391181
143,18,892.1528653040997
143,19,901.8372489988494
143,20,912.4545454545456
143,21,923.6038196316076
143,22,934.9702874074218
143,23,946.2607023886164
143,24,957.181818181818
143,25,967.503752061724
143,26,977.2500759753036
143,27,986.5077255375948
143,28,995.3636363636364
143,29,1003.8556039396778
143,30,1011.824863236818
143,31,1019.0635090973672
143,32,1025.3636363636365
143,33,1030.5780935432008
143,34,1034.8027438046972
143,35,1038.1942039820265
143,36,1040.909090909091
143,37,1043.121794614792
143,38,1045.0777979080306
143,39,1047.0403567927085
143,40,1049.2727272727273
143,41,1051.7543302703596
143,42,1053.3292463813625
143,43,1052.5577211198663
143,44,1048.0
143,45,1038.9148615764982
143,46,1027.3552165665187
143,47,1016.0725087278254
143,48,1007.818181818182
143,49,1004.617473423648
143,50,1005.5907964434714
143,51,1009.1323576051954
143,52,1013.6363636363636
143,53,1017.6379720016364
143,54,1020.2361431141406
143,55,1020.67078812412
143,56,1018.181818181818
143,57,1012.4371726607152
143,58,1004.8169038272382
143,59,997.1290921710512
143,60,991.181818181818
143,61,988.4073714464124
143,62,988.7348779405434
143,63,991.71767273713
143,64,996.9090909090908
143,65,1003.8353301899992
143,66,1011.9140389560436
143,67,1020.535728244066
143,68,1029.090909090909
143,69,1037.100739611772
143,70,1044.6089662352829
143,71,1051.7899824684243
143,72,1058.8181818181818
143,73,1065.8128477265484
143,74,1072.6728233755537
143,75,1079.2418418822367
143,76,1085.3636363636365
143,77,1090.80553993658
143,78,1095.0292857170482
143,79,1097.4202068208103
143,80,1097.3636363636365
143,81,1094.401072072587
143,82,1088.698670119891
143,83,1080.5787512890672
143,84,1070.3636363636365
143,85,1058.3827854094354
143,86,1044.9942156215704
143,87,1030.563083477466
143,88,1015.4545454545456
143,89,1000.042218107853
143,90,984.733558302917
143,91,969.9444829828864
143,92,956.0909090909092
143,93,943.4909557955158
143,94,932.0715511667609
143,95,921.66182550008
144,0,912.0909090909092
144,1,903.2624246191746
144,2,895.3779643027665
144,3,888.7136127440662
144,4,883.5454545454545
144,5,880.0033798186953
144,6,877.6325007130822
144,7,875.8317348872916
144,8,874.0
144,9,871.6871242878627
144,10,869.0465782994505
144,11,866.3827431613131
144,12,864.0
144,13,862.2722707571264
144,14,861.8516406345701
144,15,863.4597356492742
144,16,867.8181818181819
144,17,875.3161222290859
144,18,885.012768253178
144,19,895.6348483324992
144,20,905.9090909090908
144,21,914.9220471447117
144,22,923.1995590799904
144,23,931.627291475274
144,24,941.0909090909092
144,25,952.0709732829764
144,26,963.4276317904964
144,27,973.6159289482224
144,28,981.0909090909092
144,29,984.8182074506544
144,30,985.8058228489332
144,31,985.5723450045635
144,32,985.6363636363636
144,33,987.3692650962232
144,34,991.5536222683156
144,35,998.8248046698868
144,36,1009.818181818182
144,37,1024.5768912553626
144,38,1040.7751426232587
144,39,1055.494913588616
144,40,1065.8181818181818
144,41,1069.4950448823272
144,42,1066.948079965923
144,43,1059.2679841574668
144,44,1047.5454545454545
144,45,1032.9926451244207
144,46,1017.3075375130496
144,47,1002.3095702360624
144,48,989.818181818182
144,49,981.1480109836268
144,50,975.5944972546064
144,51,971.9482803528284
144,52,969.0
144,53,965.8187200319818
144,54,962.5872007412516
144,55,959.7666265344412
144,56,957.818181818182
144,57,957.0742679793548
144,58,957.3521543258408
144,59,958.34032714577
144,60,959.7272727272727
144,61,961.350117141508
144,62,963.6405455917488
144,63,967.1788830642972
144,64,972.5454545454544
144,65,980.0650361818864
144,66,989.0402087617102
144,67,998.518004233406
144,68,1007.5454545454544
144,69,1015.4238290400372
144,70,1022.471346634138
144,71,1029.2604636384424
144,72,1036.3636363636365
144,73,1044.1373749306929
144,74,1052.074404701738
144,75,1059.451504849187
144,76,1065.5454545454545
144,77,1069.7709894190104
144,78,1072.0946709225468
144,79,1072.6210169648095
144,80,1071.4545454545455
144,81,1068.6650310296284
144,82,1064.1832752444386
144,83,1057.9053363824844
144,84,1049.7272727272727
144,85,1039.6455910079308
144,86,1028.0585917360622
144,87,1015.4650238688894
144,88,1002.3636363636364
144,89,989.16169584774
144,90,975.900539629495
144,91,962.530022687412
144,92,949.0
144,93,935.3496710556554
144,94,921.9756133823208
144,95,909.363749017826
145,0,898.0
145,1,888.2876312932752
145,2,880.2992795684942
145,3,874.0249244231026
145,4,869.4545454545455
145,5,866.4728151348802
145,6,864.5431774346112
145,7,863.0237691988549
145,8,861.2727272727273
145,9,858.8211081672035
145,10,855.8916470566971
145,11,852.8799987814781
145,12,850.1818181818181
145,13,848.2228658326676
145,14,847.5493252476916
145,15,848.7374856752335
145,16,852.3636363636364
145,17,858.7476557748523
145,18,867.1837792252638
145,19,876.7098312448614
145,20,886.3636363636364
145,21,895.459806522469
145,22,904.420103305799
145,23,913.9430757089572
145,24,924.7272727272727
145,25,937.1503340443636
145,26,950.3062620969952
145,27,962.9681500102198
145,28,973.9090909090908
145,29,982.2556186637132
145,30,988.5480301244024
145,31,993.6800628865268
145,32,998.5454545454544
145,33,1003.7945208462378
145,34,1009.1038901326672
145,35,1013.9067688982174
145,36,1017.6363636363636
145,37,1019.8745365876988
145,38,1020.7977729812918
145,39,1020.73121379333
145,40,1020.0
145,41,1018.7257987120574
145,42,1016.216381578529
145,43,1011.5760463830084
145,44,1003.9090909090908
145,45,992.7805072004348
145,46,979.598064340956
145,47,966.230225674636
145,48,954.5454545454544
145,49,945.9618315771128
145,50,940.095906512192
145,51,936.1138463729934
145,52,933.181818181818
145,53,930.64205285475
145,54,928.541036883003
145,55,927.1013206515725
145,56,926.5454545454544
145,57,927.0225138220684
145,58,928.3876732285236
145,59,930.4226323843536
145,60,932.9090909090908
145,61,935.712494129704
145,62,939.0332702029028
145,63,943.1555929928315
145,64,948.3636363636364
145,65,954.7539301136612
145,66,961.672427778048
145,67,968.2774388261382
145,68,973.7272727272727
145,69,977.504739961106
145,70,980.3906550485418
145,71,983.490333520798
145,72,987.9090909090908
145,73,994.434496405552
145,74,1002.5831338459668
145,75,1011.5538407270344
145,76,1020.5454545454544
145,77,1028.8183539621407
145,78,1035.879082294864
145,79,1041.2957240256098
145,80,1044.6363636363635
145,81,1045.4710650186128
145,82,1043.3778097018503
145,83,1037.936558625072
145,84,1028.7272727272727
145,85,1015.6184086906816
145,86,999.6324061704618
145,87,982.0802005650112
145,88,964.2727272727273
145,89,947.383425218661
145,90,932.0357474344833
145,91,918.715650478518
145,92,907.9090909090908
145,93,899.8549927074012
145,94,893.8041495461504
145,95,888.7603225209155
146,0,883.7272727272727
146,1,877.9593880426432
146,2,871.713563471824
146,3,865.4973208014563
146,4,859.8181818181819
146,5,855.0475119402079
146,6,851.0120511120081
146,7,847.4023829096226
146,8,843.9090909090909
146,9,840.299427832889
146,10,836.6473229892346
146,11,833.103374832781
146,12,829.8181818181819
146,13,826.9238108191454
146,14,824.478202385599
146,15,822.5207654865262
146,16,821.0909090909091
146,17,820.1899879814391
146,18,819.6671401956414
146,19,819.3334495847506
146,20,819.0
146,21,818.6756122550983
146,22,819.1600550136528
146,23,821.4508339017444
146,24,826.5454545454545
146,25,834.9569948163492
146,26,845.260821567929
146,27,855.5478738991814
146,28,863.9090909090909
146,29,868.9367493885967
146,30,871.2284768964483
146,31,871.8832386833485
146,32,872.0
146,33,872.3911780838099
146,34,872.7229981190047
146,35,872.3751372765154
146,36,870.7272727272727
146,37,867.4246746397998
146,38,863.1749851729869
146,39,858.9514394833171
146,40,855.7272727272727
146,41,854.0734756297185
146,42,852.9520611890476
146,43,850.9227979720346
146,44,846.5454545454545
146,45,838.831138750417
146,46,828.5963155253684
146,47,817.1087890830903
146,48,805.6363636363636
146,49,795.2795261867955
146,50,786.4694948912969
146,51,779.4701706956043
146,52,774.5454545454545
146,53,771.8405292296735
146,54,771.0257049094438
146,55,771.6525735890377
146,56,773.2727272727273
146,57,775.612618258147
146,58,779.0981400163823
146,59,784.3300463118811
146,60,791.9090909090909
146,61,802.2118386468293
146,62,814.7180986613901
146,63,828.6834911634379
146,64,843.3636363636364
146,65,858.1351976090823
146,66,872.8590107926026
146,67,887.5169549434581
146,68,902.0909090909092
146,69,916.5215186441154
146,70,930.5844945318356
146,71,944.0143140627296
146,72,956.5454545454544
146,73,967.963386905366
146,74,978.2575565345998
146,75,987.4684024419884
146,76,995.6363636363636
146,77,1002.7144223707847
146,78,1008.3057338752196
146,79,1011.9259966238628
146,80,1013.0909090909092
146,81,1011.4530713387676
146,82,1007.2126897827034
146,83,1000.7068724261968
146,84,992.2727272727273
146,85,982.2673263650548
146,86,971.1275979030578
146,87,959.3104341258957
146,88,947.2727272727273
146,89,935.4066004737416
146,90,923.8451004232476
146,91,912.6565047065844
146,92,901.9090909090908
146,93,891.6503058308881
146,94,881.8442731312244
146,95,872.4342856841304
147,0,863.3636363636364
147,1,854.6683125663421
147,2,846.7550797791272
147,3,840.1233980114393
147,4,835.2727272727273
147,5,832.4392279946516
147,6,830.8058622977215
147,7,829.2922927246578
147,8,826.8181818181819
147,9,822.606025455051
147,10,817.0896528481687
147,11,811.0057265444749
147,12,805.0909090909091
147,13,799.9548520033259
147,14,795.6991626732396
147,15,792.2984374610791
147,16,789.7272727272727
147,17,787.9168960770995
147,18,786.6250600952364
147,19,785.5661486112094
147,20,784.4545454545455
147,21,783.1162000519118
147,22,781.8233242185422
147,23,780.9596953668104
147,24,780.9090909090909
147,25,782.0273946243434
147,26,784.558915757868
147,27,788.7200699215493
147,28,794.7272727272727
147,29,802.592403268896
147,30,811.5091945681681
147,31,820.4668431288108
147,32,828.4545454545455
147,33,834.6811173000723
147,34,839.2338514240054
147,35,842.4196598359354
147,36,844.5454545454545
147,37,845.924604803541
147,38,846.89630882672
147,39,847.8062220729024
147,40,849.0
147,41,850.6318271221265
147,42,852.0900041782062
147,43,852.5713609633643
147,44,851.2727272727273
147,45,847.6588821624974
147,46,842.266401733183
147,47,835.8998113463678
147,48,829.3636363636364
147,49,823.3136101369738
147,50,817.810297979971
147,51,812.7654731966187
147,52,808.0909090909091
147,53,803.7130977441522
147,54,799.6174063469335
147,55,795.8039208671572
147,56,792.2727272727273
147,57,789.1734875227808
147,58,787.2541675413858
147,59,787.4123092438433
147,60,790.5454545454545
147,61,797.2690885283611
147,62,807.0704689420687
147,63,819.154796702924
147,64,832.7272727272727
147,65,847.0271470001381
147,66,861.4298657812483
147,67,875.344924399007
147,68,888.1818181818181
147,69,899.5683461983589
147,70,910.0055224783936
147,71,920.212664791958
147,72,930.9090909090908
147,73,942.5417977518812
147,74,954.4684988506332
147,75,965.774586887705
147,76,975.5454545454544
147,77,983.0258264304804
147,78,988.0977548463466
147,79,990.8026240208576
147,80,991.181818181818
147,81,989.3222260716512
147,82,985.4927544912532
147,83,980.0078147561376
147,84,973.181818181818
147,85,965.2804397374592
147,86,956.3744090068226
147,87,946.48571922732
147,88,935.6363636363636
147,89,923.9338558876028
147,90,911.8277912996386
147,91,899.8532856073095
147,92,888.5454545454545
147,93,878.3151026212199
147,94,869.0757894309864
147,95,860.6167633434414
148,0,852.7272727272727
148,1,845.2688018093345
148,2,838.3917782491426
148,3,832.3188655643796
148,4,827.2727272727273
148,5,823.3284401414421
148,6,819.9707339360793
148,7,816.5367516717674
148,8,812.3636363636364
148,9,807.049539897624
148,10,801.2366496429041
148,11,795.8281618394595
148,12,791.7272727272727
148,13,789.5984002680617
148,14,789.1508493104858
148,15,789.8551464249396
148,16,791.1818181818181
148,17,792.6477681210384
148,18,793.9554076606074
148,19,794.8535251880545
148,20,795.0909090909091
148,21,794.5988795205118
148,22,794.0388836834481
148,23,794.2549005501152
148,24,796.0909090909091
148,25,800.1172251605506
148,26,805.8095121510543
148,27,812.3697703387578
148,28,819.0
148,29,825.1097766554677
148,30,830.9389768032441
148,31,836.9350521857624
148,32,843.5454545454545
148,33,850.9763386721244
148,34,858.46867154506
148,35,865.02212319092
148,36,869.6363636363636
148,37,871.7036186560346
148,38,872.1863370165164
148,39,872.4395232323758
148,40,873.8181818181819
148,41,877.1807776128277
148,42,881.3996167525119
148,43,884.8504656977583
148,44,885.9090909090909
148,45,883.4511118017455
148,46,878.3515596098003
148,47,871.9853185220462
148,48,865.7272727272727
148,49,860.6227297256456
148,50,856.398690262832
148,51,852.4525783958753
148,52,848.1818181818181
148,53,843.0949011138542
148,54,837.1445884297805
148,55,830.3947088035434
148,56,822.9090909090909
148,57,814.9990862734829
148,58,807.9661378362288
148,59,803.3592113899514
148,60,802.7272727272727
148,61,807.17579924676
148,62,816.0363147707591
148,63,828.1968547275605
148,64,842.5454545454545
148,65,858.078966739477
148,66,874.2295121716438
148,67,890.538028790716
148,68,906.5454545454544
148,69,921.8449815226046
148,70,936.2388183608474
148,71,949.5814278368484
148,72,961.7272727272727
148,73,972.5794594428316
148,74,982.2356689304208
148,75,990.8422257709811
148,76,998.5454545454544
148,77,1005.3570670697046
148,78,1010.7503240992876
148,79,1014.0638736246808
148,80,1014.6363636363636
148,81,1012.0093177328948
148,82,1006.5357619451568
148,83,998.7715979121132
148,84,989.2727272727273
148,85,978.5275369987164
148,86,966.7543553928128
148,87,954.103996090503
148,88,940.7272727272727
148,89,926.8464433631488
148,90,912.9695437563192
148,91,899.6760540895117
148,92,887.5454545454545
148,93,876.9758940941425
148,94,867.6401968546378
148,95,859.0298557332685
149,0,850.6363636363636
149,1,842.12213935119
149,2,833.8333051887665
149,3,826.2869093410504
149,4,820.0
149,5,815.3466280465524
149,6,812.128855117569
149,7,810.0057455388923
149,8,808.6363636363636
149,9,807.7910643716918
149,10,807.6853652500486
149,11,808.646074412472
149,12,811.0
149,13,815.0075803757715
149,14,820.6637747913276
149,15,827.8971727203111
149,16,836.6363636363636
149,17,846.7681027615862
149,18,858.0118083119133
149,19,870.0450642517382
149,20,882.5454545454545
149,21,895.1813722142476
149,22,907.5844465064732
149,23,919.3771157272809
149,24,930.181818181818
149,25,939.7223174723324
149,26,948.1276783894648
149,27,955.628291020956
149,28,962.4545454545456
149,29,968.785891987332
149,30,974.5980217538486
149,31,979.8156860979864
149,32,984.3636363636364
149,33,988.298887305612
149,34,992.2075073224136
149,35,996.807828223463
149,36,1002.818181818182
149,37,1010.5512292447648
149,38,1018.696948956497
149,39,1025.5396487354349
149,40,1029.3636363636365
149,41,1028.9550025335104
149,42,1025.1069695788724
149,43,1019.1145427438888
149,44,1012.2727272727273
149,45,1005.6898401666484
149,46,999.7274454552876
149,47,994.5604189253736
149,48,990.3636363636364
149,49,987.2586481635328
149,50,985.1537031454328
149,51,983.9037247364344
149,52,983.3636363636364
149,53,983.360794451948
149,54,983.6122874175272
149,55,983.8076366743426
149,56,983.6363636363636
149,57,982.9132308468568
149,58,981.953965366277
149,59,981.1995353843772
149,60,981.0909090909092
149,61,981.967816251534
149,62,983.7650329355466
149,63,986.3160967881493
149,64,989.4545454545456
149,65,993.0521518742796
149,66,997.133630164264
149,67,1001.7619297357528
149,68,1007.0
149,69,1012.8661898877112
149,70,1019.2004464073976
149,71,1025.7981160870213
149,72,1032.4545454545455
149,73,1038.987349938512
149,74,1045.303220569782
149,75,1051.3311172797976
149,76,1057.0
149,77,1062.1545808127871
149,78,1066.3025804043832
149,79,1068.8674716119697
149,80,1069.2727272727273
149,81,1067.047735901249
149,82,1062.1455487217756
149,83,1054.62513263596
149,84,1044.5454545454545
149,85,1032.128907400399
149,86,1018.2515883448776
149,87,1003.9530205714636
149,88,990.2727272727273
149,89,977.9650435880648
149,90,966.6435524441677
149,91,955.6366487145496
149,92,944.2727272727273
149,93,932.0918841564326
149,94,919.481020060271
149,95,907.0387368430644
150,0,895.3636363636364
150,1,884.9529311498405
150,2,875.8982764056582
150,3,868.189938004101
150,4,861.8181818181819
150,5,856.7157094260227
150,6,852.5849652261873
150,7,849.0708293223491
150,8,845.8181818181819
150,9,842.6174697824318
150,10,839.8414081441377
150,11,838.0082787974112
150,12,837.6363636363636
150,13,839.1439568987952
150,14,842.5494021972615
150,15,847.7710554880058
150,16,854.7272727272727
150,17,863.28397534966
150,18,873.0973467031807
150,19,883.7711356142022
150,20,894.9090909090909
150,21,906.2343462480192
150,22,917.9475746263792
150,23,930.3688338733676
150,24,943.818181818182
150,25,958.5257987491716
150,26,974.362354791302
150,27,991.1086425286904
150,28,1008.5454545454544
150,29,1026.3343337552933
150,30,1043.6598243902308
150,31,1059.5872210118705
150,32,1073.1818181818182
150,33,1083.7050480478358
150,34,1091.2028931023203
150,35,1095.9174734238266
150,36,1098.090909090909
150,37,1098.0599626897265
150,38,1096.5399668368514
150,39,1094.340896656459
150,40,1092.2727272727273
150,41,1090.9386239205307
150,42,1090.1145122775474
150,43,1089.369508132154
150,44,1088.2727272727273
150,45,1086.577587082695
150,46,1084.7747113256855
150,47,1083.5390253603791
150,48,1083.5454545454545
150,49,1085.089095930508
150,50,1086.9457333288003
150,51,1087.5113222445111
150,52,1085.1818181818182
150,53,1078.8117678316378
150,54,1069.090082631839
150,55,1057.1642652070304
150,56,1044.1818181818182
150,57,1031.291673652032
150,58,1019.6484815983868
150,59,1010.4083214728216
150,60,1004.7272727272727
150,61,1003.3184125602352
150,62,1005.1228091564304
150,63,1008.638528447138
150,64,1012.3636363636364
150,65,1015.15910792521
150,66,1017.337554503164
150,67,1019.5744965568092
150,68,1022.5454545454544
150,69,1026.7369171025612
150,70,1031.879245558186
150,71,1037.513769416536
150,72,1043.1818181818182
150,73,1048.5523145736367
150,74,1053.8045541731835
150,75,1059.2454257770476
150,76,1065.1818181818182
150,77,1071.656097330165
150,78,1077.652537749081
150,79,1081.8908911116378
150,80,1083.090909090909
150,81,1080.3076711057026
150,82,1073.9375675577662
150,83,1064.712316594583
150,84,1053.3636363636365
150,85,1040.604695519752
150,86,1027.0744647471274
150,87,1013.3933652373028
150,88,1000.181818181818
150,89,987.8843422698347
150,90,976.2418461809972
150,91,964.81933609257
150,92,953.181818181818
150,93,941.0539581281812
150,94,928.7990596197932
150,95,916.9400858469636
151,0,906.0
151,1,896.378518399259
151,2,887.982369885284
151,3,880.5950364286673
151,4,874.0
151,5,867.9987296384203
151,6,862.4646426572527
151,7,857.2891434383677
151,8,852.3636363636364
151,9,847.7046880470597
151,10,843.8295140311601
151,11,841.3804920905891
151,12,841.0
151,13,843.1697340824313
151,14,847.7286648544709
151,15,854.355081381093
151,16,862.7272727272727
151,17,872.4856938050332
151,18,883.1194629145928
151,19,894.07986420322
151,20,904.818181818182
151,21,914.9130588792544
151,22,924.4525743962485
151,23,933.6521663514818
151,24,942.7272727272727
151,25,951.9117865870392
151,26,961.513421318595
151,27,971.8583453908532
151,28,983.2727272727273
151,29,995.9170674998612
151,30,1009.289194874826
151,31,1022.7212702669228
151,32,1035.5454545454545
151,33,1047.1983525044243
151,34,1057.5343446366462
151,35,1066.512255359636
151,36,1074.090909090909
151,37,1080.153158846077
151,38,1084.2779720331343
151,39,1085.9683446581696
151,40,1084.7272727272727
151,41,1080.4787848385397
151,42,1074.8310399580898
151,43,1069.8132296440494
151,44,1067.4545454545455
151,45,1068.9388040724928
151,46,1072.068322679962
151,47,1073.800043583814
151,48,1071.090909090909
151,49,1061.8952602351274
151,50,1048.1570329584265
151,51,1032.8175619297856
151,52,1018.818181818182
151,53,1008.4943595324536
151,54,1001.7580909408774
151,55,997.91550415159
151,56,996.2727272727273
151,57,996.1372448168768
151,58,996.821966914427
151,59,997.6411601002184
151,60,997.9090909090908
151,61,997.1881952909498
151,62,996.0335868559608
151,63,995.2485486293548
151,64,995.6363636363636
151,65,997.7321331102338
151,66,1000.998231116276
151,67,1004.6288499278164
151,68,1007.818181818182
151,69,1010.090658631752
151,70,1012.2916704971176
151,71,1015.5968471139252
151,72,1021.181818181818
151,73,1029.8256869082136
151,74,1040.7214505316156
151,75,1052.665579798301
151,76,1064.4545454545455
151,77,1074.9489232808485
151,78,1083.2657091946007
151,79,1088.5860041474164
151,80,1090.090909090909
151,81,1087.2450972411198
151,82,1080.647530871799
151,83,1071.1807445211243
151,84,1059.7272727272727
151,85,1047.070687754672
151,86,1033.5987127727485
151,87,1019.6001086771774
151,88,1005.3636363636364
151,89,991.1738562856466
151,90,977.2985271281168
151,91,964.001207133801
151,92,951.5454545454544
151,93,940.1046257391048
151,94,929.4912696238752
151,95,919.4277332421626
152,0,909.6363636363636
152,1,899.9346293942976
152,2,890.5204852854731
152,3,881.6870076248215
152,4,873.7272727272727
152,5,866.8741862291589
152,6,861.1199710524136
152,7,856.3966794403703
152,8,852.6363636363636
152,9,849.8285688708845
152,10,848.1928123230541
152,11,848.0061041591512
152,12,849.5454545454545
152,13,852.9677882873028
152,14,857.9496887462789
152,15,864.0476539230243
152,16,870.8181818181819
152,17,877.9266984344486
152,18,885.4743417827395
152,19,893.6711778760243
152,20,902.7272727272727
152,21,912.7501338839936
152,22,923.4370350318538
152,23,934.38269139106
152,24,945.181818181818
152,25,955.5258910295772
152,26,965.4934271807542
152,27,975.2597042870088
152,28,985.0
152,29,994.7485747249706
152,30,1003.9756198814932
152,31,1012.010309642724
152,32,1018.181818181818
152,33,1022.001116888722
152,34,1023.7063660205456
152,35,1023.7175230511864
152,36,1022.4545454545456
152,37,1020.2853099928676
152,38,1017.3693705817803
152,39,1013.8142004252576
152,40,1009.7272727272727
152,41,1005.1488363216264
152,42,999.8502425614244
152,43,993.5356184296016
152,44,985.9090909090908
152,45,976.889231084265
152,46,967.2523864452498
152,47,957.9893485836096
152,48,950.0909090909092
152,49,944.2303188867684
152,50,939.8106662030308
152,51,935.917498599596
152,52,931.6363636363636
152,53,926.3812547322984
152,54,920.8799487426272
152,55,916.1886683816424
152,56,913.3636363636364
152,57,913.2361394567656
152,58,915.7377206446416
152,59,920.5749869647432
152,60,927.4545454545456
152,61,936.0832783497312
152,62,946.1691686788048
152,63,957.420474668476
152,64,969.5454545454544
152,65,982.1892698715826
152,66,994.74469554923
152,67,1006.5414098158988
152,68,1016.9090909090908
152,69,1025.412483073029
152,70,1032.5565945788208
152,71,1039.0814997042926
152,72,1045.7272727272727
152,73,1053.052843290846
152,74,1060.892562499124
152,75,1068.8996368214766
152,76,1076.7272727272727
152,77,1083.9670528544966
152,78,1089.9640645155926
152,79,1094.0017711916196
152,80,1095.3636363636365
152,81,1093.5178657457127
152,82,1088.67163398396
152,83,1081.2168579575
152,84,1071.5454545454545
152,85,1060.0793818899251
152,86,1047.360763184931
152,87,1033.9617628874717
152,88,1020.4545454545456
152,89,1007.2825044218596
152,90,994.373949639952
152,91,981.5284200380684
152,92,968.5454545454544
152,93,955.2920208771822
152,94,941.9048018916249
152,95,928.5879092329824
153,0,915.5454545454544
153,1,902.982650705776
153,2,891.1091155208214
153,3,880.1355680300018
153,4,870.2727272727273
153,5,861.6907285724418
153,6,854.3973723887254
153,7,848.3598754651917
153,8,843.5454545454545
153,9,839.876594095366
153,10,837.0968494697314
153,11,834.905043745595
153,12,833.0
153,13,831.170792773367
153,14,829.5675024596211
153,15,828.4304609160652
153,16,828.0
153,17,828.381996174803
153,18,829.1445043281473
153,19,829.7211239537818
153,20,829.5454545454545
153,21,828.2671316183307
153,22,826.3999347732444
153,23,824.6736796324443
153,24,823.8181818181819
153,25,824.4741932609649
153,26,826.9262111243312
153,27,831.3696688800775
153,28,838.0
153,29,846.658538519629
153,30,855.7702207294318
153,31,863.4058834836095
153,32,867.6363636363636
153,33,867.1373912968829
153,34,863.0042695943055
153,35,856.9371949127573
153,36,850.6363636363636
153,37,845.4154758382938
153,38,841.0422463478917
153,39,836.8978936835432
153,40,832.3636363636364
153,41,826.9847962590321
153,42,820.963108650492
153,43,814.6644121712511
153,44,808.4545454545455
153,45,802.7277254892134
153,46,797.9916826865043
153,47,794.7825258132704
153,48,793.6363636363636
153,49,794.8940745113869
153,50,798.1156151489454
153,51,802.6657118483948
153,52,807.9090909090909
153,53,813.3905787379662
153,54,819.3754021722598
153,55,826.3088881567869
153,56,834.6363636363636
153,57,844.6402014458392
153,58,855.9509579801983
153,59,868.0362355244579
153,60,880.3636363636364
153,61,892.5542972968585
153,62,904.8434931796752
153,63,917.6200333817458
153,64,931.2727272727273
153,65,946.0105070939998
153,66,961.322796573828
153,67,976.5191423121964
153,68,990.9090909090908
153,69,1003.9349243271422
153,70,1015.5698659795594
153,71,1025.9198746421969
153,72,1035.090909090909
153,73,1043.1759319610685
153,74,1050.2159213261175
153,75,1056.238859119017
153,76,1061.2727272727273
153,77,1065.2675978285845
153,78,1067.8619032614258
153,79,1068.6161661544631
153,80,1067.090909090909
153,81,1062.9923130882298
153,82,1056.6091929009074
153,83,1048.3760217176764
153,84,1038.7272727272727
153,85,1028.0472407275868
153,86,1016.5195069531272
153,87,1004.277474247559
153,88,991.4545454545456
153,89,978.2136103650598
153,90,964.8355065593108
153,91,951.6305585648151
153,92,938.9090909090908
153,93,926.9122382667192
153,94,915.6043759005393
153,95,904.8806892204528
154,0,894.6363636363636
154,1,884.7851638407901
154,2,875.3151716567147
154,3,866.2330481897367
154,4,857.5454545454545
154,5,849.2723904610299
154,6,841.4872101998745
154,7,834.2766066569642
154,8,827.7272727272727
154,9,821.9249902241816
154,10,816.9518966346951
154,11,812.8892183642251
154,12,809.8181818181819
154,13,807.749239551335
154,14,806.4097487158895
154,15,805.4562926134081
154,16,804.5454545454545
154,17,803.44310838866
154,18,802.3522903199286
154,19,801.5853270912329
154,20,801.4545454545455
154,21,802.1700882576614
154,22,803.533362731669
154,23,805.243592203478
154,24,807.0
154,25,808.7728453988759
154,26,811.616531480669
154,27,816.856497276673
154,28,825.8181818181819
154,29,839.1035869650168
154,30,854.4209658911099
154,31,868.7551345989207
154,32,879.0909090909091
154,33,883.346897650148
154,34,883.1768776821644
154,35,881.1684188730983
154,36,879.9090909090909
154,37,881.2275724343913
154,38,883.9169779256877
154,39,886.0115308177762
154,40,885.5454545454545
154,41,881.1462217031954
154,42,873.8143015241764
154,43,865.143412401251
154,44,856.7272727272727
154,45,849.7954952982815
154,46,844.1212705230614
154,47,839.1136832135835
154,48,834.1818181818181
154,49,828.9090130127698
154,50,823.5756163835775
154,51,818.636229744415
154,52,814.5454545454545
154,53,811.7630549233666
154,54,810.7694457608096
154,55,812.0502046269386
154,56,816.0909090909091
154,57,823.2518354755816
154,58,833.3920551186384
154,59,846.2453381114669
154,60,861.5454545454545
154,61,878.9469327197613
154,62,897.7873337646369
154,63,917.3249770181028
154,64,936.818181818182
154,65,955.640831372646
154,66,973.6290643682688
154,67,990.7345833615756
154,68,1006.9090909090908
154,69,1022.0636054260196
154,70,1035.9464087622882
154,71,1048.2650986265037
154,72,1058.7272727272727
154,73,1067.13457646873
154,74,1073.6648460371237
154,75,1078.5899653142278
154,76,1082.1818181818182
154,77,1084.6154182445136
154,78,1085.6782979983084
154,79,1085.0611196620398
154,80,1082.4545454545455
154,81,1077.6196596441237
154,82,1070.5992346969151
154,83,1061.5064651285222
154,84,1050.4545454545455
154,85,1037.6275340880827
154,86,1023.492945032212
154,87,1008.5891561875084
154,88,993.4545454545456
154,89,978.5477608217276
154,90,964.0085306287816
154,91,949.8968533032626
154,92,936.2727272727273
154,93,923.1998885340972
154,94,910.7570233617532
154,95,899.0265555994418
155,0,888.0909090909091
155,1,878.0418895873382
155,2,869.00883046966
155,3,861.1304470262428
155,4,854.5454545454545
155,5,849.3356781165504
155,6,845.3553820323342
155,7,842.401940386496
155,8,840.2727272727273
155,9,838.7901138555513
155,10,837.8764595828222
155,11,837.4791209732276
155,12,837.5454545454545
155,13,838.1246050976083
155,14,839.672870545468
155,15,842.7483370842299
155,16,847.9090909090909
155,17,855.4998180267422
155,18,865.0116036898512
155,19,875.7221329625802
155,20,886.9090909090909
155,21,898.042315977241
155,22,909.3602601496724
155,23,921.293528792722
155,24,934.2727272727273
155,25,948.6050657915662
155,26,964.1041738932778
155,27,980.4602859574414
155,28,997.3636363636364
155,29,1014.5132731292211
155,30,1031.643498822671
155,31,1048.4974296502398
155,32,1064.8181818181818
155,33,1080.296387146094
155,34,1094.4127399069473
155,35,1106.595449987054
155,36,1116.2727272727273
155,37,1122.9915191954924
155,38,1126.7737233677217
155,39,1127.759974946999
155,40,1126.090909090909
155,41,1122.0727633446631
155,42,1116.6741848039846
155,43,1111.029422952222
155,44,1106.2727272727273
155,45,1103.0966887894904
155,46,1100.427264689068
155,47,1096.748753698657
155,48,1090.5454545454545
155,49,1080.8600837701017
155,50,1068.969029167016
155,51,1056.7070963440583
155,52,1045.909090909091
155,53,1037.9104193119208
155,54,1032.0488913701408
155,55,1027.1629177432906
155,56,1022.0909090909092
155,57,1016.008182164034
155,58,1009.437678079694
155,59,1003.2392440464162
155,60,998.2727272727273
155,61,995.2017383955798
155,62,993.9049417656288
155,63,994.0647651619544
155,64,995.3636363636364
155,65,997.5073074354644
155,66,1000.2948275850636
155,67,1003.5485703057674
155,68,1007.0909090909092
155,69,1010.8329523171072
155,70,1015.0407478941174
155,71,1020.0690786149776
155,72,1026.2727272727273
155,73,1033.8412810233783
155,74,1042.303544474831
155,75,1051.0231265979592
155,76,1059.3636363636365
155,77,1066.6811849530168
155,78,1072.3018923883772
155,79,1075.5443809022763
155,80,1075.7272727272727
155,81,1072.397047346374
155,82,1066.0116132443875
155,83,1057.256736156571
155,84,1046.8181818181818
155,85,1035.317273388761
155,86,1023.117563724982
155,87,1010.5181631078032
155,88,997.818181818182
155,89,985.1406772804014
155,90,971.9044954920485
155,91,957.3524295940344
155,92,940.7272727272727
155,93,921.6953015805428
155,94,901.6167270340978
155,95,882.2752435160583
156,0,865.4545454545455
156,1,852.5156163974275
156,2,843.1285963715608
156,3,836.5409145235503
156,4,832.0
156,5,828.8132555570209
156,6,826.5279783887498
156,7,824.7514392988313
156,8,823.0909090909091
156,9,821.2853386472171
156,10,819.6003991643491
156,11,818.4334419174884
156,12,818.1818181818181
156,13,819.2059012177469
156,14,821.7181522265809
156,15,825.894054394852
156,16,831.9090909090909
156,17,839.7674769363409
156,18,848.7883555656906
156,19,858.1196018667407
156,20,866.9090909090909
156,21,874.5835660368896
156,22,881.6852436924746
156,23,889.0352085927316
156,24,897.4545454545455
156,25,907.3741111888278
156,26,917.663851482592
156,27,926.8034842168788
156,28,933.2727272727273
156,29,936.1912960259816
156,30,937.238895831702
156,31,938.7352295397532
156,32,943.0
156,33,951.737125161792
156,34,964.1873833724188
156,35,978.975768078654
156,36,994.7272727272727
156,37,1010.0334987813956
156,38,1023.3524797695324
156,39,1033.1088572365393
156,40,1037.7272727272727
156,41,1036.2425160762614
156,42,1030.1299702767244
156,43,1021.475166611552
156,44,1012.3636363636364
156,45,1004.4268346408312
156,46,997.4799118508432
156,47,990.8839422263428
156,48,984.0
156,49,976.503270360414
156,50,969.325382319903
156,51,963.7120758467132
156,52,960.9090909090908
156,53,961.6495725538748
156,54,964.6162861422716
156,55,967.9794021140774
156,56,969.9090909090908
156,57,969.1768485149946
156,58,966.9594731110112
156,59,965.03508842425
156,60,965.181818181818
156,61,968.6828061134196
156,62,974.8412759591372
156,63,982.46547146165
156,64,990.3636363636364
156,65,997.5933474858728
156,66,1004.20951396153
156,67,1010.5163780018764
156,68,1016.818181818182
156,69,1023.3656789430894
156,70,1030.1956681947431
156,71,1037.291459712662
156,72,1044.6363636363635
156,73,1052.1555844690424
156,74,1059.5419041685889
156,75,1066.429999056568
156,76,1072.4545454545455
156,77,1077.2378354534687
156,78,1080.3526242218115
156,79,1081.359282697431
156,80,1079.8181818181818
156,81,1075.448471444356
156,82,1068.6044171259834
156,83,1059.7990633355278
156,84,1049.5454545454545
156,85,1038.2893014963804
156,86,1026.2069800015288
156,87,1013.4075321422766
156,88,1000.0
156,89,986.1500043883052
156,90,972.2494810497196
156,91,958.7469444590016
156,92,946.0909090909092
156,93,934.5950559503992
156,94,924.0337321632284
156,95,914.0464513853524
157,0,904.2727272727273
157,1,894.478294537371
157,2,884.9337721155491
157,3,876.0359999995889
157,4,868.1818181818181
157,5,861.6636409001167
157,6,856.3561793745756
157,7,852.0297190708375
157,8,848.4545454545455
157,9,845.4836191348887
157,10,843.3006012952393
157,11,842.171828262516
157,12,842.3636363636364
157,13,844.1064280148738
157,14,847.4868699899213
157,15,852.5556951518262
157,16,859.3636363636364
157,17,867.9017483510702
157,18,877.9223732905301
157,19,889.1181752210883
157,20,901.181818181818
157,21,913.7510672172084
157,22,926.2440913934132
157,23,938.0241607820018
157,24,948.4545454545456
157,25,957.0485282346418
157,26,963.919442954
157,27,969.3306361963585
157,28,973.5454545454544
157,29,976.8715812078616
157,30,979.794045881496
157,31,982.8422148871095
157,32,986.5454545454544
157,33,991.293271933912
157,34,996.9157371563792
157,35,1003.1030610733848
157,36,1009.5454545454544
157,37,1015.8715242383092
157,38,1021.4634600384408
157,39,1025.6418476375334
157,40,1027.7272727272727
157,41,1027.3740402037602
157,42,1025.571331780767
157,43,1023.6420483764812
157,44,1022.9090909090908
157,45,1024.2800422193775
157,46,1027.001212838492
157,47,1029.9035952201784
157,48,1031.8181818181818
157,49,1031.78704091873
157,50,1029.6965441379923
157,51,1025.6441389246222
157,52,1019.7272727272727
157,53,1012.108725923884
157,54,1003.2126106095388
157,55,993.5283718086058
157,56,983.5454545454544
157,57,973.834873567552
157,58,965.293922514762
157,59,958.9014647500452
157,60,955.6363636363636
157,61,956.037575260453
157,62,958.8844266041416
157,63,962.516337373032
157,64,965.2727272727273
157,65,966.0148253906368
157,66,965.6910983413997
157,67,965.7718221214624
157,68,967.7272727272727
157,69,972.707100449728
157,70,980.5784527575338
157,71,990.8878514138448
157,72,1003.181818181818
157,73,1016.912454628632
157,74,1031.1541815375567
157,75,1044.886999495885
157,76,1057.090909090909
157,77,1066.9158083084706
157,78,1074.191184728603
157,79,1078.9164233298884
157,80,1081.090909090909
157,81,1080.7282894102132
157,82,1077.8992613662138
157,83,1072.6887844572889
157,84,1065.1818181818182
157,85,1055.4835340506768
157,86,1043.7799516247248
157,87,1030.2773024773198
157,88,1015.181818181818
157,89,998.8049039325346
157,90,981.8786594076138
157,91,965.2403579061591
157,92,949.7272727272727
157,93,935.9474184010032
157,94,923.5917743811827
157,95,912.1220613525892
158,0,901.0
158,1,889.8486042816344
158,2,878.9360612494734
158,3,868.6918512289394
158,4,859.5454545454545
158,5,851.828619017914
158,6,845.4821624391057
158,7,840.3491700952898
158,8,836.2727272727273
158,9,833.1607832830731
158,10,831.1807435395589
158,11,830.5648774808109
158,12,831.5454545454545
158,13,834.2810887588846
158,14,838.6357724935679
158,15,844.3998427087402
158,16,851.3636363636364
158,17,859.2674184995705
158,18,867.6511664861694
158,19,876.0047857751382
158,20,883.8181818181819
158,21,890.7841804246513
158,22,897.4072888344813
158,23,904.3949346452524
158,24,912.4545454545456
158,25,922.1185870745516
158,26,933.2196781759056
158,27,945.4154756438523
158,28,958.3636363636364
158,29,971.620732640778
158,30,984.3389984618966
158,31,995.5695832338846
158,32,1004.3636363636364
158,33,1010.1016073623356
158,34,1013.4811461583266
158,35,1015.5292027842454
158,36,1017.2727272727273
158,37,1019.3180083644256
158,38,1020.5886896320694
158,39,1019.5877533564058
158,40,1014.818181818182
158,41,1005.3777796345072
158,42,992.7436407679407
158,43,978.987681517404
158,44,966.181818181818
158,45,955.869736733909
158,46,947.482201841622
158,47,939.9217478467054
158,48,932.0909090909092
158,49,923.2341825207648
158,50,913.9639155019354
158,51,905.2344180048652
158,52,898.0
158,53,893.0387036375763
158,54,890.4234997870008
158,55,890.0510914974698
158,56,891.8181818181819
158,57,895.5769120198379
158,58,901.0011762591532
158,59,907.7203069143466
158,60,915.3636363636364
158,61,923.666432373981
158,62,932.787704267296
158,63,942.9923967542356
158,64,954.5454545454544
158,65,967.5144607569651
158,66,981.1775521262084
158,67,994.615503795984
158,68,1006.9090909090908
158,69,1017.4078268708864
158,70,1026.536178136961
158,71,1034.9873494254646
158,72,1043.4545454545455
158,73,1052.4408794867622
158,74,1061.6890989623107
158,75,1070.7518598657946
158,76,1079.1818181818182
158,77,1086.541723363882
158,78,1092.434698741069
158,79,1096.473961111358
158,80,1098.2727272727273
158,81,1097.5129656940735
158,82,1094.151651527959
158,83,1088.214511597865
158,84,1079.7272727272727
158,85,1068.8609593143706
158,86,1056.3677860561854
158,87,1043.1452652244527
158,88,1030.090909090909
158,89,1017.8471743211722
158,90,1006.036295156391
158,91,994.025450231596
158,92,981.181818181818
158,93,967.1068774918494
158,94,952.339306045524
158,95,937.6520815764364
159,0,923.818181818182
159,1,911.4426452568842
159,2,900.4587533887861
159,3,890.6318484626584
159,4,881.7272727272727
159,5,873.5969732987949
159,6,866.4393167629679
159,7,860.53927457293
159,8,856.1818181818181
159,9,853.5671888206634
159,10,852.5567068320687
159,11,852.9269623365309
159,12,854.4545454545455
159,13,856.9510327821877
159,14,860.3679468178472
159,15,864.6917965354919
159,16,869.9090909090909
159,17,875.969589141495
159,18,882.676051351088
159,19,889.7944878851372
159,20,897.0909090909091
159,21,904.3922015609238
159,22,911.7687568687106
159,23,919.3518428330508
159,24,927.2727272727273
159,25,935.7442750693554
159,26,945.3057393558884
159,27,956.5779703281136
159,28,970.181818181818
159,29,986.3025731616548
159,30,1003.3832857077356
159,31,1019.4314463090402
159,32,1032.4545454545455
159,33,1041.1349209203893
159,34,1046.8542996313497
159,35,1051.6692557993622
159,36,1057.6363636363635
159,37,1066.0355840658776
159,38,1075.0404248577747
159,39,1082.0477804935117
159,40,1084.4545454545455
159,41,1080.562231452463
159,42,1072.29081911937
159,43,1062.4649063175004
159,44,1053.909090909091
159,45,1048.661512851543
159,46,1045.6144804829282
159,47,1042.8738442364863
159,48,1038.5454545454545
159,49,1031.2661489595466
159,50,1021.7967134943708
159,51,1011.4289212820096
159,52,1001.4545454545456
159,53,992.9429254011792
159,54,986.0736655395876
159,55,980.803936544566
159,56,977.0909090909092
159,57,974.7732289811906
159,58,973.2154425290964
159,59,971.6635711760904
159,60,969.3636363636364
159,61,965.920124583149
159,62,962.3713825258452
159,63,960.1142219328914
159,64,960.5454545454544
159,65,964.644284049849
159,66,971.719481912978
159,67,980.6622115468904
159,68,990.3636363636364
159,69,999.9132505810902
159,70,1009.1938716404246
159,71,1018.286647788638
159,72,1027.2727272727273
159,73,1036.1899295348817
159,74,1044.9027587980506
159,75,1053.2323904803764
159,76,1061.0
159,77,1067.9804403702935
159,78,1073.7632749855543
159,79,1077.8917448353104
159,80,1079.909090909091
159,81,1079.4437067112171
159,82,1076.4645958051865
159,83,1071.0259142692896
159,84,1063.1818181818182
159,85,1053.1012668757471
159,86,1041.4124327027916
159,87,1028.858291269349
159,88,1016.181818181818
159,89,1003.940998513066
159,90,991.9538552018298
159,91,979.8534206533152
159,92,967.2727272727273
159,93,953.974227708352
159,94,940.238055580798
159,95,926.4737647537542
160,0,913.0909090909092
160,1,900.4532838353437
160,2,888.7416497477047
160,3,878.0910089680318
160,4,868.6363636363636
160,5,860.5080914957282
160,6,853.8180727011099
160,7,848.6735630104821
160,8,845.1818181818181
160,9,843.301281999925
160,10,842.3951503569459
160,11,841.6778071718571
160,12,840.3636363636364
160,13,837.9515532318441
160,14,835.0785985983791
160,15,832.6663446657246
160,16,831.6363636363636
160,17,832.5785846181531
160,18,834.7563643404466
160,19,837.1014164379714
160,20,838.5454545454545
160,21,838.3690514773618
160,22,837.2482167671075
160,23,836.2078191278451
160,24,836.2727272727273
160,25,838.4665162905821
160,26,843.8075867729415
160,27,853.3130456870117
160,28,868.0
160,29,888.0759629057636
160,30,910.5100725047628
160,31,931.4618731241076
160,32,947.0909090909092
160,33,954.679916177272
160,34,956.00439593528
160,35,953.9630413620116
160,36,951.4545454545456
160,37,950.7143155669668
160,38,951.32461648139
160,39,952.204427336936
160,40,952.2727272727273
160,41,950.7028783730428
160,42,947.685774502797
160,43,943.666692472062
160,44,939.0909090909092
160,45,934.2838300317708
160,46,929.0913764165132
160,47,923.2395982293626
160,48,916.4545454545456
160,49,908.6035628635112
160,50,900.1191743766059
160,51,891.5751987013972
160,52,883.5454545454545
160,53,876.5547594232747
160,54,870.9319260770644
160,55,866.9567660559584
160,56,864.9090909090909
160,57,864.9217176252082
160,58,866.5394849515008
160,59,869.1602370747701
160,60,872.1818181818181
160,61,875.2114950758928
160,62,878.694225026024
160,63,883.284387917689
160,64,889.6363636363636
160,65,898.1144043439483
160,66,907.9222513080392
160,67,917.973518072656
160,68,927.181818181818
160,69,934.7712284574044
160,70,941.2076788327277
160,71,947.2675625189596
160,72,953.7272727272727
160,73,961.128806826434
160,74,969.0765788155958
160,75,976.940606851505
160,76,984.0909090909092
160,77,989.9678056004952
160,78,994.2928240867072
160,79,996.8577941659296
160,80,997.4545454545456
160,81,995.944573044313
160,82,992.4680339284844
160,83,987.2347505756862
160,84,980.4545454545456
160,85,972.3632772222536
160,86,963.3009492902652
160,87,953.6336012585984
160,88,943.7272727272727
160,89,933.8778862484902
160,90,924.100896183183
160,91,914.341639844466
160,92,904.5454545454544
160,93,894.6706323292404
160,94,884.7272841588216
160,95,874.738475727174
161,0,864.7272727272727
161,1,854.7506639800035
161,2,845.0013308178945
161,3,835.7058777013837
161,4,827.0909090909091
161,5,819.3437572052906
161,6,812.4946652968727
161,7,806.534604376382
161,8,801.4545454545455
161,9,797.2294208351984
161,10,793.7700079946148
161,11,790.9710457021785
161,12,788.7272727272727
161,13,786.9374230902798
161,14,785.5162118155769
161,15,784.3823491785402
161,16,783.4545454545455
161,17,782.6558299855005
161,18,781.9265083794406
161,19,781.2112053109332
161,20,780.4545454545455
161,21,779.6693706040819
161,22,779.1413910302967
161,23,779.2245341231815
161,24,780.2727272727273
161,25,782.5985057799902
161,26,786.3488365902814
161,27,791.6292945599779
161,28,798.5454545454545
161,29,806.9025153668671
161,30,815.3041716994866
161,31,822.0537421823625
161,32,825.4545454545455
161,33,824.6252395707234
161,34,821.9458402481367
161,35,820.6117026196632
161,36,823.8181818181819
161,37,833.6931172593305
161,38,848.0942854897858
161,39,863.8119473389847
161,40,877.6363636363636
161,41,887.0866663919551
161,42,892.5974723381746
161,43,895.3322693880342
161,44,896.4545454545455
161,45,896.8522626273949
161,46,896.31127970297
161,47,894.3419296543326
161,48,890.4545454545455
161,49,884.444624007556
161,50,877.2483179408545
161,51,870.0869438128167
161,52,864.1818181818181
161,53,860.4573095241993
161,54,858.6499939881578
161,55,858.1994996398554
161,56,858.5454545454545
161,57,859.3028424411012
161,58,860.7880697428783
161,59,863.4928985368523
161,60,867.9090909090909
161,61,874.2830252568504
161,62,881.8795452221475
161,63,889.7181107581891
161,64,896.8181818181819
161,65,902.4769883496792
161,66,907.1028402776224
161,67,911.3818175213
161,68,916.0
161,69,921.51924861716
161,70,928.0045482128172
161,71,935.3966646111564
161,72,943.6363636363636
161,73,952.578119454407
161,74,961.731239598382
161,75,970.518739943166
161,76,978.3636363636364
161,77,984.7847508379386
161,78,989.6841297572912
161,79,993.05962561618
161,80,994.9090909090908
161,81,995.1720817392924
161,82,993.5549686451808
161,83,989.7058257739328
161,84,983.2727272727273
161,85,974.1093085685276
161,86,962.891450207441
161,87,950.5005940153612
161,88,937.818181818182
161,89,925.6378430775062
161,90,914.4019577977818
161,91,904.4650936191664
161,92,896.1818181818181
161,93,889.7100577578111
161,94,884.4211731468858
161,95,879.4898837806992
162,0,874.0909090909091
162,1,867.6511872548858
162,2,860.6065314328567
162,3,853.644973530763
162,4,847.4545454545455
162,5,842.5047954953727
162,6,838.3913374853237
162,7,834.4913016417032
162,8,830.1818181818181
162,9,825.1137216727137
162,10,820.0326640803945
162,11,815.9580017206056
162,12,813.9090909090909
162,13,814.6752609955904
162,14,818.1257334658251
162,15,823.8997028395107
162,16,831.6363636363636
162,17,840.95227979947
162,18,851.373492965396
162,19,862.4034141940788
162,20,873.5454545454545
162,21,884.4673243519843
162,22,895.4939310362271
162,23,907.1144812932648
162,24,919.818181818182
162,25,933.7991614289564
162,26,948.0712374351508
162,27,961.3531492692248
162,28,972.3636363636364
162,29,980.1570526594636
162,30,985.1302101322603
162,31,988.0155352662
162,32,989.5454545454544
162,33,990.4447870240982
162,34,991.407922035807
162,35,993.1216414841576
162,36,996.2727272727273
162,37,1001.3393674259617
162,38,1007.9653744517844
162,39,1015.5859669789876
162,40,1023.6363636363636
162,41,1031.6110955447823
162,42,1039.2419437934195
162,43,1046.3200019635292
162,44,1052.6363636363635
162,45,1057.952045849455
162,46,1061.9077594654466
162,47,1064.1141388032606
162,48,1064.1818181818182
162,49,1061.816516511943
162,50,1057.1042910720664
162,51,1050.22628373252
162,52,1041.3636363636365
162,53,1030.8969449209535
162,54,1020.0046217008336
162,55,1010.0645330848416
162,56,1002.4545454545456
162,57,998.135476531514
162,58,996.3999493973278
162,59,996.123538473568
162,60,996.181818181818
162,61,995.7060353166256
162,62,994.8501261644016
162,63,994.0236993845222
162,64,993.6363636363636
162,65,994.0347003838008
162,66,995.313182308702
162,67,997.5032548974336
162,68,1000.6363636363636
162,69,1004.744651784535
162,70,1009.8630536916996
162,71,1016.0272014802874
162,72,1023.2727272727273
162,73,1031.530726568969
162,74,1040.314148379045
162,75,1049.0314050905076
162,76,1057.090909090909
162,77,1063.9605669395885
162,78,1069.3462618830292
162,79,1073.0133713395005
162,80,1074.7272727272727
162,81,1074.2477443090409
162,82,1071.3121677252022
162,83,1065.6523254605809
162,84,1057.0
162,85,1045.3566944606123
162,86,1031.8027944888886
162,87,1017.68840636363
162,88,1004.3636363636364
162,89,992.7473528485102
162,90,982.0334725010608
162,91,970.9846740848992
162,92,958.3636363636364
162,93,943.386848690801
162,94,927.0860427795948
162,95,910.9467609331364
163,0,896.4545454545455
163,1,884.7365023882855
163,2,875.4859927441968
163,3,868.0379412734644
163,4,861.7272727272727
163,5,856.026516756057
163,6,850.9586226072545
163,7,846.6841444275516
163,8,843.3636363636364
163,9,841.1048737693039
163,10,839.8045168267854
163,11,839.3064469254197
163,12,839.4545454545455
163,13,840.1960336212717
163,14,841.8914919037851
163,15,845.0048405980425
163,16,850.0
163,17,857.1578667456089
163,18,866.0272428308006
163,19,875.9739065915011
163,20,886.3636363636364
163,21,896.6781812144744
163,22,906.8631731366484
163,23,916.9802148541348
163,24,927.0909090909092
163,25,937.2402038510396
163,26,947.4064282589688
163,27,957.5512567192316
163,28,967.6363636363636
163,29,977.5712306540946
163,30,987.0565683729312
163,31,995.7408946325752
163,32,1003.2727272727273
163,33,1009.5657826234911
163,34,1015.5945709765792
163,35,1022.5988011141048
163,36,1031.8181818181818
163,37,1043.860241124667
163,38,1056.803784084388
163,39,1068.095435001915
163,40,1075.1818181818182
163,41,1076.281605150568
163,42,1072.7016563222326
163,43,1066.520879332781
163,44,1059.8181818181818
163,45,1054.1823723639704
163,46,1049.2418633539542
163,47,1044.1349681215058
163,48,1038.0
163,49,1030.1650417571857
163,50,1020.7172538983144
163,51,1009.9335663630133
163,52,998.0909090909092
163,53,985.6247901527412
163,54,973.6050301436971
163,55,963.2600277900772
163,56,955.818181818182
163,57,952.2079567227596
163,58,952.1580800723524
163,59,955.0973452039508
163,60,960.4545454545456
163,61,967.6840079562209
163,62,976.342195021439
163,63,986.0111027577558
163,64,996.2727272727273
163,65,1006.7903864523568
163,66,1017.5526852964368
163,67,1028.6295505832074
163,68,1040.090909090909
163,69,1051.9285939616252
163,70,1063.8220637928137
163,71,1075.3726835457778
163,72,1086.1818181818182
163,73,1095.9256354284153
163,74,1104.5795140777614
163,75,1112.1936356882268
163,76,1118.8181818181818
163,77,1124.3901711428953
163,78,1128.3939708052312
163,79,1130.200785064951
163,80,1129.1818181818182
163,81,1124.8943618181847
163,82,1117.6400572467685
163,83,1107.906633142877
163,84,1096.1818181818182
163,85,1082.9613588570926
163,86,1068.7730729349682
163,87,1054.152795999905
163,88,1039.6363636363635
163,89,1025.623839117081
163,90,1011.9721964679044
163,91,998.4026374029572
163,92,984.6363636363636
163,93,970.5077733109464
163,94,956.3040502843244
163,95,942.425574842812
164,0,929.2727272727273
164,1,917.1916585482228
164,2,906.3116023947994
164,3,896.7075632257944
164,4,888.4545454545455
164,5,881.5920697688892
164,6,876.0177219546603
164,7,871.5936040721921
164,8,868.1818181818181
164,9,865.6858010125835
164,10,864.1743279683777
164,11,863.7575091218013
164,12,864.5454545454545
164,13,866.612169362594
164,14,869.8872388991011
164,15,874.2641435315119
164,16,879.6363636363636
164,17,885.922339718858
164,18,893.1403527988547
164,19,901.3336440248788
164,20,910.5454545454544
164,21,920.7879603983376
164,22,931.9490771782074
164,23,943.8856553689732
164,24,956.4545454545456
164,25,969.481216415064
164,26,982.6656112155888
164,27,995.67629131741
164,28,1008.181818181818
164,29,1019.92353757777
164,30,1030.9339325048918
164,31,1041.3182702704764
164,32,1051.1818181818182
164,33,1060.642815092038
164,34,1069.8713860375717
164,35,1079.0506276006831
164,36,1088.3636363636365
164,37,1097.836167963169
164,38,1106.8646142539124
164,39,1114.6880261449728
164,40,1120.5454545454545
164,41,1123.7582516916502
164,42,1123.976975128597
164,43,1120.9344837285178
164,44,1114.3636363636365
164,45,1104.3296889065934
164,46,1092.2274852317
164,47,1079.7842662136836
164,48,1068.7272727272727
164,49,1060.3036745001573
164,50,1053.840356671876
164,51,1048.1841332349295
164,52,1042.1818181818182
164,53,1035.1558971836864
164,54,1028.3315426262504
164,55,1023.4095985738716
164,56,1022.0909090909092
164,57,1025.5102367650973
164,58,1032.5380182776669
164,59,1041.4786088332207
164,60,1050.6363636363635
164,61,1058.6809966650146
164,62,1065.743656990355
164,63,1072.3208524568815
164,64,1078.909090909091
164,65,1085.8609470293895
164,66,1092.9532628518225
164,67,1099.818947248344
164,68,1106.090909090909
164,69,1111.5897038537908
164,70,1116.886473420537
164,71,1122.7400062770148
164,72,1129.909090909091
164,73,1138.8200102827204
164,74,1148.5690252842114
164,75,1157.9198912799604
164,76,1165.6363636363635
164,77,1170.6828118335095
164,78,1172.8260618062543
164,79,1172.033553603144
164,80,1168.2727272727273
164,81,1161.6092537468771
164,82,1152.5017274907725
164,83,1141.5069738529178
164,84,1129.1818181818182
164,85,1116.066252724436
164,86,1102.632937321565
164,87,1089.3376987124573
164,88,1076.6363636363635
164,89,1064.7763035371977
164,90,1053.1710686775134
164,91,1041.0257540245273
164,92,1027.5454545454545
164,93,1012.2688740358652
164,94,996.069151604745
164,95,980.1530351894344
165,0,965.7272727272727
165,1,953.7178025920688
165,2,943.9273249035058
165,3,935.8777302177352
165,4,929.0909090909092
165,5,923.155370141314
165,6,917.9260942357772
165,7,913.3246803032608
165,8,909.2727272727273
165,9,905.7544668426756
165,10,903.0046617897495
165,11,901.3207076601308
165,12,901.0
165,13,902.2543193061664
165,14,904.9529858779516
165,15,908.8797049653068
165,16,913.818181818182
165,17,919.6004150235684
165,18,926.2515765166252
165,19,933.845131569551
165,20,942.4545454545456
165,21,952.0514069631956
165,22,962.1997989646388
165,23,972.3619278473986
165,24,982.0
165,25,990.6982184872846
165,26,998.5287730793656
165,27,1005.6858502226728
165,28,1012.3636363636364
165,29,1018.830434996756
165,30,1025.6510178088083
165,31,1033.464273534638
165,32,1042.909090909091
165,33,1054.3621437984175
165,34,1067.1512465944922
165,35,1080.3419988205933
165,36,1093.0
165,37,1104.3104784459365
165,38,1113.9371776314044
165,39,1121.6634698193525
165,40,1127.2727272727273
165,41,1130.6487833269289
165,42,1132.077315607163
165,43,1131.9444628110884
165,44,1130.6363636363635
165,45,1128.493535973622
165,46,1125.6740144853984
165,47,1122.290213027203
165,48,1118.4545454545455
165,49,1114.2421295967652
165,50,1109.5788991785157
165,51,1104.3534918982814
165,52,1098.4545454545455
165,53,1091.8944797302274
165,54,1085.1808433459928
165,55,1078.9449671069435
165,56,1073.8181818181818
165,57,1070.2751219368706
165,58,1068.163636528421
165,59,1067.174878310307
165,60,1067.0
165,61,1067.3999188859264
165,62,1068.4146105403215
165,63,1070.1538151063744
165,64,1072.7272727272727
165,65,1076.1933843376055
165,66,1080.405194037564
165,67,1085.164406718741
165,68,1090.2727272727273
165,69,1095.5666005818334
165,70,1101.0214314912394
165,71,1106.6473648368442
165,72,1112.4545454545455
165,73,1118.4081110623338
165,74,1124.2931709065683
165,75,1129.8498271157007
165,76,1134.8181818181818
165,77,1138.9486824415587
165,78,1142.0331576097597
165,79,1143.873781245808
165,80,1144.2727272727273
165,81,1143.008806898704
165,82,1139.7673804725748
165,83,1134.2104456283405
165,84,1126.0
165,85,1114.9805785999897
165,86,1101.726865954486
165,87,1086.9960839681037
165,88,1071.5454545454545
165,89,1056.0362082467932
165,90,1040.7456102549352
165,91,1025.854934408337
165,92,1011.5454545454544
165,93,997.978281594656
165,94,985.2338748439548
165,95,973.3725306712764
166,0,962.4545454545456
166,1,952.5151540109462
166,2,943.4893449146992
166,3,935.2870451792844
166,4,927.818181818182
166,5,921.0207614524686
166,6,914.945109133612
166,7,909.6696295206768
166,8,905.2727272727273
166,9,901.8506638155432
166,10,899.5711276417622
166,11,898.6196640107363
166,12,899.1818181818181
166,13,901.3876628308132
166,14,905.1453802993392
166,15,910.3076803454684
166,16,916.7272727272727
166,17,924.2080598612052
166,18,932.3587147972452
166,19,940.7391032437534
166,20,948.9090909090908
166,21,956.5045295425484
166,22,963.4652150571357
166,23,969.8069294067914
166,24,975.5454545454544
166,25,980.8675719686008
166,26,986.644061337849
166,27,993.9167018563548
166,28,1003.7272727272727
166,29,1016.6430803103206
166,30,1031.333539591467
166,31,1045.9935927132435
166,32,1058.8181818181818
166,33,1068.527436335571
166,34,1075.942234841737
166,35,1082.4086431997614
166,36,1089.2727272727273
166,37,1097.3934811655754
166,38,1105.6816119506757
166,39,1112.5607549422564
166,40,1116.4545454545455
166,41,1116.184150365764
166,42,1112.1608628101058
166,43,1105.1935074857586
166,44,1096.090909090909
166,45,1085.7008832804595
166,46,1075.0272095361734
166,47,1065.1126582965271
166,48,1057.0
166,49,1051.4867483305793
166,50,1048.3893899542925
166,51,1047.2791547826778
166,52,1047.7272727272727
166,53,1049.3507029426785
166,54,1051.9493215557482
166,55,1055.3687339363985
166,56,1059.4545454545455
166,57,1064.1175421714345
166,58,1069.5292329136244
166,59,1075.9263071990022
166,60,1083.5454545454545
166,61,1092.535662462492
166,62,1102.6951104261177
166,63,1113.7342759039568
166,64,1125.3636363636365
166,65,1137.219921614961
166,66,1148.6448708364512
166,67,1158.9064755488068
166,68,1167.2727272727273
166,69,1173.2352192594826
166,70,1177.1799516826227
166,71,1179.71652644627
166,72,1181.4545454545455
166,73,1182.9045422562008
166,74,1184.1807769785116
166,75,1185.298441393385
166,76,1186.2727272727273
166,77,1187.0713276248052
166,78,1187.4719404033297
166,79,1187.204764798371
166,80,1186.0
166,81,1183.5558858809409
166,82,1179.4428250445328
166,83,1173.1992607767672
166,84,1164.3636363636365
166,85,1152.688083396885
166,86,1138.7794866912668
166,87,1123.458419367288
166,88,1107.5454545454545
166,89,1091.7145078042463
166,90,1076.052864554037
166,91,1060.5011526631724
166,92,1045.0
166,93,1029.524908113402
166,94,1014.1908732744045
166,95,999.147765434568
167,0,984.5454545454544
167,1,970.5651211057816
167,2,957.5131878028914
167,3,945.7273878712828
167,4,935.5454545454544
167,5,927.1563688271082
167,6,920.1541027867574
167,7,913.9838762621188
167,8,908.0909090909092
167,9,902.0934944948766
167,10,896.3022192318971
167,11,891.2007434438782
167,12,887.2727272727273
167,13,884.8247668297488
167,14,883.4552021038361
167,15,882.5853090532775
167,16,881.6363636363636
167,17,880.1798813679459
167,18,878.3883359891232
167,19,876.5844407975572
167,20,875.0909090909091
167,21,874.1460486075586
167,22,873.6505448487613
167,23,873.4206777564931
167,24,873.2727272727273
167,25,873.2060946563652
167,26,873.952666434012
167,27,876.427450449198
167,28,881.5454545454545
167,29,889.8335500397076
167,30,900.2660621424637
167,31,911.429179537624
167,32,921.9090909090908
167,33,930.6315801848044
167,34,937.8808122688612
167,35,944.2805473093964
167,36,950.4545454545456
167,37,956.7310383119838
167,38,962.2561433275458
167,39,965.8804494066084
167,40,966.4545454545456
167,41,963.4400052036252
167,42,958.7423416936816
167,43,954.8780527914432
167,44,954.3636363636364
167,45,958.8867817826076
167,46,966.8199444431812
167,47,975.7067712458006
167,48,983.0909090909092
167,49,987.2174131204902
167,50,989.1369714426844
167,51,990.6016804071731
167,52,993.3636363636364
167,53,998.7222589172502
167,54,1006.1662606951714
167,55,1014.7316775800524
167,56,1023.4545454545456
167,57,1031.6705398468732
167,58,1039.913894867539
167,59,1049.0184842726171
167,60,1059.8181818181818
167,61,1072.8810930588934
167,62,1087.7122507437628
167,63,1103.550919420387
167,64,1119.6363636363635
167,65,1135.2482697357343
167,66,1149.828011248319
167,67,1162.85738350038
167,68,1173.8181818181818
167,69,1182.3602029981682
167,70,1188.805249717507
167,71,1193.6431261235468
167,72,1197.3636363636365
167,73,1200.3677364534108
167,74,1202.7009898816532
167,75,1204.3201120054323
167,76,1205.1818181818182
167,77,1205.1035102790977
167,78,1203.345336210427
167,79,1199.028130400179
167,80,1191.2727272727273
167,81,1179.624472430198
167,82,1165.3267561857306
167,83,1150.047480030216
167,84,1135.4545454545455
167,85,1122.7636568182909
167,86,1111.381729955742
167,87,1100.2634835698673
167,88,1088.3636363636365
167,89,1074.9018662057283
167,90,1060.1576876276652
167,91,1044.6755743266783
167,92,1029.0
167,93,1013.6175147224316
167,94,998.782974079052
167,95,984.6933100325102
168,0,971.5454545454544
168,1,959.4633021772728
168,2,948.2785978743084
168,3,937.7500491796444
168,4,927.6363636363636
168,5,917.7792765684778
168,6,908.3526344237142
168,7,899.61331143073
168,8,891.8181818181819
168,9,885.1312392760893
168,10,879.3449553399255
168,11,874.1589210065263
168,12,869.2727272727273
168,13,864.4713345089833
168,14,859.8811805802204
168,15,855.714072724984
168,16,852.1818181818181
168,17,849.415240869796
168,18,847.2212314301019
168,19,845.3256971844476
168,20,843.4545454545455
168,21,841.4898611027417
168,22,839.938439153918
168,23,839.4632521735898
168,24,840.7272727272727
168,25,844.2105419919644
168,26,849.6613755905898
168,27,856.6451577575572
168,28,864.7272727272727
168,29,873.4634254748557
168,30,882.370603938268
168,31,890.9561167961826
168,32,898.7272727272727
168,33,905.3434265631582
168,34,911.0721177472474
168,35,916.3329318758944
168,36,921.5454545454544
168,37,926.94127736342
168,38,932.0000159818334
168,39,936.0132920638756
168,40,938.2727272727273
168,41,938.1769753467984
168,42,935.5528183254183
168,43,930.3340703231476
168,44,922.4545454545456
168,45,912.06246897666
168,46,900.1637107164926
168,47,887.9785516435336
168,48,876.7272727272727
168,49,867.4083760192893
168,50,860.1332478995199
168,51,854.7914958299909
168,52,851.2727272727273
168,53,849.51425421891
168,54,849.644206776336
168,55,851.8384195819582
168,56,856.2727272727273
168,57,863.0246639232527
168,58,871.7785613587716
168,59,882.1204508421771
168,60,893.6363636363636
168,61,905.9794196335334
168,62,919.0710932431232
168,63,932.8999475038784
168,64,947.4545454545456
168,65,962.6514075426138
168,66,978.118883850554
168,67,993.4132818695808
168,68,1008.0909090909092
168,69,1021.782847923284
168,70,1034.4192804455706
168,71,1046.005163654162
168,72,1056.5454545454545
168,73,1066.0297007642498
168,74,1074.3858125489828
168,75,1081.5262907864974
168,76,1087.3636363636365
168,77,1091.8156785651715
168,78,1094.8215602675884
168,79,1096.3257527453022
168,80,1096.2727272727273
168,81,1094.5740622477915
168,82,1091.0097645624808
168,83,1085.326948232293
168,84,1077.2727272727273
168,85,1066.7389247163885
168,86,1054.1961996643065
168,87,1040.2599202346164
168,88,1025.5454545454545
168,89,1010.6080229775632
168,90,995.762254962112
168,91,981.2626321928776
168,92,967.3636363636364
168,93,954.3147788279044
168,94,942.345689578155
168,95,931.6810282666008
169,0,922.5454545454544
169,1,914.9893958017288
169,2,908.366350361632
169,3,901.855584286174
169,4,894.6363636363636
169,5,886.2105925106364
169,6,877.3707271571348
169,7,869.2318618614298
169,8,862.9090909090909
169,9,859.2151091557273
169,10,857.7530137371015
169,11,857.8235023590161
169,12,858.7272727272727
169,13,859.9687435937285
169,14,861.8672178944597
169,15,864.945719611597
169,16,869.7272727272727
169,17,876.5320755602683
169,18,884.8690237759694
169,19,894.0441873764132
169,20,903.3636363636364
169,21,912.331931437926
169,22,921.2475960925714
169,23,930.6076445191133
169,24,940.9090909090908
169,25,952.4882100516644
169,26,965.038319126472
169,27,978.0919959107704
169,28,991.181818181818
169,29,1003.808978355416
169,30,1015.349127401541
169,31,1025.1465309287134
169,32,1032.5454545454545
169,33,1037.1934901630354
169,34,1039.9515349037283
169,35,1041.9838121925577
169,36,1044.4545454545455
169,37,1048.054845083352
169,38,1051.5833693471818
169,39,1053.3656634828749
169,40,1051.7272727272727
169,41,1045.541674958102
169,42,1035.874078616636
169,43,1024.3376247850335
169,44,1012.5454545454544
169,45,1001.8679437206036
169,46,992.7044070953656
169,47,985.2113941951728
169,48,979.5454545454544
169,49,975.6939365231206
169,50,972.9673839109915
169,51,970.5071393433668
169,52,967.4545454545456
169,53,963.2582988232782
169,54,958.5965118061224
169,55,954.4546507040872
169,56,951.818181818182
169,57,951.5242886383126
169,58,953.8170234099736
169,59,958.7921555675572
169,60,966.5454545454544
169,61,977.035171623472
169,62,989.6694854630736
169,63,1003.7190565711386
169,64,1018.4545454545456
169,65,1033.252638504163
169,66,1047.9141256468222
169,67,1062.3458226933426
169,68,1076.4545454545455
169,69,1090.0153539053297
169,70,1102.2762846769108
169,71,1112.3536185645814
169,72,1119.3636363636365
169,73,1122.8819686017905
169,74,1124.3216447364448
169,75,1125.5550439574222
169,76,1128.4545454545455
169,77,1134.2238171420545
169,78,1141.3916818318569
169,79,1147.8182510602758
169,80,1151.3636363636365
169,81,1150.3548651027186
169,82,1144.9866279361288
169,83,1135.9205313469286
169,84,1123.8181818181818
169,85,1109.363824719798
169,86,1093.332260969083
169,87,1076.5209303701904
169,88,1059.7272727272727
169,89,1043.5889837453606
169,90,1028.1047827329926
169,91,1013.1136448995824
169,92,998.4545454545456
169,93,984.0345016623944
169,94,970.0326990080376
169,95,956.6963650314792
170,0,944.2727272727273
170,1,932.980395968697
170,2,922.9235121439492
170,3,914.177599519954
170,4,906.818181818182
170,5,900.86777809918
170,6,896.136888779802
170,7,892.3830096159775
170,8,889.3636363636364
170,9,886.8723552709463
170,10,884.8471145550244
170,11,883.2619529252269
170,12,882.0909090909091
170,13,881.409846271581
170,14,881.7019257273728
170,15,883.5521332285693
170,16,887.5454545454545
170,17,893.9854187336385
170,18,902.0497279900294
170,19,910.6346277968602
170,20,918.6363636363636
170,21,925.2663765211374
170,22,930.9968895852368
170,23,936.6153214930812
170,24,942.9090909090908
170,25,950.3837342727212
170,26,958.4172591235692
170,27,966.105790776269
170,28,972.5454545454544
170,29,977.0978341152518
170,30,980.1863466477596
170,31,982.499867674569
170,32,984.7272727272727
170,33,987.4479406299084
170,34,990.803263376302
170,35,994.8251362527265
170,36,999.5454545454544
170,37,1004.8916533651152
170,38,1010.3733271197603
170,39,1015.395610041798
170,40,1019.3636363636364
170,41,1021.863286818722
170,42,1023.2034281446572
170,43,1023.873673580082
170,44,1024.3636363636365
170,45,1025.0415629963595
170,46,1025.7902330288837
170,47,1026.3710592742386
170,48,1026.5454545454545
170,49,1026.2005748322026
170,50,1025.7265488307169
170,51,1025.6392484138732
170,52,1026.4545454545455
170,53,1028.5126717657392
170,54,1031.451298920976
170,55,1034.7324584339065
170,56,1037.8181818181818
170,57,1040.3737381048402
170,58,1042.87734639447
170,59,1046.0104633050464
170,60,1050.4545454545455
170,61,1056.7551599058088
170,62,1064.9143155011443
170,63,1074.7981315277257
170,64,1086.2727272727273
170,65,1099.0374404537424
170,66,1112.1244825100437
170,67,1124.3992833113227
170,68,1134.7272727272727
170,69,1142.3024646428582
170,70,1147.6332090041365
170,71,1151.5564397724372
170,72,1154.909090909091
170,73,1158.3549737020974
170,74,1161.8654087461382
170,75,1165.2385939625644
170,76,1168.2727272727273
170,77,1170.7350269123883
170,78,1172.2687923749477
170,79,1172.486343468215
170,80,1171.0
170,81,1167.413725466531
170,82,1161.298058117708
170,83,1152.2151798918494
170,84,1139.7272727272727
170,85,1123.6711507669418
170,86,1104.9821569724015
170,87,1084.8702665098422
170,88,1064.5454545454545
170,89,1045.0224101020654
170,90,1026.5346776290498
170,91,1009.120515432418
170,92,992.818181818182
170,93,977.6284133702504
170,94,963.4018597841266
170,95,949.9516490332124
171,0,937.0909090909092
171,1,924.7210386896608
171,2,913.0965195980804
171,3,902.5601043438236
171,4,893.4545454545455
171,5,885.9945341438338
171,6,879.8825163690063
171,7,874.692876773312
171,8,870.0
171,9,865.535199735003
171,10,861.6575058349852
171,11,858.8828771992922
171,12,857.7272727272727
171,13,858.5550078252451
171,14,861.1238239274178
171,15,865.0398189749732
171,16,869.9090909090909
171,17,875.3953371458355
171,18,881.392653000798
171,19,887.8527332644527
171,20,894.7272727272727
171,21,902.0369390459588
171,22,910.0782913421168
171,23,919.21686160358
171,24,929.818181818182
171,25,942.107474852148
171,26,955.7487270852796
171,27,970.2656157757716
171,28,985.181818181818
171,29,999.8513433636316
171,30,1012.9495275894918
171,31,1022.9820389296972
171,32,1028.4545454545455
171,33,1028.6007880569623
171,34,1025.5667989203891
171,35,1022.2266830508936
171,36,1021.4545454545456
171,37,1025.2554475903366
171,38,1032.1582767289526
171,39,1039.822876594001
171,40,1045.909090909091
171,41,1048.6984443089636
171,42,1048.9591850728923
171,43,1048.0812423912844
171,44,1047.4545454545455
171,45,1048.0715138101727
171,46,1049.3345284340228
171,47,1050.2484606590438
171,48,1049.8181818181818
171,49,1047.3336822685276
171,50,1043.225428463743
171,51,1038.209005881632
171,52,1033.0
171,53,1028.2897798429894
171,54,1024.6728486200968
171,55,1022.7194930871556
171,56,1023.0
171,57,1025.9404369958777
171,58,1031.389995237689
171,59,1039.0536467697466
171,60,1048.6363636363635
171,61,1059.753869900772
171,62,1071.664897701875
171,63,1083.538931197495
171,64,1094.5454545454545
171,65,1104.082435673762
171,66,1112.461777591175
171,67,1120.2238670766362
171,68,1127.909090909091
171,69,1135.8993419496337
171,70,1143.9425373879706
171,71,1151.628100495958
171,72,1158.5454545454545
171,73,1164.3542874367931
171,74,1168.995345584215
171,75,1172.479640030439
171,76,1174.8181818181818
171,77,1176.007371939557
171,78,1175.985171184259
171,79,1174.6749302913768
171,80,1172.0
171,81,1167.8108270777057
171,82,1161.6662424060216
171,83,1153.0521728949636
171,84,1141.4545454545455
171,85,1126.6328424768917
171,86,1109.440768282562
171,87,1091.005582674224
171,88,1072.4545454545455
171,89,1054.6933143783629
171,90,1037.7411390091845
171,91,1021.3956668626864
171,92,1005.4545454545456
171,93,989.7970250096564
171,94,974.6287665897912
171,95,960.2370339659392
172,0,946.9090909090908
172,1,934.8486992193742
172,2,923.9256128134688
172,3,913.9260836371928
172,4,904.6363636363636
172,5,895.9417008401197
172,6,888.123327610879
172,7,881.5614723943808
172,8,876.6363636363636
172,9,873.5904633292389
172,10,872.1151676521065
172,11,871.7641063307391
172,12,872.0909090909091
172,13,872.7901958429251
172,14,874.1205472352405
172,15,876.4815341008446
172,16,880.2727272727273
172,17,885.7459123899702
172,18,892.561734316023
172,19,900.2330527204281
172,20,908.2727272727273
172,21,916.2360977790128
172,22,923.8484245915772
172,23,930.8774481992618
172,24,937.0909090909092
172,25,942.3963442212512
172,26,947.2604764085784
172,27,952.2898249370708
172,28,958.0909090909092
172,29,965.1870480632556
172,30,973.768760683201
172,31,983.9433656888187
172,32,995.818181818182
172,33,1009.2361453439084
172,34,1022.9826626767994
172,35,1035.5787577621993
172,36,1045.5454545454545
172,37,1051.7888251065651
172,38,1054.7551340641476
172,39,1055.2756941714747
172,40,1054.1818181818182
172,41,1052.186679229832
172,42,1049.5308919757008
172,43,1046.336931460992
172,44,1042.7272727272727
172,45,1038.8351966104708
172,46,1034.837207123958
172,47,1030.920614075466
172,48,1027.2727272727273
172,49,1023.9341820555568
172,50,1020.3589158921033
172,51,1015.8541917825984
172,52,1009.7272727272727
172,53,1001.5942683491191
172,54,992.306674762174
172,55,983.024834703232
172,56,974.9090909090908
172,57,968.967153638875
172,58,965.59620324102
172,59,965.040787586292
172,60,967.5454545454544
172,61,973.1564352772
172,62,981.126694091928
172,63,990.5108785879644
172,64,1000.3636363636364
172,65,1009.9056847977796
172,66,1019.0220203912684
172,67,1027.7637094254865
172,68,1036.1818181818182
172,69,1044.3088937134996
172,70,1052.10340616118
172,71,1059.505306437361
172,72,1066.4545454545455
172,73,1072.9397062573132
172,74,1079.1439004185577
172,75,1085.2988716432503
172,76,1091.6363636363635
172,77,1098.193644893612
172,78,1104.230083073681
172,79,1108.810570626001
172,80,1111.0
172,81,1110.0484982591488
172,82,1105.947130923082
172,83,1098.8721981254737
172,84,1089.0
172,85,1076.5782711607017
172,86,1062.140484143083
172,87,1046.2915459630135
172,88,1029.6363636363635
172,89,1012.7705193707712
172,90,996.2522961409496
172,91,980.6306521133806
172,92,966.4545454545456
172,93,954.0953331743948
172,94,943.2139676567546
172,95,933.2938001289186
173,0,923.818181818182
173,1,914.3779774771032
173,2,904.9941059593046
173,3,895.7949996436716
173,4,886.9090909090909
173,5,878.495029644464
173,6,870.8323357787541
173,7,864.2307467509399
173,8,859.0
173,9,855.372017581404
173,10,853.2674600165878
173,11,852.5291724434775
173,12,853.0
173,13,854.5609341208285
173,14,857.2455514276222
173,15,861.1255748387865
173,16,866.2727272727273
173,17,872.6385072989182
173,18,879.6935160911057
173,19,886.788130474104
173,20,893.2727272727273
173,21,898.6407185016803
173,22,902.957656935228
173,23,906.4321305375256
173,24,909.2727272727273
173,25,911.7716300579968
173,26,914.5554016225276
173,27,918.334199648522
173,28,923.818181818182
173,29,931.4020226299692
173,30,940.2184638473884
173,31,949.0847640502044
173,32,956.818181818182
173,33,962.559199876672
173,34,966.741197533373
173,35,970.1207782415696
173,36,973.4545454545456
173,37,977.2134505906156
173,38,980.7258369282108
173,39,983.0343957107912
173,40,983.181818181818
173,41,980.5458045790476
173,42,975.8440911174206
173,43,970.129423006174
173,44,964.4545454545456
173,45,959.6388424568304
173,46,955.5682531475618
173,47,951.8953554463308
173,48,948.2727272727273
173,49,944.3917233209028
173,50,940.098805383241
173,51,935.2792120266864
173,52,929.818181818182
173,53,923.8624460777409
173,54,918.604707137655
173,55,915.4991600832874
173,56,916.0
173,57,921.0917310044988
173,58,929.8800933388658
173,59,941.0011362765272
173,60,953.0909090909092
173,61,965.0362549042644
173,62,976.7271922341544
173,63,988.3045334469672
173,64,999.9090909090908
173,65,1011.618363014807
173,66,1023.2565922699702
173,67,1034.5847072083304
173,68,1045.3636363636365
173,69,1055.3113157637815
173,70,1063.9737114132374
173,71,1070.8537968106202
173,72,1075.4545454545455
173,73,1077.5625102937038
173,74,1078.09856207708
173,75,1078.2671510037346
173,76,1079.2727272727273
173,77,1081.914495334132
173,78,1085.3706766420792
173,79,1088.4142469017145
173,80,1089.8181818181818
173,81,1088.6062129152235
173,82,1084.8050949909668
173,83,1078.6923386621356
173,84,1070.5454545454545
173,85,1060.659232550429
173,86,1049.39757975769
173,87,1037.1416825406518
173,88,1024.2727272727273
173,89,1011.1133909739708
173,90,997.7523132510004
173,91,984.2196243570752
173,92,970.5454545454544
173,93,956.8033967355066
173,94,943.240894511036
173,95,930.1488541219564
174,0,917.818181818182
174,1,906.4642152658212
174,2,896.0000177957652
174,3,886.2630841550991
174,4,877.0909090909091
174,5,868.3709922012083
174,6,860.190852487722
174,7,852.6880138031019
174,8,846.0
174,9,840.2293727475262
174,10,835.3388449806197
174,11,831.2561674506755
174,12,827.9090909090909
174,13,825.2342440814135
174,14,823.2037675897999
174,15,821.7986800305592
174,16,821.0
174,17,820.7072304722741
174,18,820.4938119329072
174,19,819.8516692452687
174,20,818.2727272727273
174,21,815.5149590294897
174,22,812.4005301331158
174,23,810.0176543520018
174,24,809.4545454545455
174,25,811.5965697734026
174,26,816.5177038982661
174,27,824.0890769830875
174,28,834.1818181818181
174,29,846.3459209678084
174,30,858.8468360920014
174,31,869.6288786247392
174,32,876.6363636363636
174,33,878.5623599917272
174,34,877.0949517337278
174,35,874.6709766997734
174,36,873.7272727272727
174,37,876.0225367925548
174,38,880.6029024276323
174,39,885.8363623034392
174,40,890.0909090909091
174,41,892.0932314744172
174,42,892.0048021921058
174,43,890.34578999556
174,44,887.6363636363636
174,45,884.3076623097771
174,46,880.4347069857627
174,47,876.0034890779579
174,48,871.0
174,49,865.4104942864742
174,50,859.2222789557526
174,51,852.4229241471548
174,52,845.0
174,53,837.2151332715986
174,54,830.4261771912265
174,55,826.2650416061501
174,56,826.3636363636364
174,57,831.8539726271309
174,58,841.8684668247955
174,59,855.0396367009715
174,60,870.0
174,61,885.6061921289689
174,62,901.6113191459548
174,63,917.9926047717814
174,64,934.7272727272727
174,65,951.6885884024482
174,66,968.3339838641124
174,67,984.016932848266
174,68,998.0909090909092
174,69,1010.0726928976014
174,70,1020.1322908521404
174,71,1028.6030161078818
174,72,1035.8181818181818
174,73,1042.0788786435087
174,74,1047.55730727278
174,75,1052.3934459020247
174,76,1056.7272727272727
174,77,1060.620315255636
174,78,1063.820298238558
174,79,1065.9964957385646
174,80,1066.8181818181818
174,81,1065.9867353339469
174,82,1063.3319543184425
174,83,1058.7157415982622
174,84,1052.0
174,85,1043.14723204494
174,86,1032.522339033127
174,87,1020.590821959296
174,88,1007.818181818182
174,89,994.6203592135656
174,90,981.2150531854132
174,91,967.7704023827356
174,92,954.4545454545456
174,93,941.3912174644338
174,94,928.526539134312
174,95,915.7622276006704
175,0,903.0
175,1,890.2238618377899
175,2,877.7469720955213
175,3,865.9647781236738
175,4,855.2727272727273
175,5,845.9690170025883
175,6,837.9628452108756
175,7,831.0661599046339
175,8,825.0909090909091
175,9,819.8659792427653
175,10,815.2880106973404
175,11,811.2705822577907
175,12,807.7272727272727
175,13,804.5826910263506
175,14,801.8055665452179
175,15,799.3756587914763
175,16,797.2727272727273
175,17,795.4268361972871
175,18,793.5692685763337
175,19,791.3816121217586
175,20,788.5454545454545
175,21,784.8946232754093
175,22,780.8719046039934
175,23,777.0723245396715
175,24,774.0909090909091
175,25,772.5117161556202
175,26,772.8749311895116
175,27,775.7097715377379
175,28,781.5454545454545
175,29,790.497432556655
175,30,801.026097910688
175,31,811.1780779457405
175,32,819.0
175,33,823.0681558904867
175,34,824.0774953495544
175,35,823.2526325883905
175,36,821.8181818181819
175,37,820.7796597904891
175,38,820.2661934183669
175,39,820.1878121552429
175,40,820.4545454545455
175,41,820.948148129375
175,42,821.4372764315231
175,43,821.6623119724554
175,44,821.3636363636364
175,45,820.3496226920117
175,46,818.7006099464493
175,47,816.564928591299
175,48,814.0909090909091
175,49,811.4488156480336
175,50,808.8966474190428
175,51,806.7143372987127
175,52,805.1818181818181
175,53,804.6193192613093
175,54,805.5082549228335
175,55,808.3703358502139
175,56,813.7272727272727
175,57,821.9418050340026
175,58,832.7407874350773
175,59,845.6921033913404
175,60,860.3636363636364
175,61,876.3634606026803
175,62,893.4604135186754
175,63,911.4635233116963
175,64,930.181818181818
175,65,949.3927048280034
175,66,968.7471039447664
175,67,987.86431472551
175,68,1006.3636363636364
175,69,1023.7901519034884
175,70,1039.3920797931687
175,71,1052.343422331719
175,72,1061.8181818181818
175,73,1067.3500966489516
175,74,1069.9118496098315
175,75,1070.835859583978
175,76,1071.4545454545455
175,77,1072.754063773432
175,78,1074.335521767504
175,79,1075.4537643323692
175,80,1075.3636363636365
175,81,1073.433364166411
175,82,1069.484699683789
175,83,1063.4527762683629
175,84,1055.2727272727273
175,85,1044.942877288197
175,86,1032.714315860978
175,87,1018.9013237759968
175,88,1003.818181818182
175,89,987.8675698626188
175,90,971.8057641450276
175,91,956.4774399912862
175,92,942.7272727272727
175,93,931.1308773522368
175,94,921.1876275589118
175,95,912.127836713404
176,0,903.181818181818
176,1,893.7822161829802
176,2,884.1709983465976
176,3,874.7924631550978
176,4,866.0909090909091
176,5,858.4490647340244
176,6,852.0033790546978
176,7,846.8287311207497
176,8,843.0
176,9,840.543683971832
176,10,839.2927581618837
176,11,839.0318169073576
176,12,839.5454545454545
176,13,840.6830175604659
176,14,842.5528610250396
176,15,845.3280921589114
176,16,849.1818181818181
176,17,854.1901548772126
176,18,860.0412522834126
176,19,866.326269002452
176,20,872.6363636363636
176,21,878.6614765670457
176,22,884.4866752958546
176,23,890.2958091040084
176,24,896.2727272727273
176,25,902.5233138546032
176,26,908.8415919877152
176,27,914.9436195815152
176,28,920.5454545454544
176,29,925.5236771054504
176,30,930.3969567532848
176,31,935.8444852972036
176,32,942.5454545454544
176,33,950.8365231781396
176,34,959.6842173627822
176,35,967.7125301387606
176,36,973.5454545454544
176,37,976.3191506365366
176,38,977.2184465228594
176,39,977.940337329571
176,40,980.181818181818
176,41,985.142556093896
176,42,992.0329056366886
176,43,999.565893270228
176,44,1006.4545454545456
176,45,1011.73846589697
176,46,1015.7635672940214
176,47,1019.2023395895164
176,48,1022.7272727272727
176,49,1026.7785803182242
176,50,1030.8673706417712
176,51,1034.2724756444331
176,52,1036.2727272727273
176,53,1036.4810196483163
176,54,1035.8464955934394
176,55,1035.652360105479
176,56,1037.1818181818182
176,57,1041.436545633965
176,58,1048.2921015299262
176,59,1057.3425157518332
176,60,1068.1818181818182
176,61,1080.376490997642
176,62,1093.3828255595834
176,63,1106.6295655235515
176,64,1119.5454545454545
176,65,1131.5986835572858
176,66,1142.4152325953764
176,67,1151.6605289721426
176,68,1159.0
176,69,1164.250081591397
176,70,1167.8312440589104
176,71,1170.314966315151
176,72,1172.2727272727273
176,73,1174.1538309862176
176,74,1175.918882078072
176,75,1177.4063103127085
176,76,1178.4545454545455
176,77,1178.886014918278
176,78,1178.4591367197113
176,79,1176.916326524925
176,80,1174.0
176,81,1169.4597797952142
176,82,1163.074116497629
176,83,1154.6286676785023
176,84,1143.909090909091
176,85,1130.8274227190464
176,86,1115.801215471591
176,87,1099.37440048834
176,88,1082.090909090909
176,89,1064.4805293286
176,90,1047.0164761614612
176,91,1030.1578212772283
176,92,1014.3636363636364
176,93,999.9493236029176
176,94,986.6556071552916
176,95,974.0795416754736
177,0,961.818181818182
177,1,949.5872330779116
177,2,937.5770043082824
177,3,926.0964552026936
177,4,915.4545454545456
177,5,905.9148122672544
177,6,897.5591028843069
177,7,890.4238420592058
177,8,884.5454545454545
177,9,879.9822110348886
177,10,876.8797659726722
177,11,875.4056197423015
177,12,875.7272727272727
177,13,877.9077640477364
177,14,881.5922877704587
177,15,886.321576698861
177,16,891.6363636363636
177,17,897.1395736832571
177,18,902.6829011273109
177,19,908.1802325531636
177,20,913.5454545454544
177,21,918.724282128326
177,22,923.7897440839344
177,23,928.8466976339388
177,24,934.0
177,25,939.3965364398024
177,26,945.3513043551336
177,27,952.2213291838073
177,28,960.3636363636364
177,29,969.9211062033738
177,30,980.1800384955308
177,31,990.2125879035588
177,32,999.0909090909092
177,33,1006.14489101943
177,34,1011.7353598445608
177,35,1016.4808760201385
177,36,1021.0
177,37,1025.7266024461792
177,38,1030.355794853499
177,39,1034.397998924978
177,40,1037.3636363636365
177,41,1038.84642646858
177,42,1038.7732789232614
177,43,1037.1544010072218
177,44,1034.0
177,45,1029.5595666795014
177,46,1025.0397258170906
177,47,1021.8863856824984
177,48,1021.5454545454544
177,49,1024.9564999952331
177,50,1031.0337268992846
177,51,1038.184999444603
177,52,1044.8181818181818
177,53,1049.814717430475
177,54,1053.9503665857708
177,55,1058.4744688118178
177,56,1064.6363636363635
177,57,1073.3400280101405
177,58,1084.1079885758145
177,59,1096.1174093990355
177,60,1108.5454545454545
177,61,1120.7314205289642
177,62,1132.6631336564276
177,63,1144.4905526829496
177,64,1156.3636363636365
177,65,1168.3067330558208
177,66,1179.8417495257488
177,67,1190.364982141893
177,68,1199.2727272727273
177,69,1206.12971542957
177,70,1211.1744136951231
177,71,1214.8137232949327
177,72,1217.4545454545455
177,73,1219.4442915895338
177,74,1220.8924138755765
177,75,1221.8488746783755
177,76,1222.3636363636365
177,77,1222.4397091213843
177,78,1221.892294438935
177,79,1220.4896416279278
177,80,1218.0
177,81,1214.1534060158378
177,82,1208.5270447323185
177,83,1200.6598883553672
177,84,1190.090909090909
177,85,1176.5460986334465
177,86,1160.4995266317908
177,87,1142.6122822233306
177,88,1123.5454545454545
177,89,1103.9193017231037
177,90,1084.1907578314276
177,91,1064.775925933129
177,92,1046.090909090909
177,93,1028.4741376559568
177,94,1011.953351133407
177,95,996.478616316881
178,0,982.0
178,1,968.46823856216
178,2,955.8367467258528
178,3,944.0596087993468
178,4,933.0909090909092
178,5,922.9213740044954
178,6,913.6882983268176
178,7,905.5656189402764
178,8,898.7272727272727
178,9,893.327799510768
178,10,889.4441508759676
178,11,887.1338813486382
178,12,886.4545454545455
178,13,887.4435643160687
178,14,890.0578254420386
178,15,894.2340829378983
178,16,899.9090909090909
178,17,906.936295497684
178,18,914.8359109922416
178,19,923.044843717951
178,20,931.0
178,21,938.2757423295584
178,22,944.9962578617232
178,23,951.4231899175712
178,24,957.818181818182
178,25,964.5076101840816
178,26,972.0767848335938
178,27,981.1757488844908
178,28,992.4545454545456
178,29,1006.2563169341151
178,30,1021.6966028039016
178,31,1037.5840418171915
178,32,1052.7272727272727
178,33,1066.1262129885486
178,34,1077.545894859891
178,35,1086.9426293012878
178,36,1094.2727272727273
178,37,1099.4945129298724
178,38,1102.574363211081
178,39,1103.4806682503856
178,40,1102.1818181818182
178,41,1098.8389171101442
178,42,1094.3839250230585
178,43,1089.941515878989
178,44,1086.6363636363635
178,45,1085.239307265915
178,46,1085.1058457875945
178,47,1085.2376432336584
178,48,1084.6363636363635
178,49,1082.4950470080146
178,50,1078.7722372811097
178,51,1073.6178543681954
178,52,1067.1818181818182
178,53,1059.8728342474817
178,54,1053.1347505425126
178,55,1048.670200657197
178,56,1048.1818181818182
178,57,1052.8204341838782
178,58,1061.5296696397486
178,59,1072.701343003017
178,60,1084.7272727272727
178,61,1096.2786676533692
178,62,1107.1442981712207
178,63,1117.3923250580074
178,64,1127.090909090909
178,65,1136.319156566282
178,66,1145.199955857187
178,67,1153.8671408558623
178,68,1162.4545454545455
178,69,1170.9930015360494
178,70,1179.1013329454863
178,71,1186.2953615185438
178,72,1192.090909090909
178,73,1196.1562804713392
178,74,1198.7697123608675
178,75,1200.361924433599
178,76,1201.3636363636365
178,77,1202.0736379422308
178,78,1202.2629994292245
178,79,1201.5708612016058
178,80,1199.6363636363635
178,81,1196.0860995779187
178,82,1190.4964717404166
178,83,1182.431335305433
178,84,1171.4545454545455
178,85,1157.361793291548
178,86,1140.8761136091096
178,87,1122.952377122116
178,88,1104.5454545454545
178,89,1086.476670437707
178,90,1069.0331647322369
178,91,1052.368531206103
178,92,1036.6363636363635
178,93,1021.890615866714
178,94,1007.7866820073974
178,95,993.8803162352906
179,0,979.7272727272727
179,1,965.1171160954348
179,2,950.7746526927192
179,3,937.6584993072804
179,4,926.7272727272727
179,5,918.6466015697276
179,6,912.9101617671804
179,7,908.7186410810432
179,8,905.2727272727273
179,9,901.9697730802
179,10,898.9937911476501
179,11,896.7254590958205
179,12,895.5454545454545
179,13,895.7797038367443
179,14,897.5351281876738
179,15,900.8638975356754
179,16,905.818181818182
179,17,912.3361274819138
179,18,919.899787010746
179,19,927.8771893978416
179,20,935.6363636363636
179,21,942.752206690146
179,22,949.6270874057062
179,23,956.8702426002312
179,24,965.0909090909092
179,25,974.7814662120468
179,26,985.9668633664296
179,27,998.5551924739608
179,28,1012.4545454545456
179,29,1027.3179511889389
179,30,1041.7781864013034
179,31,1054.2129647766524
179,32,1063.0
179,33,1067.0774108503792
179,34,1067.6249364829027
179,35,1066.3827211467017
179,36,1065.090909090909
179,37,1065.013030409544
179,38,1065.506158576177
179,39,1065.4507529092673
179,40,1063.7272727272727
179,41,1059.6460356932632
179,42,1054.2367928487529
179,43,1048.959153579866
179,44,1045.2727272727273
179,45,1044.3744177264937
179,46,1046.4103063924483
179,47,1051.2637691349062
179,48,1058.8181818181818
179,49,1068.9074297643983
179,50,1081.1674361269083
179,51,1095.1846335168734
179,52,1110.5454545454545
179,53,1126.7614882159132
179,54,1143.0449490999172
179,55,1158.5332081612353
179,56,1172.3636363636365
179,57,1183.9798560083125
179,58,1194.0504947461495
179,59,1203.5504315654573
179,60,1213.4545454545455
179,61,1224.5349968417463
179,62,1236.7530719154845
179,63,1249.8673383042076
179,64,1263.6363636363635
179,65,1277.6784520792482
179,66,1291.050853955549
179,67,1302.670556126803
179,68,1311.4545454545455
179,69,1316.6077289321702
179,70,1318.4866940805002
179,71,1317.7359485522168
179,72,1315.0
179,73,1310.9019958284348
179,74,1305.979642449722
179,75,1300.7492860279665
179,76,1295.7272727272727
179,77,1291.2828672995454
179,78,1287.1970088478847
179,79,1283.103555063191
179,80,1278.6363636363635
179,81,1273.3557395188384
179,82,1266.5277767041937
179,83,1257.3450164465428
179,84,1245.0
179,85,1228.977413261464
179,86,1209.9305206989766
179,87,1188.8047314233645
179,88,1166.5454545454545
179,89,1144.0229597080324
179,90,1121.8069586817178
179,91,1100.39202376909
179,92,1080.2727272727273
179,93,1061.834156997316
179,94,1045.0234627559707
179,95,1029.6783098639128
180,0,1015.6363636363636
180,1,1002.7639918481578
180,2,991.0423721125812
180,3,980.481384502532
180,4,971.0909090909092
180,5,962.8399892464156
180,6,955.5343215209768
180,7,948.9387657623222
180,8,942.818181818182
180,9,937.0223579843612
180,10,931.7407963489665
180,11,927.2479274481792
180,12,923.818181818182
180,13,921.7012606343218
180,14,921.0479476286127
180,15,921.9842971722334
180,16,924.6363636363636
180,17,929.04475856926
180,18,934.9083222274916
180,19,941.8404520447044
180,20,949.4545454545456
180,21,957.4606141795466
180,22,965.9551270977844
180,23,975.131167376221
180,24,985.181818181818
180,25,996.5232960761896
180,26,1010.4643511995524
180,27,1028.5368670867754
180,28,1052.2727272727273
180,29,1082.311258333877
180,30,1115.7215590130966
180,31,1148.680171094859
180,32,1177.3636363636365
180,33,1198.8481478610297
180,34,1213.808503657151
180,35,1223.819153079243
180,36,1230.4545454545455
180,37,1235.0631956765508
180,38,1238.089880903753
180,39,1239.7534438608968
180,40,1240.2727272727273
180,41,1239.9956603418584
180,42,1239.786518182383
180,43,1240.6386623862609
180,44,1243.5454545454545
180,45,1249.1856970469244
180,46,1256.979955457626
180,47,1266.0342361395149
180,48,1275.4545454545455
180,49,1284.5768923795351
180,50,1293.6572963507494
180,51,1303.1817794193164
180,52,1313.6363636363635
180,53,1325.4555970712988
180,54,1338.8681318666486
180,55,1354.0511461832195
180,56,1371.1818181818182
180,57,1390.1206056989058
180,58,1409.461085273565
180,59,1427.4801131205322
180,60,1442.4545454545455
180,61,1453.142946042169
180,62,1460.2307088572736
180,63,1464.88493542556
180,64,1468.2727272727273
180,65,1471.1499396778745
180,66,1472.6274429337043
180,67,1471.4048610863183
180,68,1466.1818181818182
180,69,1456.068374791787
180,70,1441.8163375897273
180,71,1424.5879497746223
180,72,1405.5454545454545
180,73,1385.825140700432
180,74,1366.4594794346597
180,75,1348.4549875424666
180,76,1332.8181818181818
180,77,1320.2375964973935
180,78,1310.129835580725
180,79,1301.5935205100575
180,80,1293.7272727272727
180,81,1285.4176551281748
180,82,1274.7029964242586
180,83,1259.40956678094
180,84,1237.3636363636365
180,85,1207.1130898080885
180,86,1170.0922696313323
180,87,1128.4571328207285
180,88,1084.3636363636365
180,89,1040.1583947303805
180,90,998.9506523231393
180,91,964.0403110270558
180,92,938.7272727272727
180,93,924.8797517249355
180,94,918.6392119852014
180,95,914.7154298892304
181,0,907.818181818182
181,1,894.3850983698768
181,2,877.7652270087815
181,3,863.0354694160226
181,4,855.2727272727273
181,5,858.0344002501023
181,6,868.7998799796723
181,7,883.5290560830425
181,8,898.1818181818181
181,9,909.4219029024424
181,10,916.7284348907116
181,11,920.2843857972616
181,12,920.2727272727273
181,13,917.091908594674
181,14,912.00228954839
181,15,906.4797075460924
181,16,902.0
181,17,899.6422809006792
181,18,898.8987705520923
181,19,898.8649658365503
181,20,898.6363636363636
181,21,897.7324337116995
181,22,897.3685373341493
181,23,899.184008653161
181,24,904.818181818182
181,25,915.4478706161592
181,26,930.3998073840374
181,27,948.5382040962606
181,28,968.7272727272727
181,29,989.8397201873004
181,30,1010.7822331297012
181,31,1030.469993143615
181,32,1047.8181818181818
181,33,1062.05546454373
181,34,1073.66444191534
181,35,1083.44119832928
181,36,1092.1818181818182
181,37,1100.5620011832334
181,38,1108.7759082998473
181,39,1116.8973158119925
181,40,1125.0
181,41,1133.118405723336
181,42,1141.129652157998
181,43,1148.871527059115
181,44,1156.1818181818182
181,45,1163.0865350143313
181,46,1170.3645739772528
181,47,1178.9830532242752
181,48,1189.909090909091
181,49,1203.6988064920663
181,50,1219.2643246602638
181,51,1235.1067714074206
181,52,1249.7272727272727
181,53,1262.0742049264943
181,54,1272.8849455635095
181,55,1283.3441225096792
181,56,1294.6363636363635
181,57,1307.591021529228
181,58,1321.6163476311513
181,59,1335.7653180993177
181,60,1349.090909090909
181,61,1360.889833956594
181,62,1371.4337548209755
181,63,1381.2380710021423
181,64,1390.8181818181818
181,65,1400.4007790080327
181,66,1409.057723994037
181,67,1415.572170619386
181,68,1418.7272727272727
181,69,1417.650515920366
181,70,1412.846712839241
181,71,1405.1650078839502
181,72,1395.4545454545455
181,73,1384.477270946867
181,74,1372.6463337399075
181,75,1360.2876842084495
181,76,1347.7272727272727
181,77,1335.2514798376208
181,78,1322.988406746582
181,79,1311.0265848277068
181,80,1299.4545454545455
181,81,1288.2724915208323
181,82,1277.1273120010371
181,83,1265.5775673898145
181,84,1253.1818181818182
181,85,1239.5292927154137
181,86,1224.331890703814
181,87,1207.332179703944
181,88,1188.2727272727273
181,89,1167.1316444356942
181,90,1144.8292160927963
181,91,1122.5212706125917
181,92,1101.3636363636365
181,93,1082.2310613599914
181,94,1064.8739721977272
181,95,1048.7617151184177
182,0,1033.3636363636365
182,1,1018.283598760704
182,2,1003.6635314799306
182,3,989.7798802773738
182,4,976.9090909090908
182,5,965.2424981426472
182,6,954.6309927916408
182,7,944.8403546811774
182,8,935.6363636363636
182,9,926.841579123252
182,10,918.5056791716876
182,11,910.7351214524608
182,12,903.6363636363636
182,13,897.2903330916164
182,14,891.6758359761542
182,15,886.7461481453425
182,16,882.4545454545455
182,17,878.725781692101
182,18,875.3705223782406
182,19,872.170910966169
182,20,868.9090909090909
182,21,865.5948924127068
182,22,863.1488926927012
182,23,862.7193557172542
182,24,865.4545454545455
182,25,872.1702168388894
182,26,882.3520886691363
182,27,895.1533707102694
182,28,909.7272727272727
182,29,925.2384447771892
182,30,940.8972980852992
182,31,955.9256841689414
182,32,969.5454545454544
182,33,981.1260040523524
182,34,990.6269008078482
182,35,998.1552562503286
182,36,1003.818181818182
182,37,1007.8654935588548
182,38,1011.1178259560352
182,39,1014.5385181024704
182,40,1019.0909090909092
182,41,1025.522817166774
182,42,1033.719977186193
182,43,1043.3526031579704
182,44,1054.090909090909
182,45,1065.7662491376857
182,46,1078.8545380264652
182,47,1093.9928306292848
182,48,1111.8181818181818
182,49,1132.5869021915742
182,50,1155.032325253401
182,51,1177.5070402339818
182,52,1198.3636363636365
182,53,1216.4713693687447
182,54,1232.7661609599306
182,55,1248.7005993438786
182,56,1265.7272727272727
182,57,1284.7548930607195
182,58,1304.5166672705127
182,59,1323.2019260268678
182,60,1339.0
182,61,1350.6340583883773
182,62,1358.962624503473
182,63,1365.3780601850146
182,64,1371.2727272727273
182,65,1377.696089294863
182,66,1384.326016533776
182,67,1390.4974809603466
182,68,1395.5454545454545
182,69,1398.9267548867165
182,70,1400.5855820886952
182,71,1400.58798188269
182,72,1399.0
182,73,1395.8596752491803
182,74,1391.0930187478066
182,75,1384.5980346907118
182,76,1376.2727272727273
182,77,1366.1615327529266
182,78,1354.8946156473503
182,79,1343.2485725362812
182,80,1332.0
182,81,1321.593625557295
182,82,1311.146700480973
182,83,1299.4446069823464
182,84,1285.2727272727273
182,85,1267.7693627451663
182,86,1247.4844915196666
182,87,1225.3210108979697
182,88,1202.1818181818182
182,89,1178.8601734620404
182,90,1155.7107879858156
182,91,1132.9787357894102
182,92,1110.909090909091
182,93,1089.7629547703089
182,94,1069.8655383552536
182,95,1051.5580800352984
183,0,1035.1818181818182
183,1,1020.9289165476332
183,2,1008.3952404113522
183,3,997.0275804330312
183,4,986.2727272727273
183,5,975.6989358573406
183,6,965.3603181811563
183,7,955.4324505053028
183,8,946.0909090909092
183,9,937.5438059320942
183,10,930.129395954932
183,11,924.2184698184856
183,12,920.181818181818
183,13,918.2551017779188
183,14,918.1334616354796
183,15,919.376908857119
183,16,921.5454545454544
183,17,924.2468665016852
183,18,927.279939321331
183,19,930.4912242984932
183,20,933.7272727272727
183,21,937.062829942614
183,22,941.4854174428332
183,23,948.2107507670904
183,24,958.4545454545456
183,25,973.0444273642236
183,26,991.2556636346096
183,27,1011.9754317240546
183,28,1034.090909090909
183,29,1056.5534946914015
183,30,1078.5714734732742
183,31,1099.417351882145
183,32,1118.3636363636365
183,33,1134.9660256883517
183,34,1149.9129879268394
183,35,1164.176183474635
183,36,1178.7272727272727
183,37,1194.1605275551929
183,38,1209.5606657284588
183,39,1223.6350164920411
183,40,1235.090909090909
183,41,1242.9884549999688
183,42,1247.7988946138703
183,43,1250.3462505572004
183,44,1251.4545454545455
183,45,1251.9808228994773
183,46,1252.9142103615136
183,47,1255.2768562791566
183,48,1260.090909090909
183,49,1268.0087079475752
183,50,1278.2033548491652
183,51,1289.478142507991
183,52,1300.6363636363635
183,53,1310.8536634920397
183,54,1320.795097514552
183,55,1331.4980736888797
183,56,1344.0
183,57,1358.9360130842672
183,58,1375.3321641835355
183,59,1391.8122331910367
183,60,1407.0
183,61,1419.8326818981652
183,62,1430.5012457513049
183,63,1439.5100958197015
183,64,1447.3636363636365
183,65,1454.3895093230726
183,66,1460.2083073566985
183,67,1464.263860802885
183,68,1466.0
183,69,1464.9615535368173
183,70,1461.0973430037182
183,71,1454.4571882414873
183,72,1445.090909090909
183,73,1433.2003560751127
183,74,1419.5955024466095
183,75,1405.238352140256
183,76,1391.090909090909
183,77,1377.8705448900046
183,78,1365.3161017552982
183,79,1352.921789561124
183,80,1340.1818181818182
183,81,1326.6825211830503
183,82,1312.3787268958347
183,83,1297.3173873425194
183,84,1281.5454545454545
183,85,1265.0343135596115
183,86,1247.453081570455
183,87,1228.3953087960706
183,88,1207.4545454545455
183,89,1184.4543723057757
183,90,1160.1384922768916
183,91,1135.4806388368347
183,92,1111.4545454545455
183,93,1088.82859494456
183,94,1067.549767503797
183,95,1047.3596926747723
184,0,1028.0
184,1,1009.3122138250764
184,2,991.5374377079198
184,3,975.0166700095308
184,4,960.0909090909092
184,5,947.024822482408
184,6,935.777754391796
184,7,926.2327181961954
184,8,918.2727272727273
184,9,911.751848518019
184,10,906.4083629067136
184,11,901.951604932961
184,12,898.0909090909091
184,13,894.5558516273347
184,14,891.1569757995301
184,15,887.7250666174149
184,16,884.0909090909091
184,17,880.1753131544597
184,18,876.2591884406204
184,19,872.7134695064707
184,20,869.9090909090909
184,21,868.1761343911894
184,22,867.6812704379888
184,23,868.5503167203391
184,24,870.9090909090909
184,25,874.9596379171454
184,26,881.2089116256062
184,27,890.2400931576277
184,28,902.6363636363636
184,29,918.4128707584103
184,30,935.3126285141316
184,31,950.5106174673324
184,32,961.181818181818
184,33,965.471265412849
184,34,965.404210681504
184,35,963.9759597003158
184,36,964.181818181818
184,37,968.207749408375
184,38,975.0023469416716
184,39,982.704861913223
184,40,989.4545454545456
184,41,993.892339226378
184,42,996.665947006356
184,43,998.9247631013376
184,44,1001.818181818182
184,45,1006.2584050497488
184,46,1012.2088650329048
184,47,1019.3958015905172
184,48,1027.5454545454545
184,49,1036.3979042109904
184,50,1045.748592862025
184,51,1055.4068032638652
184,52,1065.1818181818182
184,53,1074.9610576517446
184,54,1084.944490791723
184,55,1095.410223990385
184,56,1106.6363636363635
184,57,1118.8232060911218
184,58,1131.859807607447
184,59,1145.557414410958
184,60,1159.7272727272727
184,61,1174.1637316201316
184,62,1188.5935515057608
184,63,1202.72659563851
184,64,1216.2727272727273
184,65,1228.886924246534
184,66,1240.004622733145
184,67,1249.006373489547
184,68,1255.2727272727273
184,69,1258.2914123028222
184,70,1257.978866652567
184,71,1254.3587058578466
184,72,1247.4545454545455
184,73,1237.5127674512678
184,74,1225.6708197474954
184,75,1213.28891671543
184,76,1201.7272727272727
184,77,1191.9984269830156
184,78,1183.724217993814
184,79,1176.178809098615
184,80,1168.6363636363635
184,81,1160.527615525761
184,82,1151.9095810045203
184,83,1142.9958468901104
184,84,1134.0
184,85,1125.0033268230327
184,86,1115.5579125335596
184,87,1105.0835419773064
184,88,1093.0
184,89,1078.9306680911986
184,90,1063.3133143157872
184,91,1046.789303382482
184,92,1030.0
184,93,1013.5069553576268
184,94,997.552466566928
184,95,982.299017220038
185,0,967.9090909090908
185,1,954.5059991146572
185,2,942.0563648710464
185,3,930.4876391010032
185,4,919.7272727272727
185,5,909.717627729199
185,6,900.4607103125231
185,7,891.9734377395856
185,8,884.2727272727273
185,9,877.4359899685473
185,10,871.7826120606795
185,11,867.6924735770176
185,12,865.5454545454545
185,13,865.6023328511578
185,14,867.6474778083949
185,15,871.3461565887071
185,16,876.3636363636364
185,17,882.4103604450028
185,18,889.3774767057407
185,19,897.2013091590627
185,20,905.818181818182
185,21,915.1781003688312
185,22,925.2857971868248
185,23,936.1596863204968
185,24,947.818181818182
185,25,960.2735448978544
185,26,973.513425456052
185,27,987.5193205589504
185,28,1002.2727272727273
185,29,1017.5743109488408
185,30,1032.5014100798765
185,31,1045.950531443701
185,32,1056.8181818181818
185,33,1064.373813579509
185,34,1069.3786614971696
185,35,1072.966905938972
185,36,1076.2727272727273
185,37,1080.2116847331222
185,38,1084.824853022355
185,39,1089.9346857095009
185,40,1095.3636363636365
185,41,1101.0052997607297
185,42,1107.0378355043204
185,43,1113.710544404842
185,44,1121.2727272727273
185,45,1129.879332133051
185,46,1139.3078958694548
185,47,1149.2416025802222
185,48,1159.3636363636365
185,49,1169.4248148888846
185,50,1179.446490108769
185,51,1189.5176475469964
185,52,1199.7272727272727
185,53,1210.2182833114105
185,54,1221.3493255136502
185,55,1233.532977686337
185,56,1247.1818181818182
185,57,1262.508870047291
185,58,1278.9289351093582
185,59,1295.6572598894736
185,60,1311.909090909091
185,61,1327.0161228630618
185,62,1340.7758431398263
185,63,1353.102187301224
185,64,1363.909090909091
185,65,1373.06158168228
185,66,1380.2290559676983
185,67,1385.0320022692677
185,68,1387.090909090909
185,69,1386.1835731350914
185,70,1382.7170238984704
185,71,1377.255599076251
185,72,1370.3636363636365
185,73,1362.5450348682646
185,74,1354.0619393475108
185,75,1345.1160559711834
185,76,1335.909090909091
185,77,1326.613560119123
185,78,1317.2852187114863
185,79,1307.9506315844708
185,80,1298.6363636363635
185,81,1289.22089510979
185,82,1278.9903676247247
185,83,1267.0828381454787
185,84,1252.6363636363635
185,85,1235.0667798962618
185,86,1214.9010380623415
185,87,1192.9438681063411
185,88,1170.0
185,89,1146.7889739415257
185,90,1123.6895710350002
185,91,1100.9953826109747
185,92,1079.0
185,93,1057.9889720649082
185,94,1038.2156777976577
185,95,1019.9254537224872
186,0,1003.3636363636364
186,1,988.6187741624774
186,2,975.152263228915
186,3,962.268711589986
186,4,949.2727272727273
186,5,935.7276926488182
186,6,922.2320874685014
186,7,909.6431658266612
186,8,898.8181818181819
186,9,890.4875006967952
186,10,884.8739323516248
186,11,882.073397830642
186,12,882.1818181818181
186,13,885.1134977458197
186,14,890.0562740340905
186,15,896.016367850771
186,16,902.0
186,17,907.2502696835631
186,18,911.9577896938312
186,19,916.55005122082
186,20,921.4545454545456
186,21,927.1226394290176
186,22,934.1012035542208
186,23,942.9609840841314
186,24,954.2727272727273
186,25,968.3174112367292
186,26,984.2169415438312
186,27,1000.8034556244726
186,28,1016.9090909090908
186,29,1031.6986247149753
186,30,1045.6673939068178
186,31,1059.6433752361602
186,32,1074.4545454545455
186,33,1090.633828539733
186,34,1107.5339373743527
186,35,1124.2125320672503
186,36,1139.7272727272727
186,37,1153.1779929442737
186,38,1163.833220232135
186,39,1171.0036555857475
186,40,1174.0
186,41,1172.5916996831725
186,42,1168.3831816971062
186,43,1163.4376183170325
186,44,1159.8181818181818
186,45,1159.0631628684912
186,46,1160.611325706713
186,47,1163.3765529643058
186,48,1166.2727272727273
186,49,1168.4496829337727
186,50,1170.0010609305878
186,51,1171.2564539166538
186,52,1172.5454545454545
186,53,1174.1892417600543
186,54,1176.4753396618462
186,55,1179.6828586418062
186,56,1184.090909090909
186,57,1189.9907932078283
186,58,1197.7225804220277
186,59,1207.6385319706674
186,60,1220.090909090909
186,61,1235.1004263177228
186,62,1251.3616113773166
186,63,1267.2374452937063
186,64,1281.090909090909
186,65,1291.6202856121888
186,66,1298.8650649777974
186,67,1303.2000391272347
186,68,1305.0
186,69,1304.6542266880676
186,70,1302.609946893312
186,71,1299.3288754700825
186,72,1295.2727272727273
186,73,1290.876443999177
186,74,1286.4678747216817
186,75,1282.3480953560727
186,76,1278.8181818181818
186,77,1276.0161336788617
186,78,1273.4276451290525
186,79,1270.375334014717
186,80,1266.1818181818182
186,81,1260.2252144671957
186,82,1252.1056356712002
186,83,1241.478693585059
186,84,1228.0
186,85,1211.531872088719
186,86,1192.7634485497836
186,87,1172.590573463229
186,88,1151.909090909091
186,89,1131.458376723383
186,90,1111.3519337660296
186,91,1091.5467966529343
186,92,1072.0
186,93,1052.7837687450226
186,94,1034.4310891133707
186,95,1017.5901376523065
187,0,1002.9090909090908
187,1,990.7502982965268
187,2,980.3328006895786
187,3,970.5898118287504
187,4,960.4545454545456
187,5,949.2207198870508
187,6,937.6240717646784
187,7,926.7608423054212
187,8,917.7272727272727
187,9,911.3540380643597
187,10,907.4095486153432
187,11,905.3966484950188
187,12,904.818181818182
187,13,905.2878437646018
187,14,906.8627337739484
187,15,909.7108023508666
187,16,914.0
187,17,919.8497005135972
187,18,927.1849708343176
187,19,935.8823011924248
187,20,945.818181818182
187,21,956.7735814537372
187,22,968.1473828887812
187,23,979.2429474248892
187,24,989.3636363636364
187,25,998.1525645805444
187,26,1006.6118612469209
187,27,1016.0834091080184
187,28,1027.909090909091
187,29,1042.8476943149935
187,30,1059.32562666899
187,31,1075.1862002339458
187,32,1088.2727272727273
187,33,1097.0901808867543
187,34,1102.7901775316643
187,35,1107.185994501652
187,36,1112.090909090909
187,37,1118.8285139561722
187,38,1126.7636632043514
187,39,1134.7715263049004
187,40,1141.7272727272727
187,41,1146.7704791976482
187,42,1150.0983514691115
187,43,1152.1725025514736
187,44,1153.4545454545455
187,45,1154.2628647077802
187,46,1154.3429309192024
187,47,1153.2969862164778
187,48,1150.7272727272727
187,49,1146.464993789412
187,50,1141.2571975813516
187,51,1136.0798934917063
187,52,1131.909090909091
187,53,1129.6314214982087
187,54,1129.7760060281184
187,55,1132.7825875439694
187,56,1139.090909090909
187,57,1148.8601724904815
187,58,1161.1274146698106
187,59,1174.6491313324163
187,60,1188.1818181818182
187,61,1200.7602749035025
187,62,1212.5325171108211
187,63,1223.9248643990932
187,64,1235.3636363636365
187,65,1247.0390688045993
187,66,1258.19706234145
187,67,1267.8474337984844
187,68,1275.0
187,69,1278.9584498780994
187,70,1280.2019607961067
187,71,1279.5035822251516
187,72,1277.6363636363635
187,73,1275.2649157739118
187,74,1272.620094474123
187,75,1269.8243168463637
187,76,1267.0
187,77,1264.2006370262532
187,78,1261.2040249437644
187,79,1257.7190367530295
187,80,1253.4545454545455
187,81,1248.1058315756209
187,82,1241.3138057508193
187,83,1232.7057861415171
187,84,1221.909090909091
187,85,1208.6871162167174
187,86,1193.347570234776
187,87,1176.3342391354463
187,88,1158.090909090909
187,89,1139.0533740120543
187,90,1119.625458764622
187,91,1100.2029959530594
187,92,1081.1818181818182
187,93,1062.9218309168818
187,94,1045.6392310703736
187,95,1029.5142884159511
188,0,1014.7272727272727
188,1,1001.365836411327
188,2,989.147162408429
188,3,977.6958162922256
188,4,966.6363636363636
188,5,955.7099938923556
188,6,945.1243920231824
188,7,935.2038668696908
188,8,926.2727272727273
188,9,918.59106301925
188,10,912.1620876806588
188,11,906.924795774466
188,12,902.818181818182
188,13,899.7652426670084
188,14,897.6249845269086
188,15,896.2404159415368
188,16,895.4545454545455
188,17,895.0695572218075
188,18,894.7243378480694
188,19,894.0169495502963
188,20,892.5454545454545
188,21,890.1184602639435
188,22,887.3867549899045
188,23,885.2116722209132
188,24,884.4545454545455
188,25,885.8685335406
188,26,889.7740967377671
188,27,896.3835206569597
188,28,905.9090909090908
188,29,918.1943373918384
188,30,931.6077671499364
188,31,944.1491315148846
188,32,953.818181818182
188,33,959.2319578011378
188,34,961.4766528443052
188,35,962.2557487380471
188,36,963.2727272727273
188,37,965.8281154945196
188,38,969.6106214728424
188,39,973.9059985329264
188,40,978.0
188,41,981.3447847662384
188,42,984.058133991597
188,43,986.4242344029748
188,44,988.7272727272727
188,45,991.21035907689
188,46,993.9522971062244
188,47,996.9908138551742
188,48,1000.3636363636364
188,49,1004.0438925625652
188,50,1007.746313947141
188,51,1011.121032903601
188,52,1013.818181818182
188,53,1015.80441158194
188,54,1018.3124471052112
188,55,1022.8915318031494
188,56,1031.090909090909
188,57,1043.86772247331
188,58,1059.8107158138316
188,59,1076.9165330656194
188,60,1093.1818181818182
188,61,1107.1039598884568
188,62,1119.1833260030985
188,63,1130.421029116191
188,64,1141.8181818181818
188,65,1154.0672902455913
188,66,1166.6264347192296
188,67,1178.6450891059806
188,68,1189.2727272727273
188,69,1197.858413220088
188,70,1204.5495714836195
188,71,1209.6932167326142
188,72,1213.6363636363635
188,73,1216.6368409649665
188,74,1218.5957338917467
188,75,1219.3249416908357
188,76,1218.6363636363635
188,77,1216.3939388291374
188,78,1212.6697656766662
188,79,1207.5879824131346
188,80,1201.2727272727273
188,81,1193.8058696275746
188,82,1185.1002034015885
188,83,1175.0262536566263
188,84,1163.4545454545455
188,85,1150.2803099332916
188,86,1135.4976025351623
188,87,1119.1251847785427
188,88,1101.1818181818182
188,89,1081.8768679119862
188,90,1062.18211373049
188,91,1043.2599390473852
188,92,1026.2727272727273
188,93,1012.0474456914912
188,94,1000.069397088332
188,95,989.4884681228252
189,0,979.4545454545456
189,1,969.2714175038674
189,2,958.8584797343632
189,3,948.2890293704048
189,4,937.6363636363636
189,5,927.0416002021302
189,6,916.9171385196692
189,7,907.7431984864648
189,8,900.0
189,9,893.9442839603394
189,10,888.9388752778686
189,11,884.1231198655546
189,12,878.6363636363636
189,13,871.9142185019668
189,14,864.5773603688554
189,15,857.5427311422255
189,16,851.7272727272727
189,17,847.7809443045206
189,18,845.2857741558007
189,19,843.5568078382709
189,20,841.9090909090909
189,21,839.8085951890414
189,22,837.3249975533971
189,23,834.6789011410539
189,24,832.0909090909091
189,25,829.9846749393132
189,26,829.5960538124302
189,27,832.3639512338774
189,28,839.7272727272727
189,29,852.3492959627966
189,30,867.7907871968827
189,31,882.8368848325273
189,32,894.2727272727273
189,33,899.8780843913185
189,34,901.411251945494
189,35,901.6251571632864
189,36,903.2727272727273
189,37,908.3230255628386
189,38,915.609659566596
189,39,923.1823728779644
189,40,929.0909090909092
189,41,931.8312338118732
189,42,931.6842006972136
189,43,929.3768854157652
189,44,925.6363636363636
189,45,921.1986300987598
189,46,916.8353558263684
189,47,913.32713091352
189,48,911.4545454545456
189,49,911.8117457930877
189,50,914.24710327004
189,51,918.4225454756088
189,52,924.0
189,53,930.8072276379808
189,54,939.335322002562
189,55,950.2412099113172
189,56,964.181818181818
189,57,981.5147413822626
189,58,1001.4002450833476
189,59,1022.6992626063952
189,60,1044.2727272727273
189,61,1065.2119318329692
189,62,1085.5296067549566
189,63,1105.4688419358297
189,64,1125.2727272727273
189,65,1145.0338381040435
189,66,1164.2426915331898
189,67,1182.239290104832
189,68,1198.3636363636365
189,69,1212.1044202963117
189,70,1223.5450816577388
189,71,1232.9177476448424
189,72,1240.4545454545455
189,73,1246.3169466198003
189,74,1250.3838000176725
189,75,1252.463298861253
189,76,1252.3636363636365
189,77,1250.01415686085
189,78,1245.8288091806633
189,79,1240.3426932737812
189,80,1234.090909090909
189,81,1227.4119373004362
189,82,1219.8577814414932
189,83,1210.7838257708945
189,84,1199.5454545454545
189,85,1185.6846848464954
189,86,1169.4900650533643
189,87,1151.436776369914
189,88,1132.0
189,89,1111.6916528590364
189,90,1091.1705947086866
189,91,1071.132421022175
189,92,1052.2727272727273
189,93,1035.0771128082683
189,94,1019.1911924755262
189,95,1004.05058499593
190,0,989.0909090909092
190,1,973.9672254533452
190,2,959.2123626619356
190,3,945.5785912668308
190,4,933.818181818182
190,5,924.4701785601688
190,6,917.2207205130944
190,7,911.5427203912908
190,8,906.9090909090908
190,9,902.8878557605252
190,10,899.4274825584145
190,11,896.5715498952785
190,12,894.3636363636364
190,13,892.9130574886402
190,14,892.5920765259748
190,15,893.8386936639586
190,16,897.0909090909091
190,17,902.6048006485508
190,18,909.9087567922318
190,19,918.349243630706
190,20,927.2727272727273
190,21,936.2586490080656
190,22,945.8183508505527
190,23,956.6961499950364
190,24,969.6363636363636
190,25,985.1106033191865
190,26,1002.4996579873748
190,27,1020.9116109346032
190,28,1039.4545454545455
190,29,1057.3259263515515
190,30,1074.080744472674
190,31,1089.3633721756412
190,32,1102.8181818181818
190,33,1114.2632480927894
190,34,1124.2114550310196
190,35,1133.3493889991948
190,36,1142.3636363636365
190,37,1151.7077290045645
190,38,1160.9029808577932
190,39,1169.237651373034
190,40,1176.0
190,41,1180.675722252589
190,42,1183.5402579014446
190,43,1185.066482781396
190,44,1185.7272727272727
190,45,1186.100745621443
190,46,1187.1859875364282
190,47,1190.0873265922903
190,48,1195.909090909091
190,49,1205.3161816252764
190,50,1217.2157919528418
190,51,1230.075688122168
190,52,1242.3636363636365
190,53,1253.0393574229065
190,54,1263.03039010675
190,55,1273.7562277372188
190,56,1286.6363636363635
190,57,1302.6599114103717
190,58,1321.0944658019764
190,59,1340.7772418380478
190,60,1360.5454545454545
190,61,1379.4261105719702
190,62,1397.20538304898
190,63,1413.8592367287729
190,64,1429.3636363636365
190,65,1443.6697372108376
190,66,1456.6294565475573
190,67,1468.0699021559526
190,68,1477.8181818181818
190,69,1485.676190584678
190,70,1491.344972578972
190,71,1494.500359192872
190,72,1494.8181818181818
190,73,1492.1169777231778
190,74,1486.7861076820077
190,75,1479.3576383452885
190,76,1470.3636363636365
190,77,1460.2564667044296
190,78,1449.1696876020883
190,79,1437.1571556077938
190,80,1424.2727272727273
190,81,1410.469371368195
190,82,1395.296505546003
190,83,1378.202659678082
190,84,1358.6363636363635
190,85,1336.2865023682457
190,86,1311.8033811229914
190,87,1286.0776602253327
190,88,1260.0
190,89,1234.3349032497329
190,90,1209.3422426893046
190,91,1185.1557335114967
190,92,1161.909090909091
190,93,1139.733259632823
190,94,1118.7481026652451
190,95,1099.0707125468628
191,0,1015.9690909090908
191,1,1000.2285892712905
191,2,985.8522440325502
191,3,972.7547767775344
191,4,960.8509090909089
191,5,950.1080834054385
191,6,940.7046255462875
191,7,932.8715821867202
191,8,926.8399999999999
191,9,922.6452418796821
191,10,919.5399356004814
191,11,916.5810251574038
191,12,912.8254545454546
191,13,907.7237047576509
191,14,902.3004047790589
191,15,897.9737205927552
191,16,896.1618181818181
191,17,897.8724390897139
191,18,902.4716271014648
191,19,908.9150015624836
191,20,916.1581818181818
191,21,923.4302320653118
191,22,931.0539959059903
191,23,939.6257617936737
191,24,949.7418181818182
191,25,961.8211496944923
191,26,975.5735256382095
191,27,990.5314114900946
191,28,1006.2272727272727
191,29,1022.2341180203547
191,30,1038.287128813899
191,31,1054.162029745948
191,32,1069.6345454545456
191,33,1084.5115543604504
191,34,1098.724550015285
191,35,1112.2361797533858
191,36,1125.0090909090907
191,37,1136.9983293105697
191,38,1148.1285347613245
191,39,1158.31674555869
191,40,1167.48
191,41,1175.6253840790878
191,42,1183.1201745757796
191,43,1190.4216959664
191,44,1197.9872727272727
191,45,1206.2407593730784
191,46,1215.47213057192
191,47,1225.9378910302562
191,48,1237.8945454545456
191,49,1251.382061383143
191,50,1265.5742576819944
191,51,1279.4284160489385
191,52,1291.9018181818183
191,53,1302.368012139802
191,54,1311.8656114273756
191,55,1321.8494959103514
191,56,1333.7745454545454
191,57,1348.6285036940124
191,58,1365.5305693357777
191,59,1383.1328048551088
191,60,1400.0872727272726
191,61,1415.3126321750572
191,62,1428.7939294113316
191,63,1440.7828073964856
191,64,1451.530909090909
191,65,1461.2193766966673
191,66,1469.7473493825314
191,67,1476.9434655589484
191,68,1482.6363636363635
191,69,1486.6286962655452
191,70,1488.6191730585415
191,71,1488.2805178677215
191,72,1485.2854545454543
191,73,1479.483821195697
191,74,1471.433912928757
191,75,1461.8711391065294
191,76,1451.530909090909
191,77,1440.9828939516653
191,78,1430.133811590066
191,79,1418.724641615252
191,80,1406.4963636363636
191,81,1393.1937791340033
191,82,1378.5769770746147
191,83,1362.4098682961
191,84,1344.4563636363634
191,85,1324.5934383759568
191,86,1303.1503255660218
191,87,1280.5693227003492
191,88,1257.2927272727272
191,89,1233.718007134896
191,90,1210.063311570389
191,91,1186.5019602206871
191,92,1163.2072727272728
191,93,1140.3707546753672
191,94,1118.2566554251498
191,95,1097.1474102805394
192,0,1031.4818181818182
192,1,1013.9360856353949
192,2,997.7425445471192
192,3,982.7504584580112
192,4,968.809090909091
192,5,955.8073406028946
192,6,943.7926468880237
192,7,932.8520842745954
192,8,923.0727272727272
192,9,914.5658019530265
192,10,907.539140628059
192,11,902.2247271708801
192,12,898.8545454545455
192,13,897.5614118122725
192,14,898.081472417923
192,15,900.0517059055213
192,16,903.109090909091
192,17,906.9396871615204
192,18,911.425878791158
192,19,916.4991310252168
192,20,922.0909090909091
192,21,928.3385043143729
192,22,936.2025124174447
192,23,946.849355220885
192,24,961.4454545454546
192,25,980.6236251264419
192,26,1002.882253357245
192,27,1026.186118545789
192,28,1048.5
192,29,1068.2598929071323
192,30,1085.7866559717577
192,31,1101.8723637777769
192,32,1117.309090909091
192,33,1132.6818316541198
192,34,1147.7472591193612
192,35,1162.054966115831
192,36,1175.1545454545455
192,37,1186.716189567297
192,38,1196.8924893689798
192,39,1205.9566353952637
192,40,1214.1818181818182
192,41,1221.8957396221465
192,42,1229.6441470410834
192,43,1238.0272991212967
192,44,1247.6454545454546
192,45,1258.9251417168446
192,46,1271.5979679212328
192,47,1285.2218101650044
192,48,1299.3545454545456
192,49,1313.5041196468392
192,50,1326.9787540012592
192,51,1339.0367386277765
192,52,1348.9363636363637
192,53,1356.3323853776171
192,54,1362.4654251646405
192,55,1368.9725705511614
192,56,1377.490909090909
192,57,1389.182674069964
192,58,1403.3106817038154
192,59,1418.6628939403047
192,60,1434.027272727273
192,61,1448.3447308425266
192,62,1461.1679843837344
192,63,1472.2027002785294
192,64,1481.1545454545455
192,65,1487.7878343781117
192,66,1492.1014716703387
192,67,1494.153009491033
192,68,1494.0
192,69,1491.740721417754
192,70,1487.6363562076385
192,71,1481.9888128937039
192,72,1475.1000000000001
192,73,1467.1921776781446
192,74,1458.1690125900172
192,75,1447.854523025063
192,76,1436.0727272727272
192,77,1422.781050824213
192,78,1408.4705479777485
192,79,1393.7656802333188
192,80,1379.290909090909
192,81,1365.3867440250033
192,82,1351.2578864080797
192,83,1335.8250855871165
192,84,1318.009090909091
192,85,1297.0951264848652
192,86,1273.8263154808415
192,87,1249.3102558273056
192,88,1224.6545454545455
192,89,1200.7273523082629
192,90,1177.4391243958273
192,91,1154.4608797400235
192,92,1131.4636363636364
192,93,1108.2872256457192
192,94,1085.4467323903948
192,95,1063.6260547580546
193,0,1043.509090909091
193,1,1025.5727507906797
193,2,1009.4659914971398
193,3,994.6307819095754
193,4,980.509090909091
193,5,966.7558621006533
193,6,953.8779379846828
193,7,942.5951357854616
193,8,933.6272727272728
193,9,927.3957042157975
193,10,923.1279383823112
193,11,919.7530215394875
193,12,916.2
193,13,911.753650581611
193,14,907.1216721224363
193,15,903.3674939656797
193,16,901.5545454545455
193,17,902.4834434577584
193,18,905.9035549461254
193,19,911.3014344159757
193,20,918.1636363636362
193,21,926.1033426328104
193,22,935.2402444566978
193,23,945.8206604158727
193,24,958.0909090909091
193,25,972.3323053291816
193,26,988.9661490452654
193,27,1008.4487364205344
193,28,1031.2363636363636
193,29,1057.0687144595536
193,30,1082.8190229986058
193,31,1104.6439109474454
193,32,1118.7
193,33,1122.8772118326037
193,34,1121.9986680512222
193,35,1122.62079024423
193,36,1131.3
193,37,1152.4836598009406
193,38,1182.1828957055966
193,39,1214.2997746665449
193,40,1242.7363636363636
193,41,1262.8804785090877
193,42,1276.0629309445744
193,43,1285.100281544138
193,44,1292.809090909091
193,45,1301.454937526345
193,46,1311.0994714251965
193,47,1321.2533605205413
193,48,1331.4272727272728
193,49,1341.2492032037158
193,50,1350.8164560819125
193,51,1360.3436627373344
193,52,1370.0454545454545
193,53,1380.0723973860659
193,54,1390.3187951562454
193,55,1400.614886257394
193,56,1410.790909090909
193,57,1420.6779686156588
193,58,1430.110636020379
193,59,1438.924349051273
193,60,1446.9545454545455
193,61,1454.0985406512996
193,62,1460.5011607622391
193,63,1466.3691095829681
193,64,1471.909090909091
193,65,1477.208550597325
193,66,1481.877902748847
193,67,1485.4083035259448
193,68,1487.290909090909
193,69,1487.080467186672
193,70,1484.5860918787373
193,71,1479.6804888132522
193,72,1472.2363636363636
193,73,1462.3147511105328
193,74,1450.7300024634765
193,75,1438.4847980392276
193,76,1426.581818181818
193,77,1415.7437670075615
193,78,1405.5734437219014
193,79,1395.3936713025632
193,80,1384.527272727273
193,81,1372.3350388137671
193,82,1358.329631739827
193,83,1342.061681523247
193,84,1323.081818181818
193,85,1301.1646572828258
193,86,1276.980756591518
193,87,1251.4246594226327
193,88,1225.3909090909092
193,89,1199.6161331912929
193,90,1174.2052964395564
193,91,1149.105447831678
193,92,1124.2636363636364
193,93,1099.7725144974565
193,94,1076.3071485593478
193,95,1054.6882083415653
194,0,989.7036363636363
194,1,974.6348257754147
194,2,961.9308226460676
194,3,950.6236809209594
194,4,939.7454545454545
194,5,928.5875574139026
194,6,917.4788432165949
194,7,907.007525592808
194,8,897.7618181818183
194,9,890.1574445689748
194,10,883.9201681239164
194,11,878.6032621623546
194,12,873.76
194,13,869.1213859011071
194,14,865.1293479241025
194,15,862.403545075956
194,16,861.5636363636365
194,17,863.043886826596
194,18,866.536985634218
194,19,871.550227988367
194,20,877.5909090909092
194,21,884.3209361106901
194,22,892.02066408448
194,23,901.12506001603
194,24,912.0690909090908
194,25,925.2394710033708
194,26,940.829903482407
194,27,958.9858387656942
194,28,979.8527272727274
194,29,1003.2613787394636
194,30,1027.7840401677106
194,31,1051.6783178757387
194,32,1073.2018181818182
194,33,1091.093167447866
194,34,1106.0150722103874
194,35,1119.111259049533
194,36,1131.5254545454545
194,37,1144.1699003327076
194,38,1157.0308982634667
194,39,1169.8632652443105
194,40,1182.4218181818183
194,41,1194.5178278122119
194,42,1206.1883801902904
194,43,1217.5270152004962
194,44,1228.6272727272726
194,45,1239.5883622820809
194,46,1250.5321718844616
194,47,1261.5862591809755
194,48,1272.8781818181817
194,49,1284.4807969231008
194,50,1296.2481595445895
194,51,1307.9796242119653
194,52,1319.4745454545455
194,53,1330.7136488891529
194,54,1342.4031444826355
194,55,1355.4306132893453
194,56,1370.6836363636362
194,57,1388.6318802475594
194,58,1408.07335343396
194,59,1427.38814990338
194,60,1444.9563636363637
194,61,1459.4903073933363
194,62,1471.0311690542535
194,63,1479.9523552789526
194,64,1486.6272727272726
194,65,1491.360043588187
194,66,1494.1776521672107
194,67,1495.0377982989921
194,68,1493.8981818181817
194,69,1490.7249443902786
194,70,1485.517995004178
194,71,1478.2856844796245
194,72,1469.0363636363636
194,73,1457.8713152143362
194,74,1445.263549634261
194,75,1431.7790092370558
194,76,1417.9836363636364
194,77,1404.2757606614705
194,78,1390.3832610042339
194,79,1375.8664035721529
194,80,1360.2854545454545
194,81,1343.2981137306906
194,82,1324.9518154397128
194,83,1305.3914276106966
194,84,1284.7618181818182
194,85,1263.2031764612207
194,86,1240.836977236915
194,87,1217.7800166668787
194,88,1194.1490909090908
194,89,1170.1019929244271
194,90,1145.9605028853553
194,91,1122.0873977672422
194,92,1098.8454545454545
194,93,1076.5322041137986
194,94,1055.1841930398455
194,95,1034.772721809606
195,0,1062.490909090909
195,1,1043.0066615636092
195,2,1024.451398208996
195,3,1006.8340721135213
195,4,990.1636363636364
195,5,974.4696002332372
195,6,959.8636977459962
195,7,946.4782191130296
195,8,934.4454545454546
195,9,923.8613863670785
195,10,914.6767653524744
195,11,906.8060343889056
195,12,900.1636363636362
195,13,894.6749111166308
195,14,890.3087862986528
195,15,887.0450865131664
195,16,884.8636363636363
195,17,883.6589975754897
195,18,882.9846803620063
195,19,882.3089320584289
195,20,881.1
195,21,879.2176497177737
195,22,878.0877195260493
195,23,879.5275659349364
195,24,885.3545454545455
195,25,896.8946933261423
195,26,913.5087597156149
195,27,934.0661735200075
195,28,957.4363636363636
195,29,982.3954803867487
195,30,1007.3465597933097
195,31,1030.599359303216
195,32,1050.4636363636364
195,33,1065.7543510359553
195,34,1077.3072738384196
195,35,1086.4633779034923
195,36,1094.5636363636365
195,37,1102.7639620603397
195,38,1111.4800266711934
195,39,1120.9424415828141
195,40,1131.381818181818
195,41,1142.9339768590496
195,42,1155.3555740222616
195,43,1168.3084750834334
195,44,1181.4545454545455
195,45,1194.5992782307342
195,46,1208.122677239761
195,47,1222.5483739925437
195,48,1238.4
195,49,1255.8454727180135
195,50,1273.6298533823315
195,51,1290.142489173665
195,52,1303.7727272727273
195,53,1313.5921263517569
195,54,1321.4010910490965
195,55,1329.6822374946153
195,56,1340.918181818182
195,57,1356.7806241476865
195,58,1375.6976006031016
195,59,1395.2862313024204
195,60,1413.1636363636364
195,61,1427.531967966589
195,62,1438.9335065384982
195,63,1448.495564568431
195,64,1457.3454545454545
195,65,1466.219060804141
195,66,1474.2865550610882
195,67,1480.3266808784
195,68,1483.118181818182
195,69,1481.8030104077561
195,70,1476.9759550353306
195,71,1469.5950130543304
195,72,1460.618181818182
195,73,1450.8279884739238
195,74,1440.3050793430439
195,75,1428.9546305406425
195,76,1416.6818181818182
195,77,1403.4466834238206
195,78,1389.4287275924933
195,79,1374.8623170558278
195,80,1359.9818181818182
195,81,1344.9072948762487
195,82,1329.3016011960751
195,83,1312.713288736046
195,84,1294.6909090909091
195,85,1274.9552450257308
195,86,1253.9160039868439
195,87,1232.1551245908984
195,88,1210.2545454545455
195,89,1188.7201625208293
195,90,1167.7537010383694
195,91,1147.4808435821794
195,92,1128.027272727273
195,93,1109.4473435273162
195,94,1091.5101009505884
195,95,1073.9132624440208
196,0,1068.0918181818183
196,1,1050.2036055134097
196,2,1032.538839448925
196,3,1015.5880627508876
196,4,999.8418181818182
196,5,985.7223485313674
196,6,973.3786966976932
196,7,962.8916056060817
196,8,954.3418181818182
196,9,947.6481083156663
196,10,942.0813737603013
196,11,936.7505432338768
196,12,930.7645454545457
196,13,923.5193375241493
196,14,915.5589900792834
196,15,907.7146021402299
196,16,900.8172727272727
196,17,895.4952802240998
196,18,891.5656204680204
196,19,888.642468659749
196,20,886.34
196,21,884.4954648749061
196,22,883.8384144122718
196,23,885.3214749253199
196,24,889.8972727272726
196,25,898.2219085717305
196,26,909.7653809738014
196,27,923.7011628889718
196,28,939.2027272727272
196,29,955.4707218608996
196,30,971.8144935107042
196,31,987.5705638597018
196,32,1002.0754545454546
196,33,1014.9776045528536
196,34,1027.1731222561102
196,35,1039.870033376766
196,36,1054.2763636363636
196,37,1071.2611468595053
196,38,1090.337449283038
196,39,1110.67934524687
196,40,1131.4609090909094
196,41,1151.9592426682168
196,42,1171.8635578844653
196,43,1190.9660941584814
196,44,1209.0590909090909
196,45,1226.0129051949018
196,46,1242.0103646336468
196,47,1257.3124144828414
196,48,1272.18
196,49,1286.7377729158134
196,50,1300.5652108536747
196,51,1313.1054979101532
196,52,1323.8018181818181
196,53,1332.4080059827545
196,54,1339.9204964971095
196,55,1347.6463751265462
196,56,1356.8927272727271
196,57,1368.5673906531686
196,58,1381.9812122487963
196,59,1396.0457913563898
196,60,1409.6727272727273
196,61,1422.0155279954797
196,62,1433.195336325886
196,63,1443.5752037660761
196,64,1453.5181818181818
196,65,1463.2429121376397
196,66,1472.390396993115
196,67,1480.4572288065774
196,68,1486.94
196,69,1491.3789029994155
196,70,1493.4885302471102
196,71,1493.0270741894312
196,72,1489.7527272727273
196,73,1483.5824133646975
196,74,1475.067982018445
196,75,1464.9200142084248
196,76,1453.8490909090908
196,77,1442.4366282008853
196,78,1430.7473825881998
196,79,1418.7169456814147
196,80,1406.2809090909093
196,81,1393.2920113317616
196,82,1379.2715785378466
196,83,1363.6580837477347
196,84,1345.89
196,85,1325.602684426613
196,86,1303.2190305331424
196,87,1279.358815918555
196,88,1254.6418181818183
196,89,1229.7108731208766
196,90,1205.301049329584
196,91,1182.1704736007725
196,92,1161.0772727272729
196,93,1142.4930418398806
196,94,1125.7432494212476
196,95,1109.8668322919914
197,0,973.6936363636364
197,1,958.8067121885265
197,2,943.6691562038088
197,3,928.9638402990051
197,4,915.3736363636364
197,5,903.471337936121
197,6,893.3894251504668
197,7,885.1502997895794
197,8,878.7763636363637
197,9,874.2438309533537
197,10,871.3441659215971
197,11,869.822645201769
197,12,869.4245454545456
197,13,869.9126848413729
197,14,871.1200475267816
197,15,872.8971591760719
197,16,875.0945454545456
197,17,877.6434552493367
197,18,880.798030334914
197,19,884.8931357075799
197,20,890.2636363636364
197,21,897.2226702976443
197,22,905.9964674971993
197,23,916.7895309481542
197,24,929.8063636363638
197,25,945.1287896964495
197,26,962.3479178581082
197,27,980.9321779998033
197,28,1000.35
197,29,1020.0552959165576
197,30,1039.4439065249146
197,31,1057.8971547799053
197,32,1074.7963636363638
197,33,1089.7599840236849
197,34,1103.3549787695074
197,35,1116.3854386760308
197,36,1129.6554545454546
197,37,1143.7254640114309
197,38,1158.1812920334205
197,39,1172.365110402336
197,40,1185.619090909091
197,41,1197.524694021501
197,42,1208.6205349149936
197,43,1219.6845174418988
197,44,1231.4945454545457
197,45,1244.6362286525646
197,46,1258.926000124787
197,47,1273.9879988073428
197,48,1289.4463636363637
197,49,1304.9845390955136
197,50,1320.5231918585873
197,51,1336.0422941469133
197,52,1351.5218181818182
197,53,1366.9784984881087
197,54,1382.5761188045008
197,55,1398.5152251731881
197,56,1414.9963636363639
197,57,1431.9711544520517
197,58,1448.3955147415918
197,59,1462.9764358421542
197,60,1474.4209090909096
197,61,1481.816130862776
197,62,1485.7701176836774
197,63,1487.2710911172858
197,64,1487.3072727272731
197,65,1486.5764243695705
197,66,1484.6144690691513
197,67,1480.6668701432473
197,68,1473.979090909091
197,69,1464.1272057498516
197,70,1452.0097333124443
197,71,1438.8558033097247
197,72,1425.8945454545456
197,73,1414.0180480855709
197,74,1402.7702340447074
197,75,1391.3579847996723
197,76,1378.9881818181818
197,77,1365.1281871351382
197,78,1350.287285054181
197,79,1335.235240446133
197,80,1320.7418181818182
197,81,1307.2561920102396
197,82,1293.9451711931158
197,83,1279.6549738703427
197,84,1263.2318181818182
197,85,1243.8649709602664
197,86,1222.115893809721
197,87,1198.889097027042
197,88,1175.089090909091
197,89,1151.4489667623307
197,90,1128.016139931637
197,91,1104.6666067714887
197,92,1081.2763636363638
197,93,1057.8201136949563
197,94,1034.6673873728216
197,95,1012.2864219097308
198,0,991.1454545454545
198,1,971.6423398214811
198,2,953.8934014861676
198,3,937.9445805895887
198,4,923.8418181818182
198,5,911.6090781554831
198,6,901.1824157734175
198,7,892.4759091410066
198,8,885.4036363636363
198,9,879.8354668747683
198,10,875.4644354201637
198,11,871.9393680736589
198,12,868.909090909091
198,13,866.1499066181714
198,14,863.9480243641109
198,15,862.7171299279948
198,16,862.8709090909091
198,17,864.7197788116375
198,18,868.1610807597575
198,19,872.9888877825439
198,20,878.9972727272728
198,21,886.1278389307329
198,22,894.9123116877686
198,23,906.0299467827384
198,24,920.1600000000001
198,25,937.687018874522
198,26,957.8167179437129
198,27,979.4601034955931
198,28,1001.5281818181819
198,29,1023.0209463666349
198,30,1043.2943392646525
198,31,1061.7932898030715
198,32,1077.9627272727273
198,33,1091.493542249848
198,34,1103.0604704522227
198,35,1113.5842088830316
198,36,1123.9854545454546
198,37,1135.0026119067006
198,38,1146.6449152900932
198,39,1158.7393064829844
198,40,1171.1127272727274
198,41,1183.616251600623
198,42,1196.197482023769
198,43,1208.8281532532123
198,44,1221.48
198,45,1234.2024669180814
198,46,1247.3558384330133
198,47,1261.378108913257
198,48,1276.7072727272728
198,49,1293.5671619770537
198,50,1311.324959698724
198,51,1329.1336866619415
198,52,1346.1463636363637
198,53,1361.7334732418874
198,54,1376.1353454993648
198,55,1389.8097722798873
198,56,1403.2145454545457
198,57,1416.6649251690337
198,58,1429.906044667454
198,59,1442.540505468511
198,60,1454.1709090909092
198,61,1464.4073516501599
198,62,1472.8899076490006
198,63,1479.266146186978
198,64,1483.1836363636364
198,65,1484.3760375485099
198,66,1482.9213701910883
198,67,1478.9837450108494
198,68,1472.727272727273
198,69,1464.3531004285287
198,70,1454.2105206775564
198,71,1442.6858624059876
198,72,1430.1654545454546
198,73,1417.005040851013
198,74,1403.4380243714152
198,75,1389.6672229788371
198,76,1375.8954545454546
198,77,1362.3015373037833
198,78,1348.9682909276933
198,79,1335.9545354513928
198,80,1323.319090909091
198,81,1310.9263525474903
198,82,1297.8630164632677
198,83,1283.0213539655929
198,84,1265.2936363636363
198,85,1243.9837911426193
198,86,1220.042370491964
198,87,1194.8315827771457
198,88,1169.7136363636364
198,89,1145.7341504956692
198,90,1122.6723879325114
198,91,1099.9910223121888
198,92,1077.1527272727274
198,93,1053.8524193747041
198,94,1030.7139868688998
198,95,1008.5935609286458
199,0,976.1454545454546
199,1,958.6067692085885
199,2,943.1767282164565
199,3,929.2674140251873
199,4,916.2909090909093
199,5,903.8310274869259
199,6,892.1585097552388
199,7,881.7158280550228
199,8,872.9454545454546
199,9,866.1475299346174
199,10,861.0528691262264
199,11,857.2499555729037
199,12,854.3272727272729
199,13,851.973170956423
199,14,850.2754682853115
199,15,849.4218496533622
199,16,849.6
199,17,850.977968057873
199,18,853.6452577325281
199,19,857.6717367227375
199,20,863.1272727272728
199,21,870.1501840848128
199,22,879.1525916936673
199,23,890.6150670920512
199,24,905.0181818181818
199,25,922.595159239239
199,26,942.589830038258
199,27,963.9986767272391
199,28,985.8181818181819
199,29,1007.1794062309591
199,30,1027.751724516937
199,31,1047.3390896353555
199,32,1065.7454545454545
199,33,1082.8576703823796
199,34,1098.8941809849027
199,35,1114.156328367702
199,36,1128.9454545454546
199,37,1143.424003148613
199,38,1157.198824270725
199,39,1169.7378696211106
199,40,1180.509090909091
199,41,1189.2338170231674
199,42,1196.6468855685614
199,43,1203.7365113296748
199,44,1211.4909090909093
199,45,1220.758910576899
199,46,1231.8318152732113
199,47,1244.8615396056448
199,48,1260.0
199,49,1277.1453133965092
199,50,1295.180398793139
199,51,1312.7343757022902
199,52,1328.4363636363637
199,53,1341.3814267461562
199,54,1352.5284077360511
199,55,1363.3020939488297
199,56,1375.1272727272728
199,57,1389.0482978006855
199,58,1404.5877884444749
199,59,1420.887930320572
199,60,1437.0909090909092
199,61,1452.3515184147393
199,62,1465.8749839405964
199,63,1476.8791393143374
199,64,1484.5818181818183
199,65,1488.3354012676325
199,66,1488.0304576113226
199,67,1483.69210333117
199,68,1475.345454545455
199,69,1463.0886946965504
199,70,1447.3122765232047
199,71,1428.4797200882563
199,72,1407.0545454545454
199,73,1383.6325472188933
199,74,1359.3386181140422
199,75,1335.429925406715
199,76,1313.1636363636364
199,77,1293.5095255187864
199,78,1276.2877964751744
199,79,1261.031260103066
199,80,1247.2727272727273
199,81,1234.3929870695974
199,82,1221.1647414398064
199,83,1206.208670544658
199,84,1188.1454545454546
199,85,1166.128753475551
199,86,1141.444146856509
199,87,1115.910194081939
199,88,1091.3454545454547
199,89,1069.1817717554702
199,90,1049.3041256796134
199,91,1031.2107804003133
199,92,1014.4000000000001
199,93,998.3691595025672
199,94,982.6120776977649
199,95,966.6216843168073
200,0,949.8909090909092
200,1,932.1404538706249
200,2,914.0021089838729
200,3,896.3354368779115
200,4,880.0
200,5,865.6826613785696
200,6,853.379486366744
200,7,842.9138408988191
200,8,834.1090909090908
200,9,826.8232187969143
200,10,821.0526728218782
200,11,816.8285177086301
200,12,814.1818181818182
200,13,813.0517361610462
200,14,813.0098223457435
200,15,813.5357246302964
200,16,814.1090909090909
200,17,814.4527911043562
200,18,815.2625832496938
200,19,817.4774474065482
200,20,822.0363636363636
200,21,829.8689176033473
200,22,841.8671173827543
200,23,858.9135766526026
200,24,881.8909090909092
200,25,911.0715384822548
200,26,944.287129037471
200,27,978.7591550739517
200,28,1011.7090909090908
200,29,1040.836973922179
200,30,1065.7570937400894
200,31,1086.5623030515915
200,32,1103.3454545454547
200,33,1116.422611283575
200,34,1127.002677820354
200,35,1136.5177690833198
200,36,1146.4
200,37,1157.8578082162487
200,38,1171.2049222512221
200,39,1186.5313933424027
200,40,1203.9272727272728
200,41,1223.2779740332487
200,42,1243.650360447485
200,43,1263.9066575470697
200,44,1282.909090909091
200,45,1299.790522923484
200,46,1314.766363231567
200,47,1328.3226582875027
200,48,1340.9454545454546
200,49,1353.0678888182697
200,50,1364.9114593535214
200,51,1376.6447547574671
200,52,1388.4363636363637
200,53,1400.4311036216202
200,54,1412.678708445257
200,55,1425.205140864446
200,56,1438.0363636363636
200,57,1451.0349694225242
200,58,1463.4100705018168
200,59,1474.207409057474
200,60,1482.4727272727273
200,61,1487.5903823246472
200,62,1490.2991913656583
200,63,1491.6765865420218
200,64,1492.8000000000002
200,65,1494.40236491525
200,66,1495.8386185810057
200,67,1496.1191993198952
200,68,1494.2545454545452
200,69,1489.4831125598068
200,70,1481.9554252194102
200,71,1472.050025269309
200,72,1460.1454545454549
200,73,1446.5538212091597
200,74,1431.3214987231713
200,75,1414.4284268755978
200,76,1395.8545454545456
200,77,1375.8322844217382
200,78,1355.6040344333596
200,79,1336.6646763192102
200,80,1320.509090909091
200,81,1307.971586558435
200,82,1297.2441817252102
200,83,1285.8583223930164
200,84,1271.3454545454547
200,85,1251.924551162704
200,86,1228.5646932112559
200,87,1202.9224886541797
200,88,1176.6545454545455
200,89,1151.1324815180221
200,90,1126.5879545206765
200,91,1102.967632081174
200,92,1080.2181818181818
200,93,1058.3375682197527
200,94,1037.5289432514935
200,95,1018.0467557483961
201,0,1075.1563636363637
201,1,1057.7586810686428
201,2,1041.8469019997606
201,3,1026.9339446582708
201,4,1012.5327272727274
201,5,998.3149182982851
201,6,984.5871870965108
201,7,971.8149532555719
201,8,960.4636363636363
201,9,950.8935491473068
201,10,943.0445768869231
201,11,936.7514980012598
201,12,931.8490909090908
201,13,928.2591237488512
201,14,926.2513235376151
201,15,926.1824070121168
201,16,928.4090909090909
201,17,933.0464615391063
201,18,939.2430835080719
201,19,945.905890995728
201,20,951.9418181818182
201,21,956.7280982765404
201,22,961.5231606119172
201,23,968.055733550426
201,24,978.0545454545454
201,25,992.7289578547312
201,26,1011.2108649533508
201,27,1032.1127941207496
201,28,1054.0472727272727
201,29,1075.7632009863526
201,30,1096.5549704837701
201,31,1115.8533456483938
201,32,1133.0890909090908
201,33,1147.8903972907672
201,34,1160.6751622024774
201,35,1172.058709649312
201,36,1182.6563636363637
201,37,1192.98682916876
201,38,1203.1823352517756
201,39,1213.2784918907216
201,40,1223.310909090909
201,41,1233.2916894432835
201,42,1243.1389058813293
201,43,1252.747123924165
201,44,1262.010909090909
201,45,1270.9311857853781
201,46,1279.9343139501798
201,47,1289.553012412619
201,48,1300.32
201,49,1312.5505276424763
201,50,1325.6899746815882
201,51,1338.966252561724
201,52,1351.6072727272726
201,53,1363.0681809174441
201,54,1373.71306005074
201,55,1384.1332273404842
201,56,1394.92
201,57,1406.477743005929
201,58,1418.4630123881784
201,59,1430.345411939976
201,60,1441.5945454545454
201,61,1451.764483422477
201,62,1460.7471631238168
201,63,1468.5189885359757
201,64,1475.0563636363636
201,65,1480.3240392132536
201,66,1484.2401532983713
201,67,1486.7111907343026
201,68,1487.6436363636362
201,69,1486.9036779063254
201,70,1484.1963145917891
201,71,1479.1862485268127
201,72,1471.5381818181818
201,73,1461.122641206899
201,74,1448.6334519708364
201,75,1434.9702640220828
201,76,1421.0327272727275
201,77,1407.5287402206236
201,78,1394.3991957066835
201,79,1381.3932351575831
201,80,1368.26
201,81,1354.7014604106068
201,82,1340.2309015660664
201,83,1324.3144373930384
201,84,1306.4181818181817
201,85,1286.2152192733124
201,86,1264.2065162108686
201,87,1241.1000095884451
201,88,1217.6036363636363
201,89,1194.3274920415984
201,90,1171.490306317732
201,91,1149.2129674349994
201,92,1127.6163636363638
201,93,1106.8127671057491
201,94,1086.8799857909316
201,95,1067.887211580648
202,0,1110.9445454545455
202,1,1093.0039000131499
202,2,1075.961947958838
202,3,1059.5762946523794
202,4,1043.6045454545454
202,5,1027.8984454042125
202,6,1012.6862982526807
202,7,998.2905474293534
202,8,985.0336363636364
202,9,973.1893780290897
202,10,962.8370635758946
202,11,954.0073536983889
202,12,946.7309090909092
202,13,941.009511229429
202,14,936.7294247164681
202,15,933.7480349361819
202,16,931.9227272727272
202,17,931.0966537577401
202,18,931.0560330127788
202,19,931.572850306883
202,20,932.4190909090909
202,21,933.616714648702
202,22,936.1875795960528
202,23,941.4035183817412
202,24,950.5363636363636
202,25,964.4255217383619
202,26,982.1806940575553
202,27,1002.4791557116073
202,28,1023.9981818181818
202,29,1045.4535137387597
202,30,1065.71475781009
202,31,1083.689986612739
202,32,1098.287272727273
202,33,1108.8173409202357
202,34,1116.2015247020845
202,35,1121.763809769255
202,36,1126.8281818181817
202,37,1132.4255032621159
202,38,1138.4141433815714
202,39,1144.3593481738772
202,40,1149.8263636363636
202,41,1154.5892823949368
202,42,1159.257583589812
202,43,1164.6495929897812
202,44,1171.5836363636365
202,45,1180.691244999046
202,46,1191.856772259181
202,47,1204.7777770260893
202,48,1219.1518181818183
202,49,1234.7804677225158
202,50,1251.8813501007367
202,51,1270.7761028831346
202,52,1291.7863636363636
202,53,1314.9334182017983
202,54,1339.0371455196903
202,55,1362.6170728050095
202,56,1384.1927272727273
202,57,1402.657166288472
202,58,1418.397567820503
202,59,1432.1746399877368
202,60,1444.749090909091
202,61,1456.6792944852232
202,62,1467.7142877437539
202,63,1477.4007734940437
202,64,1485.2854545454547
202,65,1491.019931338817
202,66,1494.675394840846
202,67,1496.4279336497239
202,68,1496.4536363636364
202,69,1494.8948864095078
202,70,1491.7592465292266
202,71,1487.0205742934234
202,72,1480.6527272727274
202,73,1472.7202389322426
202,74,1463.6503463149747
202,75,1453.9609623584001
202,76,1444.17
202,77,1434.6201947933387
202,78,1424.95357275633
202,79,1414.6369825229747
202,80,1403.1372727272728
202,81,1390.0142801898573
202,82,1375.1997944778877
202,83,1358.718593345156
202,84,1340.5954545454547
202,85,1320.9453406972325
202,86,1300.2439538775734
202,87,1279.0571810282186
202,88,1257.9509090909091
202,89,1237.3604507712128
202,90,1217.1988218300005
202,91,1197.24846379197
202,92,1177.2918181818181
202,93,1157.2176999679164
202,94,1137.340417893333
202,95,1118.0806541448103
203,0,1208.6363636363635
203,1,1190.1019754423908
203,2,1172.949882373959
203,3,1156.9592117549118
203,4,1141.909090909091
203,5,1127.6487278860725
203,6,1114.3076536383617
203,7,1102.0854798441976
203,8,1091.1818181818182
203,9,1081.6795334678648
203,10,1073.1945030725926
203,11,1065.2258575046608
203,12,1057.2727272727273
203,13,1049.0223427879228
203,14,1040.9143340712665
203,15,1033.5764310462496
203,16,1027.6363636363635
203,17,1023.5109249258984
203,18,1020.773160642341
203,19,1018.7851796739764
203,20,1016.9090909090908
203,21,1014.8231620539376
203,22,1013.4702960866426
203,23,1014.1095548032988
203,24,1018.0
203,25,1026.085631403805
203,26,1038.0502004656348
203,27,1053.262396567374
203,28,1071.090909090909
203,29,1090.7291986944774
203,30,1110.6698111417277
203,31,1129.2300634726591
203,32,1144.7272727272727
203,33,1156.1140510910116
203,34,1164.8841913310914
203,35,1173.1667813601707
203,36,1183.090909090909
203,37,1196.1867560323858
203,38,1211.5888780793623
203,39,1227.8329247230215
203,40,1243.4545454545455
203,41,1257.2696065976272
203,42,1269.2148418060044
203,43,1279.5072015659246
203,44,1288.3636363636365
203,45,1296.1652153043772
203,46,1303.9494819693466
203,47,1312.9180985587336
203,48,1324.2727272727273
203,49,1338.7982253666812
203,50,1355.6122303166082
203,51,1373.4155746536858
203,52,1390.909090909091
203,53,1406.8933036834428
203,54,1420.5675058551287
203,55,1431.2306823719775
203,56,1438.1818181818182
203,57,1441.0944689904563
203,58,1441.1404735356036
203,59,1439.8662413129491
203,60,1438.8181818181818
203,61,1439.1506953547323
203,62,1440.450145457002
203,63,1441.9108864671346
203,64,1442.7272727272727
203,65,1442.2871245906142
203,66,1440.7521264545696
203,67,1438.477428727604
203,68,1435.8181818181818
203,69,1433.0985335555383
203,70,1430.5186214519915
203,71,1428.247580440631
203,72,1426.4545454545455
203,73,1425.2803889145057
203,74,1424.7529331920089
203,75,1424.8717381462354
203,76,1425.6363636363635
203,77,1426.909172150076
203,78,1428.0037366890629
203,79,1428.096432883519
203,80,1426.3636363636365
203,81,1422.1013883942817
203,82,1415.084392779011
203,83,1405.207018956053
203,84,1392.3636363636365
203,85,1376.5659560909792
203,86,1358.2950558312564
203,87,1338.1493549286326
203,88,1316.7272727272727
203,89,1294.619162241802
203,90,1272.3831111686911
203,91,1250.5691408748703
203,92,1229.7272727272727
203,93,1210.2983040327215
203,94,1192.2861358576156
203,95,1175.5854452082476
204,0,1160.090909090909
204,1,1145.7117693545847
204,2,1132.415527219028
204,3,1120.1842487466847
204,4,1109.0
204,5,1098.8105844580302
204,6,1089.4267552662725
204,7,1080.6250029868324
204,8,1072.1818181818182
204,9,1064.0473132678396
204,10,1056.8660880795196
204,11,1051.4563643059855
204,12,1048.6363636363635
204,13,1048.987378379703
204,14,1052.14298332474
204,15,1057.4998238801347
204,16,1064.4545454545455
204,17,1072.4605595769854
204,18,1081.198342257883
204,19,1090.405135628021
204,20,1099.8181818181818
204,21,1109.455894675992
204,22,1120.4613749164548
204,23,1134.2588949714172
204,24,1152.2727272727273
204,25,1175.397679900865
204,26,1202.4107035308434
204,27,1231.5592844863093
204,28,1261.090909090909
204,29,1289.4306584478215
204,30,1315.7139927783542
204,31,1339.2539670833455
204,32,1359.3636363636365
204,33,1375.7504249442125
204,34,1389.6992344466494
204,35,1402.8893358166708
204,36,1417.0
204,37,1433.052016775329
204,38,1449.43225125323
204,39,1463.8690873772427
204,40,1474.090909090909
204,41,1478.5473995914292
204,42,1478.5734390906398
204,43,1476.2252070540374
204,44,1473.5588829471185
204,45,1472.196124386584
204,46,1472.0205015939562
204,47,1472.4810629419617
204,48,1473.0268568033273
204,49,1473.2233613292583
204,50,1473.1017737848724
204,51,1472.8097212137664
204,52,1472.4948306595363
204,53,1472.2735319006615
204,54,1472.1374656551463
204,55,1472.0470753758789
204,56,1471.9628045157458
204,57,1471.8534558096294
204,58,1471.7212691203893
204,59,1471.57684359288
204,60,1471.430778371955
204,61,1471.291432739609
204,62,1471.1582065263983
204,63,1471.0282597000178
204,64,1470.898752228164
204,65,1470.7674442479768
204,66,1470.634496574374
204,67,1470.500670191719
204,68,1470.366726084373
204,69,1470.2332644217809
204,70,1470.1002421137157
204,71,1469.9674552550307
204,72,1469.834699940582
204,73,1469.7018153554511
204,74,1469.56881304563
204,75,1469.4357476473367
204,76,1469.3026737967914
204,77,1469.1696345842208
204,78,1469.036626915886
204,79,1468.9036361520562
204,80,1468.7706476530004
204,81,1468.6376498727273
204,82,1468.5046436402022
204,83,1468.371632878128
204,84,1468.23862150921
204,85,1468.105612627186
204,86,1467.9726060099367
204,87,1467.839600606376
204,88,1467.706595365419
204,89,1467.5735894581003
204,90,1467.4405829439374
204,91,1467.3075761045675
204,92,1467.174569221628
204,93,1467.0415625172395
204,94,1466.9085559754546
204,95,1466.775549520809
205,0,1466.6425430778372
205,1,1466.509536587023
205,2,1466.3765300526393
205,3,1466.2435234949069
205,4,1466.1105169340465
205,5,1465.977510386005
205,6,1465.8445038496382
205,7,1465.711497319528
205,8,1465.5784907902555
205,9,1465.4454842575483
205,10,1465.312477721713
205,11,1465.1794711842012
205,12,1465.0464646464648
205,13,1464.913458109649
205,14,1464.7804515736711
205,15,1464.6474450381422
205,16,1464.5144385026738
205,17,1464.3814319669586
205,18,1464.2484254310189
205,19,1464.115418894959
205,20,1463.9824123588828
205,21,1463.8494058228728
205,22,1463.716399286923
205,23,1463.583392751005
205,24,1463.450386215092
205,25,1463.3173796791611
205,26,1463.184373143214
205,27,1463.0513666072582
205,28,1462.918360071301
205,29,1462.785353535349
205,30,1462.652346999401
205,31,1462.5193404634556
205,32,1462.3863339275103
205,33,1462.253327391564
205,34,1462.1203208556165
205,35,1461.987314319668
205,36,1461.8543077837196
205,37,1461.7213012477716
205,38,1461.588294711824
205,39,1461.4552881758764
205,40,1461.3222816399286
205,41,1461.1892751039811
205,42,1461.0562685680334
205,43,1460.9232620320854
205,44,1460.790255496138
205,45,1460.65724896019
205,46,1460.5242424242424
205,47,1460.3912358882944
205,48,1460.258229352347
205,49,1460.1252228163992
205,50,1459.9922162804517
205,51,1459.8592097445037
205,52,1459.7262032085562
205,53,1459.5931966726084
205,54,1459.460190136661
205,55,1459.3271836007132
205,56,1459.1941770647654
205,57,1459.0611705288177
205,58,1458.9281639928702
205,59,1458.7951574569224
205,60,1458.662150920975
205,61,1458.529144385027
205,62,1458.3961378490794
205,63,1458.2631313131312
205,64,1458.1301247771837
205,65,1457.9971182412355
205,66,1457.8641117052882
205,67,1457.7311051693405
205,68,1457.5980986333927
205,69,1457.465092097445
205,70,1457.3320855614973
205,71,1457.1990790255495
205,72,1457.0660724896018
205,73,1456.9330659536542
205,74,1456.8000594177065
205,75,1456.667052881759
205,76,1456.534046345811
205,77,1456.4010398098633
205,78,1456.2680332739155
205,79,1456.135026737968
205,80,1456.0020202020205
205,81,1455.8690136660723
205,82,1455.7360071301248
205,83,1455.6030005941773
205,84,1455.4699940582293
205,85,1455.336987522281
205,86,1455.2039809863338
205,87,1455.0709744503863
205,88,1454.9379679144386
205,89,1454.8049613784908
205,90,1454.671954842543
205,91,1454.538948306595
205,92,1454.4059417706476
205,93,1454.2729352346998
205,94,1454.1399286987523
205,95,1454.0069221628046
206,0,1453.8739156268568
206,1,1453.740909090909
206,2,1453.6079025549616
206,3,1453.4748960190136
206,4,1453.341889483066
206,5,1453.208882947118
206,6,1453.0758764111708
206,7,1452.9428698752229
206,8,1452.8098633392754
206,9,1452.6768568033276
206,10,1452.54385026738
206,11,1452.410843731432
206,12,1452.2778371954844
206,13,1452.1448306595366
206,14,1452.0118241235891
206,15,1451.8788175876412
206,16,1451.7458110516934
206,17,1451.6128045157457
206,18,1451.4797979797977
206,19,1451.34679144385
206,20,1451.2137849079024
206,21,1451.080778371955
206,22,1450.947771836007
206,23,1450.8147653000594
206,24,1450.6817587641117
206,25,1450.548752228164
206,26,1450.4157456922164
206,27,1450.2827391562685
206,28,1450.149732620321
206,29,1450.0167260843732
206,30,1449.8837195484257
206,31,1449.750713012478
206,32,1449.61770647653
206,33,1449.484699940582
206,34,1449.3516934046345
206,35,1449.2186868686867
206,36,1449.085680332739
206,37,1448.9526737967913
206,38,1448.8196672608435
206,39,1448.686660724896
206,40,1448.5536541889485
206,41,1448.4206476530007
206,42,1448.287641117053
206,43,1448.154634581105
206,44,1448.0216280451575
206,45,1447.8886215092098
206,46,1447.7556149732625
206,47,1447.6226084373145
206,48,1447.4896019013663
206,49,1447.3565953654188
206,50,1447.2235888294713
206,51,1447.0905822935235
206,52,1446.9575757575758
206,53,1446.824569221628
206,54,1446.6915626856808
206,55,1446.5585561497328
206,56,1446.425549613785
206,57,1446.2925430778375
206,58,1446.159536541889
206,59,1446.0265300059418
206,60,1445.893523469994
206,61,1445.7605169340463
206,62,1445.6275103980986
206,63,1445.4945038621509
206,64,1445.361497326203
206,65,1445.2284907902556
206,66,1445.0954842543076
206,67,1444.96247771836
206,68,1444.8294711824124
206,69,1444.6964646464646
206,70,1444.5634581105169
206,71,1444.4304515745691
206,72,1444.2974450386214
206,73,1444.1644385026736
206,74,1444.031431966726
206,75,1443.8984254307786
206,76,1443.7654188948306
206,77,1443.632412358883
206,78,1443.4994058229352
206,79,1443.3663992869872
206,80,1443.23339275104
206,81,1443.100386215092
206,82,1442.9673796791444
206,83,1442.834373143197
206,84,1442.701366607249
206,85,1442.568360071301
206,86,1442.4353535353534
206,87,1442.3023469994057
206,88,1442.169340463458
206,89,1442.0363339275102
206,90,1441.9033273915627
206,91,1441.770320855615
206,92,1441.6373143196672
206,93,1441.5043077837197
206,94,1441.371301247772
206,95,1441.238294711824
207,0,1441.1052881758765
207,1,1440.9722816399287
207,2,1440.839275103981
207,3,1440.7062685680332
207,4,1440.5732620320855
207,5,1440.4402554961378
207,6,1440.3072489601902
207,7,1440.1742424242425
207,8,1440.0412358882943
207,9,1439.9082293523468
207,10,1439.7752228163993
207,11,1439.6422162804515
207,12,1439.509209744504
207,13,1439.3762032085565
207,14,1439.2431966726083
207,15,1439.1101901366608
207,16,1438.977183600713
207,17,1438.8441770647653
207,18,1438.711170528817
207,19,1438.5781639928698
207,20,1438.445157456922
207,21,1438.3121509209743
207,22,1438.1791443850268
207,23,1438.046137849079
207,24,1437.913131313131
207,25,1437.7801247771838
207,26,1437.6471182412358
207,27,1437.5141117052883
207,28,1437.3811051693406
207,29,1437.2480986333928
207,30,1437.115092097445
207,31,1436.9820855614971
207,32,1436.8490790255496
207,33,1436.716072489602
207,34,1436.583065953654
207,35,1436.4500594177064
207,36,1436.3170528817589
207,37,1436.1840463458109
207,38,1436.0510398098634
207,39,1435.9180332739156
207,40,1435.785026737968
207,41,1435.65202020202
207,42,1435.5190136660724
207,43,1435.3860071301249
207,44,1435.2530005941771
207,45,1435.1199940582294
207,46,1434.986987522282
207,47,1434.853980986334
207,48,1434.7209744503862
207,49,1434.5879679144384
207,50,1434.454961378491
207,51,1434.3219548425427
207,52,1434.1889483065952
207,53,1434.0559417706477
207,54,1433.9229352346997
207,55,1433.7899286987522
207,56,1433.6569221628044
207,57,1433.5239156268567
207,58,1433.390909090909
207,59,1433.2579025549614
207,60,1433.1248960190137
207,61,1432.991889483066
207,62,1432.8588829471182
207,63,1432.7258764111705
207,64,1432.592869875223
207,65,1432.4598633392752
207,66,1432.3268568033277
207,67,1432.1938502673795
207,68,1432.060843731432
207,69,1431.9278371954845
207,70,1431.7948306595365
207,71,1431.6618241235888
207,72,1431.528817587641
207,73,1431.3958110516935
207,74,1431.2628045157455
207,75,1431.1297979797982
207,76,1430.9967914438505
207,77,1430.8637849079023
207,78,1430.730778371955
207,79,1430.5977718360073
207,80,1430.4647653000595
207,81,1430.3317587641118
207,82,1430.198752228164
207,83,1430.0657456922163
207,84,1429.9327391562686
207,85,1429.7997326203208
207,86,1429.666726084373
207,87,1429.5337195484258
207,88,1429.4007130124778
207,89,1429.26770647653
207,90,1429.1346999405823
207,91,1429.0016934046346
207,92,1428.868686868687
207,93,1428.735680332739
207,94,1428.6026737967916
207,95,1428.4696672608438
208,0,1428.336660724896
208,1,1428.2036541889483
208,2,1428.0706476530008
208,3,1427.9376411170526
208,4,1427.8046345811051
208,5,1427.6716280451574
208,6,1427.5386215092094
208,7,1427.405614973262
208,8,1427.272608437314
208,9,1427.1396019013664
208,10,1427.006595365419
208,11,1426.873588829471
208,12,1426.7405822935232
208,13,1426.6075757575754
208,14,1426.474569221628
208,15,1426.3415626856804
208,16,1426.2085561497329
208,17,1426.0755496137851
208,18,1425.9425430778372
208,19,1425.8095365418894
208,20,1425.6765300059417
208,21,1425.5435234699942
208,22,1425.4105169340464
208,23,1425.277510398099
208,24,1425.144503862151
208,25,1425.0114973262034
208,26,1424.8784907902557
208,27,1424.7454842543077
208,28,1424.61247771836
208,29,1424.4794711824122
208,30,1424.3464646464645
208,31,1424.213458110517
208,32,1424.0804515745692
208,33,1423.9474450386217
208,34,1423.8144385026735
208,35,1423.6814319667258
208,36,1423.5484254307785
208,37,1423.4154188948305
208,38,1423.282412358883
208,39,1423.1494058229357
208,40,1423.0163992869875
208,41,1422.88339275104
208,42,1422.7503862150925
208,43,1422.6173796791445
208,44,1422.4843731431968
208,45,1422.351366607249
208,46,1422.2183600713015
208,47,1422.0853535353535
208,48,1421.9523469994058
208,49,1421.8193404634585
208,50,1421.6863339275103
208,51,1421.5533273915626
208,52,1421.4203208556148
208,53,1421.287314319667
208,54,1421.154307783719
208,55,1421.0213012477718
208,56,1420.8882947118238
208,57,1420.7552881758763
208,58,1420.6222816399286
208,59,1420.4892751039808
208,60,1420.356268568033
208,61,1420.2232620320856
208,62,1420.0902554961378
208,63,1419.95724896019
208,64,1419.8242424242426
208,65,1419.6912358882948
208,66,1419.558229352347
208,67,1419.4252228163994
208,68,1419.2922162804516
208,69,1419.159209744504
208,70,1419.026203208556
208,71,1418.8931966726084
208,72,1418.7601901366606
208,73,1418.6271836007131
208,74,1418.4941770647654
208,75,1418.3611705288174
208,76,1418.22816399287
208,77,1418.0951574569222
208,78,1417.9621509209744
208,79,1417.829144385027
208,80,1417.6961378490792
208,81,1417.5631313131312
208,82,1417.4301247771837
208,83,1417.2971182412357
208,84,1417.1641117052882
208,85,1417.0311051693404
208,86,1416.8980986333927
208,87,1416.765092097445
208,88,1416.6320855614974
208,89,1416.4990790255497
208,90,1416.366072489602
208,91,1416.2330659536542
208,92,1416.1000594177065
208,93,1415.9670528817587
208,94,1415.8340463458107
208,95,1415.7010398098637
209,0,1415.5680332739155
209,1,1415.435026737968
209,2,1415.30202020202
209,3,1415.1690136660725
209,4,1415.0360071301247
209,5,1414.903000594177
209,6,1414.769994058229
209,7,1414.6369875222815
209,8,1414.5039809863338
209,9,1414.3709744503865
209,10,1414.2379679144385
209,11,1414.1049613784908
209,12,1413.971954842543
209,13,1413.8389483065953
209,14,1413.7059417706475
209,15,1413.5729352346998
209,16,1413.439928698752
209,17,1413.3069221628043
209,18,1413.1739156268568
209,19,1413.040909090909
209,20,1412.9079025549615
209,21,1412.7748960190138
209,22,1412.641889483066
209,23,1412.508882947118
209,24,1412.3758764111706
209,25,1412.242869875223
209,26,1412.109863339275
209,27,1411.976856803327
209,28,1411.8438502673796
209,29,1411.710843731432
209,30,1411.577837195484
209,31,1411.4448306595364
209,32,1411.3118241235888
209,33,1411.178817587641
209,34,1411.0458110516936
209,35,1410.9128045157456
209,36,1410.779797979798
209,37,1410.6467914438504
209,38,1410.5137849079028
209,39,1410.3807783719549
209,40,1410.2477718360074
209,41,1410.1147653000596
209,42,1409.981758764112
209,43,1409.848752228164
209,44,1409.7157456922164
209,45,1409.5827391562686
209,46,1409.449732620321
209,47,1409.316726084373
209,48,1409.1837195484254
209,49,1409.0507130124777
209,50,1408.91770647653
209,51,1408.7846999405824
209,52,1408.6516934046344
209,53,1408.5186868686867
209,54,1408.385680332739
209,55,1408.2526737967912
209,56,1408.1196672608437
209,57,1407.986660724896
209,58,1407.8536541889482
209,59,1407.7206476530007
209,60,1407.587641117053
209,61,1407.4546345811052
209,62,1407.3216280451577
209,63,1407.1886215092093
209,64,1407.055614973262
209,65,1406.9226084373142
209,66,1406.7896019013665
209,67,1406.656595365419
209,68,1406.5235888294712
209,69,1406.3905822935235
209,70,1406.2575757575758
209,71,1406.124569221628
209,72,1405.9915626856805
209,73,1405.8585561497327
209,74,1405.725549613785
209,75,1405.5925430778373
209,76,1405.4595365418895
209,77,1405.3265300059418
209,78,1405.193523469994
209,79,1405.0605169340463
209,80,1404.9275103980983
209,81,1404.7945038621508
209,82,1404.6614973262035
209,83,1404.5284907902555
209,84,1404.395484254308
209,85,1404.2624777183603
209,86,1404.1294711824123
209,87,1403.9964646464648
209,88,1403.863458110517
209,89,1403.730451574569
209,90,1403.5974450386218
209,91,1403.464438502674
209,92,1403.3314319667263
209,93,1403.1984254307786
209,94,1403.065418894831
209,95,1402.9324123588829
210,0,1402.7994058229351
210,1,1402.6663992869874
210,2,1402.5333927510396
210,3,1402.400386215092
210,4,1402.2673796791444
210,5,1402.1343731431966
210,6,1402.0013666072489
210,7,1401.8683600713014
210,8,1401.7353535353536
210,9,1401.602346999406
210,10,1401.469340463458
210,11,1401.3363339275102
210,12,1401.2033273915629
210,13,1401.070320855615
210,14,1400.9373143196672
210,15,1400.8043077837197
210,16,1400.671301247772
210,17,1400.5382947118242
210,18,1400.4052881758764
210,19,1400.272281639929
210,20,1400.139275103981
210,21,1400.006268568033
210,22,1399.8732620320854
210,23,1399.7402554961377
210,24,1399.6072489601902
210,25,1399.4742424242424
210,26,1399.3412358882947
210,27,1399.208229352347
210,28,1399.0752228163992
210,29,1398.9422162804517
210,30,1398.809209744504
210,31,1398.676203208556
210,32,1398.5431966726085
210,33,1398.4101901366607
210,34,1398.2771836007132
210,35,1398.1441770647652
210,36,1398.0111705288175
210,37,1397.8781639928698
210,38,1397.7451574569225
210,39,1397.6121509209745
210,40,1397.479144385027
210,41,1397.3461378490792
210,42,1397.2131313131315
210,43,1397.0801247771838
210,44,1396.947118241236
210,45,1396.8141117052885
210,46,1396.6811051693408
210,47,1396.5480986333928
210,48,1396.415092097445
210,49,1396.2820855614973
210,50,1396.149079025549
210,51,1396.016072489602
210,52,1395.883065953654
210,53,1395.7500594177063
210,54,1395.6170528817586
210,55,1395.484046345811
210,56,1395.351039809863
210,57,1395.2180332739156
210,58,1395.0850267379678
210,59,1394.9520202020203
210,60,1394.8190136660726
210,61,1394.6860071301248
210,62,1394.553000594177
210,63,1394.4199940582296
210,64,1394.2869875222816
210,65,1394.1539809863336
210,66,1394.020974450386
210,67,1393.8879679144386
210,68,1393.7549613784906
210,69,1393.621954842543
210,70,1393.4889483065954
210,71,1393.355941770648
210,72,1393.2229352347
210,73,1393.0899286987524
210,74,1392.9569221628046
210,75,1392.823915626857
210,76,1392.6909090909091
210,77,1392.5579025549614
210,78,1392.4248960190137
210,79,1392.291889483066
210,80,1392.1588829471182
210,81,1392.0258764111704
210,82,1391.8928698752227
210,83,1391.7598633392752
210,84,1391.6268568033274
210,85,1391.4938502673797
210,86,1391.3608437314324
210,87,1391.2278371954844
210,88,1391.094830659537
210,89,1390.9618241235892
210,90,1390.8288175876414
210,91,1390.6958110516937
210,92,1390.562804515746
210,93,1390.4297979797982
210,94,1390.296791443851
210,95,1390.1637849079025
211,0,1390.0307783719547
211,1,1389.8977718360072
211,2,1389.7647653000593
211,3,1389.6317587641115
211,4,1389.498752228164
211,5,1389.3657456922165
211,6,1389.2327391562685
211,7,1389.0997326203208
211,8,1388.966726084373
211,9,1388.8337195484255
211,10,1388.7007130124775
211,11,1388.56770647653
211,12,1388.4346999405825
211,13,1388.3016934046343
211,14,1388.1686868686868
211,15,1388.0356803327393
211,16,1387.9026737967915
211,17,1387.7696672608436
211,18,1387.636660724896
211,19,1387.5036541889483
211,20,1387.3706476530006
211,21,1387.2376411170526
211,22,1387.104634581105
211,23,1386.9716280451578
211,24,1386.8386215092098
211,25,1386.705614973262
211,26,1386.5726084373143
211,27,1386.4396019013666
211,28,1386.3065953654188
211,29,1386.173588829471
211,30,1386.0405822935236
211,31,1385.9075757575758
211,32,1385.774569221628
211,33,1385.6415626856804
211,34,1385.5085561497328
211,35,1385.3755496137849
211,36,1385.2425430778371
211,37,1385.1095365418894
211,38,1384.976530005942
211,39,1384.843523469994
211,40,1384.7105169340462
211,41,1384.5775103980984
211,42,1384.444503862151
211,43,1384.3114973262032
211,44,1384.1784907902556
211,45,1384.045484254308
211,46,1383.91247771836
211,47,1383.7794711824124
211,48,1383.646464646465
211,49,1383.513458110517
211,50,1383.380451574569
211,51,1383.2474450386214
211,52,1383.1144385026737
211,53,1382.9814319667262
211,54,1382.8484254307784
211,55,1382.7154188948307
211,56,1382.582412358883
211,57,1382.4494058229354
211,58,1382.3163992869877
211,59,1382.18339275104
211,60,1382.0503862150922
211,61,1381.9173796791445
211,62,1381.7843731431967
211,63,1381.6513666072487
211,64,1381.5183600713012
211,65,1381.3853535353535
211,66,1381.2523469994055
211,67,1381.119340463458
211,68,1380.9863339275105
211,69,1380.8533273915627
211,70,1380.720320855615
211,71,1380.5873143196673
211,72,1380.4543077837195
211,73,1380.3213012477718
211,74,1380.188294711824
211,75,1380.0552881758765
211,76,1379.9222816399288
211,77,1379.789275103981
211,78,1379.6562685680335
211,79,1379.5232620320855
211,80,1379.3902554961378
211,81,1379.25724896019
211,82,1379.1242424242423
211,83,1378.9912358882948
211,84,1378.858229352347
211,85,1378.7252228163993
211,86,1378.5922162804518
211,87,1378.4592097445036
211,88,1378.326203208556
211,89,1378.193196672608
211,90,1378.0601901366606
211,91,1377.9271836007129
211,92,1377.794177064765
211,93,1377.6611705288176
211,94,1377.5281639928698
211,95,1377.395157456922
212,0,1377.2621509209746
212,1,1377.1291443850268
212,2,1376.996137849079
212,3,1376.8631313131314
212,4,1376.7301247771836
212,5,1376.597118241236
212,6,1376.464111705288
212,7,1376.3311051693404
212,8,1376.1980986333926
212,9,1376.0650920974451
212,10,1375.9320855614972
212,11,1375.7990790255494
212,12,1375.666072489602
212,13,1375.5330659536542
212,14,1375.4000594177064
212,15,1375.267052881759
212,16,1375.1340463458112
212,17,1375.0010398098632
212,18,1374.8680332739157
212,19,1374.735026737968
212,20,1374.6020202020202
212,21,1374.4690136660722
212,22,1374.3360071301247
212,23,1374.203000594177
212,24,1374.0699940582292
212,25,1373.9369875222817
212,26,1373.803980986334
212,27,1373.6709744503862
212,28,1373.5379679144387
212,29,1373.404961378491
212,30,1373.2719548425432
212,31,1373.1389483065957
212,32,1373.0059417706475
212,33,1372.8729352347
212,34,1372.7399286987525
212,35,1372.6069221628045
212,36,1372.4739156268568
212,37,1372.340909090909
212,38,1372.207902554961
212,39,1372.0748960190135
212,40,1371.9418894830658
212,41,1371.808882947118
212,42,1371.67587641117
212,43,1371.5428698752226
212,44,1371.4098633392748
212,45,1371.2768568033273
212,46,1371.1438502673795
212,47,1371.0108437314318
212,48,1370.8778371954843
212,49,1370.7448306595363
212,50,1370.6118241235888
212,51,1370.478817587641
212,52,1370.345811051693
212,53,1370.2128045157458
212,54,1370.079797979798
212,55,1369.9467914438503
212,56,1369.8137849079026
212,57,1369.680778371955
212,58,1369.547771836007
212,59,1369.4147653000591
212,60,1369.2817587641116
212,61,1369.148752228164
212,62,1369.015745692216
212,63,1368.8827391562688
212,64,1368.7497326203209
212,65,1368.616726084373
212,66,1368.4837195484254
212,67,1368.3507130124774
212,68,1368.21770647653
212,69,1368.084699940582
212,70,1367.9516934046346
212,71,1367.8186868686869
212,72,1367.6856803327391
212,73,1367.5526737967914
212,74,1367.4196672608437
212,75,1367.286660724896
212,76,1367.1536541889482
212,77,1367.0206476530004
212,78,1366.887641117053
212,79,1366.7546345811052
212,80,1366.6216280451574
212,81,1366.48862150921
212,82,1366.3556149732617
212,83,1366.2226084373144
212,84,1366.0896019013664
212,85,1365.9565953654187
212,86,1365.823588829471
212,87,1365.6905822935232
212,88,1365.5575757575757
212,89,1365.424569221628
212,90,1365.2915626856802
212,91,1365.1585561497325
212,92,1365.0255496137847
212,93,1364.8925430778372
212,94,1364.7595365418897
212,95,1364.626530005942
213,0,1364.4935234699942
213,1,1364.3605169340465
213,2,1364.2275103980987
213,3,1364.094503862151
213,4,1363.9614973262032
213,5,1363.8284907902555
213,6,1363.6954842543078
213,7,1363.56247771836
213,8,1363.4294711824125
213,9,1363.2964646464648
213,10,1363.163458110517
213,11,1363.030451574569
213,12,1362.8974450386215
213,13,1362.7644385026738
213,14,1362.631431966726
213,15,1362.498425430778
213,16,1362.3654188948306
213,17,1362.2324123588828
213,18,1362.099405822935
213,19,1361.966399286987
213,20,1361.8333927510398
213,21,1361.700386215092
213,22,1361.5673796791446
213,23,1361.4343731431966
213,24,1361.301366607249
213,25,1361.168360071301
213,26,1361.0353535353536
213,27,1360.902346999406
213,28,1360.7693404634583
213,29,1360.6363339275106
213,30,1360.5033273915628
213,31,1360.370320855615
213,32,1360.2373143196671
213,33,1360.1043077837196
213,34,1359.971301247772
213,35,1359.838294711824
213,36,1359.7052881758764
213,37,1359.5722816399286
213,38,1359.439275103981
213,39,1359.3062685680334
213,40,1359.1732620320854
213,41,1359.0402554961377
213,42,1358.90724896019
213,43,1358.7742424242422
213,44,1358.6412358882944
213,45,1358.508229352347
213,46,1358.3752228163992
213,47,1358.2422162804517
213,48,1358.1092097445037
213,49,1357.9762032085562
213,50,1357.8431966726084
213,51,1357.710190136661
213,52,1357.5771836007132
213,53,1357.4441770647654
213,54,1357.3111705288177
213,55,1357.17816399287
213,56,1357.0451574569222
213,57,1356.912150920975
213,58,1356.7791443850267
213,59,1356.646137849079
213,60,1356.5131313131312
213,61,1356.3801247771837
213,62,1356.2471182412355
213,63,1356.1141117052882
213,64,1355.9811051693405
213,65,1355.8480986333927
213,66,1355.7150920974452
213,67,1355.5820855614973
213,68,1355.4490790255495
213,69,1355.3160724896018
213,70,1355.1830659536542
213,71,1355.0500594177065
213,72,1354.917052881759
213,73,1354.7840463458112
213,74,1354.6510398098635
213,75,1354.5180332739158
213,76,1354.385026737968
213,77,1354.2520202020205
213,78,1354.1190136660728
213,79,1353.9860071301248
213,80,1353.8530005941773
213,81,1353.7199940582295
213,82,1353.5869875222818
213,83,1353.453980986334
213,84,1353.3209744503863
213,85,1353.1879679144386
213,86,1353.0549613784908
213,87,1352.921954842543
213,88,1352.788948306595
213,89,1352.6559417706476
213,90,1352.5229352346998
213,91,1352.3899286987523
213,92,1352.2569221628046
213,93,1352.1239156268568
213,94,1351.990909090909
213,95,1351.8579025549616
214,0,1351.7248960190136
214,1,1351.591889483066
214,2,1351.458882947118
214,3,1351.3258764111706
214,4,1351.1928698752229
214,5,1351.0598633392754
214,6,1350.9268568033274
214,7,1350.7938502673796
214,8,1350.660843731432
214,9,1350.5278371954844
214,10,1350.3948306595366
214,11,1350.261824123589
214,12,1350.1288175876412
214,13,1349.9958110516934
214,14,1349.8628045157457
214,15,1349.7297979797977
214,16,1349.5967914438502
214,17,1349.4637849079024
214,18,1349.330778371955
214,19,1349.197771836007
214,20,1349.0647653000594
214,21,1348.9317587641117
214,22,1348.7987522281642
214,23,1348.6657456922164
214,24,1348.5327391562687
214,25,1348.399732620321
214,26,1348.2667260843734
214,27,1348.1337195484257
214,28,1348.000713012478
214,29,1347.8677064765302
214,30,1347.7346999405827
214,31,1347.6016934046345
214,32,1347.4686868686867
214,33,1347.335680332739
214,34,1347.2026737967913
214,35,1347.0696672608435
214,36,1346.936660724896
214,37,1346.8036541889485
214,38,1346.6706476530003
214,39,1346.5376411170528
214,40,1346.404634581105
214,41,1346.2716280451573
214,42,1346.1386215092095
214,43,1346.0056149732625
214,44,1345.8726084373145
214,45,1345.7396019013663
214,46,1345.6065953654188
214,47,1345.4735888294713
214,48,1345.3405822935235
214,49,1345.2075757575758
214,50,1345.074569221628
214,51,1344.9415626856803
214,52,1344.8085561497326
214,53,1344.6755496137846
214,54,1344.542543077837
214,55,1344.409536541889
214,56,1344.2765300059418
214,57,1344.143523469994
214,58,1344.0105169340463
214,59,1343.8775103980986
214,60,1343.7445038621509
214,61,1343.611497326203
214,62,1343.4784907902556
214,63,1343.3454842543076
214,64,1343.21247771836
214,65,1343.0794711824124
214,66,1342.9464646464648
214,67,1342.813458110517
214,68,1342.6804515745696
214,69,1342.5474450386218
214,70,1342.414438502674
214,71,1342.2814319667264
214,72,1342.1484254307786
214,73,1342.0154188948309
214,74,1341.8824123588834
214,75,1341.7494058229354
214,76,1341.6163992869876
214,77,1341.48339275104
214,78,1341.3503862150924
214,79,1341.2173796791444
214,80,1341.084373143197
214,81,1340.951366607249
214,82,1340.818360071301
214,83,1340.6853535353537
214,84,1340.5523469994057
214,85,1340.419340463458
214,86,1340.2863339275102
214,87,1340.1533273915627
214,88,1340.020320855615
214,89,1339.8873143196672
214,90,1339.7543077837197
214,91,1339.621301247772
214,92,1339.4882947118242
214,93,1339.3552881758765
214,94,1339.2222816399287
214,95,1339.089275103981
215,0,1338.9562685680332
215,1,1338.8232620320855
215,2,1338.6902554961378
215,3,1338.5572489601902
215,4,1338.4242424242425
215,5,1338.2912358882943
215,6,1338.158229352347
215,7,1338.0252228163995
215,8,1337.8922162804515
215,9,1337.759209744504
215,10,1337.6262032085565
215,11,1337.4931966726083
215,12,1337.3601901366608
215,13,1337.227183600713
215,14,1337.0941770647653
215,15,1336.961170528817
215,16,1336.8281639928698
215,17,1336.695157456922
215,18,1336.5621509209743
215,19,1336.4291443850268
215,20,1336.296137849079
215,21,1336.163131313131
215,22,1336.0301247771838
215,23,1335.8971182412358
215,24,1335.7641117052883
215,25,1335.6311051693406
215,26,1335.498098633393
215,27,1335.3650920974453
215,28,1335.2320855614976
215,29,1335.0990790255498
215,30,1334.9660724896023
215,31,1334.833065953654
215,32,1334.7000594177064
215,33,1334.5670528817589
215,34,1334.4340463458109
215,35,1334.3010398098634
215,36,1334.1680332739156
215,37,1334.035026737968
215,38,1333.90202020202
215,39,1333.7690136660724
215,40,1333.6360071301249
215,41,1333.5030005941771
215,42,1333.3699940582292
215,43,1333.236987522282
215,44,1333.103980986334
215,45,1332.9709744503862
215,46,1332.8379679144384
215,47,1332.7049613784905
215,48,1332.5719548425432
215,49,1332.4389483065952
215,50,1332.3059417706477
215,51,1332.1729352347002
215,52,1332.0399286987522
215,53,1331.9069221628044
215,54,1331.7739156268567
215,55,1331.640909090909
215,56,1331.5079025549612
215,57,1331.3748960190137
215,58,1331.241889483066
215,59,1331.1088829471182
215,60,1330.9758764111705
215,61,1330.842869875223
215,62,1330.7098633392752
215,63,1330.5768568033277
215,64,1330.4438502673795
215,65,1330.310843731432
215,66,1330.1778371954845
215,67,1330.0448306595365
215,68,1329.9118241235888
215,69,1329.778817587641
215,70,1329.6458110516935
215,71,1329.5128045157458
215,72,1329.3797979797982
215,73,1329.2467914438505
215,74,1329.113784907903
215,75,1328.980778371955
215,76,1328.8477718360073
215,77,1328.7147653000595
215,78,1328.581758764112
215,79,1328.448752228164
215,80,1328.3157456922163
215,81,1328.1827391562686
215,82,1328.0497326203208
215,83,1327.9167260843733
215,84,1327.783719548425
215,85,1327.6507130124778
215,86,1327.51770647653
215,87,1327.3846999405823
215,88,1327.2516934046346
215,89,1327.118686868687
215,90,1326.985680332739
215,91,1326.8526737967916
215,92,1326.7196672608438
215,93,1326.586660724896
215,94,1326.4536541889483
215,95,1326.3206476530004
216,0,1326.1876411170529
216,1,1326.0546345811051
216,2,1325.9216280451574
216,3,1325.7886215092096
216,4,1325.655614973262
216,5,1325.522608437314
216,6,1325.3896019013666
216,7,1325.256595365419
216,8,1325.1235888294711
216,9,1324.9905822935232
216,10,1324.8575757575757
216,11,1324.724569221628
216,12,1324.5915626856804
216,13,1324.4585561497329
216,14,1324.3255496137851
216,15,1324.1925430778372
216,16,1324.0595365418894
216,17,1323.9265300059417
216,18,1323.7935234699942
216,19,1323.6605169340464
216,20,1323.527510398099
216,21,1323.394503862151
216,22,1323.2614973262034
216,23,1323.1284907902552
216,24,1322.9954842543077
216,25,1322.8624777183595
216,26,1322.7294711824122
216,27,1322.5964646464645
216,28,1322.463458110517
216,29,1322.3304515745692
216,30,1322.1974450386217
216,31,1322.0644385026735
216,32,1321.9314319667262
216,33,1321.7984254307785
216,34,1321.6654188948305
216,35,1321.532412358883
216,36,1321.3994058229353
216,37,1321.2663992869875
216,38,1321.1333927510398
216,39,1321.000386215092
216,40,1320.8673796791445
216,41,1320.7343731431968
216,42,1320.6013666072488
216,43,1320.4683600713015
216,44,1320.3353535353535
216,45,1320.2023469994058
216,46,1320.0693404634585
216,47,1319.93633392751
216,48,1319.8033273915628
216,49,1319.6703208556148
216,50,1319.5373143196673
216,51,1319.4043077837196
216,52,1319.2713012477718
216,53,1319.1382947118238
216,54,1319.0052881758763
216,55,1318.8722816399286
216,56,1318.7392751039808
216,57,1318.606268568033
216,58,1318.4732620320856
216,59,1318.3402554961378
216,60,1318.20724896019
216,61,1318.0742424242424
216,62,1317.9412358882946
216,63,1317.808229352347
216,64,1317.6752228163994
216,65,1317.5422162804516
216,66,1317.409209744504
216,67,1317.2762032085564
216,68,1317.1431966726084
216,69,1317.0101901366606
216,70,1316.877183600713
216,71,1316.7441770647652
216,72,1316.6111705288174
216,73,1316.4781639928697
216,74,1316.3451574569222
216,75,1316.2121509209746
216,76,1316.079144385027
216,77,1315.9461378490792
216,78,1315.8131313131312
216,79,1315.6801247771837
216,80,1315.547118241236
216,81,1315.4141117052882
216,82,1315.2811051693404
216,83,1315.1480986333927
216,84,1315.015092097445
216,85,1314.8820855614974
216,86,1314.7490790255497
216,87,1314.616072489602
216,88,1314.4830659536542
216,89,1314.3500594177065
216,90,1314.2170528817587
216,91,1314.0840463458107
216,92,1313.9510398098632
216,93,1313.8180332739155
216,94,1313.6850267379675
216,95,1313.5520202020205
217,0,1313.4190136660725
217,1,1313.2860071301247
217,2,1313.153000594177
217,3,1313.0199940582297
217,4,1312.8869875222815
217,5,1312.7539809863338
217,6,1312.6209744503865
217,7,1312.4879679144385
217,8,1312.3549613784908
217,9,1312.221954842543
217,10,1312.0889483065953
217,11,1311.9559417706475
217,12,1311.8229352347
217,13,1311.6899286987525
217,14,1311.5569221628043
217,15,1311.423915626857
217,16,1311.290909090909
217,17,1311.1579025549615
217,18,1311.0248960190138
217,19,1310.8918894830658
217,20,1310.758882947118
217,21,1310.6258764111703
217,22,1310.4928698752226
217,23,1310.359863339275
217,24,1310.226856803327
217,25,1310.0938502673796
217,26,1309.960843731432
217,27,1309.827837195484
217,28,1309.6948306595364
217,29,1309.5618241235888
217,30,1309.428817587641
217,31,1309.2958110516936
217,32,1309.1628045157458
217,33,1309.029797979798
217,34,1308.8967914438504
217,35,1308.7637849079026
217,36,1308.6307783719549
217,37,1308.4977718360074
217,38,1308.3647653000594
217,39,1308.2317587641116
217,40,1308.098752228164
217,41,1307.9657456922164
217,42,1307.8327391562686
217,43,1307.699732620321
217,44,1307.5667260843732
217,45,1307.4337195484254
217,46,1307.3007130124777
217,47,1307.1677064765302
217,48,1307.0346999405824
217,49,1306.9016934046344
217,50,1306.768686868687
217,51,1306.635680332739
217,52,1306.5026737967914
217,53,1306.3696672608437
217,54,1306.236660724896
217,55,1306.1036541889482
217,56,1305.9706476530007
217,57,1305.837641117053
217,58,1305.7046345811052
217,59,1305.5716280451577
217,60,1305.43862150921
217,61,1305.3056149732622
217,62,1305.1726084373147
217,63,1305.0396019013667
217,64,1304.906595365419
217,65,1304.7735888294712
217,66,1304.6405822935235
217,67,1304.5075757575758
217,68,1304.374569221628
217,69,1304.2415626856805
217,70,1304.1085561497327
217,71,1303.9755496137848
217,72,1303.8425430778373
217,73,1303.7095365418895
217,74,1303.5765300059418
217,75,1303.4435234699938
217,76,1303.3105169340463
217,77,1303.1775103980983
217,78,1303.0445038621508
217,79,1302.9114973262033
217,80,1302.7784907902555
217,81,1302.645484254308
217,82,1302.51247771836
217,83,1302.3794711824123
217,84,1302.2464646464648
217,85,1302.113458110517
217,86,1301.980451574569
217,87,1301.8474450386216
217,88,1301.7144385026738
217,89,1301.5814319667263
217,90,1301.4484254307783
217,91,1301.3154188948304
217,92,1301.1824123588829
217,93,1301.0494058229351
217,94,1300.9163992869874
217,95,1300.7833927510396
218,0,1300.650386215092
218,1,1300.5173796791444
218,2,1300.3843731431966
218,3,1300.2513666072489
218,4,1300.1183600713014
218,5,1299.9853535353536
218,6,1299.852346999406
218,7,1299.719340463458
218,8,1299.5863339275106
218,9,1299.4533273915629
218,10,1299.3203208556154
218,11,1299.1873143196674
218,12,1299.0543077837197
218,13,1298.921301247772
218,14,1298.7882947118244
218,15,1298.6552881758764
218,16,1298.522281639929
218,17,1298.3892751039812
218,18,1298.2562685680334
218,19,1298.1232620320854
218,20,1297.9902554961377
218,21,1297.85724896019
218,22,1297.7242424242422
218,23,1297.5912358882947
218,24,1297.458229352347
218,25,1297.3252228163992
218,26,1297.1922162804517
218,27,1297.0592097445035
218,28,1296.926203208556
218,29,1296.7931966726082
218,30,1296.6601901366605
218,31,1296.5271836007128
218,32,1296.3941770647652
218,33,1296.2611705288175
218,34,1296.12816399287
218,35,1295.9951574569222
218,36,1295.8621509209745
218,37,1295.729144385027
218,38,1295.596137849079
218,39,1295.4631313131313
218,40,1295.3301247771835
218,41,1295.197118241236
218,42,1295.0641117052885
218,43,1294.9311051693403
218,44,1294.7980986333928
218,45,1294.665092097445
218,46,1294.5320855614973
218,47,1294.399079025549
218,48,1294.2660724896018
218,49,1294.133065953654
218,50,1294.0000594177063
218,51,1293.8670528817586
218,52,1293.734046345811
218,53,1293.601039809863
218,54,1293.4680332739158
218,55,1293.335026737968
218,56,1293.2020202020203
218,57,1293.0690136660726
218,58,1292.936007130125
218,59,1292.803000594177
218,60,1292.6699940582296
218,61,1292.5369875222818
218,62,1292.4039809863343
218,63,1292.2709744503863
218,64,1292.1379679144386
218,65,1292.0049613784909
218,66,1291.8719548425431
218,67,1291.7389483065954
218,68,1291.6059417706476
218,69,1291.4729352347
218,70,1291.339928698752
218,71,1291.2069221628044
218,72,1291.073915626857
218,73,1290.9409090909091
218,74,1290.8079025549612
218,75,1290.6748960190137
218,76,1290.541889483066
218,77,1290.4088829471182
218,78,1290.2758764111704
218,79,1290.1428698752227
218,80,1290.0098633392752
218,81,1289.8768568033274
218,82,1289.7438502673797
218,83,1289.6108437314322
218,84,1289.4778371954844
218,85,1289.344830659537
218,86,1289.211824123589
218,87,1289.078817587641
218,88,1288.9458110516937
218,89,1288.812804515746
218,90,1288.679797979798
218,91,1288.5467914438502
218,92,1288.4137849079025
218,93,1288.2807783719547
218,94,1288.1477718360072
218,95,1288.0147653000593
219,0,1287.8817587641115
219,1,1287.748752228164
219,2,1287.6157456922165
219,3,1287.4827391562685
219,4,1287.3497326203208
219,5,1287.216726084373
219,6,1287.0837195484255
219,7,1286.9507130124778
219,8,1286.81770647653
219,9,1286.6846999405825
219,10,1286.5516934046343
219,11,1286.4186868686868
219,12,1286.2856803327393
219,13,1286.1526737967915
219,14,1286.0196672608436
219,15,1285.886660724896
219,16,1285.7536541889483
219,17,1285.6206476530006
219,18,1285.4876411170526
219,19,1285.354634581105
219,20,1285.221628045157
219,21,1285.0886215092096
219,22,1284.9556149732618
219,23,1284.8226084373143
219,24,1284.6896019013666
219,25,1284.5565953654188
219,26,1284.423588829471
219,27,1284.2905822935236
219,28,1284.1575757575758
219,29,1284.024569221628
219,30,1283.8915626856804
219,31,1283.7585561497328
219,32,1283.6255496137849
219,33,1283.4925430778371
219,34,1283.3595365418894
219,35,1283.226530005942
219,36,1283.093523469994
219,37,1282.9605169340462
219,38,1282.8275103980986
219,39,1282.694503862151
219,40,1282.5614973262034
219,41,1282.4284907902556
219,42,1282.295484254308
219,43,1282.16247771836
219,44,1282.0294711824124
219,45,1281.896464646465
219,46,1281.763458110517
219,47,1281.630451574569
219,48,1281.4974450386214
219,49,1281.3644385026737
219,50,1281.2314319667264
219,51,1281.0984254307784
219,52,1280.965418894831
219,53,1280.8324123588832
219,54,1280.6994058229354
219,55,1280.5663992869877
219,56,1280.43339275104
219,57,1280.3003862150924
219,58,1280.1673796791447
219,59,1280.034373143197
219,60,1279.9013666072492
219,61,1279.7683600713017
219,62,1279.6353535353535
219,63,1279.5023469994055
219,64,1279.369340463458
219,65,1279.2363339275105
219,66,1279.1033273915627
219,67,1278.970320855615
219,68,1278.8373143196673
219,69,1278.7043077837195
219,70,1278.5713012477718
219,71,1278.438294711824
219,72,1278.3052881758765
219,73,1278.1722816399288
219,74,1278.0392751039808
219,75,1277.9062685680335
219,76,1277.7732620320855
219,77,1277.6402554961378
219,78,1277.50724896019
219,79,1277.3742424242423
219,80,1277.2412358882948
219,81,1277.108229352347
219,82,1276.9752228163993
219,83,1276.8422162804518
219,84,1276.7092097445038
219,85,1276.576203208556
219,86,1276.4431966726083
219,87,1276.310190136661
219,88,1276.177183600713
219,89,1276.044177064765
219,90,1275.9111705288176
219,91,1275.7781639928698
219,92,1275.645157456922
219,93,1275.5121509209746
219,94,1275.3791443850268
219,95,1275.246137849079
220,0,1275.1131313131314
220,1,1274.9801247771836
220,2,1274.847118241236
220,3,1274.714111705288
220,4,1274.5811051693404
220,5,1274.4480986333926
220,6,1274.315092097445
220,7,1274.1820855614972
220,8,1274.0490790255494
220,9,1273.9160724896017
220,10,1273.7830659536542
220,11,1273.6500594177066
220,12,1273.517052881759
220,13,1273.3840463458112
220,14,1273.2510398098636
220,15,1273.1180332739157
220,16,1272.985026737968
220,17,1272.8520202020202
220,18,1272.7190136660722
220,19,1272.5860071301247
220,20,1272.453000594177
220,21,1272.3199940582292
220,22,1272.1869875222817
220,23,1272.053980986334
220,24,1271.9209744503862
220,25,1271.7879679144387
220,26,1271.654961378491
220,27,1271.521954842543
220,28,1271.3889483065957
220,29,1271.2559417706475
220,30,1271.1229352347
220,31,1270.9899286987525
220,32,1270.8569221628045
220,33,1270.7239156268568
220,34,1270.590909090909
220,35,1270.4579025549615
220,36,1270.3248960190135
220,37,1270.1918894830658
220,38,1270.0588829471185
220,39,1269.9258764111703
220,40,1269.7928698752228
220,41,1269.6598633392748
220,42,1269.5268568033273
220,43,1269.3938502673795
220,44,1269.260843731432
220,45,1269.1278371954843
220,46,1268.9948306595363
220,47,1268.8618241235888
220,48,1268.728817587641
220,49,1268.595811051693
220,50,1268.4628045157458
220,51,1268.329797979798
220,52,1268.1967914438503
220,53,1268.0637849079026
220,54,1267.9307783719553
220,55,1267.797771836007
220,56,1267.6647653000598
220,57,1267.531758764112
220,58,1267.3987522281643
220,59,1267.2657456922166
220,60,1267.1327391562688
220,61,1266.999732620321
220,62,1266.8667260843736
220,63,1266.7337195484254
220,64,1266.600713012478
220,65,1266.46770647653
220,66,1266.334699940582
220,67,1266.2016934046349
220,68,1266.0686868686869
220,69,1265.9356803327391
220,70,1265.8026737967914
220,71,1265.6696672608437
220,72,1265.536660724896
220,73,1265.4036541889482
220,74,1265.2706476530004
220,75,1265.137641117053
220,76,1265.0046345811052
220,77,1264.8716280451574
220,78,1264.7386215092097
220,79,1264.6056149732622
220,80,1264.4726084373144
220,81,1264.3396019013664
220,82,1264.206595365419
220,83,1264.0735888294712
220,84,1263.9405822935234
220,85,1263.8075757575757
220,86,1263.674569221628
220,87,1263.5415626856802
220,88,1263.4085561497325
220,89,1263.2755496137847
220,90,1263.1425430778372
220,91,1263.0095365418897
220,92,1262.876530005942
220,93,1262.7435234699942
220,94,1262.6105169340465
220,95,1262.4775103980985
221,0,1262.344503862151
221,1,1262.2114973262032
221,2,1262.0784907902555
221,3,1261.9454842543078
221,4,1261.81247771836
221,5,1261.6794711824125
221,6,1261.5464646464648
221,7,1261.4134581105168
221,8,1261.280451574569
221,9,1261.1474450386213
221,10,1261.0144385026736
221,11,1260.8814319667258
221,12,1260.748425430778
221,13,1260.6154188948306
221,14,1260.4824123588828
221,15,1260.349405822935
221,16,1260.2163992869876
221,17,1260.0833927510398
221,18,1259.950386215092
221,19,1259.8173796791443
221,20,1259.6843731431966
221,21,1259.551366607249
221,22,1259.418360071301
221,23,1259.2853535353536
221,24,1259.1523469994058
221,25,1259.0193404634583
221,26,1258.8863339275103
221,27,1258.753327391563
221,28,1258.620320855615
221,29,1258.4873143196671
221,30,1258.3543077837196
221,31,1258.2213012477716
221,32,1258.088294711824
221,33,1257.9552881758764
221,34,1257.8222816399286
221,35,1257.6892751039811
221,36,1257.5562685680334
221,37,1257.4232620320854
221,38,1257.290255496138
221,39,1257.15724896019
221,40,1257.0242424242424
221,41,1256.8912358882944
221,42,1256.758229352347
221,43,1256.6252228163992
221,44,1256.4922162804517
221,45,1256.359209744504
221,46,1256.2262032085564
221,47,1256.0931966726084
221,48,1255.960190136661
221,49,1255.8271836007132
221,50,1255.6941770647654
221,51,1255.5611705288177
221,52,1255.42816399287
221,53,1255.2951574569222
221,54,1255.162150920975
221,55,1255.0291443850267
221,56,1254.896137849079
221,57,1254.7631313131312
221,58,1254.6301247771837
221,59,1254.497118241236
221,60,1254.3641117052882
221,61,1254.2311051693405
221,62,1254.0980986333927
221,63,1253.965092097445
221,64,1253.8320855614977
221,65,1253.6990790255495
221,66,1253.5660724896018
221,67,1253.4330659536542
221,68,1253.3000594177065
221,69,1253.167052881759
221,70,1253.034046345811
221,71,1252.9010398098633
221,72,1252.7680332739155
221,73,1252.635026737968
221,74,1252.5020202020205
221,75,1252.3690136660723
221,76,1252.2360071301248
221,77,1252.1030005941773
221,78,1251.9699940582293
221,79,1251.836987522281
221,80,1251.7039809863338
221,81,1251.570974450386
221,82,1251.4379679144383
221,83,1251.3049613784908
221,84,1251.171954842543
221,85,1251.038948306595
221,86,1250.9059417706476
221,87,1250.7729352346998
221,88,1250.6399286987523
221,89,1250.5069221628046
221,90,1250.3739156268568
221,91,1250.240909090909
221,92,1250.1079025549616
221,93,1249.9748960190138
221,94,1249.8418894830663
221,95,1249.7088829471186
222,0,1249.5758764111706
222,1,1249.4428698752229
222,2,1249.3098633392754
222,3,1249.1768568033274
222,4,1249.0438502673796
222,5,1248.910843731432
222,6,1248.777837195484
222,7,1248.6448306595366
222,8,1248.511824123589
222,9,1248.378817587641
222,10,1248.245811051693
222,11,1248.1128045157454
222,12,1247.9797979797977
222,13,1247.84679144385
222,14,1247.7137849079024
222,15,1247.5807783719547
222,16,1247.447771836007
222,17,1247.3147653000594
222,18,1247.1817587641117
222,19,1247.048752228164
222,20,1246.9157456922164
222,21,1246.7827391562687
222,22,1246.649732620321
222,23,1246.5167260843732
222,24,1246.3837195484257
222,25,1246.250713012478
222,26,1246.11770647653
222,27,1245.984699940582
222,28,1245.8516934046345
222,29,1245.7186868686867
222,30,1245.585680332739
222,31,1245.4526737967915
222,32,1245.3196672608435
222,33,1245.186660724896
222,34,1245.0536541889485
222,35,1244.9206476530003
222,36,1244.787641117053
222,37,1244.654634581105
222,38,1244.5216280451575
222,39,1244.38862150921
222,40,1244.2556149732625
222,41,1244.1226084373145
222,42,1243.9896019013668
222,43,1243.8565953654188
222,44,1243.7235888294713
222,45,1243.5905822935235
222,46,1243.457575757576
222,47,1243.324569221628
222,48,1243.1915626856803
222,49,1243.0585561497328
222,50,1242.925549613785
222,51,1242.792543077837
222,52,1242.659536541889
222,53,1242.5265300059416
222,54,1242.393523469994
222,55,1242.2605169340463
222,56,1242.1275103980986
222,57,1241.9945038621509
222,58,1241.8614973262029
222,59,1241.7284907902554
222,60,1241.5954842543076
222,61,1241.46247771836
222,62,1241.3294711824124
222,63,1241.1964646464646
222,64,1241.063458110517
222,65,1240.9304515745696
222,66,1240.7974450386216
222,67,1240.664438502674
222,68,1240.531431966726
222,69,1240.3984254307786
222,70,1240.2654188948306
222,71,1240.132412358883
222,72,1239.9994058229352
222,73,1239.8663992869876
222,74,1239.73339275104
222,75,1239.600386215092
222,76,1239.4673796791444
222,77,1239.334373143197
222,78,1239.201366607249
222,79,1239.068360071301
222,80,1238.9353535353534
222,81,1238.8023469994057
222,82,1238.669340463458
222,83,1238.5363339275104
222,84,1238.4033273915627
222,85,1238.270320855615
222,86,1238.1373143196672
222,87,1238.0043077837197
222,88,1237.871301247772
222,89,1237.7382947118242
222,90,1237.6052881758765
222,91,1237.4722816399287
222,92,1237.339275103981
222,93,1237.2062685680332
222,94,1237.0732620320855
222,95,1236.9402554961382
223,0,1236.8072489601902
223,1,1236.6742424242425
223,2,1236.5412358882943
223,3,1236.408229352347
223,4,1236.2752228163993
223,5,1236.1422162804515
223,6,1236.0092097445036
223,7,1235.876203208556
223,8,1235.7431966726083
223,9,1235.6101901366603
223,10,1235.4771836007128
223,11,1235.344177064765
223,12,1235.211170528817
223,13,1235.0781639928698
223,14,1234.945157456922
223,15,1234.8121509209743
223,16,1234.6791443850268
223,17,1234.546137849079
223,18,1234.413131313131
223,19,1234.2801247771831
223,20,1234.1471182412358
223,21,1234.014111705288
223,22,1233.8811051693403
223,23,1233.7480986333928
223,24,1233.615092097445
223,25,1233.4820855614976
223,26,1233.3490790255496
223,27,1233.216072489602
223,28,1233.083065953654
223,29,1232.9500594177064
223,30,1232.8170528817589
223,31,1232.6840463458109
223,32,1232.5510398098634
223,33,1232.4180332739156
223,34,1232.285026737968
223,35,1232.15202020202
223,36,1232.0190136660726
223,37,1231.8860071301249
223,38,1231.7530005941774
223,39,1231.6199940582294
223,40,1231.486987522282
223,41,1231.353980986334
223,42,1231.2209744503864
223,43,1231.0879679144389
223,44,1230.954961378491
223,45,1230.8219548425432
223,46,1230.6889483065954
223,47,1230.555941770648
223,48,1230.4229352347002
223,49,1230.2899286987524
223,50,1230.156922162805
223,51,1230.0239156268567
223,52,1229.890909090909
223,53,1229.7579025549612
223,54,1229.6248960190137
223,55,1229.491889483066
223,56,1229.3588829471182
223,57,1229.2258764111705
223,58,1229.0928698752227
223,59,1228.9598633392752
223,60,1228.8268568033277
223,61,1228.6938502673795
223,62,1228.560843731432
223,63,1228.427837195484
223,64,1228.2948306595365
223,65,1228.1618241235888
223,66,1228.028817587641
223,67,1227.8958110516935
223,68,1227.7628045157458
223,69,1227.6297979797982
223,70,1227.4967914438505
223,71,1227.3637849079023
223,72,1227.230778371955
223,73,1227.0977718360073
223,74,1226.9647653000595
223,75,1226.8317587641118
223,76,1226.698752228164
223,77,1226.5657456922163
223,78,1226.4327391562686
223,79,1226.2997326203208
223,80,1226.166726084373
223,81,1226.033719548425
223,82,1225.9007130124778
223,83,1225.76770647653
223,84,1225.6346999405823
223,85,1225.5016934046346
223,86,1225.368686868687
223,87,1225.235680332739
223,88,1225.1026737967916
223,89,1224.969667260844
223,90,1224.8366607248963
223,91,1224.7036541889486
223,92,1224.5706476530008
223,93,1224.437641117053
223,94,1224.3046345811051
223,95,1224.1716280451574
224,0,1224.0386215092096
224,1,1223.905614973262
224,2,1223.7726084373146
224,3,1223.6396019013666
224,4,1223.5065953654191
224,5,1223.3735888294714
224,6,1223.2405822935236
224,7,1223.107575757576
224,8,1222.974569221628
224,9,1222.8415626856804
224,10,1222.7085561497329
224,11,1222.5755496137851
224,12,1222.4425430778372
224,13,1222.3095365418894
224,14,1222.1765300059417
224,15,1222.0435234699942
224,16,1221.9105169340464
224,17,1221.777510398099
224,18,1221.644503862151
224,19,1221.5114973262034
224,20,1221.3784907902557
224,21,1221.2454842543077
224,22,1221.11247771836
224,23,1220.9794711824122
224,24,1220.8464646464645
224,25,1220.7134581105167
224,26,1220.5804515745692
224,27,1220.4474450386217
224,28,1220.3144385026735
224,29,1220.1814319667262
224,30,1220.0484254307785
224,31,1219.9154188948305
224,32,1219.782412358883
224,33,1219.6494058229353
224,34,1219.5163992869875
224,35,1219.3833927510398
224,36,1219.250386215092
224,37,1219.1173796791445
224,38,1218.984373143197
224,39,1218.851366607249
224,40,1218.7183600713015
224,41,1218.5853535353538
224,42,1218.4523469994062
224,43,1218.3193404634585
224,44,1218.1863339275103
224,45,1218.0533273915628
224,46,1217.9203208556153
224,47,1217.7873143196673
224,48,1217.6543077837196
224,49,1217.5213012477718
224,50,1217.3882947118238
224,51,1217.2552881758766
224,52,1217.1222816399286
224,53,1216.9892751039808
224,54,1216.856268568033
224,55,1216.7232620320856
224,56,1216.5902554961378
224,57,1216.45724896019
224,58,1216.3242424242424
224,59,1216.1912358882948
224,60,1216.058229352347
224,61,1215.9252228163994
224,62,1215.7922162804516
224,63,1215.659209744504
224,64,1215.526203208556
224,65,1215.3931966726084
224,66,1215.2601901366606
224,67,1215.1271836007131
224,68,1214.9941770647654
224,69,1214.8611705288174
224,70,1214.72816399287
224,71,1214.5951574569226
224,72,1214.4621509209746
224,73,1214.329144385027
224,74,1214.1961378490792
224,75,1214.0631313131312
224,76,1213.9301247771837
224,77,1213.797118241236
224,78,1213.6641117052882
224,79,1213.5311051693404
224,80,1213.3980986333927
224,81,1213.265092097445
224,82,1213.1320855614974
224,83,1212.9990790255497
224,84,1212.866072489602
224,85,1212.7330659536542
224,86,1212.600059417706
224,87,1212.4670528817585
224,88,1212.3340463458107
224,89,1212.201039809863
224,90,1212.0680332739155
224,91,1211.9350267379682
224,92,1211.8020202020205
224,93,1211.6690136660727
224,94,1211.5360071301252
224,95,1211.403000594177
225,0,1211.2699940582297
225,1,1211.1369875222815
225,2,1211.0039809863338
225,3,1210.8709744503865
225,4,1210.7379679144385
225,5,1210.6049613784908
225,6,1210.471954842543
225,7,1210.3389483065953
225,8,1210.2059417706475
225,9,1210.0729352347
225,10,1209.939928698752
225,11,1209.8069221628043
225,12,1209.6739156268568
225,13,1209.540909090909
225,14,1209.4079025549615
225,15,1209.274896019013
225,16,1209.141889483066
225,17,1209.008882947118
225,18,1208.8758764111706
225,19,1208.742869875223
225,20,1208.609863339275
225,21,1208.476856803327
225,22,1208.3438502673796
225,23,1208.210843731432
225,24,1208.077837195484
225,25,1207.9448306595364
225,26,1207.8118241235888
225,27,1207.678817587641
225,28,1207.5458110516936
225,29,1207.4128045157458
225,30,1207.279797979798
225,31,1207.14679144385
225,32,1207.0137849079026
225,33,1206.8807783719549
225,34,1206.7477718360074
225,35,1206.6147653000594
225,36,1206.4817587641116
225,37,1206.348752228164
225,38,1206.215745692216
225,39,1206.0827391562684
225,40,1205.949732620321
225,41,1205.816726084373
225,42,1205.6837195484254
225,43,1205.550713012478
225,44,1205.4177064765302
225,45,1205.2846999405826
225,46,1205.151693404635
225,47,1205.018686868687
225,48,1204.8856803327392
225,49,1204.7526737967914
225,50,1204.6196672608437
225,51,1204.486660724896
225,52,1204.3536541889482
225,53,1204.2206476530007
225,54,1204.087641117053
225,55,1203.9546345811052
225,56,1203.8216280451577
225,57,1203.68862150921
225,58,1203.555614973262
225,59,1203.4226084373142
225,60,1203.2896019013665
225,61,1203.156595365419
225,62,1203.023588829471
225,63,1202.8905822935235
225,64,1202.7575757575758
225,65,1202.624569221628
225,66,1202.4915626856805
225,67,1202.3585561497327
225,68,1202.225549613785
225,69,1202.0925430778373
225,70,1201.9595365418895
225,71,1201.8265300059418
225,72,1201.693523469994
225,73,1201.5605169340463
225,74,1201.4275103980983
225,75,1201.2945038621513
225,76,1201.1614973262033
225,77,1201.0284907902555
225,78,1200.895484254308
225,79,1200.76247771836
225,80,1200.6294711824123
225,81,1200.4964646464648
225,82,1200.363458110517
225,83,1200.230451574569
225,84,1200.0974450386216
225,85,1199.9644385026738
225,86,1199.8314319667263
225,87,1199.698425430778
225,88,1199.5654188948304
225,89,1199.4324123588829
225,90,1199.299405822935
225,91,1199.1663992869874
225,92,1199.0333927510396
225,93,1198.900386215092
225,94,1198.7673796791444
225,95,1198.6343731431966
226,0,1198.501366607249
226,1,1198.3683600713014
226,2,1198.2353535353536
226,3,1198.102346999406
226,4,1197.969340463458
226,5,1197.8363339275106
226,6,1197.7033273915629
226,7,1197.570320855615
226,8,1197.4373143196672
226,9,1197.3043077837197
226,10,1197.171301247772
226,11,1197.0382947118244
226,12,1196.9052881758764
226,13,1196.772281639929
226,14,1196.6392751039812
226,15,1196.506268568033
226,16,1196.3732620320857
226,17,1196.2402554961377
226,18,1196.1072489601902
226,19,1195.9742424242424
226,20,1195.8412358882947
226,21,1195.708229352347
226,22,1195.5752228163992
226,23,1195.4422162804517
226,24,1195.309209744504
226,25,1195.176203208556
226,26,1195.0431966726085
226,27,1194.910190136661
226,28,1194.7771836007132
226,29,1194.6441770647657
226,30,1194.511170528818
226,31,1194.3781639928698
226,32,1194.2451574569222
226,33,1194.1121509209745
226,34,1193.979144385027
226,35,1193.846137849079
226,36,1193.7131313131313
226,37,1193.5801247771835
226,38,1193.447118241236
226,39,1193.314111705288
226,40,1193.1811051693403
226,41,1193.0480986333926
226,42,1192.9150920974446
226,43,1192.782085561497
226,44,1192.649079025549
226,45,1192.5160724896018
226,46,1192.383065953654
226,47,1192.2500594177063
226,48,1192.1170528817588
226,49,1191.984046345811
226,50,1191.851039809863
226,51,1191.7180332739156
226,52,1191.585026737968
226,53,1191.4520202020203
226,54,1191.3190136660726
226,55,1191.1860071301248
226,56,1191.053000594177
226,57,1190.9199940582296
226,58,1190.7869875222816
226,59,1190.6539809863336
226,60,1190.520974450386
226,61,1190.3879679144386
226,62,1190.2549613784906
226,63,1190.121954842543
226,64,1189.9889483065954
226,65,1189.8559417706476
226,66,1189.7229352347
226,67,1189.5899286987524
226,68,1189.4569221628046
226,69,1189.323915626857
226,70,1189.1909090909091
226,71,1189.0579025549614
226,72,1188.9248960190137
226,73,1188.791889483066
226,74,1188.6588829471182
226,75,1188.5258764111704
226,76,1188.3928698752227
226,77,1188.2598633392752
226,78,1188.1268568033274
226,79,1187.99385026738
226,80,1187.8608437314322
226,81,1187.7278371954844
226,82,1187.5948306595362
226,83,1187.461824123589
226,84,1187.328817587641
226,85,1187.1958110516932
226,86,1187.0628045157457
226,87,1186.9297979797975
226,88,1186.7967914438502
226,89,1186.6637849079025
226,90,1186.5307783719545
226,91,1186.397771836007
226,92,1186.2647653000593
226,93,1186.1317587641115
226,94,1185.9987522281638
226,95,1185.8657456922165
227,0,1185.7327391562685
227,1,1185.5997326203208
227,2,1185.4667260843732
227,3,1185.3337195484255
227,4,1185.2007130124778
227,5,1185.06770647653
227,6,1184.9346999405825
227,7,1184.8016934046343
227,8,1184.6686868686868
227,9,1184.5356803327393
227,10,1184.4026737967915
227,11,1184.2696672608436
227,12,1184.136660724896
227,13,1184.0036541889483
227,14,1183.8706476530006
227,15,1183.7376411170533
227,16,1183.6046345811053
227,17,1183.471628045157
227,18,1183.3386215092098
227,19,1183.2056149732618
227,20,1183.0726084373143
227,21,1182.9396019013666
227,22,1182.8065953654188
227,23,1182.673588829471
227,24,1182.5405822935236
227,25,1182.4075757575758
227,26,1182.2745692216283
227,27,1182.1415626856804
227,28,1182.0085561497328
227,29,1181.875549613785
227,30,1181.7425430778374
227,31,1181.6095365418896
227,32,1181.476530005942
227,33,1181.343523469994
227,34,1181.2105169340464
227,35,1181.0775103980986
227,36,1180.944503862151
227,37,1180.8114973262032
227,38,1180.6784907902554
227,39,1180.545484254308
227,40,1180.41247771836
227,41,1180.2794711824122
227,42,1180.1464646464644
227,43,1180.0134581105167
227,44,1179.880451574569
227,45,1179.7474450386214
227,46,1179.6144385026737
227,47,1179.481431966726
227,48,1179.3484254307784
227,49,1179.2154188948307
227,50,1179.082412358883
227,51,1178.9494058229354
227,52,1178.8163992869877
227,53,1178.68339275104
227,54,1178.5503862150922
227,55,1178.4173796791445
227,56,1178.2843731431967
227,57,1178.1513666072492
227,58,1178.0183600713012
227,59,1177.8853535353535
227,60,1177.7523469994055
227,61,1177.619340463458
227,62,1177.4863339275105
227,63,1177.3533273915627
227,64,1177.220320855615
227,65,1177.0873143196673
227,66,1176.9543077837195
227,67,1176.8213012477718
227,68,1176.688294711824
227,69,1176.5552881758765
227,70,1176.422281639929
227,71,1176.289275103981
227,72,1176.1562685680335
227,73,1176.0232620320858
227,74,1175.890255496138
227,75,1175.7572489601905
227,76,1175.6242424242423
227,77,1175.4912358882948
227,78,1175.3582293523473
227,79,1175.2252228163995
227,80,1175.0922162804518
227,81,1174.959209744504
227,82,1174.8262032085563
227,83,1174.6931966726083
227,84,1174.5601901366606
227,85,1174.4271836007129
227,86,1174.294177064765
227,87,1174.1611705288176
227,88,1174.0281639928698
227,89,1173.895157456922
227,90,1173.7621509209746
227,91,1173.6291443850268
227,92,1173.496137849079
227,93,1173.3631313131314
227,94,1173.2301247771836
227,95,1173.097118241236
228,0,1172.964111705288
228,1,1172.8311051693404
228,2,1172.6980986333926
228,3,1172.5650920974451
228,4,1172.4320855614972
228,5,1172.2990790255494
228,6,1172.166072489602
228,7,1172.0330659536542
228,8,1171.9000594177066
228,9,1171.767052881759
228,10,1171.6340463458112
228,11,1171.5010398098632
228,12,1171.3680332739157
228,13,1171.235026737968
228,14,1171.1020202020202
228,15,1170.9690136660722
228,16,1170.8360071301247
228,17,1170.703000594177
228,18,1170.5699940582292
228,19,1170.4369875222817
228,20,1170.303980986334
228,21,1170.1709744503862
228,22,1170.0379679144387
228,23,1169.904961378491
228,24,1169.7719548425432
228,25,1169.6389483065957
228,26,1169.505941770648
228,27,1169.3729352347002
228,28,1169.2399286987525
228,29,1169.1069221628047
228,30,1168.9739156268572
228,31,1168.8409090909092
228,32,1168.7079025549615
228,33,1168.5748960190135
228,34,1168.4418894830662
228,35,1168.3088829471185
228,36,1168.1758764111703
228,37,1168.0428698752228
228,38,1167.9098633392748
228,39,1167.7768568033273
228,40,1167.6438502673795
228,41,1167.5108437314318
228,42,1167.377837195484
228,43,1167.2448306595363
228,44,1167.1118241235888
228,45,1166.978817587641
228,46,1166.845811051693
228,47,1166.7128045157456
228,48,1166.579797979798
228,49,1166.4467914438503
228,50,1166.3137849079026
228,51,1166.180778371955
228,52,1166.047771836007
228,53,1165.9147653000598
228,54,1165.7817587641118
228,55,1165.648752228164
228,56,1165.5157456922163
228,57,1165.3827391562688
228,58,1165.2497326203209
228,59,1165.116726084373
228,60,1164.9837195484254
228,61,1164.850713012478
228,62,1164.71770647653
228,63,1164.584699940582
228,64,1164.4516934046346
228,65,1164.3186868686869
228,66,1164.1856803327391
228,67,1164.0526737967914
228,68,1163.9196672608437
228,69,1163.786660724896
228,70,1163.6536541889482
228,71,1163.5206476530004
228,72,1163.387641117053
228,73,1163.2546345811052
228,74,1163.121628045158
228,75,1162.98862150921
228,76,1162.8556149732622
228,77,1162.7226084373144
228,78,1162.5896019013664
228,79,1162.456595365419
228,80,1162.3235888294712
228,81,1162.1905822935234
228,82,1162.0575757575757
228,83,1161.924569221628
228,84,1161.7915626856802
228,85,1161.6585561497325
228,86,1161.5255496137847
228,87,1161.3925430778372
228,88,1161.2595365418897
228,89,1161.126530005942
228,90,1160.993523469994
228,91,1160.8605169340465
228,92,1160.7275103980987
228,93,1160.594503862151
228,94,1160.4614973262032
228,95,1160.3284907902553
229,0,1160.1954842543078
229,1,1160.06247771836
229,2,1159.9294711824125
229,3,1159.7964646464648
229,4,1159.663458110517
229,5,1159.530451574569
229,6,1159.3974450386215
229,7,1159.2644385026738
229,8,1159.131431966726
229,9,1158.998425430778
229,10,1158.8654188948306
229,11,1158.7324123588828
229,12,1158.5994058229353
229,13,1158.4663992869876
229,14,1158.3333927510398
229,15,1158.200386215092
229,16,1158.0673796791443
229,17,1157.9343731431966
229,18,1157.801366607249
229,19,1157.668360071301
229,20,1157.5353535353536
229,21,1157.4023469994058
229,22,1157.2693404634583
229,23,1157.1363339275103
229,24,1157.0033273915628
229,25,1156.870320855615
229,26,1156.7373143196676
229,27,1156.6043077837198
229,28,1156.471301247772
229,29,1156.3382947118243
229,30,1156.2052881758768
229,31,1156.0722816399286
229,32,1155.9392751039811
229,33,1155.8062685680334
229,34,1155.6732620320854
229,35,1155.540255496138
229,36,1155.40724896019
229,37,1155.2742424242424
229,38,1155.1412358882944
229,39,1155.008229352347
229,40,1154.8752228163992
229,41,1154.7422162804517
229,42,1154.6092097445037
229,43,1154.4762032085564
229,44,1154.3431966726084
229,45,1154.210190136661
229,46,1154.0771836007132
229,47,1153.9441770647654
229,48,1153.8111705288177
229,49,1153.67816399287
229,50,1153.5451574569222
229,51,1153.412150920975
229,52,1153.2791443850267
229,53,1153.146137849079
229,54,1153.0131313131312
229,55,1152.8801247771842
229,56,1152.747118241236
229,57,1152.6141117052882
229,58,1152.4811051693405
229,59,1152.3480986333927
229,60,1152.2150920974452
229,61,1152.0820855614977
229,62,1151.9490790255495
229,63,1151.8160724896018
229,64,1151.6830659536542
229,65,1151.5500594177065
229,66,1151.417052881759
229,67,1151.284046345811
229,68,1151.1510398098633
229,69,1151.0180332739155
229,70,1150.885026737968
229,71,1150.75202020202
229,72,1150.6190136660723
229,73,1150.4860071301246
229,74,1150.3530005941766
229,75,1150.2199940582288
229,76,1150.086987522281
229,77,1149.9539809863336
229,78,1149.820974450386
229,79,1149.6879679144383
229,80,1149.5549613784908
229,81,1149.421954842543
229,82,1149.288948306595
229,83,1149.1559417706476
229,84,1149.0229352346998
229,85,1148.8899286987523
229,86,1148.7569221628046
229,87,1148.6239156268568
229,88,1148.490909090909
229,89,1148.3579025549616
229,90,1148.2248960190136
229,91,1148.0918894830663
229,92,1147.9588829471184
229,93,1147.8258764111706
229,94,1147.6928698752229
229,95,1147.559863339275
230,0,1147.4268568033274
230,1,1147.2938502673796
230,2,1147.160843731432
230,3,1147.0278371954844
230,4,1146.8948306595366
230,5,1146.761824123589
230,6,1146.6288175876412
230,7,1146.4958110516934
230,8,1146.3628045157457
230,9,1146.2297979797977
230,10,1146.0967914438502
230,11,1145.963784907903
230,12,1145.830778371955
230,13,1145.6977718360072
230,14,1145.5647653000594
230,15,1145.4317587641117
230,16,1145.298752228164
230,17,1145.1657456922164
230,18,1145.0327391562687
230,19,1144.899732620321
230,20,1144.7667260843732
230,21,1144.6337195484257
230,22,1144.5007130124775
230,23,1144.3677064765295
230,24,1144.234699940582
230,25,1144.1016934046345
230,26,1143.9686868686867
230,27,1143.8356803327397
230,28,1143.7026737967915
230,29,1143.569667260844
230,30,1143.4366607248965
230,31,1143.3036541889485
230,32,1143.1706476530007
230,33,1143.037641117053
230,34,1142.904634581105
230,35,1142.7716280451575
230,36,1142.6386215092098
230,37,1142.5056149732625
230,38,1142.3726084373145
230,39,1142.2396019013663
230,40,1142.1065953654188
230,41,1141.9735888294713
230,42,1141.8405822935235
230,43,1141.7075757575758
230,44,1141.574569221628
230,45,1141.4415626856803
230,46,1141.3085561497326
230,47,1141.175549613785
230,48,1141.0425430778373
230,49,1140.909536541889
230,50,1140.7765300059418
230,51,1140.643523469994
230,52,1140.5105169340463
230,53,1140.3775103980986
230,54,1140.2445038621509
230,55,1140.111497326203
230,56,1139.9784907902556
230,57,1139.8454842543076
230,58,1139.71247771836
230,59,1139.5794711824126
230,60,1139.4464646464648
230,61,1139.313458110517
230,62,1139.1804515745696
230,63,1139.0474450386214
230,64,1138.914438502674
230,65,1138.781431966726
230,66,1138.6484254307786
230,67,1138.5154188948306
230,68,1138.382412358883
230,69,1138.2494058229352
230,70,1138.1163992869876
230,71,1137.9833927510397
230,72,1137.850386215092
230,73,1137.7173796791442
230,74,1137.5843731431962
230,75,1137.451366607249
230,76,1137.318360071301
230,77,1137.1853535353534
230,78,1137.0523469994057
230,79,1136.919340463458
230,80,1136.7863339275102
230,81,1136.6533273915627
230,82,1136.520320855615
230,83,1136.3873143196672
230,84,1136.2543077837197
230,85,1136.121301247772
230,86,1135.9882947118242
230,87,1135.8552881758765
230,88,1135.7222816399287
230,89,1135.589275103981
230,90,1135.4562685680332
230,91,1135.3232620320855
230,92,1135.1902554961378
230,93,1135.0572489601902
230,94,1134.9242424242425
230,95,1134.791235888295
231,0,1134.658229352347
231,1,1134.5252228163993
231,2,1134.3922162804515
231,3,1134.2592097445036
231,4,1134.1262032085565
231,5,1133.9931966726083
231,6,1133.8601901366608
231,7,1133.727183600713
231,8,1133.5941770647653
231,9,1133.461170528817
231,10,1133.3281639928698
231,11,1133.1951574569223
231,12,1133.0621509209743
231,13,1132.9291443850268
231,14,1132.796137849079
231,15,1132.663131313131
231,16,1132.5301247771838
231,17,1132.397118241236
231,18,1132.2641117052883
231,19,1132.1311051693406
231,20,1131.9980986333928
231,21,1131.865092097445
231,22,1131.7320855614976
231,23,1131.5990790255494
231,24,1131.466072489602
231,25,1131.333065953654
231,26,1131.2000594177064
231,27,1131.0670528817586
231,28,1130.9340463458109
231,29,1130.8010398098634
231,30,1130.6680332739156
231,31,1130.535026737968
231,32,1130.4020202020204
231,33,1130.2690136660726
231,34,1130.1360071301249
231,35,1130.0030005941771
231,36,1129.8699940582294
231,37,1129.736987522282
231,38,1129.603980986334
231,39,1129.4709744503862
231,40,1129.3379679144384
231,41,1129.204961378491
231,42,1129.0719548425432
231,43,1128.9389483065952
231,44,1128.8059417706477
231,45,1128.6729352347002
231,46,1128.5399286987522
231,47,1128.4069221628044
231,48,1128.2739156268567
231,49,1128.140909090909
231,50,1128.0079025549612
231,51,1127.8748960190137
231,52,1127.741889483066
231,53,1127.6088829471182
231,54,1127.4758764111705
231,55,1127.3428698752227
231,56,1127.2098633392752
231,57,1127.0768568033277
231,58,1126.9438502673795
231,59,1126.810843731432
231,60,1126.6778371954845
231,61,1126.5448306595367
231,62,1126.4118241235892
231,63,1126.2788175876417
231,64,1126.1458110516935
231,65,1126.0128045157458
231,66,1125.8797979797982
231,67,1125.74679144385
231,68,1125.6137849079023
231,69,1125.4807783719548
231,70,1125.3477718360073
231,71,1125.2147653000595
231,72,1125.0817587641118
231,73,1124.948752228164
231,74,1124.8157456922163
231,75,1124.6827391562686
231,76,1124.5497326203208
231,77,1124.416726084373
231,78,1124.283719548425
231,79,1124.1507130124778
231,80,1124.01770647653
231,81,1123.8846999405823
231,82,1123.7516934046346
231,83,1123.618686868687
231,84,1123.485680332739
231,85,1123.3526737967916
231,86,1123.2196672608438
231,87,1123.086660724896
231,88,1122.9536541889483
231,89,1122.8206476530008
231,90,1122.6876411170529
231,91,1122.5546345811051
231,92,1122.4216280451574
231,93,1122.2886215092096
231,94,1122.155614973262
231,95,1122.022608437314
232,0,1121.8896019013666
232,1,1121.756595365419
232,2,1121.6235888294711
232,3,1121.4905822935232
232,4,1121.357575757576
232,5,1121.224569221628
232,6,1121.0915626856806
232,7,1120.9585561497329
232,8,1120.8255496137851
232,9,1120.6925430778374
232,10,1120.5595365418897
232,11,1120.426530005942
232,12,1120.2935234699942
232,13,1120.1605169340464
232,14,1120.027510398099
232,15,1119.8945038621512
232,16,1119.7614973262034
232,17,1119.6284907902557
232,18,1119.4954842543082
232,19,1119.36247771836
232,20,1119.2294711824122
232,21,1119.0964646464645
232,22,1118.9634581105167
232,23,1118.8304515745692
232,24,1118.6974450386217
232,25,1118.5644385026735
232,26,1118.4314319667258
232,27,1118.2984254307785
232,28,1118.1654188948305
232,29,1118.0324123588828
232,30,1117.899405822935
232,31,1117.7663992869873
232,32,1117.6333927510398
232,33,1117.500386215092
232,34,1117.3673796791445
232,35,1117.2343731431968
232,36,1117.101366607249
232,37,1116.9683600713015
232,38,1116.8353535353535
232,39,1116.7023469994058
232,40,1116.5693404634585
232,41,1116.4363339275103
232,42,1116.3033273915628
232,43,1116.1703208556148
232,44,1116.0373143196673
232,45,1115.9043077837196
232,46,1115.7713012477718
232,47,1115.6382947118238
232,48,1115.5052881758763
232,49,1115.3722816399286
232,50,1115.2392751039808
232,51,1115.106268568033
232,52,1114.9732620320856
232,53,1114.8402554961378
232,54,1114.7072489601903
232,55,1114.5742424242426
232,56,1114.4412358882948
232,57,1114.308229352347
232,58,1114.1752228163996
232,59,1114.0422162804518
232,60,1113.909209744504
232,61,1113.7762032085564
232,62,1113.6431966726088
232,63,1113.5101901366609
232,64,1113.3771836007131
232,65,1113.2441770647654
232,66,1113.111170528818
232,67,1112.97816399287
232,68,1112.8451574569222
232,69,1112.7121509209744
232,70,1112.5791443850264
232,71,1112.4461378490792
232,72,1112.3131313131312
232,73,1112.1801247771834
232,74,1112.0471182412357
232,75,1111.914111705288
232,76,1111.7811051693404
232,77,1111.6480986333927
232,78,1111.515092097445
232,79,1111.3820855614974
232,80,1111.2490790255497
232,81,1111.116072489602
232,82,1110.9830659536542
232,83,1110.850059417706
232,84,1110.7170528817587
232,85,1110.5840463458107
232,86,1110.4510398098632
232,87,1110.3180332739155
232,88,1110.185026737968
232,89,1110.0520202020205
232,90,1109.9190136660725
232,91,1109.7860071301247
232,92,1109.653000594177
232,93,1109.5199940582297
232,94,1109.3869875222815
232,95,1109.2539809863338
233,0,1109.1209744503865
233,1,1108.9879679144385
233,2,1108.8549613784908
233,3,1108.7219548425433
233,4,1108.5889483065955
233,5,1108.4559417706475
233,6,1108.3229352347
233,7,1108.1899286987525
233,8,1108.0569221628043
233,9,1107.9239156268568
233,10,1107.790909090909
233,11,1107.6579025549615
233,12,1107.5248960190138
233,13,1107.391889483066
233,14,1107.258882947118
233,15,1107.1258764111708
233,16,1106.992869875223
233,17,1106.8598633392753
233,18,1106.726856803327
233,19,1106.5938502673796
233,20,1106.460843731432
233,21,1106.327837195484
233,22,1106.1948306595364
233,23,1106.0618241235888
233,24,1105.928817587641
233,25,1105.7958110516936
233,26,1105.6628045157456
233,27,1105.529797979798
233,28,1105.3967914438504
233,29,1105.2637849079026
233,30,1105.1307783719549
233,31,1104.997771836007
233,32,1104.8647653000594
233,33,1104.7317587641116
233,34,1104.598752228164
233,35,1104.4657456922164
233,36,1104.3327391562686
233,37,1104.199732620321
233,38,1104.0667260843732
233,39,1103.933719548426
233,40,1103.800713012478
233,41,1103.6677064765302
233,42,1103.5346999405824
233,43,1103.4016934046344
233,44,1103.268686868687
233,45,1103.1356803327392
233,46,1103.0026737967914
233,47,1102.8696672608437
233,48,1102.736660724896
233,49,1102.6036541889482
233,50,1102.4706476530007
233,51,1102.337641117053
233,52,1102.2046345811052
233,53,1102.0716280451577
233,54,1101.93862150921
233,55,1101.805614973262
233,56,1101.6726084373142
233,57,1101.5396019013665
233,58,1101.406595365419
233,59,1101.273588829471
233,60,1101.1405822935233
233,61,1101.0075757575755
233,62,1100.874569221628
233,63,1100.7415626856805
233,64,1100.6085561497327
233,65,1100.475549613785
233,66,1100.3425430778373
233,67,1100.2095365418895
233,68,1100.0765300059418
233,69,1099.943523469994
233,70,1099.8105169340463
233,71,1099.6775103980983
233,72,1099.5445038621508
233,73,1099.4114973262033
233,74,1099.278490790255
233,75,1099.145484254308
233,76,1099.01247771836
233,77,1098.8794711824123
233,78,1098.7464646464648
233,79,1098.6134581105166
233,80,1098.480451574569
233,81,1098.3474450386216
233,82,1098.2144385026738
233,83,1098.0814319667263
233,84,1097.9484254307783
233,85,1097.8154188948304
233,86,1097.6824123588829
233,87,1097.5494058229351
233,88,1097.4163992869874
233,89,1097.2833927510396
233,90,1097.150386215092
233,91,1097.0173796791444
233,92,1096.8843731431966
233,93,1096.7513666072489
233,94,1096.6183600713011
233,95,1096.485353535354
234,0,1096.352346999406
234,1,1096.219340463458
234,2,1096.0863339275106
234,3,1095.9533273915629
234,4,1095.820320855615
234,5,1095.6873143196672
234,6,1095.55430778372
234,7,1095.421301247772
234,8,1095.2882947118244
234,9,1095.1552881758766
234,10,1095.0222816399291
234,11,1094.8892751039812
234,12,1094.7562685680334
234,13,1094.623262032086
234,14,1094.4902554961382
234,15,1094.3572489601902
234,16,1094.2242424242424
234,17,1094.0912358882947
234,18,1093.958229352347
234,19,1093.8252228163994
234,20,1093.6922162804517
234,21,1093.559209744504
234,22,1093.426203208556
234,23,1093.2931966726085
234,24,1093.1601901366607
234,25,1093.0271836007132
234,26,1092.8941770647652
234,27,1092.7611705288175
234,28,1092.6281639928698
234,29,1092.4951574569222
234,30,1092.3621509209745
234,31,1092.229144385027
234,32,1092.096137849079
234,33,1091.9631313131313
234,34,1091.8301247771835
234,35,1091.6971182412356
234,36,1091.5641117052885
234,37,1091.4311051693403
234,38,1091.2980986333928
234,39,1091.165092097445
234,40,1091.0320855614975
234,41,1090.8990790255498
234,42,1090.766072489602
234,43,1090.633065953654
234,44,1090.5000594177066
234,45,1090.3670528817588
234,46,1090.234046345811
234,47,1090.101039809863
234,48,1089.9680332739156
234,49,1089.835026737968
234,50,1089.7020202020203
234,51,1089.5690136660726
234,52,1089.4360071301248
234,53,1089.303000594177
234,54,1089.1699940582296
234,55,1089.0369875222814
234,56,1088.9039809863336
234,57,1088.770974450386
234,58,1088.637967914438
234,59,1088.5049613784904
234,60,1088.371954842543
234,61,1088.2389483065951
234,62,1088.1059417706476
234,63,1087.9729352347
234,64,1087.8399286987524
234,65,1087.7069221628046
234,66,1087.573915626857
234,67,1087.4409090909091
234,68,1087.3079025549614
234,69,1087.1748960190137
234,70,1087.041889483066
234,71,1086.9088829471182
234,72,1086.7758764111704
234,73,1086.6428698752227
234,74,1086.5098633392752
234,75,1086.3768568033277
234,76,1086.2438502673797
234,77,1086.1108437314322
234,78,1085.9778371954844
234,79,1085.8448306595362
234,80,1085.711824123589
234,81,1085.578817587641
234,82,1085.4458110516937
234,83,1085.312804515746
234,84,1085.179797979798
234,85,1085.0467914438502
234,86,1084.9137849079025
234,87,1084.7807783719547
234,88,1084.6477718360072
234,89,1084.5147653000593
234,90,1084.3817587641115
234,91,1084.248752228164
234,92,1084.1157456922165
234,93,1083.9827391562687
234,94,1083.849732620321
234,95,1083.716726084373
235,0,1083.5837195484255
235,1,1083.4507130124778
235,2,1083.31770647653
235,3,1083.1846999405825
235,4,1083.0516934046343
235,5,1082.9186868686868
235,6,1082.7856803327388
235,7,1082.6526737967913
235,8,1082.5196672608436
235,9,1082.3866607248958
235,10,1082.2536541889483
235,11,1082.1206476530008
235,12,1081.9876411170533
235,13,1081.8546345811055
235,14,1081.7216280451578
235,15,1081.5886215092098
235,16,1081.455614973262
235,17,1081.3226084373143
235,18,1081.1896019013666
235,19,1081.0565953654188
235,20,1080.923588829471
235,21,1080.7905822935236
235,22,1080.6575757575758
235,23,1080.524569221628
235,24,1080.3915626856804
235,25,1080.2585561497328
235,26,1080.1255496137849
235,27,1079.9925430778371
235,28,1079.8595365418894
235,29,1079.726530005942
235,30,1079.593523469994
235,31,1079.4605169340462
235,32,1079.3275103980986
235,33,1079.194503862151
235,34,1079.0614973262032
235,35,1078.9284907902554
235,36,1078.795484254308
235,37,1078.66247771836
235,38,1078.5294711824126
235,39,1078.396464646465
235,40,1078.263458110517
235,41,1078.130451574569
235,42,1077.9974450386214
235,43,1077.8644385026737
235,44,1077.7314319667262
235,45,1077.5984254307791
235,46,1077.4654188948318
235,47,1077.332412358884
235,48,1077.1994058229354
235,49,1077.066399286986
235,50,1076.9333927510363
235,51,1076.8003862150888
235,52,1076.6673796791445
235,53,1076.5343731432038
235,54,1076.4013666072622
235,55,1076.268360071314
235,56,1076.1353535353535
235,57,1076.0023469993791
235,58,1075.869340463409
235,59,1075.7363339274625
235,60,1075.6033273915627
235,61,1075.4703208557137
235,62,1075.3373143198514
235,63,1075.2043077838978
235,64,1075.0713012477718
235,65,1074.938294711457
235,66,1074.8052881751885
235,67,1074.672281639264
235,68,1074.539275103981
235,69,1074.4062685694028
235,70,1074.2732620346526
235,71,1074.140255498619
235,72,1074.00724896019
235,73,1073.8742424191312
235,74,1073.7412358787146
235,75,1073.6082293430875
235,76,1073.4752228163995
235,77,1073.3422162995262
235,78,1073.209209780258
235,79,1073.0762032431128
235,80,1072.9431966726086
235,81,1072.8101900654742
235,82,1072.6771834672784
235,83,1072.5441769357997
235,84,1072.4111705288176
235,85,1072.2781642585423
235,86,1072.1451579549075
235,87,1072.0121514022806
235,88,1071.8791443850268
235,89,1071.746136857577
235,90,1071.6131294546242
235,91,1071.4801229809243
235,92,1071.347118241236
235,93,1071.2141154056235
235,94,1071.0811121053846
235,95,1070.9481053371237
236,0,1070.8150920974451
236,1,1070.6820717516575
236,2,1070.549053139881
236,3,1070.416047470939
236,4,1070.2830659536542
236,5,1070.1501109567305
236,6,1070.0171494883898
236,7,1069.884139716733
236,8,1069.7510398098632
236,9,1069.6178409276597
236,10,1069.484666197113
236,11,1069.3516717369944
236,12,1069.2190136660722
236,13,1069.0867249761252
236,14,1068.954346150964
236,15,1068.82129454741
236,16,1068.6869875222817
236,17,1068.5513019485884
236,18,1068.4159527640916
236,19,1068.2831144227423
236,20,1068.154961378491
236,21,1068.031953147526
236,22,1067.9076894949865
236,23,1067.7740552482524
236,24,1067.6229352347
236,25,1067.4526145165682
236,26,1067.2869790955342
236,27,1067.1563152081353
236,28,1067.090909090909
236,29,1067.1109515682135
236,30,1067.1962518156909
236,31,1067.316523596803
236,32,1067.4414806750135
236,33,1067.547237048644
236,34,1067.635507655457
236,35,1067.7144076680745
236,36,1067.7920522591182
236,37,1067.8748416634485
236,38,1067.962316364876
236,39,1068.052301909451
236,40,1068.1426238432227
236,41,1068.2315672284294
236,42,1068.3192551920622
236,43,1068.406270377301
236,44,1068.4931954273272
236,45,1068.5804898583276
236,46,1068.6681206785252
236,47,1068.7559317691494
236,48,1068.8437670114315
236,49,1068.93150327838
236,50,1069.0191494101146
236,51,1069.106747238534
236,52,1069.194338595536
236,53,1069.2819564728989
236,54,1069.3695985019197
236,55,1069.457253473775
236,56,1069.5449101796407
236,57,1069.6325597793975
236,58,1069.720202907737
236,59,1069.8078425680544
236,60,1069.8954817637452
236,61,1069.9831228635123
236,62,1070.07076569729
236,63,1070.1584094603213
236,64,1070.2460533478495
236,65,1070.333696725182
236,66,1070.4213396378875
236,67,1070.5089823016003
236,68,1070.5966249319542
236,69,1070.6842676990148
236,70,1070.7719105905717
236,71,1070.859553548846
236,72,1070.947196516059
236,73,1071.034839446641
236,74,1071.122482343865
236,75,1071.2101252232117
236,76,1071.2977681001632
236,77,1071.38541098693
236,78,1071.4730538826357
236,79,1071.5606967831309
236,80,1071.6483396842675
236,81,1071.735982582775
236,82,1071.8236254788872
236,83,1071.9112683737158
236,84,1071.9989112683722
236,85,1072.0865541637338
236,86,1072.1741970597368
236,87,1072.261839956084
236,88,1072.349482852477
236,89,1072.437125748681
236,90,1072.5247686447135
236,91,1072.6124115406535
236,92,1072.7000544365817
236,93,1072.7876973325597
236,94,1072.8753402285845
236,95,1072.9629831246332
237,0,1073.0506260206855
237,1,1073.1382689167249
237,2,1073.2259118127513
237,3,1073.313554708771
237,4,1073.4011976047905
237,5,1073.488840500813
237,6,1073.576483396839
237,7,1073.664126292867
237,8,1073.751769188895
237,9,1073.8394120849218
237,10,1073.9270549809482
237,11,1074.0146978769735
237,12,1074.1023407729997
237,13,1074.1899836690257
237,14,1074.2776265650516
237,15,1074.3652694610778
237,16,1074.452912357104
237,17,1074.5405552531302
237,18,1074.628198149156
237,19,1074.715841045182
237,20,1074.8034839412082
237,21,1074.8911268372344
237,22,1074.9787697332608
237,23,1075.066412629287
237,24,1075.154055525313
237,25,1075.2416984213392
237,26,1075.329341317365
237,27,1075.4169842133915
237,28,1075.5046271094177
237,29,1075.5922700054437
237,30,1075.6799129014698
237,31,1075.767555797496
237,32,1075.8551986935222
237,33,1075.9428415895484
237,34,1076.0304844855746
237,35,1076.1181273816003
237,36,1076.2057702776265
237,37,1076.2934131736529
237,38,1076.3810560696786
237,39,1076.4686989657048
237,40,1076.556341861731
237,41,1076.643984757757
237,42,1076.731627653783
237,43,1076.8192705498095
237,44,1076.9069134458357
237,45,1076.994556341862
237,46,1077.0821992378878
237,47,1077.169842133914
237,48,1077.2574850299402
237,49,1077.3451279259664
237,50,1077.4327708219926
237,51,1077.5204137180183
237,52,1077.6080566140447
237,53,1077.6956995100709
237,54,1077.783342406097
237,55,1077.870985302123
237,56,1077.9586281981492
237,57,1078.0462710941752
237,58,1078.133913990201
237,59,1078.2215568862275
237,60,1078.3091997822537
237,61,1078.3968426782797
237,62,1078.4844855743058
237,63,1078.572128470332
237,64,1078.6597713663582
237,65,1078.7474142623844
237,66,1078.8350571584106
237,67,1078.9227000544363
237,68,1079.0103429504627
237,69,1079.0979858464889
237,70,1079.1856287425148
237,71,1079.273271638541
237,72,1079.3609145345672
237,73,1079.4485574305936
237,74,1079.536200326619
237,75,1079.6238432226455
237,76,1079.7114861186717
237,77,1079.799129014698
237,78,1079.886771910724
237,79,1079.9744148067502
237,80,1080.0620577027764
237,81,1080.1497005988024
237,82,1080.2373434948286
237,83,1080.3249863908543
237,84,1080.4126292868807
237,85,1080.5002721829069
237,86,1080.587915078933
237,87,1080.675557974959
237,88,1080.7632008709852
237,89,1080.8508437670114
237,90,1080.938486663037
237,91,1081.0261295590635
237,92,1081.1137724550897
237,93,1081.201415351116
237,94,1081.2890582471423
237,95,1081.3767011431685
238,0,1081.4643440391944
238,1,1081.5519869352206
238,2,1081.6396298312468
238,3,1081.727272727273
238,4,1081.814915623299
238,5,1081.9025585193249
238,6,1081.990201415351
238,7,1082.0778443113768
238,8,1082.1654872074032
238,9,1082.2531301034296
238,10,1082.3407729994558
238,11,1082.4284158954815
238,12,1082.516058791508
238,13,1082.603701687534
238,14,1082.69134458356
238,15,1082.7789874795862
238,16,1082.8666303756124
238,17,1082.9542732716384
238,18,1083.0419161676646
238,19,1083.129559063691
238,20,1083.2172019597172
238,21,1083.304844855743
238,22,1083.3924877517693
238,23,1083.4801306477952
238,24,1083.5677735438214
238,25,1083.6554164398474
238,26,1083.7430593358736
238,27,1083.8307022318995
238,28,1083.9183451279257
238,29,1084.005988023952
238,30,1084.0936309199783
238,31,1084.1812738160045
238,32,1084.268916712031
238,33,1084.3565596080568
238,34,1084.4442025040828
238,35,1084.531845400109
238,36,1084.6194882961352
238,37,1084.7071311921611
238,38,1084.7947740881873
238,39,1084.8824169842137
238,40,1084.9700598802397
238,41,1085.0577027762658
238,42,1085.145345672292
238,43,1085.232988568318
238,44,1085.320631464344
238,45,1085.40827436037
238,46,1085.495917256396
238,47,1085.5835601524225
238,48,1085.6712030484484
238,49,1085.7588459444744
238,50,1085.8464888405006
238,51,1085.934131736527
238,52,1086.0217746325532
238,53,1086.1094175285791
238,54,1086.1970604246053
238,55,1086.2847033206317
238,56,1086.3723462166577
238,57,1086.4599891126838
238,58,1086.5476320087098
238,59,1086.635274904736
238,60,1086.7229178007622
238,61,1086.8105606967883
238,62,1086.8982035928143
238,63,1086.9858464888405
238,64,1087.073489384867
238,65,1087.1611322808928
238,66,1087.2487751769188
238,67,1087.3364180729452
238,68,1087.4240609689712
238,69,1087.5117038649971
238,70,1087.5993467610238
238,71,1087.6869896570497
238,72,1087.7746325530757
238,73,1087.8622754491018
238,74,1087.9499183451278
238,75,1088.037561241154
238,76,1088.1252041371802
238,77,1088.2128470332063
238,78,1088.3004899292323
238,79,1088.3881328252585
238,80,1088.475775721285
238,81,1088.563418617311
238,82,1088.6510615133366
238,83,1088.738704409363
238,84,1088.8263473053892
238,85,1088.9139902014151
238,86,1089.0016330974415
238,87,1089.0892759934677
238,88,1089.176918889494
238,89,1089.2645617855198
238,90,1089.3522046815458
238,91,1089.439847577572
238,92,1089.5274904735982
238,93,1089.6151333696243
238,94,1089.7027762656503
238,95,1089.7904191616765
239,0,1089.878062057703
239,1,1089.9657049537288
239,2,1090.053347849755
239,3,1090.140990745781
239,4,1090.2286336418072
239,5,1090.3162765378331
239,6,1090.4039194338598
239,7,1090.491562329886
239,8,1090.579205225912
239,9,1090.666848121938
239,10,1090.7544910179645
239,11,1090.8421339139902
239,12,1090.9297768100164
239,13,1091.0174197060426
239,14,1091.1050626020683
239,15,1091.1927054980945
239,16,1091.280348394121
239,17,1091.367991290147
239,18,1091.4556341861733
239,19,1091.5432770821992
239,20,1091.6309199782254
239,21,1091.7185628742516
239,22,1091.8062057702775
239,23,1091.8938486663037
239,24,1091.98149156233
239,25,1092.0691344583558
239,26,1092.156777354382
239,27,1092.2444202504084
239,28,1092.3320631464346
239,29,1092.4197060424608
239,30,1092.507348938487
239,31,1092.5949918345127
239,32,1092.682634730539
239,33,1092.7702776265648
239,34,1092.857920522591
239,35,1092.945563418617
239,36,1093.0332063146432
239,37,1093.1208492106691
239,38,1093.2084921066958
239,39,1093.296135002722
239,40,1093.383777898748
239,41,1093.4714207947743
239,42,1093.5590636908005
239,43,1093.6467065868264
239,44,1093.7343494828526
239,45,1093.8219923788786
239,46,1093.9096352749052
239,47,1093.997278170931
239,48,1094.0849210669571
239,49,1094.1725639629833
239,50,1094.2602068590097
239,51,1094.3478497550352
239,52,1094.4354926510614
239,53,1094.5231355470876
239,54,1094.6107784431135
239,55,1094.6984213391397
239,56,1094.786064235166
239,57,1094.8737071311918
239,58,1094.961350027218
239,59,1095.0489929232444
239,60,1095.1366358192706
239,61,1095.2242787152968
239,62,1095.311921611323
239,63,1095.399564507349
239,64,1095.4872074033751
239,65,1095.5748502994013
239,66,1095.6624931954273
239,67,1095.7501360914534
239,68,1095.8377789874796
239,69,1095.9254218835058
239,70,1096.0130647795318
239,71,1096.100707675558
239,72,1096.188350571584
239,73,1096.2759934676103
239,74,1096.3636363636365
239,75,1096.451279259663
239,76,1096.5389221556886
239,77,1096.6265650517148
239,78,1096.714207947741
239,79,1096.801850843767
239,80,1096.8894937397931
239,81,1096.9771366358193
239,82,1097.0647795318455
239,83,1097.1524224278714
239,84,1097.2400653238976
239,85,1097.3277082199238
239,86,1097.4153511159498
239,87,1097.502994011976
239,88,1097.590636908002
239,89,1097.6782798040283
239,90,1097.7659227000547
239,91,1097.853565596081
239,92,1097.9412084921069
239,93,1098.028851388133
239,94,1098.116494284159
239,95,1098.2041371801852
240,0,1098.2917800762114
240,1,1098.3794229722373
240,2,1098.4670658682633
240,3,1098.5547087642892
240,4,1098.6423516603156
240,5,1098.7299945563418
240,6,1098.817637452368
240,7,1098.905280348394
240,8,1098.99292324442
240,9,1099.0805661404463
240,10,1099.1682090364725
240,11,1099.255851932499
240,12,1099.3434948285246
240,13,1099.4311377245508
240,14,1099.518780620577
240,15,1099.6064235166034
240,16,1099.6940664126296
240,17,1099.7817093086558
240,18,1099.8693522046815
240,19,1099.9569951007077
240,20,1100.044637996734
240,21,1100.1322808927598
240,22,1100.219923788786
240,23,1100.307566684812
240,24,1100.395209580838
240,25,1100.4828524768643
240,26,1100.5704953728907
240,27,1100.658138268917
240,28,1100.7457811649429
240,29,1100.833424060969
240,30,1100.921066956995
240,31,1101.0087098530212
240,32,1101.0963527490474
240,33,1101.1839956450735
240,34,1101.2716385410995
240,35,1101.3592814371257
240,36,1101.446924333152
240,37,1101.5345672291785
240,38,1101.622210125204
240,39,1101.7098530212302
240,40,1101.7974959172564
240,41,1101.8851388132823
240,42,1101.9727817093085
240,43,1102.060424605335
240,44,1102.1480675013609
240,45,1102.2357103973868
240,46,1102.323353293413
240,47,1102.4109961894396
240,48,1102.4986390854656
240,49,1102.5862819814918
240,50,1102.6739248775175
240,51,1102.761567773544
240,52,1102.84921066957
240,53,1102.936853565596
240,54,1103.0244964616222
240,55,1103.1121393576484
240,56,1103.1997822536746
240,57,1103.2874251497008
240,58,1103.3750680457267
240,59,1103.462710941753
240,60,1103.5503538377789
240,61,1103.637996733805
240,62,1103.7256396298312
240,63,1103.8132825258572
240,64,1103.9009254218836
240,65,1103.9885683179098
240,66,1104.0762112139362
240,67,1104.1638541099617
240,68,1104.251497005988
240,69,1104.3391399020145
240,70,1104.4267827980402
240,71,1104.5144256940664
240,72,1104.6020685900926
240,73,1104.6897114861188
240,74,1104.777354382145
240,75,1104.864997278171
240,76,1104.952640174197
240,77,1105.0402830702233
240,78,1105.127925966249
240,79,1105.2155688622754
240,80,1105.3032117583016
240,81,1105.3908546543278
240,82,1105.4784975503535
240,83,1105.56614044638
240,84,1105.653783342406
240,85,1105.7414262384325
240,86,1105.8290691344585
240,87,1105.9167120304844
240,88,1106.0043549265106
240,89,1106.0919978225368
240,90,1106.1796407185627
240,91,1106.267283614589
240,92,1106.354926510615
240,93,1106.4425694066413
240,94,1106.5302123026672
240,95,1106.6178551986934
241,0,1106.7054980947196
241,1,1106.7931409907458
241,2,1106.8807838867722
241,3,1106.968426782798
241,4,1107.0560696788243
241,5,1107.1437125748505
241,6,1107.2313554708765
241,7,1107.3189983669026
241,8,1107.4066412629288
241,9,1107.4942841589548
241,10,1107.581927054981
241,11,1107.669569951007
241,12,1107.757212847033
241,13,1107.8448557430593
241,14,1107.9324986390857
241,15,1108.0201415351116
241,16,1108.1077844311376
241,17,1108.1954273271638
241,18,1108.28307022319
241,19,1108.370713119216
241,20,1108.458356015242
241,21,1108.5459989112685
241,22,1108.6336418072945
241,23,1108.7212847033209
241,24,1108.808927599347
241,25,1108.8965704953732
241,26,1108.9842133913992
241,27,1109.0718562874251
241,28,1109.159499183451
241,29,1109.2471420794773
241,30,1109.3347849755037
241,31,1109.4224278715294
241,32,1109.5100707675556
241,33,1109.5977136635818
241,34,1109.6853565596082
241,35,1109.772999455634
241,36,1109.8606423516603
241,37,1109.9482852476865
241,38,1110.0359281437125
241,39,1110.1235710397386
241,40,1110.2112139357648
241,41,1110.2988568317908
241,42,1110.3864997278176
241,43,1110.4741426238431
241,44,1110.5617855198695
241,45,1110.6494284158955
241,46,1110.7370713119217
241,47,1110.8247142079476
241,48,1110.9123571039738
241,49,1110.9999999999998
241,50,1111.087642896026
241,51,1111.175285792052
241,52,1111.2629286880783
241,53,1111.3505715841045
241,54,1111.4382144801305
241,55,1111.5258573761569
241,56,1111.613500272183
241,57,1111.7011431682092
241,58,1111.7887860642352
241,59,1111.8764289602614
241,60,1111.9640718562875
241,61,1112.0517147523135
241,62,1112.1393576483397
241,63,1112.227000544366
241,64,1112.3146434403918
241,65,1112.4022863364182
241,66,1112.4899292324442
241,67,1112.57757212847
241,68,1112.6652150244963
241,69,1112.7528579205225
241,70,1112.840500816549
241,71,1112.928143712575
241,72,1113.015786608601
241,73,1113.1034295046272
241,74,1113.1910724006536
241,75,1113.2787152966791
241,76,1113.3663581927055
241,77,1113.4540010887315
241,78,1113.541643984758
241,79,1113.629286880784
241,80,1113.71692977681
241,81,1113.8045726728362
241,82,1113.8922155688622
241,83,1113.9798584648884
241,84,1114.0675013609143
241,85,1114.1551442569407
241,86,1114.242787152967
241,87,1114.330430048993
241,88,1114.418072945019
241,89,1114.5057158410452
241,90,1114.5933587370714
241,91,1114.6810016330976
241,92,1114.7686445291235
241,93,1114.8562874251495
241,94,1114.9439303211757
241,95,1115.031573217202
242,0,1115.1192161132278
242,1,1115.2068590092542
242,2,1115.2945019052802
242,3,1115.3821448013064
242,4,1115.4697876973323
242,5,1115.5574305933587
242,6,1115.645073489385
242,7,1115.732716385411
242,8,1115.8203592814373
242,9,1115.9080021774632
242,10,1115.9956450734894
242,11,1116.0832879695156
242,12,1116.1709308655418
242,13,1116.258573761568
242,14,1116.346216657594
242,15,1116.43385955362
242,16,1116.5215024496465
242,17,1116.6091453456722
242,18,1116.6967882416984
242,19,1116.7844311377244
242,20,1116.8720740337506
242,21,1116.9597169297767
242,22,1117.0473598258027
242,23,1117.1350027218289
242,24,1117.222645617855
242,25,1117.3102885138817
242,26,1117.3979314099076
242,27,1117.4855743059338
242,28,1117.5732172019598
242,29,1117.6608600979855
242,30,1117.7485029940117
242,31,1117.8361458900376
242,32,1117.9237887860645
242,33,1118.011431682092
242,34,1118.0990745781191
242,35,1118.186717474145
242,36,1118.2743603701688
242,37,1118.3620032661895
242,38,1118.4496461622114
242,39,1118.5372890582375
242,40,1118.624931954273
242,41,1118.7125748503186
242,42,1118.800217746361
242,43,1118.8878606423868
242,44,1118.9755035383778
242,45,1119.0631464343317
242,46,1119.1507893302949
242,47,1119.2384322263254
242,48,1119.3260751224825
242,49,1119.413718018778
242,50,1119.5013609150396
242,51,1119.5890038110483
242,52,1119.676646706587
242,53,1119.7642896016075
242,54,1119.8519324967544
242,55,1119.9395753928436
242,56,1120.0272182906913
242,57,1120.1148611904698
242,58,1120.2025040897768
242,59,1120.2901469855674
242,60,1120.377789874796
242,61,1120.4654327568187
242,62,1120.5530756406
242,63,1120.640718537505
242,64,1120.7283614589005
242,65,1120.8160044071874
242,66,1120.9036473489125
242,67,1120.9912902416572
242,68,1121.078933043005
242,69,1121.1665757439907
242,70,1121.2542184694664
242,71,1121.3418613777374
242,72,1121.4295046271093
242,73,1121.5171482510357
242,74,1121.6047917835642
242,75,1121.6924346338917
242,76,1121.7800762112138
242,77,1121.8677163906796
242,78,1121.955356911246
242,79,1122.0429999778223
242,80,1122.1306477953185
242,81,1122.218300829686
242,82,1122.3059525910485
242,83,1122.3935948505723
242,84,1122.481219379423
242,85,1122.568824438644
242,86,1122.6564342487843
242,87,1122.74407952027
242,88,1122.8317909635275
242,89,1122.919575068433
242,90,1123.0073414426654
242,91,1123.0949754733554
242,92,1123.182362547632
242,93,1123.269478444946
242,94,1123.3566605140315
242,95,1123.4443364959434
243,0,1101.062275449102
243,1,1101.1500929374572
243,2,1101.2376684085286
243,3,1101.3234374379908
243,4,1101.4058356015241
243,5,1101.4845322973679
243,6,1101.5641322140157
243,7,1101.6504738625229
243,8,1101.7493957539464
243,9,1101.862131710849
243,10,1101.9714968018218
243,11,1102.0557014069627
243,12,1102.092955906369
243,13,1102.0786556115484
243,14,1102.076935559644
243,15,1102.1691157192074
243,16,1102.4365160587913
243,17,1102.896321509805
243,18,1103.3091768550842
243,19,1103.3715918403227
243,20,1102.780076211214
243,21,1101.4704949306147
243,22,1100.3361338300358
243,23,1100.5096339581512
243,24,1103.1236363636363
243,25,1109.1178951817274
243,26,1118.6606168939086
243,27,1131.7271210682268
243,28,1148.2927272727272
243,29,1168.0209678577185
243,30,1189.3282263025499
243,31,1210.319098868834
243,32,1229.098181818182
243,33,1244.3639436146725
243,34,1257.190341532255
243,35,1269.2452050473464
243,36,1282.1963636363637
243,37,1297.2153883654105
243,38,1313.488816659339
243,39,1329.7069275326894
243,40,1344.56
243,41,1357.1174574691406
243,42,1367.965300921298
243,43,1378.068675730988
243,44,1388.3927272727274
243,45,1399.6061453943905
243,46,1411.1917978372871
243,47,1422.336096816086
243,48,1432.2254545454546
243,49,1440.246029135115
243,50,1446.5829622750068
243,51,1451.621141550122
243,52,1455.7454545454545
243,53,1459.3574937469675
243,54,1462.925671244504
243,55,1466.9351040288805
243,56,1471.8709090909092
243,57,1477.9572061042884
243,58,1484.374125474248
243,59,1490.0408002889021
243,60,1493.8763636363637
243,61,1494.9224034267886
243,62,1492.710326858503
243,63,1486.8939959518748
243,64,1477.1272727272726
243,65,1463.332157461284
243,66,1446.5032034553756
243,67,1427.9031022672343
243,68,1408.7945454545454
243,69,1390.3741655917113
243,70,1373.5743593199936
243,71,1359.2614642973704
243,72,1348.3018181818181
243,73,1341.182004035507
243,74,1336.8695865373757
243,75,1333.9523757705567
243,76,1331.0181818181818
243,77,1326.9452898571706
243,78,1321.7738854395943
243,79,1315.8346292113115
243,80,1309.4581818181819
243,81,1302.8626319903562
243,82,1295.8157807951561
243,83,1287.9728573841965
243,84,1278.9890909090907
243,85,1268.552846954132
243,86,1256.4850368343264
243,87,1242.6397082973574
243,88,1226.8709090909092
243,89,1209.2382245112965
243,90,1190.6233900493569
243,91,1172.1136787445562
243,92,1154.7963636363638
243,93,1139.5020106824993
243,94,1126.0343575137015
243,95,1113.940434678962
244,0,1125.2727272727273
244,1,1114.3630679819814
244,2,1103.553662231373
244,3,1092.467425365078
244,4,1080.7272727272727
244,5,1068.1598924962395
244,6,1055.4070641866858
244,7,1043.3143401474256
244,8,1032.7272727272727
244,9,1024.288555214879
244,10,1017.8294446582468
244,11,1012.9783390452192
244,12,1009.3636363636364
244,13,1006.6503752806092
244,14,1004.6501571803254
244,15,1003.2112241262428
244,16,1002.181818181818
244,17,1001.457955026321
244,18,1001.1267448022686
244,19,1001.3230712679912
244,20,1002.181818181818
244,21,1003.7862705231978
244,22,1006.0133181560536
244,23,1008.6882521654284
244,24,1011.6363636363636
244,25,1014.904065153615
244,26,1019.4222553007888
244,27,1026.3429541612047
244,28,1036.8181818181818
244,29,1051.4142302259786
244,30,1068.354478822609
244,31,1085.276578917026
244,32,1099.8181818181818
244,33,1110.3239571242889
244,34,1117.9666475905935
244,35,1124.6260142616013
244,36,1132.1818181818182
244,37,1142.0655094586843
244,38,1153.9152944513803
244,39,1166.9210685820228
244,40,1180.2727272727273
244,41,1193.1469595864287
244,42,1204.6676291493388
244,43,1213.945393228489
244,44,1220.090909090909
244,45,1222.5483567410554
244,46,1222.096007133082
244,47,1219.8456539585677
244,48,1216.909090909091
244,49,1214.1610339038948
244,50,1211.5278877728788
244,51,1208.698979573605
244,52,1205.3636363636365
244,53,1201.399837188819
244,54,1197.4401690481302
244,55,1194.305870928831
244,56,1192.8181818181818
244,57,1193.606094613557
244,58,1196.5296178527824
244,59,1201.2565139837986
244,60,1207.4545454545455
244,61,1214.7794775387722
244,62,1222.8390868134672
244,63,1231.2291526814288
244,64,1239.5454545454545
244,65,1247.409517958627
244,66,1254.5458530751662
244,67,1260.704716199577
244,68,1265.6363636363635
244,69,1269.218814263084
244,70,1271.841137249505
244,71,1274.020164338446
244,72,1276.2727272727273
244,73,1278.9268727163103
244,74,1281.5555070177236
244,75,1283.5427514466392
244,76,1284.2727272727273
244,77,1283.2725585080398
244,78,1280.6413801341462
244,79,1276.621329874998
244,80,1271.4545454545455
244,81,1265.2840296151685
244,82,1257.8562451729647
244,83,1248.8185199624604
244,84,1237.8181818181818
244,85,1224.662345758559
244,86,1209.797275537631
244,87,1193.829022093343
244,88,1177.3636363636365
244,89,1160.9259623505964
244,90,1144.7160163128729
244,91,1128.8526075732589
244,92,1113.4545454545455
244,93,1098.611077566329
244,94,1084.293204665422
244,95,1070.44236579544
245,0,1057.0
245,1,1043.9649546568148
245,2,1031.565710479985
245,3,1020.0881565177084
245,4,1009.818181818182
245,5,1000.9183083518662
245,6,993.0575897782738
245,7,985.781712679181
245,8,978.6363636363636
245,9,971.3007323902664
245,10,963.9880213160104
245,11,957.0449359473856
245,12,950.818181818182
245,13,945.6003529961592
245,14,941.4675976849568
245,15,938.4419526221856
245,16,936.5454545454544
245,17,935.733935170552
245,18,935.6984061259795
245,19,936.0636740184176
245,20,936.4545454545456
245,21,936.5974290489056
245,22,936.625141447488
245,23,936.7721013041444
245,24,937.2727272727273
245,25,938.4573145429164
245,26,941.0396644477048
245,27,945.8294548559136
245,28,953.6363636363636
245,29,964.908540052156
245,30,978.6480189435108
245,31,993.4953065449288
245,32,1008.0909090909092
245,33,1021.1897752484592
245,34,1032.0046234146148
245,35,1039.8626144189172
245,36,1044.090909090909
245,37,1044.39059759037
245,38,1041.95848739803
245,39,1038.365315324857
245,40,1035.1818181818182
245,41,1033.6455616627882
245,42,1033.6614269932654
245,43,1034.8011242816556
245,44,1036.6363636363635
245,45,1038.75158757666
245,46,1040.7821682652725
245,47,1042.376210275794
245,48,1043.1818181818182
245,49,1043.0185425760276
245,50,1042.391718127464
245,51,1041.9781255242594
245,52,1042.4545454545455
245,53,1044.3887307555935
245,54,1047.912322861235
245,55,1053.0479353544406
245,56,1059.8181818181818
245,57,1068.1495457652345
245,58,1077.5839904275963
245,59,1087.5673489670687
245,60,1097.5454545454545
245,61,1107.1281430016493
245,62,1116.5812608829249
245,63,1126.3346574136472
245,64,1136.8181818181818
245,65,1148.2441322281682
245,66,1159.9546024043402
245,67,1171.0741350147057
245,68,1180.7272727272727
245,69,1188.2191917220423
245,70,1193.5776022269874
245,71,1197.0108479820756
245,72,1198.7272727272727
245,73,1198.93307815639
245,74,1197.8258977786186
245,75,1195.601223056992
245,76,1192.4545454545455
245,77,1188.5300297433052
245,78,1183.7665339312657
245,79,1178.0515893354104
245,80,1171.2727272727273
245,81,1163.3317460522064
245,82,1154.187511950866
245,83,1143.8131582377289
245,84,1132.1818181818182
245,85,1119.370258775141
245,86,1105.8697819016345
245,87,1092.27532316822
245,88,1079.1818181818182
245,89,1066.9926165745028
245,90,1055.3447240789596
245,91,1043.6835604530272
245,92,1031.4545454545455
245,93,1018.2686499268484
245,94,1004.3990490552547
245,95,990.2844691105794
246,0,976.3636363636364
246,1,963.0378973544676
246,2,950.5590797000216
246,3,939.141631286474
246,4,929.0
246,5,920.2246470189176
246,6,912.4100866901136
246,7,905.0268466526164
246,8,897.5454545454545
246,9,889.6473213880432
246,10,881.8573917213421
246,11,874.9114934666974
246,12,869.5454545454545
246,13,866.3082265198186
246,14,865.0012555154269
246,15,865.2391112987764
246,16,866.6363636363636
246,17,868.8143748054106
246,18,871.4216771260418
246,19,874.1135954291065
246,20,876.5454545454545
246,21,878.4783083494484
246,22,880.0961268894978
246,23,881.6886092575259
246,24,883.5454545454545
246,25,886.0863122513418
246,26,890.2506334977854
246,27,897.1078198135182
246,28,907.7272727272727
246,29,922.524454008821
246,30,939.2990663920882
246,31,955.1968728520386
246,32,967.3636363636364
246,33,973.7050762588296
246,34,975.1667372974988
246,35,973.4541205965096
246,36,970.2727272727273
246,37,967.0458659558618
246,38,964.068075327008
246,39,961.3517015801044
246,40,958.9090909090908
246,41,956.7464030995404
246,42,954.84505230356
246,43,953.1802662648904
246,44,951.7272727272727
246,45,950.3563057368856
246,46,948.5176245496612
246,47,945.5564947239698
246,48,940.818181818182
246,49,934.1479762256448
246,50,927.3912676796136
246,51,922.8934707483212
246,52,923.0
246,53,929.4665620878084
246,54,941.6900320046112
246,55,958.4775768281994
246,56,978.6363636363636
246,57,1000.9914572413036
246,58,1024.4395133928506
246,59,1047.895085575245
246,60,1070.2727272727273
246,61,1090.7835180378877
246,62,1109.8246416967145
246,63,1128.089808143548
246,64,1146.2727272727273
246,65,1164.8432206071475
246,66,1183.3755561839282
246,67,1201.220113668745
246,68,1217.7272727272727
246,69,1232.2839404426134
246,70,1244.4231335675722
246,71,1253.7143962723817
246,72,1259.7272727272727
246,73,1262.225563076945
246,74,1261.7500913639649
246,75,1259.035937605366
246,76,1254.8181818181818
246,77,1249.69732997688
246,78,1243.73559188566
246,79,1236.8606033061556
246,80,1229.0
246,81,1220.0305715609902
246,82,1209.6257229115774
246,83,1197.4080128063756
246,84,1183.0
246,85,1166.26134968825
246,86,1148.000152831667
246,87,1129.2616068319778
246,88,1111.090909090909
246,89,1094.2024387769188
246,90,1077.987302125391
246,91,1061.50578713844
246,92,1043.8181818181818
246,93,1024.380599749529
246,94,1004.2324568485876
246,95,984.8089946142612
247,0,967.5454545454544
247,1,953.537946315874
247,2,942.5260522984408
247,3,933.9102230408778
247,4,927.0909090909092
247,5,921.53153544152
247,6,916.9474248667408
247,7,913.116874585864
247,8,909.818181818182
247,9,906.92540055441
247,10,904.6956118709596
247,11,903.481653615666
247,12,903.6363636363636
247,13,905.4770896135672
247,14,909.1792185585108
247,15,914.882647315108
247,16,922.7272727272727
247,17,932.7841387185936
247,18,944.8488775313606
247,19,958.6482684875376
247,20,973.9090909090908
247,21,990.2812418756944
247,22,1007.107089497866
247,23,1023.6521196438312
247,24,1039.1818181818182
247,25,1053.222996051355
247,26,1066.3477644771765
247,27,1079.3895597553185
247,28,1093.1818181818182
247,29,1108.2713761916132
247,30,1124.0586707752475
247,31,1139.6575390621674
247,32,1154.1818181818182
247,33,1166.888942364011
247,34,1177.6107342400153
247,35,1186.3226135414666
247,36,1193.0
247,37,1197.7438770796164
247,38,1201.157483173782
247,39,1203.96962040833
247,40,1206.909090909091
247,41,1210.4466288629778
247,42,1214.0206967012198
247,43,1216.8116889161242
247,44,1218.0
247,45,1216.9511415593809
247,46,1213.771093657703
247,47,1208.7509534726285
247,48,1202.1818181818182
247,49,1194.4988048994985
247,50,1186.7131104861503
247,51,1179.9799517388176
247,52,1175.4545454545455
247,53,1174.0337524789882
247,54,1175.581009852241
247,55,1179.7013986630102
247,56,1186.0
247,57,1194.0551056390937
247,58,1203.3378501048835
247,59,1213.2925786091416
247,60,1223.3636363636365
247,61,1233.1108817828192
247,62,1242.55622609186
247,63,1251.8370937186066
247,64,1261.090909090909
247,65,1270.3976740478104
247,66,1279.6077000731314
247,67,1288.5138760618863
247,68,1296.909090909091
247,69,1304.5384788441204
247,70,1310.9561554337968
247,71,1315.6684815793017
247,72,1318.1818181818182
247,73,1318.1501151211617
247,74,1315.8176781916825
247,75,1311.5764021663613
247,76,1305.8181818181818
247,77,1298.9093561257775
247,78,1291.1140408903846
247,79,1282.6707961188902
247,80,1273.8181818181818
247,81,1264.6726876484554
247,82,1254.8625218831437
247,83,1243.8938224489868
247,84,1231.2727272727273
247,85,1216.682563734946
247,86,1200.515417031587
247,87,1183.3405618124343
247,88,1165.7272727272727
247,89,1148.168080139033
247,90,1130.848537263236
247,91,1113.877453028548
247,92,1097.3636363636365
247,93,1081.4050588907392
247,94,1066.0563430063787
247,95,1051.361273800647
248,0,1037.3636363636365
248,1,1024.1108320252815
248,2,1011.664727074885
248,3,1000.0908040415916
248,4,989.4545454545456
248,5,979.8504766444976
248,6,971.4892941486258
248,7,964.6107373057138
248,8,959.4545454545456
248,9,956.1705000330912
248,10,954.548550876066
248,11,954.2886899173716
248,12,955.0909090909092
248,13,956.7658186776832
248,14,959.5665023471104
248,15,963.8566621157098
248,16,970.0
248,17,978.2917934379936
248,18,988.7536215536736
248,19,1001.3386388925172
248,20,1016.0
248,21,1032.5187121157971
248,22,1049.9871932563758
248,23,1067.3257141324034
248,24,1083.4545454545455
248,25,1097.607789917001
248,26,1110.2748781480952
248,27,1122.2590727596876
248,28,1134.3636363636365
248,29,1147.1893327616551
248,30,1160.5269305148793
248,31,1173.9646993743006
248,32,1187.090909090909
248,33,1199.43459494547
248,34,1210.287854337842
248,35,1218.8835501976564
248,36,1224.4545454545455
248,37,1226.5893329110102
248,38,1226.298924861026
248,39,1224.949963471438
248,40,1223.909090909091
248,41,1224.235062046853
248,42,1225.7550825816895
248,43,1227.988470916591
248,44,1230.4545454545455
248,45,1232.780077992487
248,46,1235.021653903123
248,47,1237.343311953107
248,48,1239.909090909091
248,49,1242.962807801382
248,50,1247.0673927149082
248,51,1252.8655539982533
248,52,1261.0
248,53,1271.9453953474397
248,54,1285.5042297826978
248,55,1301.3109493266063
248,56,1319.0
248,57,1338.113565354313
248,58,1357.8247790633918
248,59,1377.2145123316836
248,60,1395.3636363636365
248,61,1411.580456871671
248,62,1426.0830176000989
248,63,1439.3167968012049
248,64,1451.7272727272727
248,65,1463.4907435226394
248,66,1473.706786899849
248,67,1481.2058004634978
248,68,1484.8181818181818
248,69,1483.7292963104987
248,70,1478.544380255051
248,71,1470.2236377084407
248,72,1459.7272727272727
248,73,1447.9287189626384
248,74,1435.3543284435846
248,75,1422.4436827936477
248,76,1409.6363636363635
248,77,1397.2561119298573
248,78,1385.1633059706112
248,79,1373.1024833896954
248,80,1360.8181818181818
248,81,1348.0113219542957
248,82,1334.2083567648804
248,83,1318.8921222839338
248,84,1301.5454545454545
248,85,1281.8804184347782
248,86,1260.5259942425946
248,87,1238.340391110932
248,88,1216.1818181818182
248,89,1194.682913397501
248,90,1173.5740299011045
248,91,1152.359949635974
248,92,1130.5454545454545
248,93,1107.9063938843103
248,94,1085.3028861529872
248,95,1063.8661171633523
249,0,982.0436363636363
249,1,966.9633442649799
249,2,954.2908781395482
249,3,943.2107002170693
249,4,932.9072727272728
249,5,922.808419507011
249,6,913.315410821636
249,7,905.0728785436249
249,8,898.7254545454547
249,9,894.7007617978859
249,10,892.5583876648172
249,11,891.6409106084308
249,12,891.2909090909089
249,13,891.0764026196273
249,14,891.4671748827316
249,15,893.1584506135613
249,16,896.8454545454547
249,17,903.016667496332
249,18,911.3335946224381
249,19,921.2509971645977
249,20,932.2236363636363
249,21,943.7269842132259
249,22,955.3193557184251
249,23,966.579776637139
249,24,977.0872727272728
249,25,986.7984638325822
249,26,997.1803461402249
249,27,1010.0775099232095
249,28,1027.3345454545454
249,29,1049.9793025019003
249,30,1075.7726688115845
249,31,1101.658791624567
249,32,1124.5818181818183
249,33,1142.1467693416344
249,34,1154.6021604316193
249,35,1162.8573803967038
249,36,1167.8218181818183
249,37,1170.4287337679255
249,38,1171.70687128012
249,39,1172.708845879527
249,40,1174.4872727272727
249,41,1177.811079677572
249,42,1182.314445356992
249,43,1187.3478610851887
249,44,1192.2618181818182
249,45,1196.1744475217863
249,46,1197.2744382010023
249,47,1193.5181188706263
249,48,1182.8618181818183
249,49,1164.9636870534646
249,50,1146.2891654753619
249,51,1135.0055157050326
249,52,1139.28
249,53,1164.4302360825366
249,54,1204.3752635339135
249,55,1250.184477400152
249,56,1292.9272727272728
249,57,1325.7109367982068
249,58,1349.794325843528
249,59,1368.4741883307217
249,60,1385.0472727272727
249,61,1402.1216133155453
249,62,1419.550387637427
249,63,1436.498059049687
249,64,1452.1290909090908
249,65,1465.6426099396117
249,66,1476.376396334035
249,67,1483.7028936523495
249,68,1486.9945454545455
249,69,1485.8761003350978
249,70,1480.9815270264316
249,71,1473.1970992954589
249,72,1463.4090909090908
249,73,1452.3865398563603
249,74,1440.429541014782
249,75,1427.7209534839951
249,76,1414.4436363636364
249,77,1400.7487345576442
249,78,1386.6605361871657
249,79,1372.1716151776502
249,80,1357.2745454545454
249,81,1341.8761923676086
249,82,1325.5405869638266
249,83,1307.7460517144948
249,84,1287.9709090909091
249,85,1265.9078027901035
249,86,1242.1066614120728
249,87,1217.331734782551
249,88,1192.3472727272726
249,89,1167.786857835614
249,90,1143.7614037515186
249,91,1120.2511568825732
249,92,1097.2363636363636
249,93,1074.7746238219859
249,94,1053.2329508545795
249,95,1033.0557115507922
250,0,917.5363636363636
250,1,902.8664027606114
250,2,890.0498561858823
250,3,878.9026997000302
250,4,869.2409090909091
250,5,860.8762895029536
250,6,853.6039635069232
250,7,847.2148830301588
250,8,841.5
250,9,836.3247460457557
250,10,831.8524716046062
250,11,828.3210068156988
250,12,825.9681818181818
250,13,825.021814382205
250,14,825.6696728019247
250,15,828.0895130025007
250,16,832.459090909091
250,17,838.8637776754249
250,18,847.0194053695127
250,19,856.5494212879352
250,20,867.0772727272729
250,21,878.1712993479138
250,22,889.1794102654786
250,23,899.3944069593952
250,24,908.109090909091
250,25,915.1464084556468
250,26,922.4498853867544
250,27,932.4931923517572
250,28,947.75
250,29,969.7670725113169
250,30,996.3835481875043
250,31,1024.5116588608485
250,32,1051.0636363636363
250,33,1073.5478014990852
250,34,1091.8568309541374
250,35,1106.4794903866664
250,36,1117.9045454545455
250,37,1126.667715810524
250,38,1133.492537086855
250,39,1139.149498910668
250,40,1144.409090909091
250,41,1149.9750852588184
250,42,1156.2843843348053
250,43,1163.7071730615714
250,44,1172.6136363636363
250,45,1183.2473550860202
250,46,1195.3454937557417
250,47,1208.5186128203195
250,48,1222.3772727272726
250,49,1236.6668864425556
250,50,1251.6722770058645
250,51,1267.8131199753327
250,52,1285.509090909091
250,53,1305.0073292573938
250,54,1325.8648300389812
250,55,1347.4660521647138
250,56,1369.1954545454544
250,57,1390.4494641415058
250,58,1410.6723801109385
250,59,1429.3204696612656
250,60,1445.85
250,61,1459.8298283811284
250,62,1471.279172244537
250,63,1480.3298390765856
250,64,1487.1136363636363
250,65,1491.6876143794348
250,66,1493.809794547277
250,67,1493.1634410778443
250,68,1489.431818181818
250,69,1482.4242595556764
250,70,1472.454376839081
250,71,1459.9618511574906
250,72,1445.3863636363637
250,73,1429.1968814887682
250,74,1411.979516278216
250,75,1394.3496656558284
250,76,1376.9227272727273
250,77,1360.1964531256137
250,78,1344.1980125935095
250,79,1328.8369294010135
250,80,1314.0227272727273
250,81,1299.5677321451392
250,82,1284.8954788022918
250,83,1269.3323042401166
250,84,1252.2045454545455
250,85,1233.0757290892843
250,86,1212.4581403791412
250,87,1191.1012542067003
250,88,1169.7545454545455
250,89,1148.9860276340876
250,90,1128.6378687720517
250,91,1108.3707755239898
250,92,1087.8454545454545
250,93,1066.8659558289107
250,94,1045.8097027144704
250,95,1025.197461879159
251,0,1029.21
251,1,1010.5285599771207
251,2,993.3475321862597
251,3,977.64682921136
251,4,963.4063636363637
251,5,950.5907974810699
251,6,939.1037905087052
251,7,928.8337519183515
251,8,919.6690909090909
251,9,911.5216449849622
251,10,904.3969648698281
251,11,898.3240295925073
251,12,893.3318181818181
251,13,889.430165192717
251,14,886.5523272847092
251,15,884.612416643438
251,16,883.5245454545453
251,17,883.165762425988
251,18,883.2648623549716
251,19,883.5135765610146
251,20,883.6036363636364
251,21,883.3855208987857
251,22,883.3447005681323
251,23,884.1253935897765
251,24,886.3718181818183
251,25,890.8519693197785
251,26,898.8289490088628
251,27,911.6896360116973
251,28,930.8209090909091
251,29,956.8359200039187
251,30,987.2529124873254
251,31,1018.8164032725246
251,32,1048.270909090909
251,33,1073.0594500963653
251,34,1093.4190601327434
251,35,1110.2852764663867
251,36,1124.5936363636363
251,37,1137.2230693833478
251,38,1148.826074254427
251,39,1159.998541998293
251,40,1171.3363636363638
251,41,1183.3600479384252
251,42,1196.2885746677298
251,43,1210.2655413358964
251,44,1225.4345454545455
251,45,1241.7560428402246
251,46,1258.4579225291995
251,47,1274.5849318626658
251,48,1289.181818181818
251,49,1301.6774000188586
251,50,1313.036780670017
251,51,1324.609134622531
251,52,1337.7436363636361
251,53,1353.42495367525
251,54,1371.1797275180043
251,55,1390.1700921472109
251,56,1409.5581818181818
251,57,1428.5086517574139
251,58,1446.1962410761473
251,59,1461.7982098568068
251,60,1474.4918181818182
251,61,1483.623379636003
251,62,1489.2154218137694
251,63,1491.4595258119243
251,64,1490.5472727272727
251,65,1486.7230995849384
251,66,1480.4428671233197
251,67,1472.2152920091323
251,68,1462.5490909090909
251,69,1451.9457135015148
251,70,1440.8775415111324
251,71,1429.8096896742745
251,72,1419.2072727272728
251,73,1409.3361344771831
251,74,1399.665035013968
251,75,1389.4634634983142
251,76,1378.000909090909
251,77,1364.779038362479
251,78,1350.2282275239052
251,79,1335.0110301961054
251,80,1319.79
251,81,1305.0321154819908
251,82,1290.422054890413
251,83,1275.4489213990826
251,84,1259.601818181818
251,85,1242.555411641375
251,86,1224.7266210962628
251,87,1206.717929093928
251,88,1189.131818181818
251,89,1172.3775305661447
251,90,1156.0913470881735
251,91,1139.7163082479333
251,92,1122.6954545454546
251,93,1104.6983723440455
251,94,1086.3008314601348
251,95,1068.3051475734287
252,0,1087.7727272727273
252,1,1072.2440418700064
252,2,1058.218010763402
252,3,1045.1216106387328
252,4,1032.381818181818
252,5,1019.5947708082657
252,6,1007.0332488528362
252,7,995.1391933800797
252,8,984.3545454545455
252,9,975.0210510332945
252,10,967.0796756434347
252,11,960.3711897045847
252,12,954.7363636363636
252,13,950.0251443767379
252,14,946.1241849370612
252,15,942.929314847036
252,16,940.3363636363636
252,17,938.273968050664
252,18,936.8019936992295
252,19,936.0131134072714
252,20,936.0
252,21,936.8184720569706
252,22,938.3769311751123
252,23,940.5469247056977
252,24,943.2
252,25,946.3798425850899
252,26,950.8186906912309
252,27,957.420920724484
252,28,967.0909090909091
252,29,980.3664189663048
252,30,996.3187606054177
252,31,1013.6526310327304
252,32,1031.0727272727272
252,33,1047.413430413327
252,34,1062.02785779619
252,35,1074.3988108264125
252,36,1084.009090909091
252,37,1090.6457684712973
252,38,1095.312990028005
252,39,1099.3191711161649
252,40,1103.9727272727273
252,41,1110.2759388833035
252,42,1118.006545728154
252,43,1126.6361524361998
252,44,1135.6363636363635
252,45,1144.6895384954885
252,46,1154.321054332107
252,47,1165.2670430026712
252,48,1178.2636363636364
252,49,1193.7734355438324
252,50,1211.1649187616008
252,51,1229.5330335076594
252,52,1247.9727272727273
252,53,1265.8128841019086
252,54,1283.318134257854
252,55,1300.9870445575991
252,56,1319.318181818182
252,57,1338.5825564576246
252,58,1358.1409532978942
252,59,1377.1266007619438
252,60,1394.6727272727271
252,61,1410.1656968857758
252,62,1424.0044161869337
252,63,1436.840927394625
252,64,1449.3272727272729
252,65,1461.8175821356363
252,66,1473.474336499825
252,67,1483.1621044322826
252,68,1489.7454545454545
252,69,1492.3729234353143
252,70,1491.3289196319474
252,71,1487.181819648972
252,72,1480.5
252,73,1471.78987185038
252,74,1461.3099849723826
252,75,1449.2569237900125
252,76,1435.8272727272729
252,77,1421.210913026804
252,78,1405.5709132057943
252,79,1389.0636386000695
252,80,1371.8454545454545
252,81,1354.0298283151324
252,82,1335.558634931713
252,83,1316.330851355165
252,84,1296.2454545454545
252,85,1275.2697737126675
252,86,1253.6445470673539
252,87,1231.6788650701817
252,88,1209.6818181818182
252,89,1187.905849561471
252,90,1166.376813162508
252,91,1145.063915636836
252,92,1123.9363636363637
252,93,1103.0091007687213
252,94,1082.4800184644332
252,95,1062.5927451097466
253,0,1066.7818181818182
253,1,1048.602313466674
253,2,1032.368636702542
253,3,1018.8724597689569
253,4,1008.9054545454545
253,5,1002.8377183778017
253,6,999.3530504766936
253,7,996.7136755190571
253,8,993.1818181818181
253,9,987.4799380221185
253,10,980.1714341179556
253,11,972.2799404275427
253,12,964.829090909091
253,13,958.7913931700881
253,14,954.9348494151194
253,15,953.9763354980463
253,16,956.6327272727273
253,17,963.3494892975292
253,18,973.4864409488381
253,19,986.1319903075463
253,20,1000.3745454545456
253,21,1015.409513276159
253,22,1030.8602958804363
253,23,1046.4572941808592
253,24,1061.9309090909092
253,25,1077.3750712341994
253,26,1094.3378300748714
253,27,1114.7307647871985
253,28,1140.4654545454546
253,29,1172.5287813324987
253,30,1208.2088383655337
253,31,1243.869021670347
253,32,1275.8727272727272
253,33,1301.4003716176242
253,34,1320.9004528266314
253,35,1335.6384894405048
253,36,1346.88
253,37,1355.7347321970049
253,38,1362.6893503279407
253,39,1368.0747478403607
253,40,1372.2218181818182
253,41,1375.3799041398102
253,42,1377.4721458616057
253,43,1378.340132834416
253,44,1377.8254545454545
253,45,1375.9746285164822
253,46,1373.6538844074564
253,47,1371.9343799128847
253,48,1371.8872727272728
253,49,1374.4022636124432
253,50,1379.6432255994778
253,51,1387.5925747867736
253,52,1398.2327272727273
253,53,1411.3665443064717
253,54,1426.0786677400863
253,55,1441.2741845763844
253,56,1455.858181818182
253,57,1468.8670137071238
253,58,1479.862103440178
253,59,1488.5361414531433
253,60,1494.581818181818
253,61,1497.82591222867
253,62,1498.6315548628388
253,63,1497.4959655201337
253,64,1494.9163636363637
253,65,1491.250303287288
253,66,1486.296677108468
253,67,1479.7147123754135
253,68,1471.1636363636364
253,69,1460.6044087130865
253,70,1449.204918521472
253,71,1438.4347872509393
253,72,1429.7636363636364
253,73,1424.1466073149109
253,74,1420.480921532917
253,75,1417.1493204390104
253,76,1412.5345454545457
253,77,1405.3929120272699
253,78,1395.9750317104958
253,79,1384.9050900839293
253,80,1372.807272727273
253,81,1360.0629945760104
253,82,1346.0825879887352
253,83,1330.0336146798195
253,84,1311.0836363636363
253,85,1288.7690301232358
253,86,1264.101434516382
253,87,1238.4613034695194
253,88,1213.229090909091
253,89,1189.4845212946843
253,90,1167.1044012184643
253,91,1145.6648078057392
253,92,1124.7418181818182
253,93,1104.0516915162088
253,94,1083.8714151552153
253,95,1064.6181584893416
254,0,1080.840909090909
254,1,1064.0277127809316
254,2,1048.6304944445706
254,3,1034.246437976833
254,4,1020.4727272727273
254,5,1007.0570785853274
254,6,994.3493375999792
254,7,982.8498823600962
254,8,973.0590909090909
254,9,965.3393564004859
254,10,959.5011324282397
254,11,955.2168876964187
254,12,952.1590909090909
254,13,950.153322517274
254,14,949.6376099597895
254,15,951.2030924224105
254,16,955.440909090909
254,17,962.7254785304184
254,18,972.5643368235116
254,19,984.2482994321216
254,20,997.0681818181818
254,21,1010.3943372246891
254,22,1023.9152700188923
254,23,1037.3990223491037
254,24,1050.6136363636365
254,25,1063.577925411735
254,26,1077.3137876463745
254,27,1093.093892421463
254,28,1112.1909090909091
254,29,1135.2374980601899
254,30,1160.306283941064
254,31,1184.829882396861
254,32,1206.240909090909
254,33,1222.5418266656875
254,34,1234.0144856802776
254,35,1241.5105836729106
254,36,1245.881818181818
254,37,1248.0826242543324
254,38,1249.4783869741889
254,39,1251.5372289342235
254,40,1255.7272727272725
254,41,1263.049977453346
254,42,1272.6401482411488
254,43,1283.1659267265588
254,44,1293.2954545454545
254,45,1302.0115000231922
254,46,1309.5553382430346
254,47,1316.4828709777235
254,48,1323.35
254,49,1330.6508264311585
254,50,1338.6322487867121
254,51,1347.479364930728
254,52,1357.3772727272726
254,53,1368.427452774901
254,54,1380.3969166101167
254,55,1392.96905850391
254,56,1405.8272727272727
254,57,1418.6652857646916
254,58,1431.21815295464
254,59,1443.2312618490862
254,60,1454.45
254,61,1464.6337053026953
254,62,1473.597517025869
254,63,1481.1705247815623
254,64,1487.1818181818182
254,65,1491.3903049563448
254,66,1493.274165305521
254,67,1492.2413975473908
254,68,1487.6999999999998
254,69,1479.3719782810151
254,70,1468.2353672065929
254,71,1455.58220889251
254,72,1442.7045454545453
254,73,1430.5708586241387
254,74,1418.85538859538
254,75,1406.9088151780222
254,76,1394.081818181818
254,77,1379.9104963133393
254,78,1364.6726238664326
254,79,1348.8313940317646
254,80,1332.85
254,81,1316.990778281595
254,82,1300.7126386661614
254,83,1283.273634263102
254,84,1263.9318181818182
254,85,1242.2312911284632
254,86,1218.8603441961939
254,87,1194.7933160749185
254,88,1171.0045454545452
254,89,1148.2847674318257
254,90,1126.6903027308815
254,91,1106.0938684826783
254,92,1086.3681818181817
254,93,1067.4294970987803
254,94,1049.368217607553
254,95,1032.3182838580046
255,0,1069.909090909091
255,1,1054.4855112108703
255,2,1040.379076098369
255,3,1027.5603756639562
255,4,1016.0
255,5,1005.6567650286172
255,6,996.4423899909178
255,7,988.2568199577596
255,8,981.0
255,9,974.6544741292058
255,10,969.5331821197778
255,11,966.0316626868243
255,12,964.5454545454544
255,13,965.404315727286
255,14,968.6748815299708
255,15,974.3580065676706
255,16,982.4545454545456
255,17,992.8873538707412
255,18,1005.2672917603384
255,19,1019.1272201334028
255,20,1034.0
255,21,1049.3914392442953
255,22,1064.6991332468572
255,23,1079.2936242623537
255,24,1092.5454545454545
255,25,1104.1306959702597
255,26,1114.947538888597
255,27,1126.199703271727
255,28,1139.090909090909
255,29,1154.3087882383031
255,30,1170.4766202896649
255,31,1185.7015967416482
255,32,1198.090909090909
255,33,1206.277616985619
255,34,1210.998252680018
255,35,1213.5152165798625
255,36,1215.090909090909
255,37,1216.729891546493
255,38,1218.4053689902637
255,39,1219.8327073934477
255,40,1220.7272727272727
255,41,1220.959066828408
255,42,1221.0166349952908
255,43,1221.5431583918012
255,44,1223.1818181818182
255,45,1226.337250230784
255,46,1230.4599092103908
255,47,1234.7617044938931
255,48,1238.4545454545455
255,49,1241.0853981575467
255,50,1243.5414554358726
255,51,1247.0449668144445
255,52,1252.8181818181818
255,53,1261.7728616844838
255,54,1273.578814500663
255,55,1287.595360066511
255,56,1303.1818181818182
255,57,1319.700996013609
255,58,1336.5296501978382
255,59,1353.048024737694
255,60,1368.6363636363635
255,61,1382.7825292610798
255,62,1395.404857435256
255,63,1406.5293023463494
255,64,1416.1818181818182
255,65,1424.327977851162
255,66,1430.691829152047
255,67,1434.9370386041812
255,68,1436.7272727272727
255,69,1435.8970366069998
255,70,1432.96418959292
255,71,1428.6174296005624
255,72,1423.5454545454545
255,73,1418.2102961753849
255,74,1412.167321567182
255,75,1404.745231629933
255,76,1395.2727272727273
255,77,1383.3214377823697
255,78,1369.4347059565346
255,79,1354.398802970614
255,80,1339.0
255,81,1323.7951458769553
255,82,1308.4234000612255
255,83,1292.294499669429
255,84,1274.8181818181818
255,85,1255.595990073447
255,86,1234.9966937985637
255,87,1213.5808688062168
255,88,1191.909090909091
255,89,1170.4515756474393
255,90,1149.3170974717923
255,91,1128.5240705602491
255,92,1108.090909090909
255,93,1088.0962868822503
255,94,1068.859916314267
255,95,1050.761769407332
256,0,1034.1818181818182
256,1,1019.4189586417413
256,2,1006.4477827256856
256,3,995.1618063558782
256,4,985.4545454545456
256,5,977.200889914421
256,6,970.2012255102636
256,7,964.237311987338
256,8,959.0909090909092
256,9,954.6666862460286
256,10,951.360951596896
256,11,949.6929229674972
256,12,950.181818181818
256,13,953.1948651014642
256,14,958.491331738516
256,15,965.6784961426732
256,16,974.3636363636364
256,17,984.2200465299328
256,18,995.185085085404
256,19,1007.2621265527184
256,20,1020.4545454545456
256,21,1034.608187415168
256,22,1048.9387824653231
256,23,1062.5045317373626
256,24,1074.3636363636365
256,25,1084.1014651730318
256,26,1093.4120577805763
256,27,1104.5166214978324
256,28,1119.6363636363635
256,29,1139.9064064381591
256,30,1162.1175318669173
256,31,1181.974436816762
256,32,1195.1818181818182
256,33,1198.9916590743308
256,34,1196.8450874790276
256,35,1193.7305175987565
256,36,1194.6363636363635
256,37,1203.0346277190615
256,38,1216.3316636715172
256,39,1230.4174132427593
256,40,1241.1818181818182
256,41,1245.5516482312396
256,42,1244.6009851076312
256,43,1240.4407385211164
256,44,1235.1818181818182
256,45,1230.5442907196157
256,46,1226.684850443412
256,47,1223.3693485818658
256,48,1220.3636363636365
256,49,1217.6845411630247
256,50,1216.352794936903
256,51,1217.6401057877838
256,52,1222.8181818181818
256,53,1232.7431128101032
256,54,1246.6085152635228
256,55,1263.1923873579087
256,56,1281.2727272727273
256,57,1299.7748257783803
256,58,1318.2131440090054
256,59,1336.249435689673
256,60,1353.5454545454545
256,61,1369.7825840763744
256,62,1384.7207268822733
256,63,1398.1394153379445
256,64,1409.8181818181818
256,65,1419.4201220070306
256,66,1426.1425848255385
256,67,1429.066482504004
256,68,1427.2727272727273
256,69,1420.386359713686
256,70,1410.2089338155745
256,71,1399.086131918767
256,72,1389.3636363636365
256,73,1382.6921095927712
256,74,1377.9421344576183
256,75,1373.289273911838
256,76,1366.909090909091
256,77,1357.4588382788645
256,78,1345.522528353952
256,79,1332.1658633429724
256,80,1318.4545454545455
256,81,1305.1401509281338
256,82,1291.7177521265735
256,83,1277.3682954435449
256,84,1261.2727272727273
256,85,1242.9251602813276
256,86,1223.0723722306627
256,87,1202.7743071555751
256,88,1183.090909090909
256,89,1164.7472761283734
256,90,1147.1291225871398
256,91,1129.287316843245
256,92,1110.2727272727273
256,93,1089.536019296088
256,94,1068.1270465116877
256,95,1047.495459562353
257,0,1029.090909090909
257,1,1013.98222623273
257,2,1001.7149640933818
257,3,991.4538562709791
257,4,982.3636363636364
257,5,973.8049621366288
257,6,965.9221880238758
257,7,959.0555926264576
257,8,953.5454545454544
257,9,949.6288911298452
257,10,947.1303747202056
257,11,945.771216405008
257,12,945.2727272727273
257,13,945.4933937985348
257,14,946.8404040043936
257,15,949.8581212989646
257,16,955.0909090909092
257,17,962.9571927669248
257,18,973.3716456258568
257,19,986.1230029445876
257,20,1001.0
257,21,1017.4889146792216
257,22,1033.8661953103615
257,23,1048.1058328317756
257,24,1058.1818181818182
257,25,1062.732817807528
257,26,1063.056200190678
257,27,1061.1140093217252
257,28,1058.868289191124
257,29,1057.8664551071297
257,30,1057.9974076491874
257,31,1058.7354187145395
257,32,1059.5547602004294
257,33,1060.0408034246548
257,34,1060.2233173872326
257,35,1060.2431705087354
257,36,1060.2412312097351
257,37,1060.3285989107862
257,38,1060.4972970323754
257,39,1060.7095799949705
257,40,1060.9277022190408
257,41,1061.1218947045686
257,42,1061.2942947695935
257,43,1061.4550163116685
257,44,1061.6141732283463
257,45,1061.779742099142
257,46,1061.9511502314128
257,47,1062.1256876144766
257,48,1062.300644237652
257,49,1062.4738827828996
257,50,1062.6455567027508
257,51,1062.8163921423788
257,52,1062.9871152469575
257,53,1063.15829870913
257,54,1063.3299014114134
257,55,1063.5017287837957
257,56,1063.6735862562634
257,57,1063.8453203762858
257,58,1064.0169421612593
257,59,1064.188503746061
257,60,1064.360057265569
257,61,1064.5316438372656
257,62,1064.7032605090471
257,63,1064.8748933114168
257,64,1065.0465282748746
257,65,1065.218154382026
257,66,1065.3897724238834
257,67,1065.561386143563
257,68,1065.7329992841803
257,69,1065.904614797838
257,70,1066.0762324725854
257,71,1066.247851305456
257,72,1066.4194702934865
257,73,1066.5910886456622
257,74,1066.762706418776
257,75,1066.9343238815711
257,76,1067.1059413027915
257,77,1067.2775588943891
257,78,1067.4491766411454
257,79,1067.620794471051
257,80,1067.7924123120972
257,81,1067.9640301074908
257,82,1068.13564786131
257,83,1068.3072655928488
257,84,1068.478883321403
257,85,1068.6505010621895
257,86,1068.8221188141165
257,87,1068.9937365720125
257,88,1069.1653543307089
257,89,1069.3369720861274
257,90,1069.5085898385607
257,91,1069.680207589395
257,92,1069.8518253400143
257,93,1070.0234430915125
257,94,1070.19506084381
257,95,1070.3666785965363
258,0,1070.53829634932
258,1,1070.7099141018682
258,2,1070.8815318542024
258,3,1071.053149606422
258,4,1071.224767358626
258,5,1071.3963851108929
258,6,1071.5680028632169
258,7,1071.739620615572
258,8,1071.9112383679312
258,9,1072.0828561202734
258,10,1072.2544738726003
258,11,1072.4260916249193
258,12,1072.597709377237
258,13,1072.769327129559
258,14,1072.9409448818856
258,15,1073.112562634214
258,16,1073.2841803865426
258,17,1073.45579813887
258,18,1073.6274158911967
258,19,1073.7990336435223
258,20,1073.9706513958483
258,21,1074.1422691481746
258,22,1074.313886900501
258,23,1074.4855046528276
258,24,1074.657122405154
258,25,1074.8287401574803
258,26,1075.0003579098068
258,27,1075.171975662133
258,28,1075.3435934144595
258,29,1075.5152111667858
258,30,1075.6868289191125
258,31,1075.858446671439
258,32,1076.0300644237652
258,33,1076.2016821760917
258,34,1076.3732999284182
258,35,1076.5449176807444
258,36,1076.716535433071
258,37,1076.8881531853972
258,38,1077.0597709377237
258,39,1077.2313886900502
258,40,1077.4030064423766
258,41,1077.574624194703
258,42,1077.7462419470294
258,43,1077.917859699356
258,44,1078.089477451682
258,45,1078.2610952040088
258,46,1078.4327129563353
258,47,1078.6043307086616
258,48,1078.775948460988
258,49,1078.9475662133143
258,50,1079.1191839656406
258,51,1079.2908017179668
258,52,1079.4624194702935
258,53,1079.6340372226198
258,54,1079.8056549749465
258,55,1079.9772727272727
258,56,1080.148890479599
258,57,1080.3205082319255
258,58,1080.492125984252
258,59,1080.663743736579
258,60,1080.8353614889047
258,61,1081.0069792412314
258,62,1081.1785969935574
258,63,1081.350214745884
258,64,1081.5218324982104
258,65,1081.693450250537
258,66,1081.8650680028632
258,67,1082.03668575519
258,68,1082.208303507516
258,69,1082.3799212598426
258,70,1082.5515390121689
258,71,1082.7231567644951
258,72,1082.8947745168216
258,73,1083.066392269148
258,74,1083.2380100214746
258,75,1083.4096277738006
258,76,1083.5812455261273
258,77,1083.7528632784536
258,78,1083.92448103078
258,79,1084.0960987831063
258,80,1084.267716535433
258,81,1084.4393342877595
258,82,1084.610952040086
258,83,1084.7825697924122
258,84,1084.9541875447387
258,85,1085.1258052970652
258,86,1085.2974230493917
258,87,1085.469040801718
258,88,1085.6406585540444
258,89,1085.812276306371
258,90,1085.9838940586974
258,91,1086.1555118110236
258,92,1086.32712956335
258,93,1086.4987473156764
258,94,1086.6703650680029
258,95,1086.8419828203291
259,0,1087.0136005726556
259,1,1087.185218324982
259,2,1087.3568360773083
259,3,1087.5284538296348
259,4,1087.7000715819613
259,5,1087.8716893342878
259,6,1088.0433070866145
259,7,1088.2149248389403
259,8,1088.3865425912668
259,9,1088.558160343593
259,10,1088.7297780959195
259,11,1088.9013958482462
259,12,1089.0730136005727
259,13,1089.244631352899
259,14,1089.4162491052257
259,15,1089.5878668575515
259,16,1089.7594846098784
259,17,1089.931102362205
259,18,1090.1027201145314
259,19,1090.2743378668576
259,20,1090.445955619184
259,21,1090.6175733715106
259,22,1090.7891911238366
259,23,1090.9608088761634
259,24,1091.1324266284894
259,25,1091.304044380816
259,26,1091.4756621331424
259,27,1091.6472798854686
259,28,1091.818897637795
259,29,1091.9905153901216
259,30,1092.1621331424485
259,31,1092.3337508947743
259,32,1092.505368647101
259,33,1092.6769863994273
259,34,1092.8486041517538
259,35,1093.0202219040805
259,36,1093.1918396564067
259,37,1093.3634574087332
259,38,1093.5350751610597
259,39,1093.7066929133855
259,40,1093.8783106657122
259,41,1094.0499284180387
259,42,1094.2215461703652
259,43,1094.3931639226914
259,44,1094.564781675018
259,45,1094.7363994273442
259,46,1094.9080171796709
259,47,1095.0796349319974
259,48,1095.2512526843236
259,49,1095.42287043665
259,50,1095.5944881889764
259,51,1095.7661059413026
259,52,1095.937723693629
259,53,1096.1093414459554
259,54,1096.280959198282
259,55,1096.4525769506083
259,56,1096.6241947029348
259,57,1096.7958124552613
259,58,1096.9674302075878
259,59,1097.139047959914
259,60,1097.3106657122405
259,61,1097.482283464567
259,62,1097.6539012168937
259,63,1097.82551896922
259,64,1097.9971367215462
259,65,1098.1687544738727
259,66,1098.340372226199
259,67,1098.5119899785252
259,68,1098.6836077308517
259,69,1098.8552254831782
259,70,1099.0268432355044
259,71,1099.198460987831
259,72,1099.3700787401574
259,73,1099.541696492484
259,74,1099.7133142448104
259,75,1099.8849319971368
259,76,1100.056549749463
259,77,1100.2281675017898
259,78,1100.399785254116
259,79,1100.571403006442
259,80,1100.7430207587686
259,81,1100.9146385110948
259,82,1101.086256263421
259,83,1101.257874015748
259,84,1101.4294917680745
259,85,1101.601109520401
259,86,1101.7727272727273
259,87,1101.9443450250535
259,88,1102.11596277738
259,89,1102.2875805297065
259,90,1102.4591982820332
259,91,1102.6308160343597
259,92,1102.802433786686
259,93,1102.9740515390124
259,94,1103.1456692913384
259,95,1103.3172870436647
260,0,1103.4889047959912
260,1,1103.6605225483177
260,2,1103.832140300644
260,3,1104.0037580529706
260,4,1104.175375805297
260,5,1104.3469935576236
260,6,1104.51861130995
260,7,1104.6902290622763
260,8,1104.8618468146028
260,9,1105.033464566929
260,10,1105.2050823192556
260,11,1105.3767000715818
260,12,1105.5483178239083
260,13,1105.7199355762343
260,14,1105.891553328561
260,15,1106.0631710808875
260,16,1106.234788833214
260,17,1106.4064065855405
260,18,1106.5780243378667
260,19,1106.7496420901932
260,20,1106.9212598425197
260,21,1107.092877594846
260,22,1107.264495347173
260,23,1107.436113099499
260,24,1107.6077308518254
260,25,1107.779348604152
260,26,1107.950966356478
260,27,1108.1225841088044
260,28,1108.294201861131
260,29,1108.4658196134571
260,30,1108.637437365784
260,31,1108.80905511811
260,32,1108.9806728704368
260,33,1109.152290622763
260,34,1109.3239083750896
260,35,1109.4955261274158
260,36,1109.6671438797423
260,37,1109.8387616320688
260,38,1110.0103793843948
260,39,1110.1819971367213
260,40,1110.353614889048
260,41,1110.525232641374
260,42,1110.6968503937007
260,43,1110.8684681460272
260,44,1111.0400858983537
260,45,1111.21170365068
260,46,1111.3833214030064
260,47,1111.554939155333
260,48,1111.7265569076592
260,49,1111.8981746599857
260,50,1112.0697924123122
260,51,1112.2414101646386
260,52,1112.4130279169651
260,53,1112.5846456692916
260,54,1112.756263421618
260,55,1112.927881173944
260,56,1113.0994989262706
260,57,1113.2711166785969
260,58,1113.442734430923
260,59,1113.6143521832496
260,60,1113.785969935576
260,61,1113.9575876879026
260,62,1114.129205440229
260,63,1114.3008231925553
260,64,1114.4724409448818
260,65,1114.6440586972085
260,66,1114.815676449535
260,67,1114.9872942018612
260,68,1115.1589119541875
260,69,1115.3305297065142
260,70,1115.5021474588402
260,71,1115.673765211167
260,72,1115.8453829634932
260,73,1116.0170007158197
260,74,1116.188618468146
260,75,1116.3602362204726
260,76,1116.531853972799
260,77,1116.7034717251254
260,78,1116.8750894774516
260,79,1117.046707229778
260,80,1117.2183249821044
260,81,1117.389942734431
260,82,1117.5615604867571
260,83,1117.7331782390836
260,84,1117.90479599141
260,85,1118.0764137437366
260,86,1118.248031496063
260,87,1118.4196492483895
260,88,1118.5912670007158
260,89,1118.7628847530425
260,90,1118.9345025053683
260,91,1119.106120257695
260,92,1119.2777380100215
260,93,1119.449355762348
260,94,1119.6209735146747
260,95,1119.7925912670007
261,0,1119.9642090193274
261,1,1120.135826771654
261,2,1120.30744452398
261,3,1120.4790622763064
261,4,1120.650680028633
261,5,1120.8222977809592
261,6,1120.9939155332856
261,7,1121.165533285612
261,8,1121.3371510379384
261,9,1121.5087687902649
261,10,1121.6803865425914
261,11,1121.8520042949178
261,12,1122.023622047244
261,13,1122.1952397995706
261,14,1122.3668575518966
261,15,1122.5384753042233
261,16,1122.7100930565498
261,17,1122.881710808876
261,18,1123.0533285612023
261,19,1123.224946313529
261,20,1123.3965640658555
261,21,1123.5681818181818
261,22,1123.7397995705085
261,23,1123.9114173228347
261,24,1124.0830350751612
261,25,1124.2546528274877
261,26,1124.4262705798135
261,27,1124.5978883321404
261,28,1124.7695060844665
261,29,1124.9411238367927
261,30,1125.1127415891192
261,31,1125.2843593414457
261,32,1125.4559770937724
261,33,1125.6275948460986
261,34,1125.7992125984254
261,35,1125.9708303507514
261,36,1126.142448103078
261,37,1126.3140658554044
261,38,1126.4856836077308
261,39,1126.657301360057
261,40,1126.8289191123838
261,41,1127.00053686471
261,42,1127.1721546170368
261,43,1127.3437723693628
261,44,1127.5153901216893
261,45,1127.6870078740155
261,46,1127.8586256263422
261,47,1128.0302433786687
261,48,1128.201861130995
261,49,1128.3734788833217
261,50,1128.5450966356475
261,51,1128.7167143879744
261,52,1128.8883321403007
261,53,1129.059949892627
261,54,1129.2315676449534
261,55,1129.4031853972797
261,56,1129.5748031496062
261,57,1129.7464209019329
261,58,1129.9180386542591
261,59,1130.0896564065854
261,60,1130.261274158912
261,61,1130.432891911238
261,62,1130.6045096635642
261,63,1130.7761274158909
261,64,1130.9477451682176
261,65,1131.119362920545
261,66,1131.2909806728726
261,67,1131.4625984251988
261,68,1131.6342161775233
261,69,1131.8058339298457
261,70,1131.9774516821687
261,71,1132.1490694344952
261,72,1132.3206871868288
261,73,1132.4923049391691
261,74,1132.6639226915088
261,75,1132.835540443834
261,76,1133.0071581961345
261,77,1133.1787759484068
261,78,1133.3503937006865
261,79,1133.522011453016
261,80,1133.6936292054402
261,81,1133.865246957968
261,82,1134.0368647104706
261,83,1134.2084824627846
261,84,1134.3801002147457
261,85,1134.55171796632
261,86,1134.723335717989
261,87,1134.8949534703622
261,88,1135.0665712240516
261,89,1135.2381889791852
261,90,1135.4098067339664
261,91,1135.5814244861162
261,92,1135.753042233357
261,93,1135.9246599752069
261,94,1136.096277718372
261,95,1136.2678954713558
262,0,1136.4395132426628
262,1,1136.611131034089
262,2,1136.7827488206055
262,3,1136.954366570477
262,4,1137.1259842519682
262,5,1137.2976018583724
262,6,1137.469219483099
262,7,1137.640837244587
262,8,1137.8124552612742
262,9,1137.9840735581902
262,10,1138.1556917867254
262,11,1138.3273095048617
262,12,1138.49892627058
262,13,1138.6705419904704
262,14,1138.842157965561
262,15,1139.013775845487
262,16,1139.1853972798856
262,17,1139.3570226173647
262,18,1139.528647002426
262,19,1139.7002642785435
262,20,1139.871868289191
262,21,1140.043457733342
262,22,1140.2150507319643
262,23,1140.386670261527
262,24,1140.5583392984968
262,25,1140.730062698373
262,26,1140.9017728327804
262,27,1141.0733839523716
262,28,1141.2448103078025
262,29,1141.416033778104
262,30,1141.587306755813
262,31,1141.758949261843
262,32,1141.9312813171082
262,33,1142.104370549984
262,34,1142.2772750186996
262,35,1142.4488003889458
262,36,1142.617752326414
262,37,1142.783878438567
262,38,1142.950694099955
262,39,1143.1226566268986
262,40,1143.3042233357194
262,41,1143.4963361681894
262,42,1143.685875567881
262,43,1143.856206603819
262,44,1143.990694345025
262,45,1144.085823416951
262,46,1144.190556670754
262,47,1144.366976514019
262,48,1144.6771653543306
262,49,1145.134242748116
262,50,1145.555476847171
262,51,1145.7091729521317
262,52,1145.3636363636365
262,53,1144.4648599391885
262,54,1143.6695867637557
262,55,1143.8122474791724
262,56,1145.7272727272727
262,57,1149.970973901716
262,58,1155.9871854034618
262,59,1162.941622385295
262,60,1170.0
262,61,1176.4864717266753
262,62,1182.3589443496703
262,63,1187.7337629796484
262,64,1192.7272727272727
262,65,1197.47802555522
262,66,1202.2134008342216
262,67,1207.182984787021
262,68,1212.6363636363635
262,69,1218.6483010524446
262,70,1224.5942704952631
262,71,1229.674922872268
262,72,1233.090909090909
262,73,1234.210020235001
262,74,1233.0686080938174
262,75,1229.8701646329982
262,76,1224.8181818181818
262,77,1218.1593452802792
262,78,1210.3131153112854
262,79,1201.742145868467
262,80,1192.909090909091
262,81,1184.0957804620648
262,82,1174.8607488428595
262,83,1164.5817064385883
262,84,1152.6363636363635
262,85,1138.656396507826
262,86,1123.289343862731
262,87,1107.436710195361
262,88,1092.0
262,89,1077.6465312339035
262,90,1064.1068757062174
262,91,1050.8774186890585
262,92,1037.4545454545455
262,93,1023.4904331020138
262,94,1009.2604260396728
262,95,995.19566050295
263,0,981.7272727272727
263,1,969.2312249944048
263,2,957.8627837714548
263,3,947.7220415718684
263,4,938.9090909090908
263,5,931.5008601021858
263,6,925.4816206926898
263,7,920.8124800277582
263,8,917.4545454545456
263,9,915.3349368695792
263,10,914.2448243668769
263,11,913.9413905898266
263,12,914.181818181818
263,13,914.8738810558602
263,14,916.5277182034392
263,15,919.8040598856628
263,16,925.3636363636364
263,17,933.6794820887982
263,18,944.4738482739108
263,19,957.281290322068
263,20,971.6363636363636
263,21,986.9848951344014
263,22,1002.417797791826
263,23,1016.9372560987922
263,24,1029.5454545454545
263,25,1039.7289487372325
263,26,1048.9117787406033
263,27,1059.0023557373088
263,28,1071.909090909091
263,29,1088.7896508257595
263,30,1107.7987236093977
263,31,1126.3402527701546
263,32,1141.8181818181818
263,33,1152.3752320506378
263,34,1159.109235912716
263,35,1163.8568036366178
263,36,1168.4545454545455
263,37,1174.3599891535068
263,38,1181.5143327397384
263,39,1189.4796917742824
263,40,1197.8181818181818
263,41,1205.995890880789
263,42,1213.094796764694
263,43,1218.1008497207977
263,44,1220.0
263,45,1218.057015505156
263,46,1212.6519347469396
263,47,1204.443613887981
263,48,1194.090909090909
263,49,1182.3030357349517
263,50,1169.990646065729
263,51,1158.11475154546
263,52,1147.6363636363635
263,53,1139.2706142823108
263,54,1132.749117353781
263,55,1127.5576072029062
263,56,1123.1818181818182
263,57,1119.2792798630785
263,58,1116.1947027009653
263,59,1114.444592370188
263,60,1114.5454545454545
263,61,1116.8509026290128
263,62,1121.0629809332668
263,63,1126.7208414981603
263,64,1133.3636363636365
263,65,1140.6068823481432
263,66,1148.371555384149
263,67,1156.6549961826256
263,68,1165.4545454545455
263,69,1174.5653179784142
263,70,1182.9735248028655
263,71,1189.463151044066
263,72,1192.8181818181818
263,73,1192.2227548291094
263,74,1188.4616181316626
263,75,1182.7196723683844
263,76,1176.1818181818182
263,77,1169.8249127051483
263,78,1163.793639034121
263,79,1158.0246367551242
263,80,1152.4545454545455
263,81,1146.9264579866615
263,82,1140.9092802773075
263,83,1133.7783715202092
263,84,1124.909090909091
263,85,1113.8911303482057
263,86,1101.1715125839205
263,87,1087.411593073129
263,88,1073.2727272727273
263,89,1059.263281984152
263,90,1045.2796693870112
263,91,1031.065313005456
263,92,1016.3636363636364
263,93,1001.092673533368
263,94,985.8689007771256
263,95,971.4834049050472
264,0,958.7272727272727
264,1,948.164319336921
264,2,939.4492729590328
264,3,932.009590101628
264,4,925.2727272727273
264,5,918.7969241189476
264,6,912.6635528412896
264,7,907.0847687793506
264,8,902.2727272727273
264,9,898.4150296418345
264,10,895.601061130355
264,11,893.8956529627886
264,12,893.3636363636364
264,13,894.0926732228058
264,14,896.2617480918368
264,15,900.0726761876763
264,16,905.7272727272727
264,17,913.3193911033056
264,18,922.5110374113896
264,19,932.856255922869
264,20,943.9090909090908
264,21,955.244819182152
264,22,966.5236477171512
264,23,977.4270160299388
264,24,987.6363636363636
264,25,997.052184440813
264,26,1006.4511899018228
264,27,1016.8291458664668
264,28,1029.1818181818182
264,29,1043.9597953273233
264,30,1059.4329563119206
264,31,1073.326002776921
264,32,1083.3636363636365
264,33,1088.0859069771666
264,34,1089.2942575777677
264,35,1089.6054793894853
264,36,1091.6363636363635
264,37,1097.234929036738
264,38,1105.1741042860997
264,39,1113.4580455742291
264,40,1120.090909090909
264,41,1123.6121609667914
264,42,1124.7025070960162
264,43,1124.5779633135971
264,44,1124.4545454545455
264,45,1125.404495277916
264,46,1127.9249582389266
264,47,1132.3693057168375
264,48,1139.090909090909
264,49,1148.1476988306367
264,50,1158.4158417664596
264,51,1168.4760638190528
264,52,1176.909090909091
264,53,1182.4905048540827
264,54,1184.7753110588717
264,55,1183.5133708251335
264,56,1178.4545454545455
264,57,1169.6772135712138
264,58,1158.5738230889635
264,59,1146.86533924405
264,60,1136.2727272727273
264,61,1128.16995904288
264,62,1122.5430329489102
264,63,1119.030954016849
264,64,1117.2727272727273
264,65,1116.901472984539
264,66,1117.5267723881234
264,67,1118.7523219612826
264,68,1120.1818181818182
264,69,1121.5536944735106
264,70,1123.145332044052
264,71,1125.368849047113
264,72,1128.6363636363635
264,73,1133.069828666873
264,74,1137.6305357993049
264,75,1140.9896113957204
264,76,1141.8181818181818
264,77,1139.2309113135425
264,78,1134.1166156678194
264,79,1127.8076485518234
264,80,1121.6363636363635
264,81,1116.5519806244129
264,82,1111.971183347599
264,83,1106.9275216697126
264,84,1100.4545454545455
264,85,1091.8779275524428
264,86,1081.6918327599667
264,87,1070.6825488602349
264,88,1059.6363636363635
264,89,1049.08829780218
264,90,1038.5683037943518
264,91,1027.3550669802569
264,92,1014.7272727272727
264,93,1000.2688812388374
264,94,984.784952062626
264,95,969.3858195823746
265,0,955.181818181818
265,1,943.0080522424709
265,2,932.5987061369622
265,3,923.4127342356996
265,4,914.9090909090908
265,5,906.7017507003692
265,6,899.02476884407
265,7,892.2672207475536
265,8,886.8181818181819
265,9,882.9292631378706
265,10,880.3022184867585
265,11,878.5013373195401
265,12,877.0909090909091
265,13,875.7843217481487
265,14,874.8913572088964
265,15,874.8708958833776
265,16,876.1818181818181
265,17,879.1181089604434
265,18,883.3141708594741
265,19,888.2395109651316
265,20,893.3636363636364
265,21,898.1850037737146
265,22,902.317868444116
265,23,905.4054352560954
265,24,907.0909090909092
265,25,907.2682963992444
265,26,906.8348099095172
265,27,906.938463919577
265,28,908.7272727272727
265,29,913.1125492656724
265,30,920.0588010087246
265,31,929.293834065596
265,32,940.5454545454544
265,33,953.3496883562474
265,34,966.4754406010392
265,35,978.4998361816752
265,36,988.0
265,37,994.0185268547928
265,38,997.4598911325724
265,39,999.6940371167932
265,40,1002.0909090909092
265,41,1005.723931497309
265,42,1010.4804494141252
265,43,1015.9512880784238
265,44,1021.7272727272727
265,45,1027.405349428698
265,46,1032.6069475745635
265,47,1036.959617387693
265,48,1040.090909090909
265,49,1041.764045787899
265,50,1042.2849421058022
265,51,1042.0951855526228
265,52,1041.6363636363635
265,53,1041.2628992378884
265,54,1040.9805567295002
265,55,1040.707935856362
265,56,1040.3636363636365
265,57,1040.1303799878197
265,58,1041.2473764307422
265,59,1045.2179573855665
265,60,1053.5454545454545
265,61,1067.0962626290138
265,62,1084.1890284566225
265,63,1102.5054618741017
265,64,1119.7272727272727
265,65,1133.991671768852
265,66,1145.2578733791324
265,67,1153.9405928453011
265,68,1160.4545454545455
265,69,1165.191311659214
265,70,1168.4499325723025
265,71,1170.5063144719668
265,72,1171.6363636363635
265,73,1171.9973429579277
265,74,1171.271941786203
265,75,1169.0242060850137
265,76,1164.8181818181818
265,77,1158.398861963622
265,78,1150.235027555613
265,79,1140.9764066425248
265,80,1131.2727272727273
265,81,1121.6145955512206
265,82,1111.8561298095265
265,83,1101.6923264357963
265,84,1090.8181818181818
265,85,1079.0419035587677
265,86,1066.6245441153712
265,87,1053.940367159744
265,88,1041.3636363636365
265,89,1029.1666538500724
265,90,1017.21387554717
265,91,1005.2677958343188
265,92,993.0909090909092
265,93,980.5088105863964
265,94,967.5994991504944
265,95,954.5040745029814
266,0,941.3636363636364
266,1,928.3606038043416
266,2,915.8426733053984
266,3,904.1988606992102
266,4,893.8181818181819
266,5,884.976331014418
266,6,877.4957167188214
266,7,871.0854258819963
266,8,865.4545454545455
266,9,860.3619130470775
266,10,855.7653689102244
266,11,851.6725039546226
266,12,848.0909090909091
266,13,845.0348236154531
266,14,842.5450803675533
266,15,840.6691605722403
266,16,839.4545454545455
266,17,838.9149856729276
266,18,838.9293096195622
266,19,839.3426151200517
266,20,840.0
266,21,840.7697223291991
266,22,841.6126811541982
266,23,842.5129357657344
266,24,843.4545454545455
266,25,844.7277159193662
266,26,847.8472384909182
266,27,854.63405090792
266,28,866.9090909090909
266,29,885.5438458115182
266,30,907.612001245766
266,31,929.2377924207672
266,32,946.5454545454544
266,33,956.5400826527429
266,34,959.7502110714722
266,35,957.5852339544658
266,36,951.4545454545456
266,37,942.7432667593296
266,38,932.7394271956178
266,39,922.7067831250064
266,40,913.9090909090908
266,41,907.3959412190304
266,42,903.360261964238
266,43,901.7808153636904
266,44,902.6363636363636
266,45,905.637457000912
266,46,909.4217976747026
266,47,912.3588758747776
266,48,912.818181818182
266,49,909.9391739591382
266,50,905.9411837005886
266,51,903.8135106826536
266,52,906.5454545454544
266,53,916.2564153443526
266,54,931.5861947956704
266,55,950.3046950309712
266,56,970.181818181818
266,57,989.462721481633
266,58,1008.2935825712748
266,59,1027.2958341934611
266,60,1047.090909090909
266,61,1068.0588919109323
266,62,1089.6144749192292
266,63,1110.9310022860932
266,64,1131.1818181818182
266,65,1149.663926783728
266,66,1166.1689722972628
266,67,1180.6122589348938
266,68,1192.909090909091
266,69,1202.9800032268836
266,70,1210.7664540735375
266,71,1216.215132428877
266,72,1219.2727272727273
266,73,1219.8592421269195
266,74,1217.7879386813145
266,75,1212.845393167779
266,76,1204.8181818181818
266,77,1193.7577441745286
266,78,1180.7749730193864
266,79,1167.2456244454595
266,80,1154.5454545454545
266,81,1143.625406174965
266,82,1133.73716924114
266,83,1123.7076204140178
266,84,1112.3636363636365
266,85,1098.854267489248
266,86,1083.6172591069626
266,87,1067.412530262105
266,88,1051.0
266,89,1034.9575238680436
266,90,1019.134703421919
266,91,1003.19907671938
266,92,986.818181818182
266,93,969.8554097658504
266,94,952.9575635689984
266,95,936.9672992240112
267,0,922.7272727272727
267,1,910.8608938867372
267,2,901.1145877566332
267,3,893.0155332027579
267,4,886.0909090909091
267,5,879.9325487781099
267,6,874.3909035862872
267,7,869.3810793285937
267,8,864.8181818181819
267,9,860.7668655462778
267,10,857.8899797163998
267,11,856.9999222101403
267,12,858.9090909090909
267,13,864.1278299458701
267,14,871.958268457204
267,15,881.4004818308451
267,16,891.4545454545455
267,17,901.3581783066048
267,18,911.2996737275108
267,19,921.7049686482974
267,20,933.0
267,21,945.4167295549832
267,22,958.4112184509348
267,23,971.2455526668736
267,24,983.181818181818
267,25,993.7433693825536
267,26,1003.498634286932
267,27,1013.2773093205716
267,28,1023.9090909090908
267,29,1036.0387701875293
267,30,1049.57151712861
267,31,1064.2275964144762
267,32,1079.7272727272727
267,33,1095.7435953218746
267,34,1111.760751744083
267,35,1127.2157141124324
267,36,1141.5454545454545
267,37,1154.1984962522454
267,38,1164.6695668041475
267,39,1172.464944863067
267,40,1177.090909090909
267,41,1178.222362850962
267,42,1176.2087083120523
267,43,1171.567972344389
267,44,1164.8181818181818
267,45,1156.4944387075418
267,46,1147.2001454021877
267,47,1137.5557793957396
267,48,1128.1818181818182
267,49,1119.7160755006887
267,50,1112.8657100791972
267,51,1108.3552168908343
267,52,1106.909090909091
267,53,1109.0958047442482
267,54,1114.8597415537504
267,55,1123.989262131832
267,56,1136.2727272727273
267,57,1151.3637737041363
267,58,1168.3771418876192
267,59,1186.2928482182017
267,60,1204.090909090909
267,61,1220.92921407557
267,62,1236.677145441227
267,63,1251.3819586317245
267,64,1265.090909090909
267,65,1277.7332904481298
267,66,1288.766549074748
267,67,1297.5301695276282
267,68,1303.3636363636365
267,69,1305.898987768275
267,70,1305.9384764416004
267,71,1304.5769087123076
267,72,1302.909090909091
267,73,1301.530133478771
267,74,1299.036363340669
267,75,1293.5244115322328
267,76,1283.090909090909
267,77,1266.6253646802786
267,78,1246.1887974684514
267,79,1224.6351042496713
267,80,1204.8181818181818
267,81,1188.7894305273885
267,82,1175.3902649673437
267,83,1162.6596032872635
267,84,1148.6363636363635
267,85,1131.8816859374415
267,86,1113.0455972076286
267,87,1093.3003462376373
267,88,1073.8181818181818
267,89,1055.5275757228449
267,90,1038.3818916566872
267,91,1022.0907163076408
267,92,1006.3636363636364
267,93,990.99238617118
267,94,976.0972907110768
267,95,961.8808226227084
268,0,948.5454545454544
268,1,936.2827091378906
268,2,925.2403091353688
268,3,915.5550272924352
268,4,907.3636363636364
268,5,900.6921181863484
268,6,895.1232909292663
268,7,890.1291818439146
268,8,885.1818181818181
268,9,879.9729658439887
268,10,875.0733453293843
268,11,871.273415786452
268,12,869.3636363636364
268,13,869.9543707104251
268,14,872.9356004804686
268,15,878.0172118284601
268,16,884.9090909090909
268,17,893.3586990415847
268,18,903.2637982032868
268,19,914.5597255360724
268,20,927.181818181818
268,21,940.9119694868724
268,22,954.9182976154756
268,23,968.215476936341
268,24,979.818181818182
268,25,989.2974002836528
268,26,998.4493749711742
268,27,1009.6266621731088
268,28,1025.1818181818182
268,29,1046.3785430148805
268,30,1070.1251115907362
268,31,1092.2409425530425
268,32,1108.5454545454545
268,33,1116.1074617477348
268,34,1116.9933604840626
268,35,1114.5189426147228
268,36,1112.0
268,37,1112.0623486305442
268,38,1114.571901018468
268,39,1118.7045938062483
268,40,1123.6363636363635
268,41,1128.7496778209972
268,42,1134.2531263511569
268,43,1140.5618298875563
268,44,1148.090909090909
268,45,1156.899167358194
268,46,1165.62013903145
268,47,1172.531041188981
268,48,1175.909090909091
268,49,1174.8042209280452
268,50,1171.3572266139531
268,51,1168.4816189928845
268,52,1169.090909090909
268,53,1175.3938921114432
268,54,1186.7804999672835
268,55,1201.9359487485733
268,56,1219.5454545454545
268,57,1238.4028810807276
268,58,1257.7366826078214
268,59,1276.8839610128227
268,60,1295.1818181818182
268,61,1312.0727085656465
268,62,1327.4204968741576
268,63,1341.1944003819535
268,64,1353.3636363636365
268,65,1363.81764829305
268,66,1372.1267844410029
268,67,1377.7816192775454
268,68,1380.2727272727273
268,69,1379.247607353063
268,70,1374.981456270922
268,71,1367.9063952351382
268,72,1358.4545454545455
268,73,1347.065501840153
268,74,1334.208754111673
268,75,1320.3612656909927
268,76,1306.0
268,77,1291.5230557408702
268,78,1277.0130727369317
268,79,1262.4738260917995
268,80,1247.909090909091
268,81,1233.238582014548
268,82,1218.0457731224192
268,83,1201.830077669081
268,84,1184.090909090909
268,85,1164.5737525645752
268,86,1144.008380227937
268,87,1123.3706359591488
268,88,1103.6363636363635
268,89,1085.5147031816969
268,90,1068.6479786931047
268,91,1052.411810312506
268,92,1036.1818181818182
268,93,1019.5378892540924
268,94,1002.8769777269162
268,95,986.8003046090088
269,0,971.9090909090908
269,1,958.643398892842
269,2,946.7986558537764
269,3,936.009130342368
269,4,925.9090909090908
269,5,916.2691969927218
269,6,907.4056715852516
269,7,899.7711285669735
269,8,893.8181818181819
269,9,889.862199499907
269,10,887.6695668961264
269,11,886.8694235715556
269,12,887.0909090909091
269,13,888.0703572803784
269,14,889.9728790120608
269,15,893.0707794195313
269,16,897.6363636363636
269,17,903.893303196762
269,18,911.870735237448
269,19,921.549163295774
269,20,932.9090909090908
269,21,945.7641003871196
269,22,959.2600891290552
269,23,972.3760333064636
269,24,984.0909090909092
269,25,993.888363436579
269,26,1003.270726428149
269,27,1014.2449989329172
269,28,1028.8181818181818
269,29,1048.310286775656
269,30,1071.2933687947125
269,31,1095.65249368914
269,32,1119.2727272727273
269,33,1140.2966258244344
269,34,1157.8967074839106
269,35,1171.502980855977
269,36,1180.5454545454545
269,37,1184.73332356297
269,38,1184.8925285423722
269,39,1182.128196523316
269,40,1177.5454545454545
269,41,1172.2430912873217
269,42,1167.2945419829632
269,43,1163.7669035053054
269,44,1162.7272727272727
269,45,1164.7346521968343
269,46,1168.3156671621375
269,47,1171.4888485463712
269,48,1172.2727272727273
269,49,1169.4376181071582
269,50,1164.7609711866687
269,51,1160.7720204910268
269,52,1160.0
269,53,1164.442432192715
269,54,1173.9699935457331
269,55,1187.9216490349756
269,56,1205.6363636363635
269,57,1226.2074258492555
269,58,1247.7454182667625
269,59,1268.1152470054333
269,60,1285.1818181818182
269,61,1297.4551371375364
269,62,1306.0256061144903
269,63,1312.628726579654
269,64,1319.0
269,65,1326.3143551460537
269,66,1333.5044300025488
269,67,1338.942289857769
269,68,1341.0
269,69,1338.6240900055209
269,70,1333.058946602588
269,71,1326.123420807452
269,72,1319.6363636363635
269,73,1314.8739439227718
269,74,1310.941601768918
269,75,1306.4020950942413
269,76,1299.8181818181818
269,77,1290.1599638488462
269,78,1278.0269190490137
269,79,1264.425869270128
269,80,1250.3636363636365
269,81,1236.5600643182058
269,82,1222.5870856713923
269,83,1207.7296550979736
269,84,1191.2727272727273
269,85,1172.7418243328757
269,86,1152.6247382654176
269,87,1131.649828519796
269,88,1110.5454545454545
269,89,1089.9257633502914
269,90,1069.9480521760283
269,91,1050.655405822842
269,92,1032.090909090909
269,93,1014.3335313568672
269,94,997.6057803031958
269,95,982.166048188836
270,0,968.2727272727273
270,1,956.1080089495129
270,2,945.5492811566428
270,3,936.3977309672694
270,4,928.4545454545456
270,5,921.5653987541724
270,6,915.7539132520512
270,7,911.0881983966316
270,8,907.6363636363636
270,9,905.4315323974334
270,10,904.3668840169706
270,11,904.3006118098408
270,12,905.0909090909092
270,13,906.6914262015486
270,14,909.437641589158
270,15,913.7604907276428
270,16,920.0909090909092
270,17,928.7402627963723
270,18,939.5416405354888
270,19,952.2085616432246
270,20,966.4545454545456
270,21,981.9014998856892
270,22,997.8048871779778
270,23,1013.3285581540048
270,24,1027.6363636363635
270,25,1040.246067206326
270,26,1052.0910834798726
270,27,1064.4587398316655
270,28,1078.6363636363635
270,29,1095.4508790162815
270,30,1113.8875970843494
270,31,1132.4714257011517
270,32,1149.7272727272727
270,33,1164.3211553649116
270,34,1175.483528182729
270,35,1182.5859550910002
270,36,1185.0
270,37,1182.4676245240714
270,38,1176.212381093825
270,39,1167.8282198439383
270,40,1158.909090909091
270,41,1150.8722669933488
270,42,1144.4283110783356
270,43,1140.1111087150637
270,44,1138.4545454545455
270,45,1139.7393302298065
270,46,1143.233465501924
270,47,1147.9517771139886
270,48,1152.909090909091
270,49,1157.3905825419713
270,50,1161.762826913969
270,51,1166.662748738073
270,52,1172.7272727272727
270,53,1180.3631123295816
270,54,1189.056135933109
270,55,1198.0620006609918
270,56,1206.6363636363635
270,57,1214.3103772306126
270,58,1221.717174808139
270,59,1229.7653849815956
270,60,1239.3636363636365
270,61,1250.9976514752414
270,62,1263.461528470699
270,63,1275.1264594126255
270,64,1284.3636363636365
270,65,1289.929130504786
270,66,1292.118529490883
270,67,1291.6123000951748
270,68,1289.090909090909
270,69,1285.2261674147055
270,70,1280.6552626566777
270,71,1276.0067265703103
270,72,1271.909090909091
270,73,1268.714495290937
270,74,1265.669510791498
270,75,1261.7443163508551
270,76,1255.909090909091
270,77,1247.4655673306372
270,78,1237.0416941773312
270,79,1225.5969739353593
270,80,1214.090909090909
270,81,1203.1760762956044
270,82,1192.2773488628138
270,83,1180.512674271344
270,84,1167.0
270,85,1151.1582524869457
270,86,1133.6102740077763
270,87,1115.2798857974465
270,88,1097.090909090909
270,89,1079.8088114838863
270,90,1063.565646015171
270,91,1048.3351120843251
270,92,1034.090909090909
270,93,1020.8011038502368
270,94,1008.4112328406296
270,95,996.8611999561627
271,0,986.0909090909092
271,1,976.0492731151668
271,2,966.721240804128
271,3,958.1007699092064
271,4,950.181818181818
271,5,942.9449855072772
271,6,936.3174403064952
271,7,930.212993134284
271,8,924.5454545454544
271,9,919.3114098557246
271,10,914.8385434244368
271,11,911.5373143718396
271,12,909.818181818182
271,13,910.0267046152784
271,14,912.2488405412124
271,15,916.5056471056304
271,16,922.818181818182
271,17,931.1641580467964
271,18,941.347912592532
271,19,953.1304381147291
271,20,966.2727272727273
271,21,980.5240495611718
271,22,995.5867818159314
271,23,1011.1515777081796
271,24,1026.909090909091
271,25,1042.629558481243
271,26,1058.4015510528327
271,27,1074.3932226434606
271,28,1090.7727272727273
271,29,1107.569222195674
271,30,1124.2558776091012
271,31,1140.1668669452504
271,32,1154.6363636363635
271,33,1167.0289220542436
271,34,1176.8306203289446
271,35,1183.5579175300825
271,36,1186.7272727272727
271,37,1186.1666520873512
271,38,1182.950050166029
271,39,1178.4629686162384
271,40,1174.090909090909
271,41,1170.8911173236245
271,42,1168.607815370574
271,43,1166.6569693686004
271,44,1164.4545454545455
271,45,1161.479105890879
271,46,1157.4595974425831
271,47,1152.1875630002687
271,48,1145.4545454545455
271,49,1137.2833682037688
271,50,1128.6219766772747
271,51,1120.6495968121428
271,52,1114.5454545454545
271,53,1111.138841748591
271,54,1109.859314030137
271,55,1109.7864929329778
271,56,1110.0
271,57,1109.8785943473215
271,58,1109.997585383996
271,59,1111.2314200923083
271,60,1114.4545454545455
271,61,1120.1450763166677
271,62,1127.195798979334
271,63,1134.1031676068794
271,64,1139.3636363636365
271,65,1141.9487708405532
271,66,1142.7305823350307
271,67,1143.056193571084
271,68,1144.2727272727273
271,69,1147.3354085029382
271,70,1151.6318716805429
271,71,1156.157853563331
271,72,1159.909090909091
271,73,1162.0206746931492
271,74,1162.1851127609798
271,75,1160.2342671755923
271,76,1156.0
271,77,1149.499506360829
271,78,1141.4913136391754
271,79,1132.9192822797525
271,80,1124.7272727272727
271,81,1117.583572590808
271,82,1111.0541781368645
271,83,1104.4295127963069
271,84,1097.0
271,85,1088.197453275939
271,86,1078.01924654064
271,87,1066.604143807748
271,88,1054.090909090909
271,89,1040.666387032708
271,90,1026.709744791485
271,91,1012.6482301545198
271,92,998.9090909090908
271,93,985.847225865956
271,94,973.5281379297832
271,95,961.9449810287188
272,0,951.0909090909092
272,1,940.9418685943772
272,2,931.4049762166547
272,3,922.3701411851504
272,4,913.7272727272727
272,5,905.4080270292624
272,6,897.5110481126885
272,7,890.1767269579524
272,8,883.5454545454545
272,9,877.7527278340276
272,10,872.9144676962273
272,11,869.1417009830407
272,12,866.5454545454545
272,13,865.1875957255364
272,14,864.933353829675
272,15,865.5987986553396
272,16,867.0
272,17,868.9798438092818
272,18,871.488480621437
272,19,874.5028771228737
272,20,878.0
272,21,881.8816654009726
272,22,885.7490873209409
272,23,889.1283292168023
272,24,891.5454545454545
272,25,892.8713354959183
272,26,894.3560791857083
272,27,897.5946014644621
272,28,904.181818181818
272,29,915.0335607971718
272,30,928.3493232089525
272,31,941.6495149253478
272,32,952.4545454545456
272,33,958.927659951758
272,34,961.8034461602996
272,35,962.4593274705094
272,36,962.2727272727273
272,37,962.414890304887
272,38,963.2323466953032
272,39,964.8654479198864
272,40,967.4545454545456
272,41,971.1499947377852
272,42,976.1421670584872
272,43,982.6314376681272
272,44,990.818181818182
272,45,1000.5831421076088
272,46,1010.5285305252938
272,47,1018.9369264076046
272,48,1024.090909090909
272,49,1024.8327777408708
272,50,1022.243710840338
272,51,1017.9646067014542
272,52,1013.6363636363636
272,53,1010.3740992016347
272,54,1007.189807931536
272,55,1002.56970360476
272,56,995.0
272,57,983.6012231798624
272,58,970.0311483426086
272,59,956.5818629704142
272,60,945.5454545454544
272,61,938.709644442552
272,62,935.84468960712
272,63,936.2164808772188
272,64,939.0909090909092
272,65,943.7789490499296
272,66,949.7719114107296
272,67,956.6061907934376
272,68,963.818181818182
272,69,971.0112070850032
272,70,978.0563011135982
272,71,984.8914264035756
272,72,991.4545454545456
272,73,997.5696885191484
272,74,1002.6051568621508
272,75,1005.8153195013508
272,76,1006.4545454545456
272,77,1004.0978229293124
272,78,999.6026168923436
272,79,994.1470115001129
272,80,988.9090909090908
272,81,984.7492470363304
272,82,981.2571028412012
272,83,977.7045890436532
272,84,973.3636363636364
272,85,967.6892798344576
272,86,960.8689717428514
272,87,953.2732686889104
272,88,945.2727272727273
272,89,937.1598268076588
272,90,928.9147374601208
272,91,920.4395521097956
272,92,911.6363636363636
272,93,902.4753902076357
272,94,893.1993511439377
272,95,884.1190910537257
273,0,875.5454545454545
273,1,867.7070782708898
273,2,860.5037670550366
273,3,853.7531177662106
273,4,847.2727272727273
273,5,840.9349330724418
273,6,834.8310351813699
273,7,829.1070742450677
273,8,823.9090909090909
273,9,819.3315985302523
273,10,815.2630013103928
273,11,811.5401761626094
273,12,808.0
273,13,804.5625364429121
273,14,801.4805959406954
273,15,799.0901756499487
273,16,797.7272727272727
273,17,797.6426875162808
273,18,798.7464331086445
273,19,800.8633257830496
273,20,803.8181818181819
273,21,807.3638725828737
273,22,810.9654898065448
273,23,814.0161803087617
273,24,815.9090909090909
273,25,816.4217085158609
273,26,816.8688803924488
273,27,818.9497938909942
273,28,824.3636363636364
273,29,834.1936115355015
273,30,847.0589886236601
273,31,860.9630532181708
273,32,873.9090909090909
273,33,884.2058339784979
273,34,891.3838014765472
273,35,895.2789591454138
273,36,895.7272727272727
273,37,892.7770866414161
273,38,887.3262600156053
273,39,880.4850306547191
273,40,873.3636363636364
273,41,866.9017285467471
273,42,861.3566130064864
273,43,856.8150091448006
273,44,853.3636363636364
273,45,850.8958287170503
273,46,848.5313788675405
273,47,845.196694129715
273,48,839.8181818181819
273,49,831.787683857779
273,50,822.3587806142609
273,51,813.2504870636126
273,52,806.1818181818181
273,53,802.4378108518343
273,54,801.5675895845069
273,55,802.6863007976528
273,56,804.9090909090909
273,57,807.5789704621561
273,58,810.9504065022571
273,59,815.5057302003205
273,60,821.7272727272727
273,61,829.9892050268137
273,62,840.233057133737
273,63,852.2921988556101
273,64,866.0
273,65,881.0934707942253
273,66,896.9241831446121
273,67,912.7473493772384
273,68,927.818181818182
273,69,941.5587867962856
273,70,954.0588466514512
273,71,965.574937726346
273,72,976.3636363636364
273,73,986.4753592933608
273,74,995.1358847950386
273,75,1001.3648315355608
273,76,1004.181818181818
273,77,1003.0582419393633
273,78,999.2726141683952
273,79,994.555224767775
273,80,990.6363636363636
273,81,988.6894002219136
273,82,987.6600221677444
273,83,985.9369966660664
273,84,981.9090909090908
273,85,974.3958049002543
273,86,963.9395698879003
273,87,951.5135499315954
273,88,938.0909090909092
273,89,924.4930051770672
273,90,910.9339710079277
273,91,897.4761331530059
273,92,884.1818181818181
273,93,871.1733675732947
273,94,858.8131824440262
273,95,847.523678820017
274,0,837.7272727272727
274,1,829.6942063479354
274,2,823.0860264886953
274,3,817.4121061123806
274,4,812.1818181818181
274,5,807.0313411258728
274,6,802.1040752375558
274,7,797.6702262759155
274,8,794.0
274,9,791.3267359667551
274,10,789.7363089247175
274,11,789.2777274203213
274,12,790.0
274,13,792.0097263707427
274,14,795.6438708817558
274,15,801.2969890428001
274,16,809.3636363636364
274,17,820.0931653684557
274,18,833.1541166391685
274,19,848.0698277721152
274,20,864.3636363636364
274,21,881.4556803372532
274,22,898.3532989252072
274,23,913.9606316869211
274,24,927.181818181818
274,25,937.3909314643508
274,26,945.841778569094
274,27,954.258100025654
274,28,964.3636363636364
274,29,977.382582441708
274,30,992.5409504347804
274,31,1008.565206846826
274,32,1024.1818181818182
274,33,1038.1341364960902
274,34,1049.233056055421
274,35,1056.3063566779506
274,36,1058.1818181818182
274,37,1054.3223488466583
274,38,1046.7313707980802
274,39,1038.0474346231897
274,40,1030.909090909091
274,41,1027.258286299096
274,42,1026.2505516613485
274,43,1026.3448139201994
274,44,1026.0
274,45,1023.9044491387764
274,46,1019.6641498292536
274,47,1013.1145028778312
274,48,1004.0909090909092
274,49,992.8057353276164
274,50,980.9792126580008
274,51,970.7085382048392
274,52,964.0909090909092
274,53,962.6069845507584
274,54,965.2712722660164
274,55,970.4817420300848
274,56,976.6363636363636
274,57,982.4850764693512
274,58,988.185698277934
274,59,994.2480164020952
274,60,1001.181818181818
274,61,1009.348306162746
274,62,1018.5143437131568
274,63,1028.2982094069894
274,64,1038.3181818181818
274,65,1048.2289431978477
274,66,1057.8307905058025
274,67,1066.960424379038
274,68,1075.4545454545455
274,69,1083.202540364046
274,70,1090.304539718179
274,71,1096.9133601223134
274,72,1103.1818181818182
274,73,1109.0965487550593
274,74,1113.979459712391
274,75,1116.9862771771632
274,76,1117.2727272727273
274,77,1114.3061509793529
274,78,1108.8003487049857
274,79,1101.7807357144886
274,80,1094.2727272727273
274,81,1087.005551872984
274,82,1079.523690922214
274,83,1071.0754390557915
274,84,1060.909090909091
274,85,1048.533857437803
274,86,1034.5026148788863
274,87,1019.6291557896174
274,88,1004.7272727272727
274,89,990.4485070121686
274,90,976.7953950167864
274,91,963.6082218766476
274,92,950.7272727272727
274,93,938.0868872407945
274,94,925.9976232357856
274,95,914.8640930674292
275,0,905.0909090909092
275,1,896.8729781155624
275,2,889.5663847673445
275,3,882.317508126363
275,4,874.2727272727273
275,5,864.8913707515003
275,6,854.8845649675644
275,7,845.276385790755
275,8,837.0909090909091
275,9,831.2334138784361
275,10,828.1339917260353
275,11,828.1039373469811
275,12,831.4545454545455
275,13,838.2147464620291
275,14,847.2840135828396
275,15,857.2794557304125
275,16,866.8181818181819
275,17,874.9772025461751
275,18,882.6731357607871
275,19,891.2825010950058
275,20,902.181818181818
275,21,916.1818410805436
275,22,931.8302615558296
275,23,947.1090057986552
275,24,960.0
275,25,969.1888990407414
275,26,976.1762725613496
275,27,983.1664188921916
275,28,992.3636363636364
275,29,1005.2102900292178
275,30,1020.1010118351368
275,31,1034.66850045076
275,32,1046.5454545454545
275,33,1053.930168115114
275,34,1057.2833164617398
275,35,1057.6311702138591
275,36,1056.0
275,37,1053.252276146689
275,38,1049.5952677724497
275,39,1045.0724436938035
275,40,1039.7272727272727
275,41,1033.7965227526745
275,42,1028.2901579030065
275,43,1024.4114413745629
275,44,1023.3636363636364
275,45,1025.89401920625
275,46,1030.9259187973423
275,47,1036.9266771715822
275,48,1042.3636363636365
275,49,1046.091889058689
275,50,1048.5175305439864
275,51,1050.4344067572906
275,52,1052.6363636363635
275,53,1055.8506404680847
275,54,1060.5380499358023
275,55,1067.0927980719823
275,56,1075.909090909091
275,57,1087.1419127053357
275,58,1099.9893606218943
275,59,1113.410310045688
275,60,1126.3636363636365
275,61,1138.0163678014817
275,62,1148.3681439402555
275,63,1157.6267571998108
275,64,1166.0
275,65,1173.6505706341914
275,66,1180.56079088981
275,67,1186.6678884277962
275,68,1191.909090909091
275,69,1196.246406479935
275,70,1199.7409652277777
275,71,1202.478677725367
275,72,1204.5454545454545
275,73,1205.910678446068
275,74,1206.0776209263531
275,75,1204.4330256707342
275,76,1200.3636363636365
275,77,1193.5810501903386
275,78,1185.096278339537
275,79,1176.2451855007864
275,80,1168.3636363636365
275,81,1162.259438974397
275,82,1156.6281748064057
275,83,1149.637368689757
275,84,1139.4545454545455
275,85,1124.8144325484377
275,86,1106.7205678893858
275,87,1086.7436920129137
275,88,1066.4545454545455
275,89,1047.1561262863986
275,90,1029.080462726961
275,91,1012.1918405313162
275,92,996.4545454545456
275,93,981.8224259423328
275,94,968.2075812027696
275,95,955.5116731345488
276,0,943.6363636363636
276,1,932.5101358533616
276,2,922.1687579165064
276,3,912.6748192032162
276,4,904.0909090909092
276,5,896.4665760987665
276,6,889.7992053130233
276,7,884.0731409616775
276,8,879.2727272727273
276,9,875.3650370242996
276,10,872.2480571950365
276,11,869.8025033137102
276,12,867.9090909090909
276,13,866.5746962585807
276,14,866.3108386341027
276,15,867.7551980562095
276,16,871.5454545454545
276,17,878.1245302141047
276,18,887.1563155412802
276,19,898.1099430978157
276,20,910.4545454545456
276,21,923.6132624304556
276,22,936.8252628371404
276,23,949.2837227343458
276,24,960.181818181818
276,25,969.1553746095276
276,26,977.6108149283403
276,27,987.3972114193464
276,28,1000.3636363636364
276,29,1017.6658073132523
276,30,1037.6860229040442
276,31,1058.1132270428138
276,32,1076.6363636363635
276,33,1091.330543864736
276,34,1101.8155480009375
276,35,1108.097323591216
276,36,1110.1818181818182
276,37,1108.3529263187131
276,38,1104.006330546751
276,39,1098.8156604105047
276,40,1094.4545454545455
276,41,1092.3131485876852
276,42,1092.6477661756942
276,43,1095.4312279485837
276,44,1100.6363636363635
276,45,1108.0990247850928
276,46,1117.107150205018
276,47,1126.8117005224342
276,48,1136.3636363636365
276,49,1145.2396159083082
276,50,1154.2190875496894
276,51,1164.4071972344077
276,52,1176.909090909091
276,53,1192.5078524907651
276,54,1210.698317778043
276,55,1230.653260539936
276,56,1251.5454545454545
276,57,1272.635224128632
276,58,1293.5330958835928
276,59,1313.9371469694847
276,60,1333.5454545454545
276,61,1351.962614631071
276,62,1368.4192986875855
276,63,1382.052697036671
276,64,1392.0
276,65,1397.6549423470844
276,66,1399.437436638793
276,67,1398.023939883832
276,68,1394.090909090909
276,69,1388.3167637078632
276,70,1381.3877729390608
276,71,1373.992168428001
276,72,1366.8181818181818
276,73,1360.266923276008
276,74,1353.5910170595089
276,75,1345.7559659496185
276,76,1335.7272727272727
276,77,1322.854179551741
276,78,1308.020886095632
276,79,1292.4953314098884
276,80,1277.5454545454545
276,81,1264.0209039715735
276,82,1251.098165830691
276,83,1237.5354356835542
276,84,1222.090909090909
276,85,1203.8860681983288
276,86,1183.495541490695
276,87,1161.8572440377125
276,88,1139.909090909091
276,89,1118.4745959623835
276,90,1097.919668206532
276,91,1078.495815438323
276,92,1060.4545454545455
276,93,1043.917252497591
276,94,1028.4848765922695
276,95,1013.6282442089948
277,0,958.8654545454547
277,1,944.3480473762718
277,2,929.8406469528699
277,3,915.8165594166691
277,4,902.7490909090909
277,5,891.0172480972262
277,6,880.6228397508517
277,7,871.4733751654148
277,8,863.4763636363637
277,9,856.6261420530055
277,10,851.2643576800873
277,11,847.8194853762166
277,12,846.7199999999999
277,13,848.2395473271157
277,14,852.0324568015257
277,15,857.5982287842642
277,16,864.4363636363637
277,17,872.1779413658046
277,18,880.9803605683547
277,19,891.1325994867271
277,20,902.9236363636362
277,21,916.4455053914837
277,22,931.0024645614197
277,23,945.7018278142821
277,24,959.6509090909091
277,25,972.3841279773519
277,26,985.1443266405128
277,27,999.6014528925083
277,28,1017.4254545454545
277,29,1039.579346335473
277,30,1064.1984106947107
277,31,1088.7109969793203
277,32,1110.5454545454545
277,33,1127.7103048625738
277,34,1140.5347578533715
277,35,1149.9281955538465
277,36,1156.8
277,37,1162.0644342142305
277,38,1166.6552851645313
277,39,1171.5112208052935
277,40,1177.570909090909
277,41,1185.4392310077765
277,42,1194.3859196703218
277,43,1203.3469212249793
277,44,1211.2581818181818
277,45,1217.4122781183003
277,46,1222.5283088814544
277,47,1227.6820033856989
277,48,1233.949090909091
277,49,1242.2493837917486
277,50,1252.879026622043
277,51,1265.9782470504063
277,52,1281.6872727272726
277,53,1300.0124594419772
277,54,1320.424675539465
277,55,1342.2609175035839
277,56,1364.8581818181817
277,57,1387.531687531252
277,58,1409.50954394737
277,59,1429.9980829352578
277,60,1448.2036363636362
277,61,1463.4416995239244
277,62,1475.4644213983274
277,63,1484.1331143917491
277,64,1489.309090909091
277,65,1490.8969689185044
277,66,1488.9745886411363
277,67,1483.6630958613828
277,68,1475.0836363636363
277,69,1463.5549702566022
277,70,1450.186314946216
277,71,1436.2845021627218
277,72,1423.1563636363637
277,73,1411.677240964177
277,74,1400.9965152103623
277,75,1389.8320773059122
277,76,1376.901818181818
277,77,1361.309247704872
277,78,1343.700351485062
277,79,1325.1067340681755
277,80,1306.56
277,81,1288.7812227617894
277,82,1271.2493515766623
277,83,1253.132804603204
277,84,1233.6
277,85,1212.0813157934251
277,86,1189.0549694810156
277,87,1165.2611384280983
277,88,1141.44
277,89,1118.1971504281466
277,90,1095.5998614083655
277,91,1073.5808235025836
277,92,1052.0727272727272
277,93,1031.0896279485335
277,94,1010.9710394309764
277,95,992.1378402888399
278,0,944.5418181818183
278,1,929.8800260858023
278,2,916.9021291928851
278,3,905.2313495217074
278,4,894.4909090909093
278,5,884.4166339225582
278,6,875.1947660524283
278,7,867.1241515197211
278,8,860.5036363636364
278,9,855.5673586785108
278,10,852.2906247792196
278,11,850.5840330357732
278,12,850.3581818181818
278,13,851.490238181581
278,14,853.7236439216027
278,15,856.7684095190051
278,16,860.3345454545456
278,17,864.3040749588026
278,18,869.2470722616424
278,19,875.9056243427519
278,20,885.0218181818182
278,21,897.0001665286636
278,22,910.8948852136468
278,23,925.422615837261
278,24,939.3000000000001
278,25,951.8301452901801
278,26,964.6620232474077
278,27,980.0310713991136
278,28,1000.1727272727273
278,29,1026.3035846969806
278,30,1055.5648627058133
278,31,1084.0789366344663
278,32,1107.968181818182
278,33,1124.3814960355342
278,34,1134.5738668384301
278,35,1140.8268042221116
278,36,1145.421818181818
278,37,1150.2123913881564
278,38,1155.3398972131934
278,39,1160.5176817043603
278,40,1165.459090909091
278,41,1169.9936969345679
278,42,1174.4159761269798
278,43,1179.1366308922647
278,44,1184.5663636363638
278,45,1191.088247009936
278,46,1198.9748346425254
278,47,1208.4710504083978
278,48,1219.8218181818181
278,49,1233.1976616165982
278,50,1248.4715034847372
278,51,1265.44186633778
278,52,1283.9072727272728
278,53,1303.6691462963984
278,54,1324.5405150548904
278,55,1346.3373081041188
278,56,1368.8754545454547
278,57,1391.836846947808
278,58,1414.3672317502474
278,59,1435.478318859381
278,60,1454.1818181818182
278,61,1469.564289776007
278,62,1481.0116943077571
278,63,1487.9848425947202
278,64,1489.9445454545455
278,65,1486.6182240618018
278,66,1478.7997410187238
278,67,1467.5495692844665
278,68,1453.928181818182
278,69,1438.9142202267876
278,70,1423.1590007082561
278,71,1407.2320081083235
278,72,1391.7027272727273
278,73,1376.941116621958
278,74,1362.5190288755255
278,75,1347.8087903276937
278,76,1332.1827272727273
278,77,1315.2444808990172
278,78,1297.522951971461
278,79,1279.7783561490833
278,80,1262.770909090909
278,81,1246.9591416001563
278,82,1231.5948450568135
278,83,1215.6281259850643
278,84,1198.0090909090911
278,85,1178.0357850867226
278,86,1156.3980087103762
278,87,1134.1335007061139
278,88,1112.28
278,89,1091.5909993029534
278,90,1071.6830064653188
278,91,1051.8882831222977
278,92,1031.539090909091
278,93,1010.2692802014643
278,94,988.9190563374402
278,95,968.6302133956052
279,0,1022.0909090909092
279,1,1005.8628168429216
279,2,992.1919305996216
279,3,980.0387154201478
279,4,968.3636363636364
279,5,956.3910877391546
279,6,944.4011808554876
279,7,932.9379562713492
279,8,922.5454545454544
279,9,913.6481162913692
279,10,906.1919823420648
279,11,900.0034935853641
279,12,894.9090909090909
279,13,890.7834925499142
279,14,887.6945261398901
279,15,885.758296659921
279,16,885.0909090909091
279,17,885.7449021453376
279,18,887.5185494620114
279,19,890.1465584113157
279,20,893.3636363636364
279,21,896.9329215960082
279,22,900.7312760120648
279,23,904.6639924220888
279,24,908.6363636363636
279,25,912.9481273797202
279,26,919.476801035184
279,27,930.4943469003284
279,28,948.2727272727273
279,29,973.8697393396563
279,30,1003.4865198471996
279,31,1032.110040431143
279,32,1054.7272727272727
279,33,1067.6538811707449
279,34,1072.520301394199
279,35,1072.2856618296444
279,36,1069.909090909091
279,37,1067.9508155228186
279,38,1067.3754563941866
279,39,1068.7487327048254
279,40,1072.6363636363635
279,41,1079.3297885561628
279,42,1088.023327574509
279,43,1097.6370209874185
279,44,1107.090909090909
279,45,1115.6561666161658
279,46,1124.0085060350498
279,47,1133.1747742545908
279,48,1144.1818181818182
279,49,1157.8523631609917
279,50,1174.1926482852914
279,51,1193.0047910851274
279,52,1214.090909090909
279,53,1237.217051194412
279,54,1262.0049917328745
279,55,1288.0404364048995
279,56,1314.909090909091
279,57,1342.0621025159048
279,58,1368.41238478321
279,59,1392.7382928407285
279,60,1413.8181818181818
279,61,1430.672322832878
279,62,1443.2886509524672
279,63,1451.8970172321865
279,64,1456.7272727272727
279,65,1458.012810698039
279,66,1456.0011932251034
279,67,1450.943524594162
279,68,1443.090909090909
279,69,1432.7096730113308
279,70,1420.1270306925735
279,71,1405.6854184820754
279,72,1389.7272727272727
279,73,1372.6215086202742
279,74,1354.8429567318738
279,75,1336.8929264775363
279,76,1319.2727272727273
279,77,1302.400883416663
279,78,1286.3647787435673
279,79,1271.1690119714149
279,80,1256.8181818181818
279,81,1243.2025145312562
279,82,1229.754746475676
279,83,1215.7932415458945
279,84,1200.6363636363635
279,85,1183.8061039128595
279,86,1165.638962626456
279,87,1146.675067299552
279,88,1127.4545454545455
279,89,1108.5105698173063
279,90,1090.3484939275904
279,91,1073.4667165286248
279,92,1058.3636363636365
279,93,1045.290821363369
279,94,1033.5125162086358
279,95,1022.0461347677664
280,0,1009.9090909090908
280,1,996.3815424564898
280,2,981.7946230560476
280,3,966.7422103094
280,4,951.818181818182
280,5,937.5722133561264
280,6,924.3771733853556
280,7,912.5617285400888
280,8,902.4545454545456
280,9,894.271365482641
280,10,887.7762288570758
280,11,882.6202505302452
280,12,878.4545454545455
280,13,874.9801088042179
280,14,872.0974566408869
280,15,869.756985248021
280,16,867.9090909090909
280,17,866.5439947550324
280,18,865.8112173066497
280,19,865.9001039322153
280,20,867.0
280,21,869.1734576301986
280,22,871.9758559506961
280,23,874.8357808413001
280,24,877.1818181818181
280,25,878.9312088150825
280,26,881.955813436021
280,27,888.6161477025852
280,28,901.2727272727273
280,29,921.3147752912894
280,30,946.2463448506747
280,31,972.6001965301772
280,32,996.9090909090908
280,33,1016.3608263833964
280,34,1030.7633526158254
280,35,1040.5796570857965
280,36,1046.2727272727273
280,37,1048.4848169023971
280,38,1048.575244686023
280,39,1048.082595581183
280,40,1048.5454545454545
280,41,1051.1729173706517
280,42,1055.8561231855365
280,43,1062.1567219531073
280,44,1069.6363636363635
280,45,1077.9442522513602
280,46,1087.0798080263771
280,47,1097.1300052427514
280,48,1108.1818181818182
280,49,1120.3952440784528
280,50,1134.222371981682
280,51,1150.18831389407
280,52,1168.8181818181818
280,53,1190.349771434828
280,54,1213.871613137804
280,55,1238.1849209991506
280,56,1262.090909090909
280,57,1284.594874727689
280,58,1305.5184481943743
280,59,1324.8873430184185
280,60,1342.7272727272727
280,61,1358.9951614725976
280,62,1373.3727759028793
280,63,1385.4730932908124
280,64,1394.909090909091
280,65,1401.3335702910122
280,66,1404.5586300122898
280,67,1404.4361929092406
280,68,1400.8181818181818
280,69,1393.7430005451718
280,70,1383.994976775234
280,71,1372.544919163134
280,72,1360.3636363636365
280,73,1348.1560752555738
280,74,1335.563735614047
280,75,1321.9622554382238
280,76,1306.7272727272727
280,77,1289.5162211598065
280,78,1271.1137171322157
280,79,1252.5861727203348
280,80,1235.0
280,81,1219.070233287019
280,82,1204.106395857092
280,83,1189.066633225891
280,84,1172.909090909091
280,85,1154.866197964845
280,86,1135.2675176212358
280,87,1114.7168966488264
280,88,1093.8181818181818
280,89,1073.1141225808738
280,90,1052.9030791125113
280,91,1033.4223142697113
280,92,1014.9090909090908
280,93,997.5679367116592
280,94,981.472438655992
280,95,966.663448545056
281,0,953.181818181818
281,1,941.0104373906704
281,2,929.9003480817026
281,3,919.5446301864288
281,4,909.6363636363636
281,5,899.9883250892952
281,6,890.892078108107
281,7,882.7588829819564
281,8,876.0
281,9,871.000750888512
281,10,868.0427031222328
281,11,867.3814856130185
281,12,869.2727272727273
281,13,873.7885009021113
281,14,880.2666548575075
281,15,887.8614813841505
281,16,895.7272727272727
281,17,903.3026318666796
281,18,911.1634047204636
281,19,920.1697479412884
281,20,931.181818181818
281,21,944.706937540261
281,22,959.8410898970018
281,23,975.3274245779686
281,24,989.9090909090908
281,25,1002.8071179722756
281,26,1015.1540538733472
281,27,1028.560326474109
281,28,1044.6363636363635
281,29,1064.313170116091
281,30,1085.8040582459728
281,31,1106.6429172528683
281,32,1124.3636363636365
281,33,1137.0453151997249
281,34,1144.9478949609434
281,35,1148.8765272416897
281,36,1149.6363636363635
281,37,1148.1717622668275
281,38,1145.9839073648
281,39,1144.7131896894637
281,40,1146.0
281,41,1150.9224652784194
281,42,1158.3096573980383
281,43,1166.4283844550023
281,44,1173.5454545454545
281,45,1178.4267288922229
281,46,1181.8342812248643
281,47,1185.029238399619
281,48,1189.2727272727273
281,49,1195.6163577890532
281,50,1204.2736722479588
281,51,1215.2486960374306
281,52,1228.5454545454545
281,53,1244.0155104061105
281,54,1260.9005752378462
281,55,1278.2898979052047
281,56,1295.2727272727273
281,57,1311.0332483137793
281,58,1325.13539043702
281,59,1337.2380191599327
281,60,1347.0
281,61,1354.2080304296817
281,62,1359.1601357413465
281,63,1362.2821731823374
281,64,1364.0
281,65,1364.6190049674926
281,66,1363.962702961231
281,67,1361.7341403834444
281,68,1357.6363636363635
281,69,1351.5346997003478
281,70,1343.943597868276
281,71,1335.5397880111573
281,72,1327.0
281,73,1318.7663439583891
281,74,1310.3424510202103
281,75,1300.9973325719266
281,76,1290.0
281,77,1276.8743562842783
281,78,1262.163870778155
281,79,1246.6669044284083
281,80,1231.1818181818182
281,81,1216.2987309044977
281,82,1201.7747931398974
281,83,1187.1589133508032
281,84,1172.0
281,85,1155.8980496431864
281,86,1138.6574112077103
281,87,1120.133521713834
281,88,1100.1818181818182
281,89,1078.849127340939
281,90,1056.9478347565332
281,91,1035.4817157029518
281,92,1015.4545454545456
281,93,997.614531902148
281,94,981.6876134025204
281,95,967.1441609289052
282,0,953.4545454545456
282,1,940.2097905050142
282,2,927.4835298152036
282,3,915.470049672337
282,4,904.3636363636364
282,5,894.3460219868863
282,6,885.5487218821186
282,7,878.0906971999284
282,8,872.0909090909091
282,9,867.6362351838047
282,10,864.6852190199577
282,11,863.1643206188587
282,12,863.0
282,13,864.1956850051673
282,14,867.0626747653234
282,15,871.9892362337273
282,16,879.3636363636364
282,17,889.4389793409813
282,18,901.9277182823848
282,19,916.407143537141
282,20,932.4545454545456
282,21,949.5469771763618
282,22,966.7605430142293
282,23,983.0711100722544
282,24,997.4545454545456
282,25,1009.3276574081166
282,26,1019.8710187516084
282,27,1030.7061434465688
282,28,1043.4545454545455
282,29,1059.1977909184448
282,30,1076.85765470661
282,31,1094.815963868743
282,32,1111.4545454545455
282,33,1125.2803266453766
282,34,1135.300635149224
282,35,1140.6478988057322
282,36,1140.4545454545455
282,37,1134.4053343182304
282,38,1124.3943501510394
282,39,1112.868009090147
282,40,1102.2727272727273
282,41,1094.5244724453385
282,42,1089.417418792073
282,43,1086.2152921064078
282,44,1084.1818181818182
282,45,1082.752457718598
282,46,1082.0496110443046
282,47,1082.3674133933143
282,48,1084.0
282,49,1087.1247875893614
282,50,1091.4523188488895
282,51,1096.5764179567004
282,52,1102.090909090909
282,53,1107.6858919239571
282,54,1113.4365681055908
282,55,1119.514414779884
282,56,1126.090909090909
282,57,1133.344712896629
282,58,1141.4832269105648
282,59,1150.7210365601277
282,60,1161.2727272727273
282,61,1173.132699671345
282,62,1185.4146151612406
282,63,1197.011950343243
282,64,1206.8181818181818
282,65,1213.9952270543542
282,66,1218.7787669899278
282,67,1221.672923430537
282,68,1223.1818181818182
282,69,1223.7500284748746
282,70,1223.5839532426858
282,71,1222.8304468436995
282,72,1221.6363636363635
282,73,1220.0430113188745
282,74,1217.6695109484203
282,75,1214.029436921938
282,76,1208.6363636363635
282,77,1201.2114489769
282,78,1192.3061847818144
282,79,1182.6796463776395
282,80,1173.090909090909
282,81,1164.0557950462523
282,82,1155.1171135606858
282,83,1145.5744207493217
282,84,1134.7272727272727
282,85,1122.0852572017268
282,86,1107.9980882481702
282,87,1093.025511534165
282,88,1077.7272727272727
282,89,1062.5520397832045
282,90,1047.5041698102696
282,91,1032.4769422049274
282,92,1017.3636363636364
282,93,1002.1298791200009
282,94,987.0306870562056
282,95,972.39342419158
283,0,958.5454545454544
283,1,945.7764551004288
283,2,934.2253546921816
283,3,923.9933951196618
283,4,915.181818181818
283,5,907.8225391146476
283,6,901.6701669023408
283,7,896.4099839661365
283,8,891.7272727272727
283,9,887.4419111682529
283,10,883.9121595166366
283,11,881.6308735612475
283,12,881.0909090909091
283,13,882.6711798487034
283,14,886.294831394748
283,15,891.7710672434185
283,16,898.9090909090909
283,17,907.6304717096604
283,18,918.3062421770989
283,19,931.4198006468968
283,20,947.4545454545456
283,21,966.4802287672009
283,22,986.912018078676
283,23,1006.7514347144494
283,24,1024.0
283,25,1037.2809995851733
283,26,1047.7047764172885
283,27,1057.003437768032
283,28,1066.909090909091
283,29,1078.6585569830147
283,30,1091.5075126158065
283,31,1104.2163483043307
283,32,1115.5454545454545
283,33,1124.4100565736771
283,34,1130.3447185740324
283,35,1133.0388394691902
283,36,1132.1818181818182
283,37,1127.73814854046
283,38,1120.7727039971548
283,39,1112.6254529098178
283,40,1104.6363636363635
283,41,1097.9697356281208
283,42,1093.0871927100752
283,43,1090.274689800629
283,44,1089.8181818181818
283,45,1091.843136219785
283,46,1095.833070617089
283,47,1101.1110151603943
283,48,1107.0
283,49,1112.853742220011
283,50,1118.1487066397492
283,51,1122.39204501234
283,52,1125.090909090909
283,53,1125.99189490017
283,54,1125.7993755511868
283,55,1125.45716842661
283,56,1125.909090909091
283,57,1127.857655452036
283,58,1131.0401547918684
283,59,1134.9525767357666
283,60,1139.090909090909
283,61,1142.9965173825956
283,62,1146.3922780086127
283,63,1149.046445084869
283,64,1150.7272727272727
283,65,1151.3636613812182
283,66,1151.5270968100444
283,67,1151.9497111065757
283,68,1153.3636363636365
283,69,1156.229234819804
283,70,1159.9197892966642
283,71,1163.5368127615563
283,72,1166.1818181818182
283,73,1167.100081157748
283,74,1166.11192782148
283,75,1163.1814469381088
283,76,1158.2727272727273
283,77,1151.4684519128402
283,78,1143.3256812355964
283,79,1134.520069940554
283,80,1125.7272727272727
283,81,1117.3727020999816
283,82,1108.880801781589
283,83,1099.4257732996748
283,84,1088.1818181818182
283,85,1074.6131828690525
283,86,1059.3442934562297
283,87,1043.2896209516553
283,88,1027.3636363636365
283,89,1012.3024073329
283,90,998.1283880298572
283,91,984.6856292573405
283,92,971.818181818182
283,93,959.3703696175294
283,94,947.187608969796
283,95,935.1155892917104
284,0,923.0
284,1,910.8070232878908
284,2,898.9848124545944
284,3,888.1020135758189
284,4,878.7272727272727
284,5,871.2992645036342
284,6,865.7367775754625
284,7,861.828629132287
284,8,859.3636363636364
284,9,858.1081346066632
284,10,857.73853178901
284,11,857.9087539859428
284,12,858.2727272727273
284,13,858.7028561606226
284,14,859.9454589048614
284,15,862.9653321966694
284,16,868.7272727272727
284,17,877.8957816599374
284,18,889.9341780460902
284,19,904.0054854091978
284,20,919.2727272727273
284,21,934.9057785632637
284,22,950.1019198198682
284,23,964.0652829847204
284,24,976.0
284,25,985.4924677233712
284,26,993.6581426744368
284,27,1001.994746288284
284,28,1012.0
284,29,1024.594520997797
284,30,1038.3905094823845
284,31,1051.4230614075984
284,32,1061.7272727272727
284,33,1067.8197891945326
284,34,1070.1434557596615
284,35,1069.6226671722322
284,36,1067.1818181818182
284,37,1063.7356972240732
284,38,1060.1606674789707
284,39,1057.3234858125645
284,40,1056.090909090909
284,41,1057.052762818266
284,42,1059.6911470517296
284,43,1063.211230486601
284,44,1066.8181818181818
284,45,1069.9026833210437
284,46,1072.5974715868383
284,47,1075.2207967864863
284,48,1078.090909090909
284,49,1081.40468571574
284,50,1084.8735120554627
284,51,1088.0874005492717
284,52,1090.6363636363635
284,53,1092.3166419978138
284,54,1093.7493892822208
284,55,1095.7619873800627
284,56,1099.1818181818182
284,57,1104.6753372020949
284,58,1112.265294452018
284,59,1121.813513566841
284,60,1133.1818181818182
284,61,1146.0658160119876
284,62,1159.4962510915254
284,63,1172.3376515343912
284,64,1183.4545454545455
284,65,1192.004580568136
284,66,1198.3178830000625
284,67,1203.0176984774118
284,68,1206.7272727272727
284,69,1209.9101798972868
284,70,1212.3913078173168
284,71,1213.835872737779
284,72,1213.909090909091
284,73,1212.3490180245349
284,74,1209.185067548853
284,75,1204.5194923896545
284,76,1198.4545454545455
284,77,1191.114202550028
284,78,1182.7093310781786
284,79,1173.4725213399672
284,80,1163.6363636363635
284,81,1153.3688876844435
284,82,1142.579880865704
284,83,1131.1145699777496
284,84,1118.8181818181818
284,85,1105.5849626212892
284,86,1091.5052363680954
284,87,1076.7183464763084
284,88,1061.3636363636365
284,89,1045.606602739491
284,90,1029.7173554800968
284,91,1013.9921577533815
284,92,998.7272727272727
284,93,984.1917514207472
284,94,970.5457962569728
284,95,957.9223975101668
285,0,946.4545454545456
285,1,936.2286643047934
285,2,927.1449140374664
285,3,919.056888569588
285,4,911.818181818182
285,5,905.30268226917
285,6,899.4654566840704
285,7,894.2818663932993
285,8,889.7272727272727
285,9,885.8461179821625
285,10,882.9591683171609
285,11,881.4562708572153
285,12,881.7272727272727
285,13,884.0401185294526
285,14,888.1751427745589
285,15,893.7907774505675
285,16,900.5454545454545
285,17,908.1837488091186
285,18,916.7948060391496
285,19,926.5539147950605
285,20,937.6363636363636
285,21,950.0146589613458
285,22,962.8501785233882
285,23,975.1015179146452
285,24,985.7272727272727
285,25,994.1837517091342
285,26,1001.9181162309336
285,27,1010.8752408190844
285,28,1023.0
285,29,1039.4847092021173
285,30,1058.511447461968
285,31,1077.5097347181072
285,32,1093.909090909091
285,33,1105.7211614823968
285,34,1113.2860939211942
285,35,1117.5261612175766
285,36,1119.3636363636365
285,37,1119.6334857773872
285,38,1118.8214495805275
285,39,1117.325961320677
285,40,1115.5454545454545
285,41,1113.7761454080544
285,42,1111.905380483968
285,43,1109.718288954261
285,44,1107.0
285,45,1103.7022734994862
285,46,1100.4433921199643
285,47,1098.008269225915
285,48,1097.1818181818182
285,49,1098.561067412183
285,50,1101.9915055816298
285,51,1107.1307364148072
285,52,1113.6363636363635
285,53,1121.081865942691
285,54,1128.704221917153
285,55,1135.6562851148567
285,56,1141.090909090909
285,57,1144.517718817053
285,58,1146.8734249315764
285,59,1149.4515094894025
285,60,1153.5454545454545
285,61,1160.0432815163692
285,62,1168.2111692656324
285,63,1176.9098360184432
285,64,1185.0
285,65,1191.5506323901973
285,66,1196.4637161877115
285,67,1199.8494873459156
285,68,1201.8181818181818
285,69,1202.4857230137509
285,70,1201.990784165339
285,71,1200.4777259615298
285,72,1198.090909090909
285,73,1194.904202827527
285,74,1190.7095107872972
285,75,1185.228245171601
285,76,1178.1818181818182
285,77,1169.478431585233
285,78,1159.773445412745
285,79,1149.909009261157
285,80,1140.7272727272727
285,81,1132.7886049224503
285,82,1125.5262530162688
285,83,1118.0916836928618
285,84,1109.6363636363635
285,85,1099.4864669067838
285,86,1087.6669970676346
285,87,1074.3776650583045
285,88,1059.8181818181818
285,89,1044.234277450415
285,90,1028.055758713193
285,91,1011.7584515284652
285,92,995.818181818182
285,93,980.7113664733752
285,94,966.916786261412
285,95,954.913812918743
286,0,945.181818181818
286,1,938.0097452924484
286,2,932.9248235138862
286,3,929.2638536147444
286,4,926.3636363636364
286,5,923.6686864477404
286,6,921.054374228498
286,7,918.5037839859156
286,8,916.0
286,9,913.5825543711352
286,10,911.5167704812131
286,11,910.1244195325028
286,12,909.7272727272727
286,13,910.4329142495368
286,14,911.4921802102858
286,15,911.9417197022558
286,16,910.818181818182
286,17,907.545163630718
286,18,903.0940541321892
286,19,898.8231902948384
286,20,896.0909090909091
286,21,895.823931227592
286,22,897.2225123518675
286,23,899.0552918456636
286,24,900.0909090909091
286,25,899.4716114589144
286,26,897.8340782785234
286,27,896.188596867961
286,28,895.5454545454545
286,29,896.7399070276591
286,30,899.9070836249492
286,31,905.0070820461282
286,32,912.0
286,33,920.4963172486304
286,34,928.7080417671344
286,35,934.4975635838896
286,36,935.7272727272727
286,37,931.1739717050918
286,38,923.2721129428764
286,39,915.3705613455866
286,40,910.818181818182
286,41,911.8546709310024
286,42,916.2830519159056
286,43,920.7971796701283
286,44,922.0909090909092
286,45,917.8661513890816
286,46,909.8570430298666
286,47,900.8057767920818
286,48,893.4545454545455
286,49,890.0457803308541
286,50,890.8228668737204
286,51,895.5294290706353
286,52,903.9090909090908
286,53,915.6055568329568
286,54,929.8628531116166
286,55,945.8250864708316
286,56,962.6363636363636
286,57,979.5746059736824
286,58,996.4529934070864
286,59,1013.2185205005844
286,60,1029.8181818181818
286,61,1046.1698829086777
286,62,1062.0751732600363
286,63,1077.306513345013
286,64,1091.6363636363635
286,65,1104.80410102797
286,66,1116.4167680982223
286,67,1126.0483238466356
286,68,1133.2727272727273
286,69,1137.7926902521688
286,70,1139.8259361652567
286,71,1139.7189412684436
286,72,1137.8181818181818
286,73,1134.4086606906274
286,74,1129.529487240751
286,75,1123.158297443226
286,76,1115.2727272727273
286,77,1105.968973803503
286,78,1095.8174785081037
286,79,1085.507243958652
286,80,1075.7272727272727
286,81,1066.9739668226316
286,82,1058.973325999562
286,83,1051.2587494494385
286,84,1043.3636363636365
286,85,1034.8936816332427
286,86,1025.7437629481942
286,87,1015.8810536981392
286,88,1005.2727272727273
286,89,993.9086930080334
286,90,981.869804025843
286,91,969.2596493943672
286,92,956.181818181818
286,93,942.8138758800776
286,94,929.6292936757064
286,95,917.1755191789372
287,0,906.0
287,1,896.4636443807477
287,2,888.1812030895126
287,3,880.5808875262487
287,4,873.0909090909091
287,5,865.3031375060232
287,6,857.4640757844246
287,7,849.9838852615229
287,8,843.2727272727273
287,9,837.6434078678868
287,10,833.019311954607
287,11,829.2264691549327
287,12,826.0909090909091
287,13,823.4428332951568
287,14,821.1291309426018
287,15,819.0008631187458
287,16,816.9090909090909
287,17,814.8210544060313
287,18,813.1687097295318
287,19,812.5001920064478
287,20,813.3636363636364
287,21,816.044255898899
287,22,819.775575593817
287,23,823.5281984009179
287,24,826.2727272727273
287,25,827.5090242711001
287,26,828.8539878951997
287,27,832.4537757535177
287,28,840.4545454545455
287,29,854.1668061076106
287,30,871.5584728253845
287,31,889.7618122213753
287,32,905.9090909090908
287,33,917.86068311664
287,34,926.3893935305348
287,35,932.99613445189
287,36,939.181818181818
287,37,946.0381886985572
287,38,953.0203166888384
287,39,959.1741045165192
287,40,963.5454545454544
287,41,965.5206529982228
287,42,965.847521532292
287,43,965.6142656638514
287,44,965.9090909090908
287,45,967.585165217642
287,46,970.5555062729022
287,47,974.4980941917116
287,48,979.0909090909092
287,49,984.2395384039364
287,50,990.759998830644
287,51,999.6959143874842
287,52,1012.0909090909092
287,53,1028.5561129847938
287,54,1047.9726802227033
287,55,1068.7892709856244
287,56,1089.4545454545455
287,57,1108.7860096568884
287,58,1127.0765530058156
287,59,1144.9879107609263
287,60,1163.1818181818182
287,61,1182.0384847512898
287,62,1200.8120168449425
287,63,1218.4749950615785
287,64,1234.0
287,65,1246.5415854288622
287,66,1255.9821977962326
287,67,1262.3862567200322
287,68,1265.8181818181818
287,69,1266.4088098968984
287,70,1264.554646515582
287,71,1260.718614421929
287,72,1255.3636363636365
287,73,1248.8373795289997
287,74,1241.0264888687122
287,75,1231.702353774069
287,76,1220.6363636363635
287,77,1207.7942288052857
287,78,1193.9189434641137
287,79,1179.947822754521
287,80,1166.8181818181818
287,81,1155.1149666134932
287,82,1144.013646365742
287,83,1132.3373211169385
287,84,1118.909090909091
287,85,1102.8950524680142
287,86,1084.8332892547369
287,87,1065.6048814140906
287,88,1046.090909090909
287,89,1027.0832326053592
287,90,1009.0168329789484
287,91,992.2374714085176
287,92,977.0909090909092
287,93,963.7720171105484
287,94,951.8721061021974
287,95,940.8315965882022
288,0,930.0909090909092
288,1,919.2917671342656
288,2,908.8811062486257
288,3,899.5071649659454
288,4,891.8181818181819
288,5,886.2143234432996
288,6,882.1034689033008
288,7,878.6454253661973
288,8,875.0
288,9,870.6250868198091
288,10,866.1709272290796
288,11,862.585849478356
288,12,860.8181818181819
288,13,861.610613368373
288,14,864.883276725835
288,15,870.3506653567426
288,16,877.7272727272727
288,17,886.7818915248797
288,18,897.5005113221268
288,19,909.923420912856
288,20,924.0909090909092
288,21,939.8342637139268
288,22,956.1487688947489
288,23,971.8207078100146
288,24,985.6363636363636
288,25,996.7404286194136
288,26,1005.7112312806962
288,27,1013.4855092107214
288,28,1021.0
288,29,1028.965385444783
288,30,1037.1881241642848
288,31,1045.2486189834626
288,32,1052.7272727272727
288,33,1059.4079727832743
288,34,1065.888544789438
288,35,1072.970298946337
288,36,1081.4545454545455
288,37,1091.8473256948478
288,38,1103.4736057688733
288,39,1115.3630829584622
288,40,1126.5454545454545
288,41,1136.3461903464251
288,42,1145.2738503168869
288,43,1154.132766947087
288,44,1163.7272727272727
288,45,1174.7068333739967
288,46,1187.1014475090335
288,47,1200.7862469804625
288,48,1215.6363636363635
288,49,1231.518237521224
288,50,1248.2635414651604
288,51,1265.695256494699
288,52,1283.6363636363635
288,53,1301.7955006320171
288,54,1319.4239320848696
288,55,1335.658579313469
288,56,1349.6363636363635
288,57,1360.8508963143447
288,58,1370.2225483771797
288,59,1379.0283807968792
288,60,1388.5454545454545
288,61,1399.5466527469675
288,62,1410.7881471336848
288,63,1420.5219315899228
288,64,1427.0
288,65,1428.9681745159662
288,66,1427.1475903608082
288,67,1422.7532110252462
288,68,1417.0
288,69,1410.8221264618942
288,70,1404.0305823321726
288,71,1396.1555652181828
288,72,1386.7272727272727
288,73,1375.429399181911
288,74,1362.559625765047
288,75,1348.56913037475
288,76,1333.909090909091
288,77,1318.95459499228
288,78,1303.7763691530945
288,79,1288.3690496464528
288,80,1272.7272727272727
288,81,1256.793414030787
288,82,1240.3008067134836
288,83,1222.930523312166
288,84,1204.3636363636365
288,85,1184.4839647936635
288,86,1163.9863130838794
288,87,1143.768232104883
288,88,1124.7272727272727
288,89,1107.5235677036503
288,90,1091.8675773146344
288,91,1077.2323437228467
288,92,1063.090909090909
288,93,1048.9295768917343
288,94,1034.2876958394004
288,95,1018.7178759582752
289,0,1001.7727272727273
289,1,983.4605395021384
289,2,965.6123211459455
289,3,950.5147603985978
289,4,940.4545454545456
289,5,936.8880662360746
289,6,937.9505195768174
289,7,940.9468040382424
289,8,943.181818181818
289,9,942.5759739626538
289,10,939.511736910421
289,11,934.9870859484322
289,12,930.0
289,13,925.528208367856
289,14,922.468441872408
289,15,921.6971817134832
289,16,924.0909090909092
289,17,930.2842039295588
289,18,939.9440410544928
289,19,952.4954940158163
289,20,967.3636363636364
289,21,983.8307145502714
289,22,1000.6076666368936
289,23,1016.2626035868868
289,24,1029.3636363636365
289,25,1038.9753242329914
289,26,1046.1480196706605
289,27,1052.4285234548177
289,28,1059.3636363636365
289,29,1068.114579426854
289,30,1078.3002546804646
289,31,1089.1539844120243
289,32,1099.909090909091
289,33,1109.9811307868642
289,34,1119.5145979711174
289,35,1128.8362207152666
289,36,1138.2727272727273
289,37,1148.043283789325
289,38,1157.93680798052
289,39,1167.6346554541822
289,40,1176.8181818181818
289,41,1185.242040874018
289,42,1192.9540791977115
289,43,1200.075441558913
289,44,1206.7272727272727
289,45,1213.0936663509665
289,46,1219.6105115922694
289,47,1226.7766464919837
289,48,1235.090909090909
289,49,1244.8974982675716
289,50,1255.9220562513926
289,51,1267.7355861095168
289,52,1279.909090909091
289,53,1292.0478746696565
289,54,1303.894445220343
289,55,1315.2256113426758
289,56,1325.8181818181818
289,57,1335.5175371447117
289,58,1344.443344685418
289,59,1352.783843519779
289,60,1360.7272727272727
289,61,1368.3024312969517
289,62,1374.9003578561662
289,63,1379.7526509418435
289,64,1382.090909090909
289,65,1381.417624031119
289,66,1378.3188602535522
289,67,1373.651575440119
289,68,1368.2727272727273
289,69,1362.849515760391
289,70,1357.290110220533
289,71,1351.3129222976818
289,72,1344.6363636363635
289,73,1337.0010742909542
289,74,1328.236607955224
289,75,1318.1947467327905
289,76,1306.7272727272727
289,77,1293.833687075792
289,78,1280.1043670494807
289,79,1266.2774089529746
289,80,1253.090909090909
289,81,1240.9795183149686
289,82,1229.1641056650346
289,83,1216.5620947280377
289,84,1202.090909090909
289,85,1185.0053419370608
289,86,1165.9096648358352
289,87,1145.7455189530554
289,88,1125.4545454545455
289,89,1105.7888866640603
289,90,1086.7426895370793
289,91,1068.1206021870134
289,92,1049.7272727272727
289,93,1031.5010432248796
289,94,1013.915031561302
289,95,997.5760495716186
290,0,983.0909090909092
290,1,970.8546677091484
290,2,960.4153660358947
290,3,951.1092904356032
290,4,942.2727272727273
290,5,933.4297177567084
290,6,924.855322476936
290,7,917.0123568677864
290,8,910.3636363636364
290,9,905.3085635367452
290,10,901.992889510906
290,11,900.4989525477962
290,12,900.9090909090908
290,13,903.2621644599471
290,14,907.4231194794386
290,15,913.2134238501204
290,16,920.4545454545456
290,17,929.0376649871032
290,18,939.1328143895206
290,19,950.9797384153596
290,20,964.818181818182
290,21,980.619846046186
290,22,997.2842593261151
290,23,1013.4429065793508
290,24,1027.7272727272727
290,25,1039.258519009972
290,26,1049.1165119423822
290,27,1058.8707943581464
290,28,1070.090909090909
290,29,1083.9412483684712
290,30,1099.9656019952652
290,31,1117.302609169881
290,32,1135.090909090909
290,33,1152.5404079706886
290,34,1169.1460800765572
290,35,1184.4741666896018
290,36,1198.090909090909
290,37,1209.7295061124105
290,38,1219.7909867894148
290,39,1228.843337708075
290,40,1237.4545454545455
290,41,1246.0657153069426
290,42,1254.610427311239
290,43,1262.8953802053702
290,44,1270.7272727272727
290,45,1278.021837205274
290,46,1285.1309403292662
290,47,1292.515482379535
290,48,1300.6363636363635
290,49,1309.917958599235
290,50,1320.6385386444226
290,51,1333.0398493673993
290,52,1347.3636363636365
290,53,1363.6003624886955
290,54,1380.7353596384971
290,55,1397.50267696905
290,56,1412.6363636363635
290,57,1425.164966445982
290,58,1435.2950228015886
290,59,1443.527567756401
290,60,1450.3636363636365
290,61,1456.1531240001025
290,62,1460.6413673369657
290,63,1463.4225633689823
290,64,1464.090909090909
290,65,1462.374526189972
290,66,1458.5372351232763
290,67,1452.9767810403966
290,68,1446.090909090909
290,69,1438.2337144218282
290,70,1429.5846921699294
290,71,1420.2796874694295
290,72,1410.4545454545455
290,73,1400.1565252136254
290,74,1389.0785416515512
290,75,1376.8249236273382
290,76,1363.0
290,77,1347.439900632761
290,78,1330.9079594056827
290,79,1314.3993112030355
290,80,1298.909090909091
290,81,1285.0597245280578
290,82,1271.9828025438994
290,83,1258.4372065605191
290,84,1243.1818181818182
290,85,1225.3283035277357
290,86,1205.3994667823556
290,87,1184.2708966457974
290,88,1162.8181818181818
290,89,1141.7406977246358
290,90,1121.0329666903149
290,91,1100.513297765382
290,92,1080.0
290,93,1059.461746482812
290,94,1039.4686664563849
290,95,1020.7412532017652
291,0,993.96
291,1,979.9020994306742
291,2,968.2551938093039
291,3,958.7506912832815
291,4,951.12
291,5,945.064473259319
291,6,940.1652449709636
291,7,935.9733941971265
291,8,932.0400000000002
291,9,928.0382887820508
291,10,924.1300763068422
291,11,920.5993256782127
291,12,917.73
291,13,915.8481528624783
291,14,915.4481998016679
291,15,917.066646840023
291,16,921.2399999999998
291,17,928.3886310180351
291,18,938.4683744864874
291,19,951.3189307116954
291,20,966.7799999999999
291,21,984.4288855653812
291,22,1002.7933022523837
291,23,1020.138567813195
291,24,1034.73
291,25,1045.5852017204409
291,26,1054.7309165039778
291,27,1064.946173035526
291,28,1079.01
291,29,1098.9276513028549
291,30,1123.6092817317042
291,31,1151.1912712947014
291,32,1179.81
291,33,1207.749505568139
291,34,1233.8844565692045
291,35,1257.2371792856677
291,36,1276.83
291,37,1292.066670174588
291,38,1303.8766419914773
291,39,1313.5707928126278
291,40,1322.46
291,41,1331.5781887335086
291,42,1340.8514754648866
291,43,1349.9290244638212
291,44,1358.46
291,45,1366.1097936413776
291,46,1372.6087061489768
291,47,1377.7032655820874
291,48,1381.1399999999999
291,49,1382.8704492009808
291,50,1383.6661999392059
291,51,1384.503850707828
291,52,1386.3600000000001
291,53,1390.0823158046992
291,54,1396.0027440941997
291,55,1404.3243003366006
291,56,1415.25
291,57,1428.6902875802227
291,58,1443.3853236839952
291,59,1457.78269794577
291,60,1470.3300000000002
291,61,1479.7952838744106
291,62,1486.22846116982
291,63,1489.999907880319
291,64,1491.48
291,65,1490.9456081721355
291,66,1488.2995816367259
291,67,1483.3512642829535
291,68,1475.9099999999999
291,69,1465.9511896870474
291,70,1454.1144622832762
291,71,1441.205503737867
291,72,1428.03
291,73,1415.1913518296747
291,74,1402.4838192301686
291,75,1389.4993770155781
291,76,1375.83
291,77,1361.2030904942537
291,78,1345.8877607960496
291,79,1330.288550699821
291,80,1314.81
291,81,1299.6733174433098
291,82,1284.3663875856323
291,83,1268.1937639351386
291,84,1250.4599999999998
291,85,1230.724420982506
291,86,1209.56543886142
291,87,1187.8162373096238
291,88,1166.31
291,89,1145.6910298766668
291,90,1125.8481069686882
291,91,1106.4811305763656
291,92,1087.29
291,93,1068.1378657608282
291,94,1049.5408832638277
291,95,1032.1784591349135
292,0,996.1899999999999
292,1,983.4305877450722
292,2,972.8936961381027
292,3,964.2608655529906
292,4,957.2136363636365
292,5,951.3427294106166
292,6,945.8755874012135
292,7,939.9488335093854
292,8,932.6990909090907
292,9,923.6952133624607
292,10,914.2349769843155
292,11,906.048388477649
292,12,900.8654545454546
292,13,899.957510889541
292,14,902.7612092069788
292,15,908.2545301936548
292,16,915.4154545454545
292,17,923.464274329375
292,18,932.5905270968589
292,19,943.2260617704584
292,20,955.8027272727272
292,21,970.4402071338668
292,22,986.009523314676
292,23,1001.0695323836017
292,24,1014.1790909090909
292,25,1024.5658346351563
292,26,1034.1325160080728
292,27,1045.4506666496798
292,28,1061.0918181818183
292,29,1082.928982734598
292,30,1110.0410944712148
292,31,1140.8085680631327
292,32,1173.6118181818183
292,33,1206.6844986309964
292,34,1237.6732197434324
292,35,1264.0778309841521
292,36,1283.3981818181817
292,37,1294.0242443323264
292,38,1297.9064811005107
292,39,1297.8854773184396
292,40,1296.8018181818181
292,41,1296.9179558578803
292,42,1298.1838103999792
292,43,1299.9711688329978
292,44,1301.6518181818183
292,45,1302.9259492816066
292,46,1304.8073682086626
292,47,1308.6382848495693
292,48,1315.760909090909
292,49,1327.0437583793293
292,50,1341.4605804017333
292,51,1357.511430405089
292,52,1373.6963636363637
292,53,1388.8610342465306
292,54,1403.2334920025858
292,55,1417.3873855755298
292,56,1431.8963636363637
292,57,1447.0385108845476
292,58,1461.9096561333777
292,59,1475.31006422461
292,60,1486.04
292,61,1493.135646647098
292,62,1496.5768607366308
292,63,1496.5794171851217
292,64,1493.3590909090908
292,65,1487.158689458879
292,66,1478.3291509200978
292,67,1467.2484460121766
292,68,1454.2945454545454
292,69,1439.872010290113
292,70,1424.4917628557048
292,71,1408.691315811626
292,72,1393.0081818181818
292,73,1377.8079000624873
292,74,1362.768115838901
292,75,1347.3945009685913
292,76,1331.1927272727273
292,77,1313.9067729826654
292,78,1296.2338419705097
292,79,1279.1094445185543
292,80,1263.469090909091
292,81,1249.8652352795798
292,82,1237.3181071881506
292,83,1224.4648800481007
292,84,1209.9427272727273
292,85,1192.8312347626522
292,86,1173.9796383677965
292,87,1154.679586425406
292,88,1136.2227272727273
292,89,1119.4799819198117
292,90,1103.6393620679364
292,91,1087.468152091183
292,92,1069.7336363636364
292,93,1049.6954284671915
292,94,1028.5824588150035
292,95,1008.1159870280412
293,0,1020.6363636363636
293,1,1005.6579723594788
293,2,993.4571302148586
293,3,982.5959047809904
293,4,971.6363636363636
293,5,959.5459432107152
293,6,946.9135553387816
293,7,934.733480706548
293,8,924.0
293,9,915.476436615842
293,10,909.0022847936516
293,11,904.1860814837264
293,12,900.6363636363636
293,13,898.0156398713724
293,14,896.2023054866123
293,15,895.1287274494553
293,16,894.7272727272727
293,17,894.9666857168503
293,18,895.9612205326262
293,19,897.8615087184527
293,20,900.818181818182
293,21,904.8676172612268
293,22,909.5891760192462
293,23,914.4479649494608
293,24,918.9090909090908
293,25,922.8483566018796
293,26,927.7843481176614
293,27,935.6463473927946
293,28,948.3636363636364
293,29,967.0798654221644
293,30,989.7961587828354
293,31,1013.7280091157246
293,32,1036.090909090909
293,33,1054.6475226185537
293,34,1069.3491985691792
293,35,1080.6944570533976
293,36,1089.1818181818182
293,37,1095.2448168308947
293,38,1099.057046940448
293,39,1100.7271172161409
293,40,1100.3636363636365
293,41,1098.3845736942312
293,42,1096.4453409417567
293,43,1096.5107104456763
293,44,1100.5454545454545
293,45,1109.7140474830885
293,46,1121.9797711107071
293,47,1134.5056091829715
293,48,1144.4545454545455
293,49,1149.8245772825055
293,50,1151.9537564335974
293,51,1153.015148276981
293,52,1155.1818181818182
293,53,1160.1723024777975
293,54,1167.8870213367218
293,55,1177.7718658909214
293,56,1189.2727272727273
293,57,1201.8228605335769
293,58,1214.8049764013338
293,59,1227.5891495229696
293,60,1239.5454545454545
293,61,1250.0277326606226
293,62,1258.3248912397603
293,63,1263.709604199018
293,64,1265.4545454545455
293,65,1263.2082542784783
293,66,1258.1227313668965
293,67,1251.7258427718664
293,68,1245.5454545454545
293,69,1240.6719206800108
293,70,1236.4455469290183
293,71,1231.7691269862437
293,72,1225.5454545454545
293,73,1216.9932675469342
293,74,1206.5950809170315
293,75,1195.1493538286134
293,76,1183.4545454545455
293,77,1172.1376795867984
293,78,1161.1400384937642
293,79,1150.2314690629385
293,80,1139.1818181818182
293,81,1127.7827186513257
293,82,1115.912946926093
293,83,1103.4730653741772
293,84,1090.3636363636365
293,85,1076.543945807898
293,86,1062.2081738018646
293,87,1047.609223985808
293,88,1033.0
293,89,1018.625304935264
293,90,1004.6975396846306
293,91,991.4210045916816
293,92,979.0
293,93,967.541482178319
293,94,956.7630310959776
293,95,946.2848826474652
294,0,935.7272727272727
294,1,924.8479708969146
294,2,913.9548813860052
294,3,903.4934420911844
294,4,893.9090909090909
294,5,885.5098160522044
294,6,878.0538069963645
294,7,871.1618035332517
294,8,864.4545454545455
294,9,857.6766853488134
294,10,851.0685269921723
294,11,844.9942869576273
294,12,839.8181818181819
294,13,835.8217948252695
294,14,832.9561759440367
294,15,831.0897418180583
294,16,830.0909090909091
294,17,829.8628398955628
294,18,830.4476783225896
294,19,831.922313951958
294,20,834.3636363636364
294,21,837.725425137933
294,22,841.4690198565136
294,23,844.9326501013827
294,24,847.4545454545455
294,25,848.7922777345229
294,26,850.3807877059019
294,27,854.0743583697841
294,28,861.7272727272727
294,29,874.6708048330656
294,30,892.1441929562433
294,31,912.8636664194808
294,32,935.5454545454544
294,33,958.7404120241235
294,34,980.3378950145805
294,35,998.061885043202
294,36,1009.6363636363636
294,37,1013.4911266158948
294,38,1010.8792269854348
294,39,1003.7595320440756
294,40,994.0909090909092
294,41,983.5223542395696
294,42,972.463378861862
294,43,961.013623144132
294,44,949.2727272727273
294,45,937.3967291530986
294,46,925.7672575671174
294,47,914.8223390157592
294,48,905.0
294,49,896.7827746025807
294,50,890.8312272333043
294,51,887.8504298837393
294,52,888.5454545454545
294,53,893.3272860729422
294,54,901.4305607723924
294,55,911.795827812919
294,56,923.3636363636364
294,57,935.2560924692864
294,58,947.321529677126
294,59,959.5898384100386
294,60,972.0909090909092
294,61,984.8230599590024
294,62,997.658320519104
294,63,1010.4371480923812
294,64,1023.0
294,65,1035.1860426947044
294,66,1046.8292791555486
294,67,1057.762421493164
294,68,1067.8181818181818
294,69,1076.7949851712704
294,70,1084.3541083132463
294,71,1090.122540934963
294,72,1093.7272727272727
294,73,1094.9308916202135
294,74,1094.0383785005567
294,75,1091.490312494258
294,76,1087.7272727272727
294,77,1083.1717892569663
294,78,1078.1741958663445
294,79,1073.0667772698232
294,80,1068.1818181818182
294,81,1063.6646218064668
294,82,1058.9125653067922
294,83,1053.1360443355402
294,84,1045.5454545454545
294,85,1035.60296215353
294,86,1023.7778156337585
294,87,1010.79103402438
294,88,997.3636363636364
294,89,984.1309159430494
294,90,971.3852630672656
294,91,959.3333422942123
294,92,948.181818181818
294,93,938.0750786197272
294,94,928.908404824453
294,95,920.5148013442248
295,0,912.7272727272727
295,1,905.4565536689502
295,2,898.9242994531049
295,3,893.4298955107068
295,4,889.2727272727273
295,5,886.5504112499258
295,6,884.5534882722186
295,7,882.3707302493112
295,8,879.0909090909091
295,9,874.2082786040738
295,10,868.8390201852933
295,11,864.5047971284113
295,12,862.7272727272727
295,13,864.6590879701428
295,14,869.9767946229724
295,15,877.9879221461342
295,16,888.0
295,17,899.4423013335373
295,18,912.2310740500905
295,19,926.4043097415982
295,20,942.0
295,21,958.8671612411628
295,22,976.098909176666
295,23,992.5993843420184
295,24,1007.2727272727273
295,25,1019.4129173381756
295,26,1029.8732892432447
295,27,1039.897016526692
295,28,1050.7272727272727
295,29,1063.2297489515895
295,30,1076.7602065776268
295,31,1090.2969245512147
295,32,1102.8181818181818
295,33,1113.4450754918291
295,34,1121.8699753553374
295,35,1127.9280693593591
295,36,1131.4545454545455
295,37,1132.498471808367
295,38,1131.964437455568
295,39,1130.9709116477125
295,40,1130.6363636363635
295,41,1131.8096168201582
295,42,1134.2609111860263
295,43,1137.4908408679726
295,44,1141.0
295,45,1144.2715836382736
295,46,1146.7191905275988
295,47,1147.7390203349432
295,48,1146.7272727272727
295,49,1143.378196354021
295,50,1138.578235794487
295,51,1133.511884610437
295,52,1129.3636363636365
295,53,1127.0608014001884
295,54,1126.501957203544
295,55,1127.3284980414912
295,56,1129.1818181818182
295,57,1131.6214957724983
295,58,1133.8798444822462
295,59,1135.1073618599617
295,60,1134.4545454545455
295,61,1131.419124600728
295,62,1126.8877557765625
295,63,1122.0943272459342
295,64,1118.2727272727273
295,65,1116.4818353700448
295,66,1117.080496047867
295,67,1120.2525450653918
295,68,1126.1818181818182
295,69,1134.7018293736378
295,70,1144.2448054865154
295,71,1152.8926515834075
295,72,1158.7272727272727
295,73,1160.325903953585
295,74,1158.2471001878905
295,75,1153.54474632825
295,76,1147.2727272727273
295,77,1140.3397252665668
295,78,1133.0736119437422
295,79,1125.6570562854104
295,80,1118.2727272727273
295,81,1110.9373540710567
295,82,1103.0039065825947
295,83,1093.6594148937445
295,84,1082.090909090909
295,85,1067.808585721933
295,86,1051.6153071804235
295,87,1034.6371023214294
295,88,1018.0
295,89,1002.5797234957572
295,90,988.2507737866204
295,91,974.6373462750825
295,92,961.3636363636364
295,93,948.1580316586746
295,94,935.165688582186
295,95,922.6359557600588
296,0,910.818181818182
296,1,899.9429794149993
296,2,890.1660173391818
296,3,881.6242284119548
296,4,874.4545454545455
296,5,868.7575506813281
296,6,864.4884238792692
296,7,861.5659942284852
296,8,859.9090909090909
296,9,859.366306496053
296,10,859.5052871437415
296,11,859.8234424013773
296,12,859.8181818181819
296,13,859.2701210617331
296,14,859.0927002730378
296,15,860.4825657114599
296,16,864.6363636363636
296,17,872.4438342570149
296,18,883.567093582289
296,19,897.361351570964
296,20,913.181818181818
296,21,930.3181782738444
296,22,947.7980163068972
296,23,964.5833916410468
296,24,979.6363636363636
296,25,992.3104412839716
296,26,1003.524932099213
296,27,1014.590593228484
296,28,1026.8181818181818
296,29,1041.0238634084517
296,30,1056.045437114433
296,31,1070.2261104450167
296,32,1081.909090909091
296,33,1089.8029119004043
296,34,1094.077410352145
296,35,1095.267749082358
296,36,1093.909090909091
296,37,1090.621023080839
296,38,1086.360830567896
296,39,1082.170222771005
296,40,1079.090909090909
296,41,1077.8110071398755
296,42,1077.604267376271
296,43,1077.3908484699853
296,44,1076.090909090909
296,45,1073.022732450567
296,46,1069.09709992702
296,47,1065.6229174399627
296,48,1063.909090909091
296,49,1064.8082903305838
296,50,1067.348242006559
296,51,1070.1004363156178
296,52,1071.6363636363635
296,53,1071.0878562270982
296,54,1069.8281138649272
296,55,1069.790678206656
296,56,1072.909090909091
296,57,1080.483750670114
296,58,1091.282484351914
296,59,1103.4399758577572
296,60,1115.090909090909
296,61,1124.7811183651736
296,62,1132.7010396365074
296,63,1139.452259271406
296,64,1145.6363636363635
296,65,1151.785241778283
296,66,1158.1519934656926
296,67,1164.920021147529
296,68,1172.2727272727273
296,69,1180.1205281580585
296,70,1187.2818955916302
296,71,1192.3023152293874
296,72,1193.7272727272727
296,73,1190.5778160440298
296,74,1183.7772423496035
296,75,1174.7244111167392
296,76,1164.8181818181818
296,77,1155.230139484004
296,78,1146.222771373591
296,79,1137.8312903036551
296,80,1130.090909090909
296,81,1122.916398747226
296,82,1115.740763065123
296,83,1107.8765640322763
296,84,1098.6363636363635
296,85,1087.5559700725455
296,86,1075.064176365917
296,87,1061.8130217490573
296,88,1048.4545454545455
296,89,1035.5301755080468
296,90,1023.1388951075728
296,91,1011.2690762442217
296,92,999.9090909090908
296,93,989.0392369861764
296,94,978.607515931064
296,95,968.5538550922382
297,0,958.818181818182
297,1,949.4037856381568
297,2,940.567404804534
297,3,932.6291397504624
297,4,925.9090909090908
297,5,920.5927795521058
297,6,916.327410305345
297,7,912.6256086331846
297,8,909.0
297,9,905.10009615342
297,10,901.1229539740854
297,11,897.40251662589
297,12,894.2727272727273
297,13,892.084960834214
297,14,891.2603192528582
297,15,892.2373362268917
297,16,895.4545454545455
297,17,901.2731286915426
297,18,909.7448599235722
297,19,920.844161193816
297,20,934.5454545454544
297,21,950.6279221268892
297,22,968.089786507398
297,23,985.7340303614812
297,24,1002.3636363636364
297,25,1017.127114619084
297,26,1030.5550849559263
297,27,1043.5236946329874
297,28,1056.909090909091
297,29,1071.460210305867
297,30,1087.41714639617
297,31,1104.8927820156605
297,32,1124.0
297,33,1144.4709646119943
297,34,1164.514965823031
297,35,1181.9605750316432
297,36,1194.6363636363635
297,37,1201.0607607916106
297,38,1202.5116266753423
297,39,1200.956679221403
297,40,1198.3636363636365
297,41,1196.2618444942907
297,42,1194.427163839235
297,43,1192.1970830827438
297,44,1188.909090909091
297,45,1184.1162930494086
297,46,1178.2342634222623
297,47,1171.894192993076
297,48,1165.7272727272727
297,49,1160.1309378535288
297,50,1154.5676006535327
297,51,1148.2659176722243
297,52,1140.4545454545455
297,53,1130.707966900112
297,54,1119.9839703272437
297,55,1109.586170408935
297,56,1100.8181818181818
297,57,1094.6891831823866
297,58,1091.0306089465842
297,59,1089.3794575102168
297,60,1089.2727272727273
297,61,1090.2625730976142
297,62,1091.961775704601
297,63,1093.9982722774698
297,64,1096.0
297,65,1097.7747289726124
297,66,1099.849560962284
297,67,1102.931430652632
297,68,1107.7272727272727
297,69,1114.5745905573915
297,70,1122.3331622644446
297,71,1129.4933346574574
297,72,1134.5454545454545
297,73,1136.3601474341865
297,74,1135.3291536163017
297,75,1132.2244920811754
297,76,1127.8181818181818
297,77,1122.778853796773
297,78,1117.3615869067123
297,79,1111.7180720178412
297,80,1106.0
297,81,1100.2389260150849
297,82,1093.9858623932116
297,83,1086.6716857565507
297,84,1077.7272727272727
297,85,1066.77396487016
297,86,1054.194963520441
297,87,1040.563934955956
297,88,1026.4545454545455
297,89,1012.315782686093
297,90,998.0979198886604
297,91,983.6265516923517
297,92,968.7272727272727
297,93,953.3663134763764
297,94,938.0724478340088
297,95,923.515085547364
298,0,910.3636363636364
298,1,899.2061793174925
298,2,890.3054705934869
298,3,883.8429356636472
298,4,880.0
298,5,878.7038556172909
298,6,878.864760701135
298,7,879.1387399798663
298,8,878.1818181818181
298,9,875.0877732133446
298,10,870.7013956928823
298,11,866.3052294168876
298,12,863.1818181818181
298,13,862.393915165694
298,14,864.1251110727903
298,15,868.3392059889462
298,16,875.0
298,17,884.048213851152
298,18,895.3322509250469
298,19,908.6774352636912
298,20,923.9090909090908
298,21,940.6717521569708
298,22,957.8867943179306
298,23,974.2948029562888
298,24,988.6363636363636
298,25,1000.0488684300556
298,26,1009.256935439594
298,27,1017.38198927479
298,28,1025.5454545454545
298,29,1034.607205940988
298,30,1044.3809184691472
298,31,1054.4187172172783
298,32,1064.2727272727273
298,33,1073.3674782605374
298,34,1080.617117956543
298,35,1084.808198674278
298,36,1084.7272727272727
298,37,1079.787937835044
298,38,1071.9119733410423
298,39,1063.6482039947014
298,40,1057.5454545454545
298,41,1055.550372672013
298,42,1057.200897770196
298,43,1061.4327921650988
298,44,1067.1818181818182
298,45,1073.4352873859943
298,46,1079.386708305446
298,47,1084.281138708539
298,48,1087.3636363636365
298,49,1088.1005232385562
298,50,1086.8431780989283
298,51,1084.1642439098368
298,52,1080.6363636363635
298,53,1076.9552332961448
298,54,1074.3087611170215
298,55,1074.007908379388
298,56,1077.3636363636365
298,57,1085.0330890314096
298,58,1095.0581410693476
298,59,1104.826849845339
298,60,1111.7272727272727
298,61,1113.9053083054894
298,62,1112.538220060134
298,63,1109.561112693802
298,64,1106.909090909091
298,65,1106.205052746633
298,66,1107.823069599209
298,67,1111.8250061976344
298,68,1118.2727272727273
298,69,1126.9733443443415
298,70,1136.7149560884857
298,71,1146.030907970205
298,72,1153.4545454545455
298,73,1157.749581239637
298,74,1158.6011969559406
298,75,1155.924941467001
298,76,1149.6363636363635
298,77,1139.9459443334745
298,78,1128.2438924513883
298,79,1116.2153488890629
298,80,1105.5454545454545
298,81,1097.3231755173745
298,82,1090.2527786930505
298,83,1082.4423561585652
298,84,1072.0
298,85,1057.6420354152094
298,86,1040.5177200491362
298,87,1022.384544658495
298,88,1005.0
298,89,989.7052737308782
298,90,976.1763411104046
298,91,963.6728742983646
298,92,951.4545454545456
298,93,938.99851738855
298,94,926.651915509246
298,95,914.9793558753194
299,0,904.5454545454544
299,1,895.7211112603771
299,2,888.1023604889747
299,3,881.0915203821761
299,4,874.0909090909091
299,5,866.72073075176
299,6,859.4727334439459
299,7,853.0565512323402
299,8,848.1818181818181
299,9,845.3746589144007
299,10,844.4271602806974
299,11,844.9478996884632
299,12,846.5454545454545
299,13,848.9652926815451
299,14,852.5004436150833
299,15,857.5808272865338
299,16,864.6363636363636
299,17,873.964454450327
299,18,885.3324288953343
299,19,898.375097983583
299,20,912.7272727272727
299,21,927.9737645171464
299,22,943.4993862581262
299,23,958.6389512336794
299,24,972.7272727272727
299,25,985.396169299269
299,26,997.4654806176156
299,27,1010.0520516271542
299,28,1024.2727272727273
299,29,1040.8222401039586
299,30,1058.7068730895935
299,31,1076.510796803159
299,32,1092.8181818181818
299,33,1106.390154375806
299,34,1116.6956633876464
299,35,1123.3806134329363
299,36,1126.090909090909
299,37,1124.8003810291818
299,38,1120.7945642689117
299,39,1115.68691991964
299,40,1111.090909090909
299,41,1108.2691169620125
299,42,1107.0806249912528
299,43,1107.0336387066848
299,44,1107.6363636363635
299,45,1108.333378395496
299,46,1108.314753947896
299,47,1106.70693434453
299,48,1102.6363636363635
299,49,1095.5422558196396
299,50,1086.1149046717082
299,51,1075.3573739151952
299,52,1064.2727272727273
299,53,1053.7958937804904
299,54,1044.589263728907
299,55,1037.2470927219615
299,56,1032.3636363636365
299,57,1030.3366690583996
299,58,1030.7780404126622
299,59,1033.103118833321
299,60,1036.7272727272727
299,61,1041.1685095313665
299,62,1046.3553928022618
299,63,1052.3191251265723
299,64,1059.090909090909
299,65,1066.645542816135
299,66,1074.732206560108
299,67,1083.043676114936
299,68,1091.2727272727273
299,69,1099.0234669313672
299,70,1105.5453264118523
299,71,1109.9990681409568
299,72,1111.5454545454545
299,73,1109.6639985493057
299,74,1105.1092150652105
299,75,1098.9543695030554
299,76,1092.2727272727273
299,77,1085.9100275077749
299,78,1079.801904236397
299,79,1073.656465210457
299,80,1067.1818181818182
299,81,1060.116345965051
299,82,1052.3195316255656
299,83,1043.6811332914783
299,84,1034.090909090909
299,85,1023.491065904748
299,86,1012.033605624978
299,87,999.9229788963556
299,88,987.3636363636364
299,89,974.5642767795928
299,90,961.7505913290668
299,91,949.1525193049164
299,92,937.0
299,93,925.4776792496071
299,94,914.589029058754
299,95,904.2922279748872
300,0,894.5454545454545
300,1,885.316199403796
300,2,876.6092015268263
300,3,868.4385119773523
300,4,860.8181818181819
300,5,853.7490004079355
300,6,847.1787102884865
300,7,841.0417922975216
300,8,835.2727272727273
300,9,829.8795603280981
300,10,825.1645936828637
300,11,821.5036938325608
300,12,819.2727272727273
300,13,818.6944060069443
300,14,819.3788240709678
300,15,820.7829210085985
300,16,822.3636363636364
300,17,823.7689520077615
300,18,825.4110191241737
300,19,827.8930312239537
300,20,831.8181818181819
300,21,837.4968314165561
300,22,844.0680085232462
300,23,850.3779086410407
300,24,855.2727272727273
300,25,858.0619041441968
300,26,859.9078558737502
300,27,862.4362433027926
300,28,867.2727272727273
300,29,875.4643588248392
300,30,885.7437497999338
300,31,896.2649022386984
300,32,905.181818181818
300,33,911.1673082837196
300,34,914.9694176537864
300,35,917.855000015142
300,36,921.0909090909092
300,37,925.543964858464
300,38,930.4808523121926
300,39,934.7682227007342
300,40,937.2727272727273
300,41,937.1440481915156
300,42,934.6639912792612
300,43,930.3973932728308
300,44,924.9090909090908
300,45,918.7335355572918
300,46,912.2836371162168
300,47,905.9419201170336
300,48,900.0909090909091
300,49,895.007036852045
300,50,890.5423693467804
300,51,886.442880804489
300,52,882.4545454545455
300,53,878.5110443072562
300,54,875.2968854966624
300,55,873.6842839377372
300,56,874.5454545454545
300,57,878.4970813734756
300,58,885.1337250302073
300,59,893.7944152627446
300,60,903.818181818182
300,61,914.563130198842
300,62,925.4636689279632
300,63,935.973282284012
300,64,945.5454545454544
300,65,953.8413069220657
300,66,961.352508348849
300,67,968.7783646921172
300,68,976.818181818182
300,69,985.8230625674416
300,70,994.7512976766404
300,71,1002.2129748566102
300,72,1006.818181818182
300,73,1007.6050791718054
300,74,1005.3241191264074
300,75,1001.1538267905328
300,76,996.2727272727273
300,77,991.6373025635193
300,78,987.3158621813672
300,79,983.1546725267136
300,80,979.0
300,81,974.6994037559364
300,82,970.1056139663052
300,83,965.072653557158
300,84,959.4545454545456
300,85,953.1219005945538
300,86,946.0116819534112
300,87,938.0774405173814
300,88,929.2727272727273
300,89,919.6240734113034
300,90,909.4499309473226
300,91,899.1417321005898
300,92,889.0909090909091
300,93,879.6090784875067
300,94,870.6885942572985
300,95,862.2419947166231
301,0,854.1818181818181
301,1,846.4310899113974
301,2,838.9547829325737
301,3,831.7283572147363
301,4,824.7272727272727
301,5,817.9563345941765
301,6,811.5377285578601
301,7,805.622985515341
301,8,800.3636363636364
301,9,795.8657308028057
301,10,792.0533937450765
301,11,788.8052689057181
301,12,786.0
301,13,783.5651171946006
301,14,781.6236964618339
301,15,780.3477002254228
301,16,779.9090909090909
301,17,780.4462436006105
301,18,781.9631840439521
301,19,784.4303506471358
301,20,787.8181818181819
301,21,792.0220674938668
301,22,796.6372037259943
301,23,801.1837380951245
301,24,805.1818181818181
301,25,808.3518500602862
301,26,811.2152737793436
301,27,814.4937878814566
301,28,818.9090909090909
301,29,824.9753618104428
301,30,832.3767011566306
301,31,840.5896899245032
301,32,849.0909090909091
301,33,857.4299413343061
301,34,865.4483761395882
301,35,873.060804693258
301,36,880.1818181818181
301,37,886.6159523977872
301,38,891.727521557744
301,39,894.7707844842832
301,40,895.0
301,41,892.0693172563635
301,42,887.2324467203457
301,43,882.1429891877907
301,44,878.4545454545455
301,45,877.2488240313031
301,46,877.3199642881467
301,47,876.8902133100081
301,48,874.1818181818181
301,49,867.9510116184246
301,50,859.0899688543402
301,51,849.0248507539947
301,52,839.1818181818181
301,53,830.8278113131811
301,54,824.5928875672203
301,55,820.9478836740127
301,56,820.3636363636364
301,57,823.1425726743055
301,58,828.9134808767791
301,59,837.1367395499543
301,60,847.2727272727273
301,61,858.8348525350524
301,62,871.5486434711179
301,63,885.1926581261697
301,64,899.5454545454545
301,65,914.3731308218491
301,66,929.39194523875
301,67,944.3056961271852
301,68,958.818181818182
301,69,972.5277378139156
301,70,984.610848301155
301,71,994.1385346378167
301,72,1000.181818181818
301,73,1002.1537020133978
301,74,1000.8351161020848
301,75,997.348972139729
301,76,992.818181818182
301,77,988.1855791324928
301,78,983.6736872905066
301,79,979.3249518032673
301,80,975.181818181818
301,81,971.1821064566308
301,82,966.8451347358888
301,83,961.5855956472022
301,84,954.818181818182
301,85,946.127188222801
301,86,935.775319220483
301,87,924.1948815170146
301,88,911.818181818182
301,89,899.1159588339838
301,90,886.7126792912702
301,91,875.2712419211032
301,92,865.4545454545455
301,93,857.6902264412639
301,94,851.4648727053456
301,95,846.0298098894817
302,0,840.6363636363636
302,1,834.7254081282325
302,2,828.496011705529
302,3,822.3367912482427
302,4,816.6363636363636
302,5,811.6865501367142
302,6,807.3919895634473
302,7,803.5605251175474
302,8,800.0
302,9,796.646289052183
302,10,793.9473936770461
302,11,792.4793469179314
302,12,792.8181818181819
302,13,795.4470436545536
302,14,800.4775266374598
302,15,807.9283372107268
302,16,817.8181818181819
302,17,830.1038886023299
302,18,844.494772500388
302,19,860.6382701482524
302,20,878.1818181818181
302,21,896.6956405724915
302,22,915.441110633716
302,23,933.6023890144462
302,24,950.3636363636364
302,25,965.1021854713414
302,26,977.9680576920208
302,27,989.3044465212356
302,28,999.4545454545456
302,29,1008.789083451234
302,30,1017.7889313254732
302,31,1026.9624953551574
302,32,1036.8181818181818
302,33,1047.6789807237228
302,34,1059.1262170060868
302,35,1070.555799330862
302,36,1081.3636363636365
302,37,1090.9509595629654
302,38,1098.7402915592704
302,39,1104.1594777759408
302,40,1106.6363636363635
302,41,1105.8879196607795
302,42,1102.7876167568309
302,43,1098.4980509290124
302,44,1094.1818181818182
302,45,1090.7104299757357
302,46,1087.7910595952235
302,47,1084.8397957807365
302,48,1081.2727272727273
302,49,1076.6382581635526
302,50,1071.0140539531842
302,51,1064.610095493496
302,52,1057.6363636363635
302,53,1050.343071460963
302,54,1043.1413609556762
302,55,1036.482606336188
302,56,1030.8181818181818
302,57,1026.6357628107778
302,58,1024.5682294968385
302,59,1025.2847632526614
302,60,1029.4545454545455
302,61,1037.376661386835
302,62,1047.869811966061
302,63,1059.382602016802
302,64,1070.3636363636365
302,65,1079.616114369156
302,66,1087.3616135480086
302,67,1094.176305952857
302,68,1100.6363636363635
302,69,1107.067972045633
302,70,1112.7973702055417
302,71,1116.900810535406
302,72,1118.4545454545455
302,73,1116.8250656301295
302,74,1112.5398147207352
302,75,1106.4164746327915
302,76,1099.2727272727273
302,77,1091.8164245247578
302,78,1084.316098184245
302,79,1076.930450024337
302,80,1069.8181818181818
302,81,1062.9802589981118
302,82,1055.7867016331938
302,83,1047.449793451679
302,84,1037.1818181818182
302,85,1024.4827099373406
302,86,1010.0030043738888
302,87,994.6808875325834
302,88,979.4545454545456
302,89,965.067594434344
302,90,951.485371780342
302,91,938.478645054351
302,92,925.818181818182
302,93,913.3562873252832
302,94,901.2714175956518
302,95,889.8235663409222
303,0,879.2727272727273
303,1,869.860949446341
303,2,861.7585032915955
303,3,855.1177145819612
303,4,850.0909090909091
303,5,846.6857103438971
303,6,844.3309328743296
303,7,842.3106889675972
303,8,839.9090909090909
303,9,836.7101296326153
303,10,833.4973106656312
303,11,831.3540181840134
303,12,831.3636363636364
303,13,834.3089983983685
303,14,839.770733554054
303,15,847.0289201145308
303,16,855.3636363636364
303,17,864.2953540466376
303,18,874.3061187545164
303,19,886.1183695396822
303,20,900.4545454545455
303,21,917.6445285968988
303,22,936.4479732460628
303,23,955.2319767267412
303,24,972.3636363636364
303,25,986.6307929294036
303,26,998.5042609885044
303,27,1008.8755985533536
303,28,1018.6363636363636
303,29,1028.5581519582147
303,30,1038.9327100726462
303,31,1049.931822241664
303,32,1061.7272727272727
303,33,1074.238871965011
303,34,1086.378535084547
303,35,1096.8062033890822
303,36,1104.1818181818182
303,37,1107.5900533635602
303,38,1107.81451322553
303,39,1106.0635346565527
303,40,1103.5454545454545
303,41,1101.2432441262029
303,42,1099.2384120133336
303,43,1097.3871011665249
303,44,1095.5454545454545
303,45,1093.6386746770825
303,46,1091.8682023574986
303,47,1090.5045379500746
303,48,1089.8181818181818
303,49,1089.8426821654666
303,50,1089.663778556671
303,51,1088.1302583968134
303,52,1084.090909090909
303,53,1076.923835297415
303,54,1068.124410688543
303,55,1059.7173261899452
303,56,1053.7272727272727
303,57,1051.7133970994191
303,58,1053.3726695982475
303,59,1057.9365163888606
303,60,1064.6363636363635
303,61,1072.7509853958163
303,62,1081.748547282104
303,63,1091.1445628000663
303,64,1100.4545454545455
303,65,1109.227263590042
303,66,1117.1445049097008
303,67,1123.9213119563274
303,68,1129.2727272727273
303,69,1132.862687516743
303,70,1134.1507058063655
303,71,1132.545189374624
303,72,1127.4545454545455
303,73,1118.669997706622
303,74,1107.5140355011993
303,75,1095.691964636086
303,76,1084.909090909091
303,77,1076.485730747678
303,78,1070.202243097928
303,79,1065.453997535578
303,80,1061.6363636363635
303,81,1058.128556575395
303,82,1054.245173925271
303,83,1049.2846588579664
303,84,1042.5454545454545
303,85,1033.5369747689265
303,86,1022.6125157464436
303,87,1010.336344305284
303,88,997.2727272727273
303,89,983.893998894354
303,90,970.3047630889552
303,91,956.5176911936244
303,92,942.5454545454544
303,93,928.5006660172938
303,94,914.895704625008
303,95,902.3428909202185
304,0,891.4545454545455
304,1,882.6303256728345
304,2,875.4192365928303
304,3,869.1576201255021
304,4,863.1818181818181
304,5,856.9695085640947
304,6,850.5637126400335
304,7,844.1487876686828
304,8,837.9090909090909
304,9,832.1066968889681
304,10,827.314549210672
304,11,824.1833087452216
304,12,823.3636363636364
304,13,825.3110902436689
304,14,829.7008177900057
304,15,836.0128637140668
304,16,843.7272727272727
304,17,852.4969534999929
304,18,862.6662705383968
304,19,874.7524523076019
304,20,889.2727272727273
304,21,906.4141639381772
304,22,925.0431909654988
304,23,943.6960770555256
304,24,960.9090909090908
304,25,975.5793452927528
304,26,988.0473292359712
304,27,999.0143758339312
304,28,1009.181818181818
304,29,1019.272716254448
304,30,1030.0970375451614
304,31,1042.4864764269307
304,32,1057.2727272727273
304,33,1074.869562416728
304,34,1094.0190660379285
304,35,1113.0454002765282
304,36,1130.2727272727273
304,37,1144.3157954422763
304,38,1154.9516983031258
304,39,1162.248115648776
304,40,1166.2727272727273
304,41,1167.1172558141666
304,42,1164.9695952950235
304,43,1160.041682582914
304,44,1152.5454545454545
304,45,1142.898419937421
304,46,1132.3403750622344
304,47,1122.316688110476
304,48,1114.2727272727273
304,49,1109.1370757997854
304,50,1105.7711771833112
304,51,1102.519689975181
304,52,1097.7272727272727
304,53,1090.4055495907105
304,54,1082.2340071136116
304,55,1075.5590974433435
304,56,1072.7272727272727
304,57,1075.3728281101014
304,58,1082.2814307258786
304,59,1091.526590705989
304,60,1101.1818181818182
304,61,1109.7323993325203
304,62,1117.3107245283288
304,63,1124.4609601872455
304,64,1131.7272727272727
304,65,1139.470301832544
304,66,1147.316580251715
304,67,1154.7091139995746
304,68,1161.090909090909
304,69,1165.933268337304
304,70,1168.8206817375371
304,71,1169.3659360871834
304,72,1167.1818181818182
304,73,1162.0480452727854
304,74,1154.4120564345003
304,75,1144.888221197147
304,76,1134.090909090909
304,77,1122.674266480646
304,78,1111.4515470699166
304,79,1101.2757813969563
304,80,1093.0
304,81,1087.0574456228137
304,82,1082.2022098312884
304,83,1076.768596396846
304,84,1069.090909090909
304,85,1058.006462391736
304,86,1044.36461360493
304,87,1029.5177307429324
304,88,1014.818181818182
304,89,1001.3272161738786
304,90,988.9416084762628
304,91,977.2670147223336
304,92,965.9090909090908
304,93,954.5639342763858
304,94,943.2894070354736
304,95,932.2338126404608
305,0,921.5454545454544
305,1,911.358808084215
305,2,901.753036109116
305,3,892.7934733521865
305,4,884.5454545454545
305,5,877.0235606594823
305,6,870.0393576189709
305,7,863.353657587156
305,8,856.7272727272727
305,9,850.0810401869471
305,10,843.9758970513641
305,11,839.1328053900991
305,12,836.2727272727273
305,13,835.9590967745479
305,14,838.1252359937548
305,15,842.5469390342663
305,16,849.0
305,17,857.3481977148615
305,18,867.8072498827073
305,19,880.680858927381
305,20,896.2727272727273
305,21,914.5785100932782
305,22,934.3616735663246
305,23,954.077636619845
305,24,972.181818181818
305,25,987.4300914574792
305,26,999.7801467610852
305,27,1009.4901286841484
305,28,1016.818181818182
305,29,1022.1585104404412
305,30,1026.4495575711535
305,31,1030.765825916289
305,32,1036.1818181818182
305,33,1043.350639508029
305,34,1051.2398047724823
305,35,1058.3954312870585
305,36,1063.3636363636365
305,37,1065.2528519819891
305,38,1065.4207687934625
305,39,1065.7873921172954
305,40,1068.2727272727273
305,41,1074.0797139276508
305,42,1081.5430291445768
305,43,1088.2802843346687
305,44,1091.909090909091
305,45,1090.7564173074068
305,46,1085.986660082776
305,47,1079.4735728167573
305,48,1073.090909090909
305,49,1068.4230259336307
305,50,1065.8966941606825
305,51,1065.649288034666
305,52,1067.8181818181818
305,53,1072.362558503525
305,54,1078.5288360017664
305,55,1085.3852409536698
305,56,1092.0
305,57,1097.6238991431778
305,58,1102.2379618322525
305,59,1106.0057708779275
305,60,1109.090909090909
305,61,1111.7341744692176
305,62,1114.4852257601344
305,63,1117.9709368982567
305,64,1122.8181818181818
305,65,1129.497641616316
305,66,1137.8552260363017
305,67,1147.580651983591
305,68,1158.3636363636365
305,69,1169.7070772473378
305,70,1180.366597367387
305,71,1188.911000621925
305,72,1193.909090909091
305,73,1194.31893575797
305,74,1190.6556572214229
305,75,1183.8236409832557
305,76,1174.7272727272727
305,77,1164.2714410844192
305,78,1153.3630464741943
305,79,1142.9094922632355
305,80,1133.8181818181818
305,81,1126.572572631626
305,82,1119.960338699983
305,83,1112.3452081456207
305,84,1102.090909090909
305,85,1088.0405411163483
305,86,1070.954689634966
305,87,1052.0733115179182
305,88,1032.6363636363635
305,89,1013.746796993888
305,90,995.9595391237904
305,91,979.6925116917976
305,92,965.3636363636364
305,93,953.1782368171896
305,94,942.491244778963
305,95,932.4449939876188
306,0,922.181818181818
306,1,911.1027557373536
306,2,899.6436635785387
306,3,888.4991032668182
306,4,878.3636363636364
306,5,869.7260811424875
306,6,862.252282725064
306,7,855.4023429451088
306,8,848.6363636363636
306,9,841.718771965424
306,10,835.6312964302961
306,11,831.6599908618381
306,12,831.0909090909091
306,13,834.6076378139977
306,14,840.4838951901152
306,15,846.3909322439026
306,16,850.0
306,17,850.0111881422204
306,18,849.2399409910608
306,19,851.5305415261886
306,20,860.7272727272727
306,21,879.2780073443929
306,22,904.0449772092786
306,23,930.49400392407
306,24,954.0909090909092
306,25,971.3242256620258
306,26,982.7733319900078
306,27,990.0403177775312
306,28,994.7272727272727
306,29,998.2432718256852
306,30,1001.2253311943268
306,31,1004.1174522385325
306,32,1007.3636363636364
306,33,1011.445584762506
306,34,1016.9957977781396
306,35,1024.6844755410668
306,36,1035.1818181818182
306,37,1048.5397300333807
306,38,1062.336932238569
306,39,1073.533850142655
306,40,1079.090909090909
306,41,1076.992086013062
306,42,1069.315564176675
306,43,1059.1630784337688
306,44,1049.6363636363635
306,45,1043.2305622780084
306,46,1040.0144474183674
306,47,1039.4501997586335
306,48,1041.0
306,49,1044.1211762385408
306,50,1048.2516461498556
306,51,1052.8244748044242
306,52,1057.2727272727273
306,53,1061.21228958601
306,54,1064.990331618574
306,55,1069.1368442054882
306,56,1074.1818181818182
306,57,1080.4273926901474
306,58,1087.26430010312
306,59,1093.8554211008964
306,60,1099.3636363636365
306,61,1103.2500146534012
306,62,1106.1683770598554
306,63,1109.0707327545636
306,64,1112.909090909091
306,65,1118.3424350598837
306,66,1124.8576462029132
306,67,1131.6485796990316
306,68,1137.909090909091
306,69,1142.9086541979725
306,70,1146.219219946673
306,71,1147.488357540219
306,72,1146.3636363636365
306,73,1142.6465276936808
306,74,1136.754110374029
306,75,1129.2573651400912
306,76,1120.7272727272727
306,77,1111.7225645727597
306,78,1102.7529749208445
306,79,1094.3159887175982
306,80,1086.909090909091
306,81,1080.7842367425542
306,82,1075.2112626698652
306,83,1069.2144754440617
306,84,1061.8181818181818
306,85,1052.3095225479324
306,86,1041.0269743996944
306,87,1028.571848142519
306,88,1015.5454545454544
306,89,1002.4279571566252
306,90,989.2149306404468
306,91,975.7808024404086
306,92,962.0
306,93,947.8422851892032
306,94,933.6587575839724
306,95,919.8958511867556
307,0,907.0
307,1,895.326481632017
307,2,884.8659481145725
307,3,875.5178950852965
307,4,867.1818181818181
307,5,859.7594587372744
307,6,853.1615408668283
307,7,847.3010343811497
307,8,842.0909090909091
307,9,837.4368197825218
307,10,833.2151611453871
307,11,829.2950128446499
307,12,825.5454545454545
307,13,821.9350234962745
307,14,818.830087278896
307,15,816.696471058433
307,16,816.0
307,17,817.1128589596526
307,18,820.0326715572107
307,19,824.6634211034362
307,20,830.9090909090909
307,21,838.5822906651155
307,22,847.13013558317
307,23,855.9083672550937
307,24,864.2727272727273
307,25,871.6829783798854
307,26,878.0149679282912
307,27,883.2485644216417
307,28,887.3636363636364
307,29,890.5607958153417
307,30,893.9236290673017
307,31,898.7564659674292
307,32,906.3636363636364
307,33,917.5852019951108
307,34,931.4041521661374
307,35,946.3392080722776
307,36,960.9090909090908
307,37,973.7304984769432
307,38,983.8120349954208
307,39,990.2602812889152
307,40,992.181818181818
307,41,989.1249063698444
307,42,982.4045260339982
307,43,973.7773372266076
307,44,965.0
307,45,957.4914669527708
307,46,951.3198608685864
307,47,946.2155970773816
307,48,941.9090909090908
307,49,938.1549644554368
307,50,934.8046668552928
307,51,931.7338540093206
307,52,928.818181818182
307,53,926.0037320436644
307,54,923.5182898920608
307,55,921.6600664307904
307,56,920.7272727272727
307,57,921.0474369153608
307,58,923.0653553946456
307,59,927.2551416311534
307,60,934.0909090909092
307,61,943.8150430221654
307,62,955.7430158020832
307,63,968.9585715900506
307,64,982.5454545454544
307,65,995.7051750868864
307,66,1008.110308669748
307,67,1019.5511970086446
307,68,1029.8181818181818
307,69,1038.6611316302894
307,70,1045.668022246197
307,71,1050.3863562844613
307,72,1052.3636363636365
307,73,1051.343480210139
307,74,1047.8539659818268
307,75,1042.61928694442
307,76,1036.3636363636365
307,77,1029.7277316200648
307,78,1023.0183865537676
307,79,1016.458939119678
307,80,1010.2727272727273
307,81,1004.560934218694
307,82,998.9361241667384
307,83,992.8887065768688
307,84,985.9090909090908
307,85,977.6038155960692
307,86,968.0439349610956
307,87,957.4166323001195
307,88,945.9090909090908
307,89,933.7567579424845
307,90,921.388135988879
307,91,909.2799914953796
307,92,897.9090909090909
307,93,887.6717094521754
307,94,878.6421574470248
307,95,870.8142539910891
308,0,864.1818181818181
308,1,858.5208928851786
308,2,852.7364160412042
308,3,845.5155493584458
308,4,835.5454545454545
308,5,822.1239803707472
308,6,806.9917238427046
308,7,792.4999690296733
308,8,781.0
308,9,774.1905719954689
308,10,771.1603249516139
308,11,770.3453699774066
308,12,770.1818181818181
308,13,769.491572556468
308,14,768.6397036235668
308,15,768.3770737879731
308,16,769.4545454545455
308,17,772.3573423241135
308,18,776.5081332813915
308,19,781.0639485070645
308,20,785.1818181818181
308,21,788.1926945107144
308,22,790.1232177963221
308,23,791.1739503655867
308,24,791.5454545454545
308,25,791.5295500875745
308,26,791.7830864424112
308,27,793.0541704851335
308,28,796.0909090909091
308,29,801.5385369571693
308,30,809.6308000703962
308,31,820.4985722393338
308,32,834.2727272727273
308,33,850.6884611746569
308,34,867.8982587305494
308,35,883.6589269211672
308,36,895.7272727272727
308,37,902.4988115260204
308,38,904.9238922801328
308,39,904.5915723487244
308,40,903.0909090909092
308,41,901.8148722667156
308,42,901.3720812398282
308,43,902.1750677748448
308,44,904.6363636363636
308,45,908.8240857707534
308,46,913.428691851464
308,47,916.7962247337152
308,48,917.2727272727273
308,49,913.9512846502704
308,50,908.913151354316
308,51,904.9866241993852
308,52,905.0
308,53,910.9687869918012
308,54,921.6573390949084
308,55,935.0172216505616
308,56,949.0
308,57,961.973283291616
308,58,973.9688559024136
308,59,985.43454601655
308,60,996.818181818182
308,61,1008.51450029628
308,62,1020.705873659073
308,63,1033.521582919602
308,64,1047.090909090909
308,65,1061.1903064323544
308,66,1074.184922188568
308,67,1084.0870768504974
308,68,1088.909090909091
308,69,1087.3620580652112
308,70,1080.9521648593825
308,71,1071.8843710420444
308,72,1062.3636363636365
308,73,1054.1100408522552
308,74,1046.9041456466286
308,75,1040.0416321631426
308,76,1032.8181818181818
308,77,1024.7616989803134
308,78,1016.3289798268293
308,79,1008.2090434872032
308,80,1001.0909090909092
308,81,995.363049590128
308,82,990.211753227872
308,83,984.522762069862
308,84,977.181818181818
308,85,967.3798526591756
308,86,955.5285527162282
308,87,942.3447945969848
308,88,928.5454545454544
308,89,914.7752102277152
308,90,901.3899449981244
308,91,888.6733436331073
308,92,876.9090909090909
308,93,866.328965520872
308,94,856.9571218367295
308,95,848.7658081433135
309,0,841.7272727272727
309,1,835.7512572342508
309,2,830.4974767458663
309,3,825.5631397027302
309,4,820.5454545454545
309,5,815.1787896330327
309,6,809.7461529979868
309,7,804.6677125912199
309,8,800.3636363636364
309,9,797.1656865063451
309,10,795.0520021712775
309,11,793.9123167505713
309,12,793.6363636363636
309,13,794.2493734324962
309,14,796.3185655896298
309,15,800.5466567701304
309,16,807.6363636363636
309,17,818.030001581852
309,18,831.1282809247484
309,19,846.0715107143609
309,20,862.0
309,21,878.086586149186
309,22,893.6342198022863
309,23,907.97837991788
309,24,920.4545454545456
309,25,930.7245060941308
309,26,939.7552944115612
309,27,948.8402537050288
309,28,959.2727272727273
309,29,971.883287201562
309,30,985.6514207332872
309,31,999.0938438983686
309,32,1010.7272727272727
309,33,1019.4341064632564
309,34,1025.559477200744
309,35,1029.81420024695
309,36,1032.909090909091
309,37,1035.3888096726848
309,38,1037.133397736465
309,39,1037.856741477467
309,40,1037.2727272727273
309,41,1035.3984389369132
309,42,1033.4637500352148
309,43,1033.0017315704551
309,44,1035.5454545454545
309,45,1041.9449913978444
309,46,1050.3184203044927
309,47,1058.1008208770763
309,48,1062.7272727272727
309,49,1062.479265926254
309,50,1059.0239323831772
309,51,1054.8748144666931
309,52,1052.5454545454545
309,53,1053.939081260775
309,54,1058.5176683446173
309,55,1065.1328758016052
309,56,1072.6363636363635
309,57,1080.0754885761005
309,58,1087.2803942383548
309,59,1094.27692096325
309,60,1101.090909090909
309,61,1107.8200439802783
309,62,1114.8493910656
309,63,1122.6358607999396
309,64,1131.6363636363635
309,65,1141.924165048241
309,66,1152.0379505901549
309,67,1160.132760836991
309,68,1164.3636363636365
309,69,1163.447784463121
309,70,1158.351079301053
309,71,1150.6015617611863
309,72,1141.7272727272727
309,73,1133.0006061901845
309,74,1124.671368569269
309,75,1116.7337193909912
309,76,1109.1818181818182
309,77,1101.9943930488687
309,78,1095.0884464218727
309,79,1088.365549311213
309,80,1081.7272727272727
309,81,1075.0260829779772
309,82,1067.9180275614224
309,83,1060.0100492732472
309,84,1050.909090909091
309,85,1040.28337731195
309,86,1028.0462615142555
309,87,1014.1723785957976
309,88,998.6363636363636
309,89,981.5861464105856
309,90,963.8628354724632
309,91,946.4808340708362
309,92,930.4545454545456
309,93,916.5368097729788
309,94,904.4342147777094
309,95,893.5917851208582
310,0,883.4545454545455
310,1,873.6515576793175
310,2,864.5480326894259
310,3,856.6932186275487
310,4,850.6363636363636
310,5,846.6950276915696
310,6,844.2600181009504
310,7,842.4904540053104
310,8,840.5454545454545
310,9,837.8453201907672
310,10,834.8550767249545
310,11,832.3009312603003
310,12,830.9090909090909
310,13,831.3086347271786
310,14,833.7401295446866
310,15,838.3470141353063
310,16,845.2727272727273
310,17,854.5905954459727
310,18,866.0934960053896
310,19,879.5041940166575
310,20,894.5454545454545
310,21,910.8119380343852
310,22,927.3858864337544
310,23,943.2214370707916
310,24,957.2727272727273
310,25,968.935800143759
310,26,979.3743218959568
310,27,990.1938645183576
310,28,1003.0
310,29,1018.7673045723968
310,30,1035.946371436965
310,31,1052.3567980375954
310,32,1065.8181818181818
310,33,1074.8415724757451
310,34,1080.7038287198218
310,35,1085.3732615130784
310,36,1090.8181818181818
310,37,1098.430325979169
310,38,1107.2951318655664
310,39,1115.9214627282718
310,40,1122.8181818181818
310,41,1126.7964986075788
310,42,1127.8770074542765
310,43,1126.382648937472
310,44,1122.6363636363635
310,45,1116.8950432268798
310,46,1109.1513837718742
310,47,1099.3320324309311
310,48,1087.3636363636365
310,49,1073.5466239394475
310,50,1059.676548367319
310,51,1047.9227440660754
310,52,1040.4545454545455
310,53,1038.6968701062383
310,54,1041.0969682133973
310,55,1045.3576731229489
310,56,1049.1818181818182
310,57,1050.8917479083257
310,58,1051.287851506364
310,59,1051.790029351221
310,60,1053.8181818181818
310,61,1058.5259109877318
310,62,1066.0016257611458
310,63,1076.0674367448958
310,64,1088.5454545454545
310,65,1102.8625626862015
310,66,1116.8647363581442
310,67,1128.0027236691965
310,68,1133.7272727272727
310,69,1132.360485994734
310,70,1125.7098833517316
310,71,1116.4543390328631
310,72,1107.2727272727273
310,73,1100.2295842439523
310,74,1094.9320938712924
310,75,1090.3731020175317
310,76,1085.5454545454545
310,77,1079.6615179385471
310,78,1072.8117411630988
310,79,1065.3060938061012
310,80,1057.4545454545455
310,81,1049.4453667291325
310,82,1040.980032385403
310,83,1031.638318212609
310,84,1021.0
310,85,1008.8070151449228
310,86,995.449947477106
310,87,981.4815424343724
310,88,967.4545454545456
310,89,953.8279931457208
310,90,940.6860867970822
310,91,928.0193188680842
310,92,915.818181818182
310,93,904.1764668176476
310,94,893.60115988002
310,95,884.7025457296553
311,0,878.0909090909091
311,1,874.0002304927796
311,2,871.1592736828374
311,3,867.9204982132945
311,4,862.6363636363636
311,5,854.2459066657785
311,6,844.0344726613574
311,7,833.8739841444396
311,8,825.6363636363636
311,9,820.729211025924
311,10,818.7028356717327
311,11,818.6432242998569
311,12,819.6363636363636
311,13,821.0517378668894
311,14,823.3928210153482
311,15,827.446584565224
311,16,834.0
311,17,843.612132961064
311,18,855.9304257214196
311,19,870.3744147119745
311,20,886.3636363636364
311,21,903.3065484706726
311,22,920.5672942807907
311,23,937.4989384050592
311,24,953.4545454545456
311,25,967.9315595198822
311,26,981.004942609962
311,27,992.894036213243
311,28,1003.818181818182
311,29,1013.9814179952526
311,30,1023.5265716429964
311,31,1032.581166741969
311,32,1041.2727272727273
311,33,1049.6541321354705
311,34,1057.479679908962
311,35,1064.429024091609
311,36,1070.1818181818182
311,37,1074.4276216446845
311,38,1076.8956178120643
311,39,1077.3248959825023
311,40,1075.4545454545455
311,41,1071.206404013064
311,42,1065.2333033882353
311,43,1058.3708237965618
311,44,1051.4545454545455
311,45,1045.282273666695
311,46,1040.5007140895398
311,47,1037.7187974676142
311,48,1037.5454545454545
311,49,1040.1275695019744
311,50,1043.7638402536068
311,51,1046.2909181511627
311,52,1045.5454545454545
311,53,1040.2088687799524
311,54,1032.341652168761
311,55,1024.8490640186435
311,56,1020.6363636363636
311,57,1021.819625832762
311,58,1027.358187434986
311,59,1035.422200774263
311,60,1044.1818181818182
311,61,1052.3279687980928
311,62,1060.6346890003863
311,63,1070.3967919752138
311,64,1082.909090909091
311,65,1098.7406580657776
311,66,1115.5576020180154
311,67,1130.300290415791
311,68,1139.909090909091
311,69,1142.206558029706
311,70,1138.5439938366433
311,71,1131.1548872707135
311,72,1122.2727272727273
311,73,1113.8152120881257
311,74,1106.4368771808663
311,75,1100.4764673195375
311,76,1096.2727272727273
311,77,1093.8564572541554
311,78,1092.026679258073
311,79,1089.274470723863
311,80,1084.090909090909
311,81,1075.447879349798
311,82,1064.2404966959327
311,83,1051.8446838759191
311,84,1039.6363636363635
311,85,1028.634695801197
311,86,1018.43178850365
311,87,1008.2629869542778
311,88,997.3636363636364
311,89,985.1809510817772
311,90,972.0096220167396
311,91,958.3562092160596
311,92,944.7272727272727
311,93,931.5647953262396
311,94,919.0524507021188
311,95,907.3093352723928
312,0,896.4545454545455
312,1,886.5485039769009
312,2,877.4169388111495
312,3,868.8269042398232
312,4,860.5454545454545
312,5,852.4343705843391
312,6,844.7343395078295
312,7,837.7807750410412
312,8,831.9090909090909
312,9,827.4185591402878
312,10,824.4638849757147
312,11,823.1636319596478
312,12,823.6363636363636
312,13,825.9808814908733
312,14,830.21693877113
312,15,836.3445266658217
312,16,844.3636363636364
312,17,854.2431421689457
312,18,865.8274508488561
312,19,878.9298522861565
312,20,893.3636363636364
312,21,908.7567771060702
312,22,923.9959851061726
312,23,937.7826550986432
312,24,948.818181818182
312,25,956.320658497682
312,26,961.5749723628168
312,27,966.3827091374518
312,28,972.5454545454544
312,29,981.2276343577468
312,30,991.04503453347
312,31,999.9762810788222
312,32,1006.0
312,33,1007.6707927076948
312,34,1005.8471622305758
312,35,1001.9635870018052
312,36,997.4545454545456
312,37,993.654535720564
312,38,991.4981347260448
312,39,991.819939095776
312,40,995.4545454545456
312,41,1002.7309507736846
312,42,1011.9557534106992
312,43,1020.9299520696368
312,44,1027.4545454545455
312,45,1029.864843002878
312,46,1028.633397085703
312,47,1024.7670708074954
312,48,1019.2727272727273
312,49,1013.1889385784398
312,50,1007.6811127919424
312,51,1003.9463669731095
312,52,1003.181818181818
312,53,1006.3453117742716
312,54,1013.4376062919836
312,55,1024.220188572794
312,56,1038.4545454545455
312,57,1055.4497006881095
312,58,1072.704825676488
312,59,1087.266628735713
312,60,1096.1818181818182
312,61,1097.6584422914718
312,62,1094.5499091838838
312,63,1090.870966938899
312,64,1090.6363636363635
312,65,1096.6210756005491
312,66,1106.640992133433
312,67,1117.2722307814186
312,68,1125.090909090909
312,69,1127.4652098517863
312,70,1124.9315768278393
312,71,1118.8185190263366
312,72,1110.4545454545455
312,73,1101.012403174125
312,74,1091.0417914643008
312,75,1080.9366476586897
312,76,1071.090909090909
312,77,1061.8829047244417
312,78,1053.6285300422303
312,79,1046.6280721570863
312,80,1041.1818181818182
312,81,1037.3252961099283
312,82,1034.0349974576868
312,83,1030.0226546220567
312,84,1024.0
312,85,1015.0261381085728
312,86,1003.5496619452032
312,87,990.366536627414
312,88,976.2727272727273
312,89,961.9906060012356
312,90,947.9481729433174
312,91,934.4998352319224
312,92,922.0
312,93,910.7571765228488
312,94,900.8962826451628
312,95,892.4963383539867
313,0,885.6363636363636
313,1,880.364210634643
313,2,876.6030601123945
313,3,874.2449249884946
313,4,873.1818181818181
313,5,873.143935484035
313,6,873.2142041779862
313,7,872.3137344193082
313,8,869.3636363636364
313,9,863.6964110655822
313,10,856.2901231756609
313,11,848.5342282433638
313,12,841.8181818181819
313,13,837.3275225263639
313,14,835.4321213011884
313,15,836.2979321526914
313,16,840.0909090909091
313,17,846.8145215562349
313,18,855.8223007104946
313,19,866.3052931458701
313,20,877.4545454545455
313,21,888.5919480668776
313,22,899.5627667659245
313,23,910.343111172918
313,24,920.9090909090908
313,25,931.130186176254
313,26,940.449359498535
313,27,948.2029439806392
313,28,953.7272727272727
313,29,956.7963981371964
313,30,958.93524978539
313,31,962.1064765408886
313,32,968.2727272727273
313,33,978.6146190022336
313,34,991.1846413599052
313,35,1003.2532521285336
313,36,1012.0909090909092
313,37,1015.8445576720518
313,38,1016.1670938658982
313,39,1015.5879013086136
313,40,1016.6363636363636
313,41,1020.937548036832
313,42,1026.4992559037746
313,43,1030.4249721824665
313,44,1029.8181818181818
313,45,1022.8384888169844
313,46,1011.869973428094
313,47,1000.3528349615204
313,48,991.7272727272727
313,49,988.5252580588676
313,50,989.6458503838494
313,51,993.0798811532702
313,52,996.818181818182
313,53,999.2707062202736
313,54,1000.523897763782
313,55,1001.0833222435812
313,56,1001.4545454545456
313,57,1002.1021443327664
313,58,1003.3267403792058
313,59,1005.3879662360422
313,60,1008.5454545454544
313,61,1013.0863414486608
313,62,1019.4077770830316
313,63,1027.9344150849777
313,64,1039.090909090909
313,65,1052.7740807816822
313,66,1066.7694240159406
313,67,1078.3346006967738
313,68,1084.7272727272727
313,69,1084.0829604246107
313,70,1078.0486177622972
313,71,1069.1490571279262
313,72,1059.909090909091
313,73,1052.3344184289658
313,74,1046.3542867530514
313,75,1041.3788298824295
313,76,1036.8181818181818
313,77,1032.1674340413442
313,78,1027.2615079527695
313,79,1022.0202824332644
313,80,1016.3636363636364
313,81,1010.260049951112
313,82,1003.8724087085984
313,83,997.4121994754216
313,84,991.0909090909092
313,85,984.9798661542076
313,86,978.5897663037466
313,87,971.291146937776
313,88,962.4545454545456
313,89,951.7054286138756
313,90,939.6889806218696
313,91,927.3053150462016
313,92,915.4545454545456
313,93,904.8177375721084
313,94,895.1997657542292
313,95,886.1864565137814
314,0,877.3636363636364
314,1,868.4525983704187
314,2,859.7165018157585
314,3,851.5539725350369
314,4,844.3636363636364
314,5,838.4187439462171
314,6,833.4910451645554
314,7,829.2269147097071
314,8,825.2727272727273
314,9,821.3781076628951
314,10,817.7056811623836
314,11,814.5213231715894
314,12,812.0909090909091
314,13,810.6568935840212
314,14,810.3680483677289
314,15,811.3497244221177
314,16,813.7272727272727
314,17,817.5298293646571
314,18,822.4016708212465
314,19,827.8908586853944
314,20,833.5454545454545
314,21,838.8985048664414
314,22,843.4229956200124
314,23,846.5768976544864
314,24,847.8181818181819
314,25,847.0196170786683
314,26,845.7131648805215
314,27,845.8455847875684
314,28,849.3636363636364
314,29,857.4946177279769
314,30,868.5879812215381
314,31,880.2737177406945
314,32,890.1818181818181
314,33,896.4209461003338
314,34,899.0144556878705
314,35,898.4643737951083
314,36,895.2727272727273
314,37,890.0545524161422
314,38,883.8769232997063
314,39,877.9199234425083
314,40,873.3636363636364
314,41,871.1562987805526
314,42,871.318760204213
314,43,873.6400233439495
314,44,877.9090909090909
314,45,883.641275188921
314,46,889.257126792532
314,47,892.9035059089681
314,48,892.7272727272727
314,49,887.6038845546717
314,50,879.3231871711127
314,51,870.4036234747248
314,52,863.3636363636364
314,53,860.1946070469378
314,54,860.7796699775625
314,55,864.4748979194064
314,56,870.6363636363636
314,57,878.7029145303051
314,58,888.4444965550003
314,59,899.7138303021959
314,60,912.3636363636364
314,61,926.1798143772972
314,62,940.680980166072
314,63,955.3189285990834
314,64,969.5454545454544
314,65,982.7411802332332
314,66,994.002037326166
314,67,1002.352784846925
314,68,1006.818181818182
314,69,1006.8256351443156
314,70,1003.4131432565364
314,71,998.0213524677616
314,72,992.0909090909092
314,73,986.7787223713224
314,74,982.1067532840524
314,75,977.8132257365738
314,76,973.6363636363636
314,77,969.3748162794844
314,78,965.0689345163454
314,79,960.8194945859428
314,80,956.7272727272727
314,81,952.8370693289216
314,82,948.9697813778386
314,83,944.8903300105636
314,84,940.3636363636364
314,85,935.178895041193
314,86,929.2223945177544
314,87,922.4046967354388
314,88,914.6363636363636
314,89,905.8962141426706
314,90,896.4360950965979
314,91,886.5761103204078
314,92,876.6363636363636
314,93,866.9223279335797
314,94,857.6809523685818
314,95,849.1445551647473
315,0,841.5454545454545
315,1,835.0039627593741
315,2,829.1923681563483
315,3,823.670953111512
315,4,818.0
315,5,811.8885255743783
315,6,805.6404840969349
315,7,799.7085642073874
315,8,794.5454545454545
315,9,790.4717644885667
315,10,787.2797863650038
315,11,784.6297332407569
315,12,782.1818181818181
315,13,779.7400414713543
315,14,777.6835522612321
315,15,776.5352869204941
315,16,776.8181818181819
315,17,778.8308537169254
315,18,781.9746409537042
315,19,785.4265622590855
315,20,788.3636363636364
315,21,790.2177936609442
315,22,791.4406111966781
315,23,792.7385776795276
315,24,794.8181818181819
315,25,798.177233002934
315,26,802.4788233504925
315,27,807.1773656591681
315,28,811.7272727272727
315,29,815.813331145501
315,30,820.04182267408
315,31,825.249402865619
315,32,832.2727272727273
315,33,841.5680219605158
315,34,852.0697950440972
315,35,862.3321251510844
315,36,870.9090909090909
315,37,876.5949787397083
315,38,879.1449062404407
315,39,878.5541988027709
315,40,874.8181818181819
315,41,868.2409835351972
315,42,860.3619436305045
315,43,853.0292046378322
315,44,848.0909090909091
315,45,846.9112575740492
315,46,848.9186828739058
315,47,853.0576758277189
315,48,858.2727272727273
315,49,863.6594407140616
315,50,868.9178703284178
315,51,873.8991829603834
315,52,878.4545454545455
315,53,882.5575136606135
315,54,886.6711994487861
315,55,891.381103694384
315,56,897.2727272727273
315,57,904.7695955525752
315,58,913.6473318764376
315,59,923.519584080263
315,60,934.0
315,61,944.8442177654498
315,62,956.375836681827
315,63,969.0604463482
315,64,983.3636363636364
315,65,999.2853515674444
315,66,1014.962957759891
315,67,1028.068175981483
315,68,1036.2727272727273
315,69,1037.9973305102274
315,70,1034.658695914973
315,71,1028.42253154405
315,72,1021.4545454545456
315,73,1015.4582809371008
315,74,1010.288622216581
315,75,1005.3382887514072
315,76,1000.0
315,77,993.8471025595516
315,78,987.1754515823396
315,79,980.461529359412
315,80,974.181818181818
315,81,968.6405247337836
315,82,963.4527532722428
315,83,958.0613324473078
315,84,951.9090909090908
315,85,944.518355323496
315,86,935.7294444195984
315,87,925.462174942265
315,88,913.6363636363636
315,89,900.3783835176865
315,90,886.6408326857272
315,91,873.5828655109045
315,92,862.3636363636364
315,93,853.8075992421213
315,94,847.4004066556743
315,95,842.29301074139
316,0,837.6363636363636
316,1,832.7491740592833
316,2,827.6211770552127
316,3,822.4098642508081
316,4,817.2727272727273
316,5,812.4002499752906
316,6,808.1148851234757
316,7,804.7720777099225
316,8,802.7272727272727
316,9,802.1512464940989
316,10,802.4761006327033
316,11,802.9492680913195
316,12,802.8181818181819
316,13,801.7064117755862
316,14,800.7420759820754
316,15,801.4294294702541
316,16,805.2727272727273
316,17,813.4137314035562
316,18,825.5442318026315
316,19,840.9935253913001
316,20,859.0909090909091
316,21,879.0037194283701
316,22,899.2514513528528
316,23,918.191639419091
316,24,934.181818181818
316,25,946.0543454284172
316,26,954.5408718768656
316,27,960.8478714777908
316,28,966.181818181818
316,29,971.7533306761422
316,30,978.7896065942284
316,31,988.521988306109
316,32,1002.181818181818
316,33,1020.2973886851952
316,34,1040.5847926553113
316,35,1060.0570730250442
316,36,1075.7272727272727
316,37,1085.4051259467126
316,38,1090.0871318754355
316,39,1091.5664809573495
316,40,1091.6363636363635
316,41,1091.782391618862
316,42,1092.259861661128
316,43,1093.0164917819216
316,44,1094.0
316,45,1094.9184325778392
316,46,1094.521148752779
316,47,1091.3178360058746
316,48,1083.8181818181818
316,49,1071.2399007970537
316,50,1055.632816055029
316,51,1039.7547778309445
316,52,1026.3636363636365
316,53,1017.6233846884926
316,54,1013.3225870271056
316,55,1012.6559503976208
316,56,1014.818181818182
316,57,1018.9824695398858
316,58,1024.2359267456393
316,59,1029.6441478513
316,60,1034.2727272727273
316,61,1037.7038394246915
316,62,1041.585978717611
316,63,1048.0842195608157
316,64,1059.3636363636365
316,65,1076.4990477613485
316,66,1096.2042492930084
316,67,1114.102780723619
316,68,1125.8181818181818
316,69,1128.254514984461
316,70,1123.4379332012645
316,71,1114.6751120901629
316,72,1105.2727272727273
316,73,1097.8238013917182
316,74,1092.0667451746615
316,75,1087.026316370274
316,76,1081.7272727272727
316,77,1075.4389158123029
316,78,1068.408722463725
316,79,1061.1287133378307
316,80,1054.090909090909
316,81,1047.5924103590714
316,82,1041.1506376977106
316,83,1034.0880916420397
316,84,1025.7272727272727
316,85,1015.6218404786844
316,86,1004.2500903817964
316,87,992.321476912192
316,88,980.5454545454544
316,89,969.4145459080094
316,90,958.5535462296494
316,91,947.3703188910106
316,92,935.2727272727273
316,93,921.9529304347326
316,94,908.2402701541504
316,95,895.2483838874024
317,0,884.0909090909091
317,1,875.6146414439688
317,2,869.5990095173839
317,3,865.5566001048345
317,4,863.0
317,5,861.4492992439381
317,6,860.4546008672223
317,7,859.5735111478043
317,8,858.3636363636364
317,9,856.4986729439153
317,10,854.1166779228178
317,11,851.4717984857657
317,12,848.8181818181819
317,13,846.5332817076738
317,14,845.4877783505976
317,15,846.6756585454951
317,16,851.0909090909091
317,17,859.4307002253895
317,18,871.2049359475191
317,19,885.6267036958895
317,20,901.9090909090908
317,21,919.2510196634956
317,22,936.7947505865988
317,23,953.668378943675
317,24,969.0
317,25,982.2001643024454
317,26,993.8092435242678
317,27,1004.65006462032
317,28,1015.5454545454544
317,29,1027.1457663085405
317,30,1039.4114571345117
317,31,1052.1305103023178
317,32,1065.090909090909
317,33,1078.0704636452106
317,34,1090.806291574049
317,35,1103.0253373522266
317,36,1114.4545454545455
317,37,1124.8152768378898
317,38,1133.8065583874736
317,39,1141.1218334705934
317,40,1146.4545454545455
317,41,1149.3758153668668
317,42,1148.9674748760565
317,43,1144.189033310854
317,44,1134.0
317,45,1118.1317457855523
317,46,1099.403087562846
317,47,1081.404703740535
317,48,1067.7272727272727
317,49,1060.909701490924
317,50,1059.2838112361956
317,51,1060.129651727006
317,52,1060.7272727272727
317,53,1059.0930846143883
317,54,1056.1889402196443
317,55,1053.7130529878052
317,56,1053.3636363636365
317,57,1056.351482778795
317,58,1061.9377006125003
317,59,1068.8959772308651
317,60,1076.0
317,61,1082.360359270433
317,62,1088.4352573303547
317,63,1095.0197994523717
317,64,1102.909090909091
317,65,1112.3931596849282
317,66,1121.7417246115358
317,67,1128.7194272323757
317,68,1131.090909090909
317,69,1127.393706535309
317,70,1119.256935132593
317,71,1109.0826052544896
317,72,1099.2727272727273
317,73,1091.647070992017
317,74,1085.6964439490007
317,75,1080.329413113302
317,76,1074.4545454545455
317,77,1067.3333504057134
317,78,1059.6391072532222
317,79,1052.3980377468472
317,80,1046.6363636363635
317,81,1042.9598682942208
317,82,1040.2925815835652
317,83,1037.138094990218
317,84,1032.0
317,85,1023.780301417404
317,86,1012.9746573216084
317,87,1000.4771391104632
317,88,987.181818181818
317,89,973.9160851270722
317,90,961.2406073118196
317,91,949.6493712952022
317,92,939.6363636363636
317,93,931.5013808015796
317,94,924.7674588856596
317,95,918.7634438905458
318,0,912.818181818182
318,1,906.3710053029732
318,2,899.3031935091793
318,3,891.606512233523
318,4,883.2727272727273
318,5,874.5217002592552
318,6,866.4856761685329
318,7,860.5249958117256
318,8,858.0
318,9,859.6402050236416
318,10,863.6518290894168
318,11,867.6102658832104
318,12,869.0909090909091
318,13,866.4998660098142
318,14,861.5660983828913
318,15,856.8492815645229
318,16,854.9090909090909
318,17,857.7793650280114
318,18,865.3905955608363
318,19,877.1474374041522
318,20,892.4545454545455
318,21,910.5375034235952
318,22,929.9056102828538
318,23,948.8890938188674
318,24,965.818181818182
318,25,979.6785758230628
318,26,992.0778723986572
318,27,1005.279141865832
318,28,1021.5454545454544
318,29,1042.2425114659716
318,30,1065.146536486154
318,31,1087.1363841723496
318,32,1105.090909090909
318,33,1116.987741949413
318,34,1125.1996180203648
318,35,1133.1980487174976
318,36,1144.4545454545455
318,37,1161.18010028183
318,38,1180.543627796024
318,39,1198.453523230388
318,40,1210.8181818181818
318,41,1214.5901523778125
318,42,1210.8985980682662
318,43,1201.9168356336786
318,44,1189.8181818181818
318,45,1176.4209379341949
318,46,1162.123343567274
318,47,1146.968622871262
318,48,1131.0
318,49,1114.5726867945002
318,50,1099.2898458444552
318,51,1087.066627426728
318,52,1079.8181818181818
318,53,1078.7513830696232
318,54,1082.2400003276327
318,55,1087.9495265127357
318,56,1093.5454545454545
318,57,1097.2115536542797
318,58,1099.2046982995585
318,59,1100.3000392496035
318,60,1101.2727272727273
318,61,1102.7731409496212
318,62,1104.952570110496
318,63,1107.8375323979408
318,64,1111.4545454545455
318,65,1115.671734819962
318,66,1119.723657622094
318,67,1122.686478885906
318,68,1123.6363636363635
318,69,1121.931965225075
318,70,1118.0618903102188
318,71,1112.797233876617
318,72,1106.909090909091
318,73,1101.0393247342834
318,74,1095.3128720461211
318,75,1089.7254378803532
318,76,1084.2727272727273
318,77,1078.9547699287011
318,78,1073.788894232569
318,79,1068.796753238334
318,80,1064.0
318,81,1059.2708569145486
318,82,1053.883823750876
318,83,1046.9639696208562
318,84,1037.6363636363635
318,85,1025.4689046858314
318,86,1011.8008107639272
318,87,998.4141296418774
318,88,987.0909090909092
318,89,978.916024342126
318,90,972.1856604661428
318,91,964.4988299934516
318,92,953.4545454545456
318,93,937.5516570365744
318,94,918.88836555332
318,95,900.4627094752243
319,0,885.2727272727273
319,1,875.4469497843052
319,2,869.6358773205767
319,3,865.6205025601964
319,4,861.1818181818181
319,5,854.7415097352962
319,6,847.2840342552822
319,7,840.4345416476269
319,8,835.8181818181819
319,9,834.5898521836007
319,10,836.0234402037495
319,11,838.922580849296
319,12,842.0909090909091
319,13,844.6490815303008
319,14,846.9858412933568
319,15,849.8069531370071
319,16,853.8181818181819
319,17,859.6959239679239
319,18,867.9991037137327
319,19,879.2572770572204
319,20,894.0
319,21,912.2604044161852
319,22,932.0859256698948
319,23,951.0275749977476
319,24,966.6363636363636
319,25,977.2241060946072
319,26,984.1458299703246
319,27,989.517366133607
319,28,995.4545454545456
319,29,1003.594591659931
319,30,1013.660299903352
319,31,1024.8958581950972
319,32,1036.5454545454545
319,33,1048.1148568111237
319,34,1060.156152234449
319,35,1073.4830079041865
319,36,1088.909090909091
319,37,1106.651947004665
319,38,1124.5446366133972
319,39,1139.8240988245211
319,40,1149.7272727272727
319,41,1152.470536988398
319,42,1150.1880285846903
319,43,1145.993324070456
319,44,1143.0
319,45,1143.419030041744
319,46,1145.850976320569
319,47,1147.9937980754737
319,48,1147.5454545454545
319,49,1142.8426894355362
319,50,1134.777384314851
319,51,1124.8802052185586
319,52,1114.6818181818182
319,53,1105.405524716112
319,54,1097.0451682382093
319,55,1089.2872276412018
319,56,1081.8181818181818
319,57,1074.53876283638
319,58,1068.2067154595852
319,59,1063.7940376257247
319,60,1062.2727272727273
319,61,1064.3549068929135
319,62,1069.7131971961787
319,63,1077.7603434468083
319,64,1087.909090909091
319,65,1099.3484277737828
319,66,1110.3723139375193
319,67,1119.0509522234054
319,68,1123.4545454545455
319,69,1122.3323479210455
319,70,1117.1498197810165
319,71,1110.05147265957
319,72,1103.1818181818182
319,73,1098.1701919056711
319,74,1094.585225120233
319,75,1091.4803730474057
319,76,1087.909090909091
319,77,1083.154498092633
319,78,1077.4183706471426
319,79,1071.1321487871717
319,80,1064.7272727272727
319,81,1058.4845429965235
319,82,1052.0822013821062
319,83,1045.0478499857263
319,84,1036.909090909091
319,85,1027.340568557635
319,86,1016.6050965517054
319,87,1005.112530815378
319,88,993.2727272727273
319,89,981.433012318391
319,90,969.690594229254
319,91,958.0801517527626
319,92,946.6363636363636
319,93,935.396132168801
319,94,924.4052538040064
319,95,913.7117485372088
320,0,903.3636363636364
320,1,893.4256408245867
320,2,884.0292996456297
320,3,875.3228540984032
320,4,867.4545454545455
320,5,860.5291454419428
320,6,854.4775476134741
320,7,849.1871759782691
320,8,844.5454545454545
320,9,840.5401637712789
320,10,837.5605099004723
320,11,836.0960556248837
320,12,836.6363636363636
320,13,839.5147449274864
320,14,844.4395036937275
320,15,850.9626924312863
320,16,858.6363636363636
320,17,867.1508565187753
320,18,876.7496571428001
320,19,887.8145382863341
320,20,900.7272727272727
320,21,915.6091017246858
320,22,931.5391404623446
320,23,947.3359726051946
320,24,961.818181818182
320,25,974.1527934006632
320,26,984.90059918964
320,27,994.970832656524
320,28,1005.2727272727273
320,29,1016.5936451272064
320,30,1029.233462779096
320,31,1043.3701854050737
320,32,1059.1818181818182
320,33,1076.5891033632372
320,34,1094.483731512158
320,35,1111.5001302686358
320,36,1126.2727272727273
320,37,1137.6792027834804
320,38,1145.5702475359092
320,39,1150.0398048840195
320,40,1151.1818181818182
320,41,1149.3063014119325
320,42,1145.5875510714786
320,43,1141.415934286195
320,44,1138.1818181818182
320,45,1136.7163302051536
320,46,1135.6136390872673
320,47,1132.908673880293
320,48,1126.6363636363635
320,49,1115.6153095856355
320,50,1101.7988016703612
320,51,1087.923802010815
320,52,1076.7272727272727
320,53,1070.1363519068489
320,54,1066.8388815040153
320,55,1064.7128794400833
320,56,1061.6363636363635
320,57,1056.252635059696
320,58,1050.266126859032
320,59,1046.146555228852
320,60,1046.3636363636365
320,61,1052.638619218004
320,62,1063.6988837871295
320,63,1077.523342826327
320,64,1092.090909090909
320,65,1105.5266948864698
320,66,1116.5406107197225
320,67,1123.9887666476588
320,68,1126.7272727272727
320,69,1124.1026125997532
320,70,1117.4227642430728
320,71,1108.4860792194015
320,72,1099.090909090909
320,73,1090.6864342599729
320,74,1083.3251504898044
320,75,1076.710382383825
320,76,1070.5454545454545
320,77,1064.5664230876291
320,78,1058.6402701613454
320,79,1052.6667094271163
320,80,1046.5454545454545
320,81,1040.2083847531478
320,82,1033.7160415920864
320,83,1027.1611321804369
320,84,1020.6363636363636
320,85,1014.1270265361431
320,86,1007.1887452884894
320,87,999.2697277602276
320,88,989.818181818182
320,89,978.5079409204624
320,90,965.9153408903192
320,91,952.842343142289
320,92,940.0909090909092
320,93,928.2815506911004
320,94,917.3089820593254
320,95,906.8864678524336
321,0,896.7272727272727
321,1,886.6300608605918
321,2,876.7350945087423
321,3,867.2680354479763
321,4,858.4545454545455
321,5,850.4865581392592
321,6,843.4210944511592
321,7,837.2814471738428
321,8,832.0909090909091
321,9,827.8470020369158
321,10,824.4441640502578
321,11,821.7510622202891
321,12,819.6363636363636
321,13,818.0203200767137
321,14,817.0295220750827
321,15,816.8421448540921
321,16,817.6363636363636
321,17,819.5731381107748
321,18,822.7445658312303
321,19,827.225528817888
321,20,833.0909090909091
321,21,840.1757638438223
321,22,847.3558509636343
321,23,853.2671035107196
321,24,856.5454545454545
321,25,856.445397423026
321,26,854.6956666778697
321,27,853.6435571392332
321,28,855.6363636363636
321,29,862.4730441913464
321,30,873.7592095976146
321,31,888.5521338414391
321,32,905.9090909090908
321,33,924.91526672068
321,34,944.7674949316726
321,35,964.690521131374
321,36,983.9090909090908
321,37,1001.6599230168434
321,38,1017.227628857514
321,39,1029.9087929967004
321,40,1039.0
321,41,1044.1666321210375
321,42,1046.5492623655443
321,43,1047.6572614272789
321,44,1049.0
321,45,1051.6380371353705
321,46,1054.8366853166726
321,47,1057.412445385093
321,48,1058.1818181818182
321,49,1056.1832079738435
321,50,1051.3426327314012
321,51,1043.8080138505304
321,52,1033.7272727272727
321,53,1021.3762900601636
321,54,1007.542783757723
321,55,993.1424310309663
321,56,979.0909090909092
321,57,966.3144726945924
321,58,955.7816867831618
321,59,948.471693843786
321,60,945.3636363636364
321,61,947.1470691614654
321,62,953.3531963823574
321,63,963.22363450298
321,64,976.0
321,65,990.648387023182
321,66,1005.0328004146808
321,67,1016.7417226897484
321,68,1023.3636363636364
321,69,1023.323303200352
321,70,1018.3906019589192
321,71,1011.1716906471182
321,72,1004.2727272727273
321,73,999.694763811774
321,74,997.018428113278
321,75,995.2192419945064
321,76,993.2727272727273
321,77,990.4402551889154
321,78,987.1265946788776
321,79,984.0223641021286
321,80,981.818181818182
321,81,980.8652381598368
321,82,980.1570113530292
321,83,978.3475515969797
321,84,974.0909090909092
321,85,966.4865762626468
321,86,956.4158144544604
321,87,945.2053272372252
321,88,934.181818181818
321,89,924.333343153212
321,90,915.2933671927664
321,91,906.3567076359374
321,92,896.8181818181819
321,93,886.2425511245051
321,94,875.2743531381111
321,95,864.8280694917524
322,0,855.8181818181819
322,1,848.8654864396761
322,2,843.4160384366074
322,3,838.6222075788712
322,4,833.6363636363636
322,5,827.833855389517
322,6,821.4819476609135
322,7,815.070884283671
322,8,809.0909090909091
322,9,803.9141488204369
322,10,799.4402618288299
322,11,795.4507893773531
322,12,791.7272727272727
322,13,788.1558561469163
322,14,785.0410959328584
322,15,782.7921513887349
322,16,781.8181818181819
322,17,782.4084493191701
322,18,784.3726271670093
322,19,787.4004914313439
322,20,791.1818181818181
322,21,795.309778394585
322,22,798.9911226718315
322,23,801.335996522253
322,24,801.4545454545455
322,25,799.0186302843081
322,26,795.9469730547556
322,27,794.7200111160073
322,28,797.8181818181819
322,29,806.9324618318194
322,30,820.5959851091458
322,31,836.5524249228085
322,32,852.5454545454545
322,33,866.79981784296
322,34,879.464541054115
322,35,891.16972101094
322,36,902.5454545454544
322,37,913.8554827054326
322,38,923.8981234016666
322,39,931.1053387607036
322,40,933.9090909090908
322,41,931.4685922444012
322,42,925.8520562483096
322,43,919.854946673518
322,44,916.2727272727273
322,45,916.9590687715092
322,46,920.0004697869136
322,47,922.5416359088612
322,48,921.7272727272727
322,49,915.5303599422904
322,50,905.2369736949456
322,51,892.9614642364916
322,52,880.8181818181819
322,53,870.6524460047841
322,54,863.2334536151228
322,55,859.0613707815362
322,56,858.6363636363636
322,57,862.280310584028
322,58,869.6019391172912
322,59,880.0316890009996
322,60,893.0
322,61,907.9464821136496
322,62,924.3474262793488
322,63,941.68829366901
322,64,959.4545454545456
322,65,976.9621700522836
322,66,992.8492648562228
322,67,1005.5844545047778
322,68,1013.6363636363636
322,69,1016.0542694953976
322,70,1014.2100597503048
322,71,1010.0562746755148
322,72,1005.5454545454544
322,73,1002.1772860570356
322,74,999.640041597102
322,75,997.1691399749812
322,76,994.0
322,77,989.6414158219148
322,78,984.6956829521956
322,79,980.0384722427426
322,80,976.5454545454544
322,81,974.6945506553056
322,82,973.3726811395696
322,83,971.0690165085936
322,84,966.2727272727273
322,85,958.0519724659536
322,86,947.7908652167991
322,87,937.4525071774274
322,88,929.0
322,89,923.7111958445164
322,90,920.1229489023236
322,91,916.0868638726054
322,92,909.4545454545456
322,93,898.8290964287077
322,94,885.8196119011783
322,95,872.7866850594232
323,0,862.0909090909091
323,1,855.4610548042892
323,2,852.0986034929637
323,3,850.5732140715202
323,4,849.4545454545455
323,5,847.5695820814083
323,6,844.7746104906035
323,7,841.1832427454058
323,8,836.9090909090909
323,9,832.1711282337131
323,10,827.6097727264406
323,11,823.9708035832208
323,12,822.0
323,13,822.3382345291938
323,14,825.2067531490883
323,15,830.721895194439
323,16,839.0
323,17,850.0313313767851
323,18,863.3018510408426
323,19,878.1714451844786
323,20,894.0
323,21,910.0378604182108
323,22,925.0972063239052
323,23,937.8806763403746
323,24,947.0909090909092
323,25,952.0956360412798
323,26,954.9229600271724
323,27,958.2660767267516
323,28,964.818181818182
323,29,976.3366976893968
323,30,990.8359535674048
323,31,1005.3945053889834
323,32,1017.0909090909092
323,33,1023.8231982011332
323,34,1026.7673166122993
323,35,1027.9186858082246
323,36,1029.2727272727273
323,37,1032.1759072333437
323,38,1035.3788708924897
323,39,1036.9833081962995
323,40,1035.090909090909
323,41,1028.5157865018557
323,42,1018.9217452722884
323,43,1008.6850132247586
323,44,1000.181818181818
323,45,995.241060395597
323,46,993.5023298365384
323,47,994.0578889046654
323,48,996.0
323,49,998.5086082793928
323,50,1001.1143899270112
323,51,1003.4357038838516
323,52,1005.0909090909092
323,53,1005.8338814868316
323,54,1005.9605650008702
323,55,1005.9024205599284
323,56,1006.0909090909092
323,57,1006.9811498641906
323,58,1009.1228955240532
323,59,1013.0895570582531
323,60,1019.4545454545456
323,61,1028.7045872382243
323,62,1040.979671084735
323,63,1056.3331012070596
323,64,1074.8181818181818
323,65,1095.9107284556392
323,66,1116.7766019551898
323,67,1134.0041744771452
323,68,1144.1818181818182
323,69,1145.043123939218
323,70,1138.9025574581426
323,71,1129.219803157087
323,72,1119.4545454545455
323,73,1112.2789916965792
323,74,1107.2154409395123
323,75,1102.9987151672344
323,76,1098.3636363636365
323,77,1092.377841092647
323,78,1085.4402242383535
323,79,1078.2824952648837
323,80,1071.6363636363635
323,81,1065.9255530237422
323,82,1060.3418439252548
323,83,1053.7690310459582
323,84,1045.090909090909
323,85,1033.5804581760203
323,86,1020.0674000606276
323,87,1005.7706419149208
323,88,991.9090909090908
323,89,979.4046029085392
323,90,967.990828559508
323,91,957.1043672034498
323,92,946.181818181818
323,93,934.7911870080048
323,94,923.0261038831592
323,95,911.1116051803704
324,0,899.2727272727273
324,1,887.7928649685326
324,2,877.1888468169461
324,3,868.035859802341
324,4,860.9090909090909
324,5,856.1751372087735
324,6,853.3662361217835
324,7,851.80603515572
324,8,850.8181818181819
324,9,849.880165741828
324,10,849.0848450595564
324,11,848.6789200293247
324,12,848.9090909090909
324,13,850.0485180057331
324,14,852.4762018218097
324,15,856.5976029087997
324,16,862.8181818181819
324,17,871.4399667806946
324,18,882.3512567441146
324,19,895.336918335477
324,20,910.181818181818
324,21,926.421728507852
324,22,942.596043929006
324,23,956.9950646583836
324,24,967.9090909090908
324,25,974.3986873697148
324,26,978.6054766307724
324,27,983.4413457582618
324,28,991.818181818182
324,29,1005.5985788314696
324,30,1022.4479586388142
324,31,1038.9824500358425
324,32,1051.8181818181818
324,33,1058.6672245771335
324,34,1061.625416086698
324,35,1063.88453591655
324,36,1068.6363636363635
324,37,1077.9938864963594
324,38,1089.754922468939
324,39,1100.6384972070489
324,40,1107.3636363636365
324,41,1107.664047619247
324,42,1103.3321667648192
324,43,1097.1751116188914
324,44,1092.0
324,45,1090.0658321175624
324,46,1091.4391377445113
324,47,1095.638329044659
324,48,1102.1818181818182
324,49,1110.4419420923218
324,50,1119.20673680259
324,51,1127.1181631115633
324,52,1132.8181818181818
324,53,1135.2672517858766
324,54,1134.6998241360377
324,55,1131.6688480545429
324,56,1126.7272727272727
324,57,1120.5742780368982
324,58,1114.4939666532605
324,59,1109.9166719429925
324,60,1108.2727272727273
324,61,1110.5577951574396
324,62,1116.028854705467
324,63,1123.508214173488
324,64,1131.8181818181818
324,65,1139.815279969707
324,66,1146.4928872521448
324,67,1150.8785963630553
324,68,1152.0
324,69,1149.2776758728226
324,70,1143.7041417404996
324,71,1136.6649003742905
324,72,1129.5454545454545
324,73,1123.4120847208208
324,74,1118.0541821494933
324,75,1112.941915776147
324,76,1107.5454545454545
324,77,1101.4944397893496
324,78,1095.0564023887996
324,79,1088.6583456120318
324,80,1082.7272727272727
324,81,1077.475212939963
324,82,1072.2542992043984
324,83,1066.2016904120894
324,84,1058.4545454545455
324,85,1048.418628905344
324,86,1036.5741280663335
324,87,1023.6698359214288
324,88,1010.4545454545456
324,89,997.5278282568422
324,90,984.8923703484496
324,91,972.401636356741
324,92,959.9090909090908
324,93,947.3450580672868
324,94,934.9472996307774
324,95,923.0304368334248
325,0,911.9090909090908
325,1,901.8746099285544
325,2,893.1252493102585
325,3,885.8359913095603
325,4,880.1818181818181
325,5,876.2062181275846
325,6,873.4267031281887
325,7,871.2292911101525
325,8,869.0
325,9,866.2948357429246
325,10,863.3497563588058
325,11,860.5707078861928
325,12,858.3636363636364
325,13,857.1740979916253
325,14,857.606089618407
325,15,860.303218254167
325,16,865.9090909090909
325,17,874.8312154723909
325,18,886.5327033493842
325,19,900.2405668244123
325,20,915.181818181818
325,21,930.4683696642642
325,22,944.7517333476928
325,23,956.5683212663658
325,24,964.4545454545456
325,25,967.7555331432789
325,26,969.0512723507536
325,27,971.7304662919424
325,28,979.181818181818
325,29,993.7509750353476
325,30,1013.6113590674748
325,31,1035.893336293137
325,32,1057.7272727272727
325,33,1076.561589442603
325,34,1091.116927742984
325,35,1100.4319839900545
325,36,1103.5454545454545
325,37,1100.1745421942398
325,38,1092.750475415135
325,39,1084.3829891102805
325,40,1078.1818181818182
325,41,1076.3979122349829
325,42,1077.8470796873853
325,43,1080.486343659732
325,44,1082.2727272727273
325,45,1081.726706593102
325,46,1079.622569471686
325,47,1077.2980567053366
325,48,1076.090909090909
325,49,1076.962306847156
325,50,1079.3671878804148
325,51,1082.3839295189211
325,52,1085.090909090909
325,53,1086.7365660182752
325,54,1087.2495880975632
325,55,1086.7287252189783
325,56,1085.2727272727273
325,57,1083.114156352471
325,58,1081.0208233656963
325,59,1079.8943514233465
325,60,1080.6363636363635
325,61,1083.9318085718407
325,62,1089.5989366214692
325,63,1097.2393236330902
325,64,1106.4545454545455
325,65,1116.5975298147116
325,66,1126.0266119666087
325,67,1132.8514790442923
325,68,1135.1818181818182
325,69,1131.808753987495
325,70,1124.2491609666415
325,71,1114.7013510988318
325,72,1105.3636363636365
325,73,1097.9401815080366
325,74,1092.1585623486428
325,75,1087.252207469473
325,76,1082.4545454545455
325,77,1077.1819404349044
325,78,1071.582498729697
325,79,1065.9872622050957
325,80,1060.7272727272727
325,81,1055.9712612978003
325,82,1051.2387154598428
325,83,1045.8868118919638
325,84,1039.2727272727273
325,85,1030.8861393738946
325,86,1020.7467303400229
325,87,1009.0066834088668
325,88,995.818181818182
325,89,981.4231016611668
325,90,966.4220904527934
325,91,951.505488563478
325,92,937.3636363636364
325,93,924.5024198905296
325,94,912.689907848803
325,95,901.5097146099478
326,0,890.5454545454545
326,1,879.5487528676241
326,2,868.9432781519944
326,3,859.3207098149131
326,4,851.2727272727273
326,5,845.1250118207925
326,6,840.1392522704925
326,7,835.3111393122191
326,8,829.6363636363636
326,9,822.4881316673881
326,10,814.7497127660355
326,11,807.6818920271198
326,12,802.5454545454545
326,13,800.2321206005646
326,14,800.1573512108196
326,15,801.3675425793015
326,16,802.9090909090909
326,17,804.0194654758085
326,18,804.7004278452307
326,19,805.1448126556744
326,20,805.5454545454545
326,21,806.0309265871109
326,22,806.4727555900749
326,23,806.6782067980016
326,24,806.4545454545455
326,25,805.682112266657
326,26,804.5335497944692
326,27,803.2545760614104
326,28,802.0909090909091
326,29,801.5602266189883
326,30,803.2680452320485
326,31,809.0918412290845
326,32,820.9090909090909
326,33,839.5073789846625
326,34,861.3147238227916
326,35,881.6692522040706
326,36,895.9090909090909
326,37,900.6517347150887
326,38,897.6321503858755
326,39,889.8646726819064
326,40,880.3636363636364
326,41,871.7294321549821
326,42,864.9066746337058
326,43,860.4260343410314
326,44,858.8181818181819
326,45,860.4972980286192
326,46,865.4116056247557
326,47,873.3928376812419
326,48,884.2727272727273
326,49,897.5100689123597
326,50,911.0719028672715
326,51,922.5523308430932
326,52,929.5454545454544
326,53,930.3885626855794
326,54,926.3916919970673
326,55,919.6080662191124
326,56,912.0909090909092
326,57,905.6629530725965
326,58,901.224965508096
326,59,899.4472224622747
326,60,901.0
326,61,906.2905909331262
326,62,914.6743550614582
326,63,925.2436689317884
326,64,937.0909090909092
326,65,949.1491150130806
326,66,959.7139778824348
326,67,966.9218518105718
326,68,968.9090909090908
326,69,964.5831194690968
326,70,955.9356424997112
326,71,945.729435189561
326,72,936.7272727272727
326,73,931.016986655987
326,74,927.986633936902
326,75,926.3493278857296
326,76,924.818181818182
326,77,922.4227975433188
326,78,919.4587308435904
326,79,916.5380259947942
326,80,914.2727272727273
326,81,913.0489254434648
326,82,912.3488972341906
326,83,911.4289658623665
326,84,909.5454545454544
326,85,906.1158756828228
326,86,901.2024984014656
326,87,895.0287810102851
326,88,887.8181818181819
326,89,879.8114354616081
326,90,871.318381887219
326,91,862.6661373692203
326,92,854.1818181818181
326,93,846.1170756525632
326,94,838.4217013223854
326,95,830.9700217855607
327,0,823.6363636363636
327,1,816.3466823826845
327,2,809.233449186875
327,3,802.4807641249001
327,4,796.2727272727273
327,5,790.7817061803348
327,6,786.1331382937515
327,7,782.44072853302
327,8,779.8181818181819
327,9,778.3148451687038
327,10,777.722634001755
327,11,777.7691058339285
327,12,778.1818181818181
327,13,778.8097654175767
327,14,779.9876893355923
327,15,782.1717685858118
327,16,785.8181818181819
327,17,791.1534795246251
327,18,797.4856995649666
327,19,803.8932516410064
327,20,809.4545454545455
327,21,813.4861176202862
327,22,816.2570124045411
327,23,818.2744009865256
327,24,820.0454545454545
327,25,822.0121352215028
327,26,824.3555689986867
327,27,827.1916728219818
327,28,830.6363636363636
327,29,834.8751426300653
327,30,840.371847964348
327,31,847.6599020437293
327,32,857.2727272727273
327,33,869.3019249400536
327,34,882.0718118711943
327,35,893.4648837758288
327,36,901.3636363636364
327,37,904.3930098824472
327,38,904.1477227326928
327,39,902.9649378529556
327,40,903.181818181818
327,41,906.4371150756124
327,42,911.5759335616708
327,43,916.7449670850756
327,44,920.0909090909092
327,45,920.3201775423756
327,46,918.3780884751694
327,47,915.7696824431056
327,48,914.0
327,49,914.1543338457932
327,50,915.6389852649238
327,51,917.4405076879564
327,52,918.5454545454544
327,53,918.2144757108156
327,54,916.8046068287712
327,55,914.9469799868864
327,56,913.2727272727273
327,57,912.4337860382174
327,58,913.1653146927184
327,59,916.2232769099512
327,60,922.3636363636364
327,61,932.0418574090426
327,62,944.5114071276276
327,63,958.7252532823994
327,64,973.6363636363636
327,65,988.1999206892498
327,66,1001.3799658876792
327,67,1012.1427554149966
327,68,1019.4545454545456
327,69,1022.6343121066856
327,70,1022.4119111398364
327,71,1019.8699182394328
327,72,1016.0909090909092
327,73,1012.0284558840078
327,74,1008.1201168257022
327,75,1004.6744466272728
327,76,1002.0
327,77,1000.2149325391008
327,78,998.675803375536
327,79,996.5487725242036
327,80,993.0
327,81,987.4711889595887
327,82,980.5062151266984
327,83,972.9244973668222
327,84,965.5454545454544
327,85,958.9329820770888
327,86,952.6288815722154
327,87,945.9194311903254
327,88,938.0909090909092
327,89,928.6519963684204
327,90,918.0009858571672
327,91,906.7585733264216
327,92,895.5454545454545
327,93,884.8738051765027
327,94,874.8217204536612
327,95,865.3587755039887
328,0,856.4545454545455
328,1,848.0644306528412
328,2,840.0871323281889
328,3,832.4071769303508
328,4,824.9090909090909
328,5,817.5630744848589
328,6,810.6820229608561
328,7,804.6645054109705
328,8,799.9090909090909
328,9,796.6832714077227
328,10,794.7302303738414
328,11,793.6620741530392
328,12,793.0909090909091
328,13,792.7322489751593
328,14,792.7152373619606
328,15,793.2724252495999
328,16,794.6363636363636
328,17,796.9999486007314
328,18,800.3974565419528
328,19,804.8235089394707
328,20,810.2727272727273
328,21,816.5094338946426
328,22,822.3767546520463
328,23,826.487516265245
328,24,827.4545454545455
328,25,824.6270885479705
328,26,820.3000703044077
328,27,817.5048350904588
328,28,819.2727272727273
328,29,827.627098277111
328,30,840.5593277666874
328,31,855.052802463829
328,32,868.0909090909091
328,33,877.4184956163135
328,34,883.8262549924796
328,35,888.8663414178613
328,36,894.0909090909091
328,37,900.416248803091
328,38,906.2151977179386
328,39,909.2247295919988
328,40,907.181818181818
328,41,899.0244637167775
328,42,888.4947723175846
328,43,880.5358765777814
328,44,880.0909090909091
328,45,890.4177145116176
328,46,908.0329857389952
328,47,927.7681277332388
328,48,944.4545454545456
328,49,954.1313827822064
328,50,957.6687392718892
328,51,957.144453398354
328,52,954.6363636363636
328,53,951.585163450466
328,54,946.8829662643584
328,55,938.7847404915263
328,56,925.5454545454544
328,57,906.6288156886576
328,58,886.3334865797685
328,59,870.1668687264494
328,60,863.6363636363636
328,61,870.5231533403581
328,62,887.7035419620223
328,63,910.3276141481292
328,64,933.5454545454544
328,65,953.379423222637
328,66,969.3409819357796
328,67,981.8138678628508
328,68,991.181818181818
328,69,997.8128469509116
328,70,1002.0120757494046
328,71,1004.0689030368314
328,72,1004.2727272727273
328,73,1002.94305261008
328,74,1000.5198059756932
328,75,997.4730199898232
328,76,994.2727272727273
328,77,991.292783517859
328,78,988.5223367114588
328,79,985.854357912966
328,80,983.181818181818
328,81,980.3801315003028
328,82,977.2544835421068
328,83,973.5925029037668
328,84,969.181818181818
328,85,963.8088495718386
328,86,957.2551836655672
328,87,949.3011986537851
328,88,939.7272727272727
328,89,928.596117939616
328,90,917.0997817956236
328,91,906.7126456629106
328,92,898.9090909090909
328,93,894.5367923060617
328,94,891.9365982428473
328,95,888.8226505127545
329,0,882.9090909090909
329,1,872.6828491997742
329,2,859.7220070511695
329,3,846.3774341042525
329,4,835.0
329,5,827.3454472584776
329,6,822.7890099161112
329,7,820.1107948884164
329,8,818.0909090909091
329,9,815.7705890390424
329,10,813.2355896480215
329,11,810.83279543299
329,12,808.9090909090909
329,13,807.7270261308078
329,14,807.2118133099841
329,15,807.2043301978051
329,16,807.5454545454545
329,17,808.1437496195454
329,18,809.1785207484052
329,19,810.8967587757895
329,20,813.5454545454545
329,21,817.1894526637378
329,22,821.1650127873044
329,23,824.6262483354003
329,24,826.7272727272727
329,25,827.2177579073215
329,26,828.2296099205596
329,27,832.4902933371544
329,28,842.7272727272727
329,29,860.4892316160676
329,30,882.609729348639
329,31,904.7435442250724
329,32,922.5454545454544
329,33,932.8594065374988
329,34,937.28601813943
329,35,938.6150752171008
329,36,939.6363636363636
329,37,942.39416496121
329,38,945.9507435481866
329,39,948.6228594519788
329,40,948.7272727272727
329,41,945.1406381631156
329,42,938.9791894860056
329,43,931.9190551568016
329,44,925.6363636363636
329,45,921.2975437499634
329,46,918.030225780519
329,47,914.4523403753608
329,48,909.181818181818
329,49,901.3353800188492
329,50,892.0249073919185
329,51,882.8610719781195
329,52,875.4545454545455
329,53,871.0129248110046
329,54,869.1315082881705
329,55,869.0025194394333
329,56,869.8181818181819
329,57,871.075988918951
329,58,873.4945140008534
329,59,878.0976002641473
329,60,885.9090909090909
329,61,897.6703354222832
329,62,912.9927084356884
329,63,931.2050908676136
329,64,951.6363636363636
329,65,973.3179534828258
329,66,994.0914704382102
329,67,1011.5010703563077
329,68,1023.0909090909092
329,69,1027.2794415555047
329,70,1025.98231890238
329,71,1021.98949134352
329,72,1018.0909090909092
329,73,1016.3909848406104
329,74,1016.2519812249974
329,75,1016.350623360522
329,76,1015.3636363636364
329,77,1012.3299145365996
329,78,1007.7370289249033
329,79,1002.4347197598462
329,80,997.2727272727273
329,81,992.8589592857184
329,82,988.8339939844808
329,83,984.5965771455484
329,84,979.5454545454544
329,85,973.1547028659812
329,86,965.1997224099008
329,87,955.5312443852338
329,88,944.0
329,89,930.7267747049024
329,90,916.9125709213702
329,91,904.0284453135172
329,92,893.5454545454545
329,93,886.4566642235014
329,94,881.8431757228001
329,95,878.3080993606983
330,0,874.4545454545455
330,1,869.244863855638
330,2,863.0783625510666
330,3,856.7135890618713
330,4,850.9090909090909
330,5,846.2343348994015
330,6,842.5024649820243
330,7,839.3375443918168
330,8,836.3636363636364
330,9,833.3831374558467
330,10,830.9117775208362
330,11,829.6436197344984
330,12,830.2727272727273
330,13,833.3382289135748
330,14,838.7595158437217
330,15,846.3010448520083
330,16,855.7272727272727
330,17,866.8903673444003
330,18,879.9933409224582
330,19,895.3269167665599
330,20,913.181818181818
330,21,933.486665345188
330,22,954.7216659209904
330,23,975.004924445389
330,24,992.4545454545456
330,25,1005.56211900212
330,26,1014.3131772117608
330,27,1019.0667377246118
330,28,1020.181818181818
330,29,1018.3188359190584
330,30,1015.3438070501484
330,31,1013.4241473834364
330,32,1014.7272727272727
330,33,1020.6795827761908
330,34,1029.7434127694644
330,35,1039.6400818325512
330,36,1048.090909090909
330,37,1053.431582976178
330,38,1056.4552691447218
330,39,1058.569502559087
330,40,1061.1818181818182
330,41,1065.3582898645525
330,42,1070.799147015285
330,43,1076.8631579311025
330,44,1082.909090909091
330,45,1088.527303020158
330,46,1094.2345064305011
330,47,1100.7790020801394
330,48,1108.909090909091
330,49,1118.7995435093603
330,50,1128.3310090808914
330,51,1134.810606475613
330,52,1135.5454545454545
330,53,1128.703500215128
330,54,1115.896002700479
330,55,1099.5950492901354
330,56,1082.2727272727273
330,57,1066.200376084674
330,58,1052.8463437535586
330,59,1043.4782304547548
330,60,1039.3636363636365
330,61,1041.385620446176
330,62,1048.889076830742
330,63,1060.8343584363004
330,64,1076.1818181818182
330,65,1093.6491875851673
330,66,1110.9837125598376
330,67,1125.690017618226
330,68,1135.2727272727273
330,69,1138.0332542131555
330,70,1135.4601638389984
330,71,1129.8388097271595
330,72,1123.4545454545455
330,73,1118.1510341985734
330,74,1114.0051775387144
330,75,1110.6521866549529
330,76,1107.7272727272727
330,77,1104.854086265278
330,78,1101.6100350970528
330,79,1097.5609663803016
330,80,1092.2727272727273
330,81,1085.4823366494054
330,82,1077.6115002548925
330,83,1069.253095551115
330,84,1061.0
330,85,1053.240714864373
330,86,1045.546236610651
330,87,1037.2831855061488
330,88,1027.8181818181818
330,89,1016.6897470749204
330,90,1004.1240078479584
330,91,990.5189919697444
330,92,976.2727272727273
330,93,961.82984229049
330,94,947.8213683611511
330,95,934.9249375239644
331,0,923.818181818182
331,1,914.93122467221
331,2,907.704155071072
331,3,901.3295533889432
331,4,895.0
331,5,888.2037817479414
331,6,881.6120113545603
331,7,876.1915080111717
331,8,872.9090909090909
331,9,872.3843301542053
331,10,873.8477995106871
331,11,876.1828236572796
331,12,878.2727272727273
331,13,879.4250908170553
331,14,880.6445178754187
331,15,883.3598678142548
331,16,889.0
331,17,898.6340565775735
331,18,911.8923108058196
331,19,928.0453187220652
331,20,946.3636363636364
331,21,966.0244783271968
331,22,985.8316934467574
331,23,1004.4957891156668
331,24,1020.7272727272727
331,25,1033.4185982954575
331,26,1042.190006316241
331,27,1046.8436839061762
331,28,1047.1818181818182
331,29,1043.600844400064
331,30,1038.8741903791883
331,31,1036.369532077809
331,32,1039.4545454545455
331,33,1050.2845581951954
331,34,1066.165504894279
331,35,1083.1909718734955
331,36,1097.4545454545455
331,37,1105.8958660009723
331,38,1108.8387900436965
331,39,1107.4532281554812
331,40,1102.909090909091
331,41,1096.4004437100054
331,42,1089.2179712945715
331,43,1082.6765132318517
331,44,1078.090909090909
331,45,1076.42281370446
331,46,1077.221142959836
331,47,1079.6816280080209
331,48,1083.0
331,49,1086.3046082903356
331,50,1088.4542750479034
331,51,1088.240440645155
331,52,1084.4545454545455
331,53,1076.4070485887426
331,54,1065.484484121279
331,55,1053.5924048659033
331,56,1042.6363636363635
331,57,1034.2660609910577
331,58,1029.1077884669803
331,59,1027.5319853457768
331,60,1029.909090909091
331,61,1036.464786992481
331,62,1046.845725647163
331,63,1060.5538014782626
331,64,1077.090909090909
331,65,1095.5963819481074
331,66,1113.7593089443692
331,67,1128.9062178320828
331,68,1138.3636363636365
331,69,1140.3769579423615
331,70,1136.8670385753603
331,71,1130.6735999206792
331,72,1124.6363636363635
331,73,1120.890104464265
331,74,1118.7498094814616
331,75,1116.825518848836
331,76,1113.7272727272727
331,77,1108.5086469278508
331,78,1101.9973598624304
331,79,1095.4646655930678
331,80,1090.1818181818182
331,81,1086.9432055516047
331,82,1084.6357510688167
331,83,1081.6695119607118
331,84,1076.4545454545455
331,85,1067.879042229367
331,86,1056.743726771393
331,87,1044.3274570186315
331,88,1031.909090909091
331,89,1020.4553982581996
331,90,1009.6847963910652
331,91,999.0036145102168
331,92,987.818181818182
331,93,975.7411261014714
331,94,963.2102694825276
331,95,950.869732667774
332,0,939.3636363636364
332,1,929.205097335915
332,2,920.383216587916
332,3,912.7560911823228
332,4,906.181818181818
332,5,900.5407572821418
332,6,895.802318711263
332,7,891.9581753302068
332,8,889.0
332,9,886.8648280809721
332,10,885.2711449306692
332,11,883.8827984059404
332,12,882.3636363636364
332,13,880.6235099394243
332,14,879.5562833842431
332,15,880.3018242278494
332,16,884.0
332,17,891.5402798886037
332,18,902.8105397141773
332,19,917.4482569553892
332,20,935.0909090909092
332,21,955.1372455061612
332,22,976.031103213594
332,23,995.9775911324118
332,24,1013.181818181818
332,25,1026.4334653594783
332,26,1036.860501976901
332,27,1046.1754694240549
332,28,1056.090909090909
332,29,1067.924347601379
332,30,1081.413252515165
332,31,1095.900076625914
332,32,1110.7272727272727
332,33,1125.3833487804604
332,34,1139.9410334169847
332,35,1154.6191104359257
332,36,1169.6363636363635
332,37,1184.7752118222338
332,38,1198.072613816896
332,39,1207.1291634485644
332,40,1209.5454545454545
332,41,1204.0754630215126
332,42,1194.0866931336132
332,43,1184.1000312243614
332,44,1178.6363636363635
332,45,1180.8135610917152
332,46,1188.13743183047
332,47,1196.7107684721714
332,48,1202.6363636363635
332,49,1202.8606335207176
332,50,1197.7044886354165
332,51,1188.3324630687705
332,52,1175.909090909091
332,53,1161.4868025526875
332,54,1145.6696136278651
332,55,1128.9494360709289
332,56,1111.8181818181818
332,57,1094.9719858139872
332,58,1079.9238750349405
332,59,1068.3910994656965
332,60,1062.090909090909
332,61,1062.2957087368186
332,62,1068.4985225960083
332,63,1079.7475297026488
332,64,1095.090909090909
332,65,1113.2329633296483
332,66,1131.5024891264804
332,67,1146.8844067237092
332,68,1156.3636363636365
332,69,1157.8931765809518
332,70,1153.2983390798877
332,71,1145.3725138570612
332,72,1136.909090909091
332,73,1130.0934780738169
332,74,1124.679154553969
332,75,1119.8116173935005
332,76,1114.6363636363635
332,77,1108.5397293055992
332,78,1101.8714063405996
332,79,1095.2219256598455
332,80,1089.1818181818182
332,81,1084.089934249241
332,82,1079.278401901814
332,83,1073.82766860348
332,84,1066.8181818181818
332,85,1057.5962723337998
332,86,1046.5718042339622
332,87,1034.4205249262343
332,88,1021.818181818182
332,89,1009.3048059610142
332,90,996.877562980519
332,91,984.3979021461278
332,92,971.7272727272727
332,93,958.8194470039616
332,94,945.9974892985076
332,95,933.6767869437998
333,0,922.2727272727273
333,1,912.117690114048
333,2,903.2120252799956
333,3,895.4730750786727
333,4,888.8181818181819
333,5,883.2012698125734
333,6,878.7225913996913
333,7,875.5189809233271
333,8,873.7272727272727
333,9,873.327230635658
333,10,873.6703363939662
333,11,873.9510012280189
333,12,873.3636363636364
333,13,871.5409440084303
333,14,869.8687902971706
333,15,870.1713323464163
333,16,874.2727272727273
333,17,883.4805842397112
333,18,897.0363205991694
333,19,913.6648057499524
333,20,932.0909090909092
333,21,951.1077417599972
333,22,969.781381851606
333,23,987.2461491992292
333,24,1002.6363636363636
333,25,1015.3853237202984
333,26,1026.1222429034983
333,27,1035.7753133622218
333,28,1045.2727272727273
333,29,1055.2430088133538
333,30,1065.116010170764
333,31,1074.021915533701
333,32,1081.090909090909
333,33,1085.8826978444683
333,34,1089.6750800498094
333,35,1094.1753767757002
333,36,1101.090909090909
333,37,1111.4250634451366
333,38,1123.3654878118164
333,39,1134.3958955453154
333,40,1142.0
333,41,1144.3985824658946
333,42,1142.7606959756522
333,43,1138.9924614975837
333,44,1135.0
333,45,1132.2689589640129
333,46,1130.6030919219386
333,47,1129.385678918895
333,48,1128.0
333,49,1126.025581678054
333,50,1123.8269363365928
333,51,1121.9648228268352
333,52,1121.0
333,53,1121.1287143237705
333,54,1121.0891627316896
333,55,1119.2550297737637
333,56,1114.0
333,57,1104.429731481409
333,58,1092.5777763730132
333,59,1081.2096603508378
333,60,1073.090909090909
333,61,1070.4279279324116
333,62,1073.1906408671673
333,63,1080.789851550158
333,64,1092.6363636363635
333,65,1107.7775908798535
333,66,1123.8073874310446
333,67,1137.9562175394403
333,68,1147.4545454545455
333,69,1150.4034699118108
333,70,1148.3866275904732
333,71,1143.8582896557173
333,72,1139.2727272727273
333,73,1136.483529472904
333,74,1134.9415567525173
333,75,1133.496987474053
333,76,1131.0
333,77,1126.6126962874832
333,78,1120.7448726721866
333,79,1114.118249084433
333,80,1107.4545454545455
333,81,1101.2659694680726
333,82,1095.2266798314645
333,83,1088.8013230063968
333,84,1081.4545454545455
333,85,1072.8078008402265
333,86,1063.109771638319
333,87,1052.765947526343
333,88,1042.1818181818182
333,89,1031.5212930801122
333,90,1019.9819608879862
333,91,1006.5198300700488
333,92,990.0909090909092
333,93,970.3712313847788
333,94,949.916930264282
333,95,932.0041640116434
334,0,919.9090909090908
334,1,915.7409404716813
334,2,916.9412271457963
334,3,919.78453661065
334,4,920.5454545454544
334,5,916.4490976375874
334,6,908.5227066070784
334,7,898.7440531821211
334,8,889.0909090909091
334,9,881.1856803416053
334,10,875.2293100622537
334,11,871.0673756608659
334,12,868.5454545454545
334,13,867.529771905081
334,14,867.9691440529982
334,15,869.8330350835073
334,16,873.0909090909091
334,17,877.9083002198887
334,18,885.2350228166629
334,19,896.216961277833
334,20,912.0
334,21,932.8384476699104
334,22,955.4203101348955
334,23,975.5420175324332
334,24,989.0
334,25,993.3856363731971
334,26,993.4701002801182
334,27,995.81951404698
334,28,1007.0
334,29,1031.020995473665
334,30,1061.665197835541
334,31,1090.1586194614647
334,32,1107.7272727272727
334,33,1108.3854953685072
334,34,1097.300926559536
334,35,1082.429530834433
334,36,1071.7272727272727
334,37,1071.0961139613971
334,38,1078.222005017224
334,39,1088.7368935644386
334,40,1098.2727272727273
334,41,1103.5056169677223
334,42,1105.2883260988417
334,43,1105.5177812714492
334,44,1106.090909090909
334,45,1108.3686340768045
334,46,1111.5678724055915
334,47,1114.369538167947
334,48,1115.4545454545455
334,49,1113.7116080886967
334,50,1108.8606388242465
334,51,1100.829350147672
334,52,1089.5454545454545
334,53,1075.286354022954
334,54,1059.7282086610603
334,55,1044.8968680595458
334,56,1032.8181818181818
334,57,1025.0932599103965
334,58,1021.6242538042392
334,59,1021.8885753414174
334,60,1025.3636363636365
334,61,1031.5721404263702
334,62,1040.2179579401638
334,63,1051.0502510293302
334,64,1063.8181818181818
334,65,1077.966189747759
334,66,1091.719823526014
334,67,1102.999909177625
334,68,1109.7272727272727
334,69,1110.5204869462295
334,70,1106.7891115921443
334,71,1100.6404531692594
334,72,1094.1818181818182
334,73,1089.0640783764138
334,74,1085.1123664690458
334,75,1081.695380418064
334,76,1078.1818181818182
334,77,1074.1280290935697
334,78,1069.8409679862186
334,79,1065.8152410675762
334,80,1062.5454545454545
334,81,1060.281759794763
334,82,1058.296488858808
334,83,1055.6175189479943
334,84,1051.2727272727273
334,85,1044.5503294546509
334,86,1035.779894760368
334,87,1025.551330867719
334,88,1014.4545454545456
334,89,1002.9956155684508
334,90,991.3452957360846
334,91,979.5905098538576
334,92,967.818181818182
334,93,956.1447650897272
334,94,944.8048313862027
334,95,934.0624819895772
335,0,924.181818181818
335,1,915.3145286180942
335,2,907.1626514463755
335,3,899.3158121878329
335,4,891.3636363636364
335,5,883.0502454378956
335,6,874.7377446464762
335,7,866.9427351681825
335,8,860.1818181818181
335,9,854.8396032666861
335,10,850.7727336040824
335,11,847.7058607758012
335,12,845.3636363636364
335,13,843.5444664953594
335,14,842.3417754826489
335,15,841.9227421831588
335,16,842.4545454545455
335,17,844.1430421155121
335,18,847.348800828959
335,19,852.4710682188356
335,20,859.9090909090909
335,21,869.5893309516831
335,22,879.547112110606
335,23,887.3449735778621
335,24,890.5454545454545
335,25,888.0337249868463
335,26,883.9854780013444
335,27,883.8990374697152
335,28,893.2727272727273
335,29,915.3396895554772
335,30,944.272339520381
335,31,971.9779106341856
335,32,990.3636363636364
335,33,993.8560963367
335,34,986.9592548262228
335,35,976.6964222662704
335,36,970.0909090909092
335,37,972.0498455522676
335,38,979.0156411747276
335,39,985.3145253007328
335,40,985.2727272727273
335,41,974.873498726956
335,42,956.728180474866
335,43,935.1051356217072
335,44,914.2727272727273
335,45,897.6763299944541
335,46,885.4693641985342
335,47,876.9822617578924
335,48,871.5454545454545
335,49,868.3444767497728
335,50,865.9852718219064
335,51,862.9288855285414
335,52,857.6363636363636
335,53,849.3505925519087
335,54,840.4418212411127
335,55,834.0621393097598
335,56,833.3636363636364
335,57,840.5187780425917
335,58,853.7815341227343
335,59,870.4262504142371
335,60,887.7272727272727
335,61,903.6041248231788
335,62,918.55704226795
335,63,933.7314385787466
335,64,950.2727272727273
335,65,968.7223931192387
335,66,987.2062058963736
335,67,1003.2460066344132
335,68,1014.3636363636364
335,69,1018.867098154412
335,70,1018.2090432374628
335,71,1014.6282848836006
335,72,1010.3636363636364
335,73,1007.1813733540222
335,74,1004.957621153774
335,75,1003.095967467548
335,76,1001.0
335,77,998.246897065862
335,78,995.1081994201676
335,79,992.0290384280258
335,80,989.4545454545456
335,81,987.595242927984
335,82,985.723217529192
335,83,982.8759470021672
335,84,978.0909090909092
335,85,970.74144940402
335,86,961.54438500852
335,87,951.5524008360323
335,88,941.818181818182
335,89,933.1065730922994
335,90,925.0310606185468
335,91,916.9172905627936
335,92,908.0909090909092
335,93,898.1092468631462
335,94,887.4563725172931
335,95,876.8480391855203
336,0,867.0
336,1,858.4422349096611
336,2,850.9616311304638
336,3,844.1593026951251
336,4,837.6363636363636
336,5,831.0877225891181
336,6,824.583466597216
336,7,818.2874773067059
336,8,812.3636363636364
336,9,806.9753406429568
336,10,802.2840479352176
336,11,798.4507312598696
336,12,795.6363636363636
336,13,793.9526762026909
336,14,793.314432571005
336,15,793.5871544719979
336,16,794.6363636363636
336,17,796.3687840917336
336,18,798.8559490534909
336,19,802.2105940339574
336,20,806.5454545454545
336,21,811.7966192485571
336,22,817.1935893968501
336,23,821.789219392173
336,24,824.6363636363636
336,25,825.2487161867658
336,26,824.9833297227443
336,27,825.658096579169
336,28,829.0909090909091
336,29,836.3491410043792
336,30,845.4980917121724
336,31,853.8525420184244
336,32,858.7272727272727
336,33,858.3831288866255
336,34,854.865212519476
336,35,851.1646898925887
336,36,850.2727272727273
336,37,854.2206161763911
336,38,861.2001491190149
336,39,868.4432438657676
336,40,873.1818181818181
336,41,873.5653723169008
336,42,871.4137364590101
336,43,869.4643232807052
336,44,870.4545454545455
336,45,876.2721559196415
336,46,885.4062686813081
336,47,895.4963380114117
336,48,904.181818181818
336,49,909.6769699136244
336,50,912.4952797248488
336,51,913.7250405827392
336,52,914.4545454545456
336,53,915.3963848804063
336,54,915.7603396920252
336,55,914.3804882939944
336,56,910.0909090909092
336,57,902.4235701102044
336,58,893.7019978706882
336,59,886.9476085140093
336,60,885.1818181818181
336,61,890.6891642242299
336,62,902.8066688252223
336,63,920.1344753772404
336,64,941.2727272727273
336,65,964.6251707201486
336,66,987.8099631920578
336,67,1008.2488649770288
336,68,1023.3636363636364
336,69,1031.3797551679029
336,70,1033.7375693156373
336,71,1032.6811442600992
336,72,1030.4545454545455
336,73,1028.852967699151
336,74,1027.8761231817566
336,75,1027.0748534371205
336,76,1026.0
336,77,1024.2907603991307
336,78,1021.9397561391548
336,79,1019.0279647186924
336,80,1015.6363636363636
336,81,1011.7581384315998
336,82,1007.0353068070788
336,83,1001.0220945062912
336,84,993.2727272727273
336,85,983.4934472381068
336,86,971.9985620870748
336,87,959.2543958925052
336,88,945.7272727272727
336,89,931.87176579779
336,90,918.0954448446216
336,91,904.7941287418696
336,92,892.3636363636364
336,93,881.1643759343685
336,94,871.4151130798924
336,95,863.2992027763793
337,0,857.0
337,1,852.584366828372
337,2,849.6531937448992
337,3,847.6908783344311
337,4,846.1818181818181
337,5,844.7779862975974
337,6,843.8016573950565
337,7,843.7426816131687
337,8,845.0909090909091
337,9,847.9656197994192
337,10,851.0038130385117
337,11,852.4719179401665
337,12,850.6363636363636
337,13,844.5825458683619
337,14,836.6717268145335
337,15,830.0841352625291
337,16,828.0
337,17,832.8206739998608
337,18,843.8320069760823
337,19,859.5409728278988
337,20,878.4545454545455
337,21,899.0765194958312
337,22,919.8979725538647
337,23,939.4068029713296
337,24,956.0909090909092
337,25,968.9144411986324
337,26,978.7465573539127
337,27,986.9326675595098
337,28,994.818181818182
337,29,1003.31543161873
337,30,1011.6044343941204
337,31,1018.4321290633592
337,32,1022.5454545454544
337,33,1023.3337755082656
337,34,1022.7561596150608
337,35,1023.4141002779623
337,36,1027.909090909091
337,37,1037.9190686209354
337,38,1051.4277453274542
337,39,1065.4952766429733
337,40,1077.1818181818182
337,41,1084.197336371629
337,42,1086.851040893304
337,43,1086.1019522410538
337,44,1082.909090909091
337,45,1078.295847256184
337,46,1073.5430910993302
337,47,1069.9960621200842
337,48,1069.0
337,49,1071.3152973309077
337,50,1075.3629583457391
337,51,1078.9791401877008
337,52,1080.0
337,53,1076.8065997838212
337,54,1069.9596209722588
337,55,1060.5646498563854
337,56,1049.7272727272727
337,57,1038.5932467156256
337,58,1028.469012310679
337,59,1020.7011808413024
337,60,1016.6363636363636
337,61,1017.3758110809492
337,62,1023.0393297850236
337,63,1033.5013654147676
337,64,1048.6363636363635
337,65,1067.7415771423946
337,66,1087.8054867310448
337,67,1105.2393802269
337,68,1116.4545454545455
337,69,1119.003050804018
337,70,1115.0000869271612
337,71,1107.7016250412692
337,72,1100.3636363636365
337,73,1095.474912823351
337,74,1092.4555291966738
337,75,1089.95838097166
337,76,1086.6363636363635
337,77,1081.4936047207602
337,78,1074.939159922507
337,79,1067.7333169811825
337,80,1060.6363636363635
337,81,1054.1188501117904
337,82,1047.492376567844
337,83,1039.778805649066
337,84,1030.0
337,85,1017.4670743775332
337,86,1002.648151987936
337,87,986.3006081498254
337,88,969.181818181818
337,89,951.9787614689868
337,90,935.09683366223
337,91,918.871034478904
337,92,903.6363636363636
337,93,889.6931638374291
337,94,877.2031497267798
337,95,866.2933789345582
338,0,857.0909090909091
338,1,849.6832422722059
338,2,843.9996583397428
338,3,839.929881601045
338,4,837.3636363636364
338,5,836.0951738919289
338,6,835.5368532778848
338,7,835.0055605703524
338,8,833.8181818181819
338,9,831.4999826146236
338,10,828.4097467305368
338,11,825.1146374811815
338,12,822.1818181818181
338,13,820.1733615586669
338,14,819.6309779817864
338,15,821.0912872321941
338,16,825.0909090909091
338,17,832.1006052416177
338,18,842.3277049786816
338,19,855.9136794991323
338,20,873.0
338,21,893.2921152021354
338,22,914.7513839216684
338,23,934.9031424985492
338,24,951.2727272727273
338,25,962.1868998589316
338,26,969.1781229710078
338,27,974.58028459758
338,28,980.7272727272727
338,29,989.2117058166832
338,30,998.6611241943004
338,31,1006.9617986565856
338,32,1012.0
338,33,1012.6125836925168
338,34,1011.4387438881538
338,35,1012.0682594124414
338,36,1018.0909090909092
338,37,1031.6348344132496
338,38,1048.9816275258106
338,39,1064.9512432391025
338,40,1074.3636363636365
338,41,1073.758590018121
338,42,1066.5552005540578
338,43,1057.892392631148
338,44,1052.909090909091
338,45,1055.322282786994
338,46,1063.161206621594
338,47,1073.0331635090326
338,48,1081.5454545454545
338,49,1086.1838129248115
338,50,1087.9477002322942
338,51,1088.7150101509026
338,52,1090.3636363636365
338,53,1094.0362155137595
338,54,1097.9343560855932
338,55,1099.5244095237204
338,56,1096.2727272727273
338,57,1086.728143201968
338,58,1073.7694208798796
338,59,1061.3578062996698
338,60,1053.4545454545455
338,61,1053.044109405641
338,62,1059.2038694857974
338,63,1070.0344220957822
338,64,1083.6363636363635
338,65,1098.11672599365
338,66,1111.6082829951129
338,67,1122.2502439535644
338,68,1128.1818181818182
338,69,1128.1665434379413
338,70,1123.4652712610248
338,71,1115.9631816354138
338,72,1107.5454545454545
338,73,1099.7611343454937
338,74,1092.8147228698797
338,75,1086.5745863229624
338,76,1080.909090909091
338,77,1075.666760089175
338,78,1070.616746350366
338,79,1065.5083594363737
338,80,1060.090909090909
338,81,1054.074666206896
338,82,1047.0137462741104
338,83,1038.423225931543
338,84,1027.8181818181818
338,85,1014.9010523559676
338,86,1000.1237230986447
338,87,984.1254413829092
338,88,967.5454545454544
338,89,950.9603289146876
338,90,934.6959067858544
338,91,919.0153494459122
338,92,904.181818181818
338,93,890.4479728943734
338,94,878.0244679397557
338,95,867.1114562879876
339,0,857.9090909090909
339,1,850.4324385987281
339,2,843.9562214551225
339,3,837.5700754021374
339,4,830.3636363636364
339,5,821.7952840743503
339,6,812.7983735124812
339,7,804.6750034670989
339,8,798.7272727272727
339,9,795.9077319220522
339,10,795.7707390404066
339,11,797.5211039112849
339,12,800.3636363636364
339,13,803.6931064192588
339,14,807.6641248713466
339,15,812.621262705943
339,16,818.9090909090909
339,17,826.8922855827303
339,18,837.0159432923883
339,19,849.7452657194885
339,20,865.5454545454545
339,21,884.3854785225467
339,22,904.2493746863724
339,23,922.6249471433752
339,24,937.0
339,25,945.7675048725374
339,26,950.9411034166684
339,27,955.4396047979194
339,28,962.181818181818
339,29,973.4748997145756
339,30,989.1793934651369
339,31,1008.5441904831296
339,32,1030.8181818181818
339,33,1054.8854530873414
339,34,1078.1708681773305
339,35,1097.734485542291
339,36,1110.6363636363635
339,37,1115.0173788451498
339,38,1113.3416792800867
339,39,1109.154230984071
339,40,1106.0
339,41,1106.5237247138778
339,42,1109.7692328841408
339,43,1113.8801246123337
339,44,1117.0
339,45,1117.7868700266115
339,46,1116.9563891833495
339,47,1115.7386228393216
339,48,1115.3636363636365
339,49,1116.4722610887663
339,50,1117.3483922006428
339,51,1115.6866908485615
339,52,1109.1818181818182
339,53,1096.3823242546862
339,54,1079.2523147413513
339,55,1060.6097842209774
339,56,1043.2727272727273
339,57,1029.6291237106702
339,58,1020.3468942884969
339,59,1015.663944994802
339,60,1015.818181818182
339,61,1020.903737720814
339,62,1030.4396535592075
339,63,1043.8011971634514
339,64,1060.3636363636365
339,65,1079.1081981333448
339,66,1097.4399460201278
339,67,1112.3699027150285
339,68,1120.909090909091
339,69,1121.0810833821706
339,70,1114.959653269373
339,71,1105.631123794616
339,72,1096.1818181818182
339,73,1088.9893433379734
339,74,1083.5964409023811
339,75,1078.8371361974166
339,76,1073.5454545454545
339,77,1066.8933614477537
339,78,1059.4045831211022
339,79,1051.9407859611724
339,80,1045.3636363636365
339,81,1040.1630631437404
339,82,1035.3420447950286
339,83,1029.5318222306212
339,84,1021.3636363636364
339,85,1009.9004087045578
339,86,995.931783153328
339,87,980.679084207252
339,88,965.3636363636364
339,89,950.9114384016636
339,90,937.0671862280232
339,91,923.2802500312798
339,92,909.0
339,93,894.0063945069688
339,94,879.4017446618528
339,95,866.6189497585375
340,0,857.0909090909091
340,1,851.6396881159151
340,2,848.6440169427478
340,3,845.8717918436611
340,4,841.0909090909091
340,5,832.8595689384618
340,6,822.8971875671559
340,7,813.713485139545
340,8,807.8181818181819
340,9,806.9206156756921
340,10,809.5285964249913
340,11,813.3495516890679
340,12,816.0909090909091
340,13,816.155411540588
340,14,814.7270630965145
340,15,813.685183104184
340,16,814.9090909090909
340,17,819.95347679832
340,18,829.0745148253137
340,19,842.2037499851053
340,20,859.2727272727273
340,21,879.7892039934054
340,22,901.5657866931392
340,23,921.9912942281218
340,24,938.4545454545456
340,25,949.3783435916948
340,26,957.3214293112196
340,27,965.8765276478624
340,28,978.6363636363636
340,29,997.8437284579974
340,30,1020.3416778801628
340,31,1041.6233338167929
340,32,1057.1818181818182
340,33,1063.8944698490434
340,34,1064.1754955317645
340,35,1061.8233189031482
340,36,1060.6363636363635
340,37,1063.2857785094648
340,38,1067.933612720053
340,39,1071.614640570614
340,40,1071.3636363636365
340,41,1065.1612797494608
340,42,1054.7718717698435
340,43,1042.905618814396
340,44,1032.2727272727273
340,45,1024.919954765419
340,46,1020.2402638369364
340,47,1016.9631682627124
340,48,1013.818181818182
340,49,1009.8464011888614
340,50,1005.3352547005932
340,51,1000.883753589301
340,52,997.0909090909092
340,53,994.406088206408
340,54,992.680080997055
340,55,991.6140332891744
340,56,990.9090909090908
340,57,990.3943028036888
340,58,990.4103304020962
340,59,991.4257382540007
340,60,993.9090909090908
340,61,998.3760755788364
340,62,1005.5308701218332
340,63,1016.1247750584586
340,64,1030.909090909091
340,65,1049.905372153693
340,66,1070.216189110572
340,67,1088.2143660576191
340,68,1100.2727272727273
340,69,1103.8944812609368
340,70,1101.1043734358796
340,71,1095.0575334383375
340,72,1088.909090909091
340,73,1085.0593164389245
340,74,1082.8890444186363
340,75,1081.024250189031
340,76,1078.090909090909
340,77,1073.1296166197303
340,78,1066.8394488895742
340,79,1060.3341021691767
340,80,1054.7272727272727
340,81,1050.686421627609
340,82,1047.0940691139754
340,83,1042.3865002251723
340,84,1035.0
340,85,1023.8249809607428
340,86,1009.5683655636155
340,87,993.3912037483168
340,88,976.4545454545456
340,89,959.7466090748748
340,90,943.5642868133808
340,91,928.0316393270144
340,92,913.2727272727273
340,93,899.4158554670307
340,94,886.6063053646794
340,95,874.9936025799884
341,0,864.7272727272727
341,1,855.8754804206387
341,2,848.1809462733563
341,3,841.3050298984869
341,4,834.9090909090909
341,5,828.822279668596
341,6,823.544909541895
341,7,819.7450846442462
341,8,818.0909090909091
341,9,818.9902304504318
341,10,821.8098701045187
341,11,825.6563928881646
341,12,829.6363636363636
341,13,833.08469625695
341,14,836.2497009491207
341,15,839.6080369849128
341,16,843.6363636363636
341,17,848.8655867944956
341,18,856.0435988262714
341,19,865.9725387176386
341,20,879.4545454545455
341,21,896.7427292923403
341,22,915.894085563976
341,23,934.4165808718054
341,24,949.818181818182
341,25,960.5072460361422
341,26,968.4936952814604
341,27,976.687842340594
341,28,988.0
341,29,1004.2879456539996
341,30,1023.199315128364
341,31,1041.3292088567284
341,32,1055.2727272727273
341,33,1062.707448620587
341,34,1065.6408623869013
341,35,1067.1629358688558
341,36,1070.3636363636365
341,37,1077.1649303181982
341,38,1084.8167807785765
341,39,1089.4011499405754
341,40,1087.0
341,41,1075.1498755611656
341,42,1057.2056508624298
341,43,1037.9767825506608
341,44,1022.2727272727273
341,45,1013.5736356189576
341,46,1010.0424339535228
341,47,1008.512742584054
341,48,1005.818181818182
341,49,999.6493319630036
341,50,991.1246133234788
341,51,982.2194062040328
341,52,974.9090909090908
341,53,970.7026160744824
341,54,969.243203661653
341,55,969.7076439634516
341,56,971.2727272727273
341,57,973.2291241936116
341,58,975.3230265753637
341,59,977.4145065785252
341,60,979.3636363636364
341,61,981.3666826056163
341,62,984.964690036892
341,63,992.0348979042668
341,64,1004.4545454545456
341,65,1023.07687265665
341,66,1044.6591223679775
341,67,1064.9345381680437
341,68,1079.6363636363635
341,69,1085.7093494950564
341,70,1084.9442750366532
341,71,1080.3434266962863
341,72,1074.909090909091
341,73,1071.0104452722144
341,74,1068.484232030865
341,75,1066.534084592265
341,76,1064.3636363636365
341,77,1061.3667671433582
341,78,1057.6983422944325
341,79,1053.703473571018
341,80,1049.7272727272727
341,81,1045.950042972535
341,82,1041.8928533368598
341,83,1036.911964305482
341,84,1030.3636363636365
341,85,1021.776242784684
341,86,1011.3666079944924
341,87,999.5236692070542
341,88,986.6363636363636
341,89,973.1282245250928
341,90,959.5611692306268
341,91,946.5317111390292
341,92,934.6363636363636
341,93,924.2264841149452
341,94,914.6728059920922
341,95,905.100906691375
342,0,894.6363636363636
342,1,882.705895833309
342,2,869.9407886191864
342,3,857.2734689136523
342,4,845.6363636363636
342,5,835.8462393700011
342,6,828.257221349344
342,7,823.1077744721971
342,8,820.6363636363636
342,9,820.7940898685055
342,10,822.3825987107103
342,11,823.9161718339236
342,12,823.9090909090909
342,13,821.4575147923414
342,14,817.9851110805422
342,15,815.4974245557446
342,16,816.0
342,17,820.9113623257655
342,18,829.301956967121
342,19,839.6552094885524
342,20,850.4545454545455
342,21,860.3657859045969
342,22,868.7843337782466
342,23,875.2879874900459
342,24,879.4545454545455
342,25,881.2462326922109
342,26,882.1629806471655
342,27,884.0891473694461
342,28,888.9090909090909
342,29,897.9078060538324
342,30,909.9728345421834
342,31,923.3923548503516
342,32,936.4545454545456
342,33,947.5714067288236
342,34,955.6502266386476
342,35,959.7221150473296
342,36,958.818181818182
342,37,952.580714758146
342,38,943.096713448681
342,39,933.0643554148756
342,40,925.181818181818
342,41,921.4068706022288
342,42,920.7356468393556
342,43,921.4238723840768
342,44,921.7272727272727
342,45,920.4281664693018
342,46,918.4152446484428
342,47,917.1037914124532
342,48,917.9090909090908
342,49,921.660293066018
342,50,926.84201093051
342,51,931.3527233297472
342,52,933.0909090909092
342,53,930.4036726302628
342,54,923.4326207204252
342,55,912.7679857231028
342,56,899.0
342,57,883.2037095947496
342,58,868.3934152786969
342,59,858.0682315051138
342,60,855.7272727272727
342,61,863.7971139907382
342,62,880.4141727102416
342,63,902.642326892806
342,64,927.5454545454544
342,65,952.3691980786608
342,66,975.0862575167
342,67,993.8510972872984
342,68,1006.818181818182
342,69,1012.8184232400732
342,70,1013.3885244956856
342,71,1010.7416362307272
342,72,1007.0909090909092
342,73,1004.21222259741
342,74,1002.132371773287
342,75,1000.4408805170654
342,76,998.7272727272727
342,77,996.7190500066506
342,78,994.6956247748046
342,79,993.0743871555565
342,80,992.2727272727273
342,81,992.4612932850788
342,82,992.8237654911316
342,83,992.297082224346
342,84,989.818181818182
342,85,984.6303791257612
342,86,977.2024950788508
342,87,968.3097271288784
342,88,958.7272727272727
342,89,949.1109402118764
342,90,939.6389814661932
342,91,930.3702592601404
342,92,921.3636363636364
342,93,912.6275645721872
342,94,903.9688517836498
342,95,895.1438949214695
343,0,885.9090909090909
343,1,876.1841992266474
343,2,866.5424295810254
343,3,857.7203542358001
343,4,850.4545454545455
343,5,845.2393317030412
343,6,841.600066255884
343,7,838.8198585898758
343,8,836.1818181818181
343,9,833.1581898702792
343,10,829.9777599408931
343,11,827.0584500410604
343,12,824.8181818181819
343,13,823.5852951794785
343,14,823.3298030714527
343,15,823.9321367004279
343,16,825.2727272727273
343,17,827.3046066845346
343,18,830.2712095914783
343,19,834.4885713390457
343,20,840.2727272727273
343,21,847.5826417187466
343,22,854.9489949262719
343,23,860.5453961252065
343,24,862.5454545454545
343,25,860.0537468950243
343,26,855.898719794344
343,27,853.839787341946
343,28,857.6363636363636
343,29,869.5915752466105
343,30,886.1833986236251
343,31,902.4335226888276
343,32,913.3636363636364
343,33,915.516031663988
343,34,911.5154129838826
343,35,905.5070878118354
343,36,901.6363636363636
343,37,902.874127642892
343,38,907.493585804482
343,39,912.5935237911036
343,40,915.2727272727273
343,41,913.6010941280804
343,42,909.5329710709174
343,43,905.99381702375
343,44,905.9090909090908
343,45,911.1646776629692
343,46,919.4881662754856
343,47,927.5675717502592
343,48,932.0909090909092
343,49,930.7813884018616
343,50,925.5030001907768
343,51,919.1549300661216
343,52,914.6363636363636
343,53,913.9370414568568
343,54,915.4089238704986
343,55,916.4945261670732
343,56,914.6363636363636
343,57,908.3269798616202
343,58,900.2590315999561
343,59,894.1752039019501
343,60,893.8181818181819
343,61,901.9737890966626
343,62,917.6004042751324
343,63,938.6995445887632
343,64,963.2727272727273
343,65,989.2338296608206
343,66,1014.1461694813336
343,67,1035.4854245611796
343,68,1050.7272727272727
343,69,1058.1889036236914
343,70,1059.5535541631707
343,71,1057.3459730756103
343,72,1054.090909090909
343,73,1051.7918058444138
343,74,1050.3668865932566
343,75,1049.2130695000162
343,76,1047.7272727272727
343,77,1045.463475271381
343,78,1042.6038994638034
343,79,1039.4878284697786
343,80,1036.4545454545455
343,81,1033.644065797335
343,82,1030.3993337333488
343,83,1025.8640257117788
343,84,1019.181818181818
343,85,1009.7756024483684
343,86,998.185129239165
343,87,985.2293641376516
343,88,971.7272727272727
343,89,958.3373312273726
343,90,945.0760584009
343,91,931.7994836467046
343,92,918.3636363636364
343,93,904.873652187596
343,94,892.4310917026899
343,95,882.3866217300748
344,0,876.0909090909091
344,1,874.2873782040614
344,2,875.29048387925
344,3,876.8074385239045
344,4,876.5454545454545
344,5,872.8930281779759
344,6,866.9637909621281
344,7,860.5526582652163
344,8,855.4545454545455
344,9,852.9771568113073
344,10,852.4793522722374
344,11,852.832780687958
344,12,852.9090909090909
344,13,852.0463559404317
344,14,851.4483454034679
344,15,852.7852530738612
344,16,857.7272727272727
344,17,867.5277603360574
344,18,881.7727206593456
344,19,899.6313206529609
344,20,920.2727272727273
344,21,942.7275458971566
344,22,965.4721355955132
344,23,986.8442938597494
344,24,1005.181818181818
344,25,1019.2410333480432
344,26,1029.452373322238
344,27,1036.6647993625863
344,28,1041.7272727272727
344,29,1045.6634343470332
344,30,1050.1956438428076
344,31,1057.2209405080876
344,32,1068.6363636363635
344,33,1085.4361951729145
344,34,1105.0036876701677
344,35,1123.819336332337
344,36,1138.3636363636365
344,37,1146.12871677949
344,38,1148.6532418401578
344,39,1148.4875096171108
344,40,1148.1818181818182
344,41,1149.673937709126
344,42,1152.4515267873826
344,43,1155.3897161083112
344,44,1157.3636363636365
344,45,1157.5448505658244
344,46,1156.2906510103123
344,47,1154.2547623132805
344,48,1152.090909090909
344,49,1150.1239327548494
344,50,1147.3631418986408
344,51,1142.4889619112937
344,52,1134.1818181818182
344,53,1121.6128275056865
344,54,1105.915872304215
344,55,1088.715526405182
344,56,1071.6363636363635
344,57,1056.2329958587673
344,58,1043.780187066316
344,59,1035.482739286161
344,60,1032.5454545454545
344,61,1035.8202458774254
344,62,1044.7474703396113
344,63,1058.414595995628
344,64,1075.909090909091
344,65,1095.9803388133494
344,66,1116.025386120693
344,67,1133.1031949131443
344,68,1144.2727272727273
344,69,1147.5538534146312
344,70,1144.8100760867082
344,71,1138.8658061699768
344,72,1132.5454545454545
344,73,1128.042883891762
344,74,1125.029764077929
344,75,1122.5472167705857
344,76,1119.6363636363635
344,77,1115.6027360183195
344,78,1110.8095039652128
344,79,1105.8842472022263
344,80,1101.4545454545455
344,81,1097.8529902167772
344,82,1094.2322200612205
344,83,1089.4498853295995
344,84,1082.3636363636365
344,85,1072.1330303872996
344,86,1059.1252521535414
344,87,1044.0093932975576
344,88,1027.4545454545455
344,89,1010.1887518703873
344,90,993.1758622337052
344,91,977.438677843807
344,92,964.0
344,93,953.5040075856972
344,94,945.0803898207296
344,95,937.4802135090335
345,0,929.4545454545456
345,1,920.1858427868244
345,2,910.5821239379223
345,3,901.9827976655135
345,4,895.7272727272727
345,5,892.700064448823
345,6,891.9661144275811
345,7,892.1354708289124
345,8,891.8181818181819
345,9,890.0352062360653
345,10,887.45114562448
345,11,885.1415122006554
345,12,884.1818181818181
345,13,885.4360992432801
345,14,888.9224848926799
345,15,894.4476280957399
345,16,901.818181818182
345,17,910.9703967908148
345,18,922.3589148048
345,19,936.5679754163853
345,20,954.181818181818
345,21,975.348506775278
345,22,998.4714013426654
345,23,1021.517686147811
345,24,1042.4545454545455
345,25,1059.6199511080724
345,26,1072.8350252790842
345,27,1082.2916777196444
345,28,1088.1818181818182
345,29,1090.8591887924315
345,30,1091.3248611773615
345,31,1090.741739337247
345,32,1090.2727272727273
345,33,1090.883634631292
345,34,1092.7518936478334
345,35,1095.8578422040946
345,36,1100.1818181818182
345,37,1105.5295681369462
345,38,1111.0084733222145
345,39,1115.551323664557
345,40,1118.090909090909
345,41,1117.9711041845596
345,42,1116.1801221542185
345,43,1114.11726086495
345,44,1113.1818181818182
345,45,1114.3544810339056
345,46,1116.9414926063662
345,47,1119.8304851483706
345,48,1121.909090909091
345,49,1122.390801225272
345,50,1121.7925437839535
345,51,1120.9571053597494
345,52,1120.7272727272727
345,53,1121.4331663377338
345,54,1121.3542413487287
345,55,1118.2572865944503
345,56,1109.909090909091
345,57,1095.1663061510658
345,58,1077.2450362756774
345,59,1060.4512482624502
345,60,1049.090909090909
345,61,1046.4953590580033
345,62,1052.0974317303808
345,63,1064.355333992113
345,64,1081.7272727272727
345,65,1102.4133371623757
345,66,1123.5811458937098
345,67,1142.1401998600077
345,68,1155.0
345,69,1160.0558377470395
345,70,1159.1461665129614
345,71,1155.0952302042206
345,72,1150.7272727272727
345,73,1148.20564139492
345,74,1147.0500971453532
345,75,1146.1195043231096
345,76,1144.2727272727273
345,77,1140.681255764189
345,78,1135.7670812692622
345,79,1130.2648206851584
345,80,1124.909090909091
345,81,1120.1488810028686
345,82,1115.2906686866895
345,83,1109.3553038453474
345,84,1101.3636363636365
345,85,1090.6138452243354
345,86,1077.5134258021617
345,87,1062.7472025698155
345,88,1047.0
345,89,1030.9298290088805
345,90,1015.0874462864828
345,91,999.9967949662986
345,92,986.181818181818
345,93,974.0290546492342
345,94,963.3754254155432
345,95,953.9204471104448
346,0,945.3636363636364
346,1,937.5278160305468
346,2,930.7290338695252
346,3,925.4066438646496
346,4,922.0
346,5,920.6991698649422
346,6,920.6970754699928
346,7,920.9373524309564
346,8,920.3636363636364
346,9,918.2067545096844
346,10,914.8463006141396
346,11,910.9490600478888
346,12,907.181818181818
346,13,904.2167098235929
346,14,902.7472675279936
346,15,903.4723732865792
346,16,907.0909090909092
346,17,914.1948721050348
346,18,924.9487201829768
346,19,939.4100263512488
346,20,957.6363636363636
346,21,979.2410176653592
346,22,1002.0601244673718
346,23,1023.485532672062
346,24,1040.909090909091
346,25,1052.5299776880738
346,26,1059.7766910384453
346,27,1064.885058869594
346,28,1070.090909090909
346,29,1076.9842420368907
346,30,1084.5717477424837
346,31,1091.214288667744
346,32,1095.2727272727273
346,33,1095.7915768916364
346,34,1094.5499543552571
346,35,1094.0106273685226
346,36,1096.6363636363635
346,37,1103.9957572147457
346,38,1114.08070756376
346,39,1123.9889404945309
346,40,1130.8181818181818
346,41,1132.5265306130177
346,42,1130.5135790260665
346,43,1127.0392924715363
346,44,1124.3636363636365
346,45,1124.2106203331834
346,46,1126.1604308774288
346,47,1129.2572987102328
346,48,1132.5454545454545
346,49,1135.1480335087945
346,50,1136.5037883733098
346,51,1136.1303763238973
346,52,1133.5454545454545
346,53,1128.3790638134572
346,54,1120.7107792656964
346,55,1110.7325596305418
346,56,1098.6363636363635
346,57,1084.9550294191952
346,58,1071.5849127457236
346,59,1060.7632487902993
346,60,1054.7272727272727
346,61,1055.2312162370347
346,62,1062.0972970241369
346,63,1074.6647292991702
346,64,1092.2727272727273
346,65,1113.769253359939
346,66,1136.037262794094
346,67,1155.46845901302
346,68,1168.4545454545455
346,69,1172.592338505027
346,70,1170.2991063449422
346,71,1165.1972301032947
346,72,1160.909090909091
346,73,1160.0559948926782
346,74,1161.254948189774
346,75,1162.1218819374371
346,76,1160.2727272727273
346,77,1154.091352378805
346,78,1145.033373623235
346,79,1135.322344419684
346,80,1127.1818181818182
346,81,1122.1197887739204
346,82,1118.7820118627403
346,83,1115.098683565645
346,84,1109.0
346,85,1098.9280720709676
346,86,1085.372669834893
346,87,1069.3354781359174
346,88,1051.8181818181818
346,89,1033.7943433967544
346,90,1016.125036070414
346,91,999.6432107088664
346,92,985.181818181818
346,93,973.3036452511056
346,94,963.4908222470876
346,95,954.9553153922528
347,0,946.9090909090908
347,1,938.775166507914
347,2,930.8207658503268
347,3,923.524164085758
347,4,917.3636363636364
347,5,912.6723932626936
347,6,909.2033870788782
347,7,906.5645055374418
347,8,904.3636363636364
347,9,902.2369649867662
347,10,899.9338676523428
347,11,897.2320183099298
347,12,893.9090909090909
347,13,890.0672467902418
347,14,887.1065968572055
347,15,886.7517394046575
347,16,890.7272727272727
347,17,900.3122296704488
347,18,915.0033812824714
347,19,933.8519331623496
347,20,955.9090909090908
347,21,980.0474708916
347,22,1004.4253325583632
347,23,1027.0223461277628
347,24,1045.8181818181818
347,25,1059.432545854061
347,26,1069.0452884840763
347,27,1076.4762959629625
347,28,1083.5454545454545
347,29,1091.6697888739748
347,30,1100.6548771416958
347,31,1109.903435929478
347,32,1118.8181818181818
347,33,1126.906764559131
347,34,1134.096566585504
347,35,1140.4199035009433
347,36,1145.909090909091
347,37,1150.5596869804106
347,38,1154.2202201526518
347,39,1156.7024614303853
347,40,1157.8181818181818
347,41,1157.4382943374085
347,42,1155.670280076616
347,43,1152.680762141152
347,44,1148.6363636363635
347,45,1143.68571521541
347,46,1137.9054777227018
347,47,1131.3543195504608
347,48,1124.090909090909
347,49,1116.1782198009505
347,50,1107.696445396213
347,51,1098.7300846570054
347,52,1089.3636363636365
347,53,1079.7178828535143
347,54,1070.0587406924458
347,55,1060.6884100033362
347,56,1051.909090909091
347,57,1044.1661578759004
347,58,1038.4776827430944
347,59,1036.0049116932862
347,60,1037.909090909091
347,61,1045.003849279247
347,62,1056.7123465169957
347,63,1072.1101250417005
347,64,1090.2727272727273
347,65,1110.0173086434745
347,66,1129.12747664347
347,67,1145.1284517762765
347,68,1155.5454545454545
347,69,1158.7635638741283
347,70,1156.60729236367
347,71,1151.7610110350126
347,72,1146.909090909091
347,73,1144.0747426781936
347,74,1142.6365357200318
347,75,1141.3118790836722
347,76,1138.8181818181818
347,77,1134.2414426858245
347,78,1128.1420193016568
347,79,1121.4488589939335
347,80,1115.090909090909
347,81,1109.6881797603264
347,82,1104.6249325278857
347,83,1098.9764917587747
347,84,1091.8181818181818
347,85,1082.4703269092324
347,86,1071.2332505867998
347,87,1058.6522762436946
347,88,1045.2727272727273
347,89,1031.581080784562
347,90,1017.828428761279
347,91,1004.2070169028108
347,92,990.9090909090908
347,93,978.131486316155
347,94,966.0893980044482
347,95,955.002610690517
348,0,945.0909090909092
348,1,936.503769405363
348,2,929.1094337663834
348,3,922.7058357896666
348,4,917.0909090909092
348,5,912.1076974260296
348,6,907.7796851118368
348,7,904.1754666053622
348,8,901.3636363636364
348,9,899.3523727087003
348,10,897.9081894226327
348,11,896.7371841525214
348,12,895.5454545454545
348,13,894.2512776482595
348,14,893.6216481067229
348,15,894.6357399663701
348,16,898.2727272727273
348,17,905.3243348800792
348,18,915.8324908777488
348,19,929.6516741638162
348,20,946.6363636363636
348,21,966.3462691950592
348,22,987.1620247459192
348,23,1007.1694951965468
348,24,1024.4545454545455
348,25,1037.7138837942296
348,26,1048.0875919567563
348,27,1057.3265950499965
348,28,1067.1818181818182
348,29,1078.9686501734786
348,30,1092.260334699782
348,31,1106.1945791489222
348,32,1119.909090909091
348,33,1132.5606632391302
348,34,1143.3824328804783
348,35,1151.626622445224
348,36,1156.5454545454545
348,37,1157.521651415456
348,38,1154.4599337783045
348,39,1147.395521979273
348,40,1136.3636363636365
348,41,1121.8328447354097
348,42,1106.0051047335776
348,43,1091.5157214558656
348,44,1081.0
348,45,1076.263446915632
348,46,1075.792374560113
348,47,1077.2432967427192
348,48,1078.2727272727273
348,49,1076.9627994202435
348,50,1073.0981242986977
348,51,1066.888932482348
348,52,1058.5454545454545
348,53,1048.511775857939
348,54,1038.16740097237
348,55,1029.12568923698
348,56,1023.0
348,57,1021.0185062389104
348,58,1022.8686354481864
348,59,1027.8526287515508
348,60,1035.2727272727273
348,61,1044.563346913692
348,62,1055.6876026894306
348,63,1068.7407843931808
348,64,1083.8181818181818
348,65,1100.5832197426855
348,66,1116.9718628850014
348,67,1130.488210948453
348,68,1138.6363636363635
348,69,1139.750080933748
348,70,1135.4817639523826
348,71,1128.3134740857352
348,72,1120.7272727272727
348,73,1114.6664565223227
348,74,1109.91926312365
348,75,1105.7351654358797
348,76,1101.3636363636365
348,77,1096.2687520678703
348,78,1090.7730017348351
348,79,1085.4134778071098
348,80,1080.7272727272727
348,81,1077.0241602061956
348,82,1073.7046390279183
348,83,1069.9418892447727
348,84,1064.909090909091
348,85,1057.9527889255291
348,86,1049.1129876080374
348,87,1038.6030561228908
348,88,1026.6363636363635
348,89,1013.4842863644157
348,90,999.6502287217496
348,91,985.6956021727542
348,92,972.181818181818
348,93,959.570292889536
348,94,947.922461141328
348,95,937.1997624588192
349,0,927.3636363636364
349,1,918.3552807138038
349,2,910.0349267129392
349,3,902.24256390106
349,4,894.8181818181819
349,5,887.6563115279764
349,6,880.8696501887327
349,7,874.6254364823956
349,8,869.0909090909091
349,9,864.4044163561092
349,10,860.5887452594019
349,11,857.6377924420844
349,12,855.5454545454545
349,13,854.3410798657683
349,14,854.1958233191145
349,15,855.3162914765397
349,16,857.9090909090909
349,17,862.1020028171811
349,18,867.7075069186862
349,19,874.4592575608484
349,20,882.0909090909091
349,21,890.3276134109616
349,22,898.8605126425041
349,23,907.3722464618852
349,24,915.5454545454544
349,25,923.0690776298816
349,26,929.6572606931164
349,27,935.030449773429
349,28,938.9090909090908
349,29,941.2014737967856
349,30,942.56726276685
349,31,943.8539658080346
349,32,945.9090909090908
349,33,949.5184930920684
349,34,955.2214155122128
349,35,963.4954483580688
349,36,974.818181818182
349,37,989.0654629258504
349,38,1003.7061660933904
349,39,1015.6074225778716
349,40,1021.6363636363636
349,41,1019.709712022712
349,42,1011.942556477862
349,43,1001.499577239536
349,44,991.5454545454544
349,45,984.6155753469384
349,46,980.7281534497062
349,47,979.2721093730752
349,48,979.6363636363636
349,49,981.193043407716
349,50,983.247102450586
349,51,985.0867011772538
349,52,986.0
349,53,985.4474782949244
349,54,983.5788912934044
349,55,980.7163131906368
349,56,977.181818181818
349,57,973.4062479580406
349,58,970.2555141939778
349,59,968.704296060199
349,60,969.7272727272727
349,61,974.13775714564
349,62,982.1035973852292
349,63,993.6312752958402
349,64,1008.7272727272727
349,65,1026.8495416412168
349,66,1045.261914446923
349,67,1060.6796936655312
349,68,1069.8181818181818
349,69,1070.481121744038
349,70,1064.8260175543514
349,71,1056.098813678399
349,72,1047.5454545454545
349,73,1041.6663122917234
349,74,1037.9794698811254
349,75,1035.2574379845105
349,76,1032.2727272727273
349,77,1028.1434018163416
349,78,1023.369739284783
349,79,1018.7975707471968
349,80,1015.2727272727273
349,81,1013.302694079273
349,82,1012.0415729797422
349,83,1010.3051199357946
349,84,1006.9090909090908
349,85,1000.9767877756566
349,86,992.8616960689756
349,87,983.2248472368982
349,88,972.7272727272727
349,89,961.9322002726466
349,90,951.0116427443552
349,91,940.0398092984316
349,92,929.0909090909092
349,93,918.3583315883031
349,94,908.5121874990588
349,95,900.3417678421029
350,0,894.6363636363636
350,1,891.7523711014136
350,2,890.31460725941
350,3,888.5149943331562
350,4,884.5454545454545
350,5,877.1790590060424
350,6,867.5134743723919
350,7,857.2275161889091
350,8,848.0
350,9,841.1080974198713
350,10,836.2224043419316
350,11,832.6118727293898
350,12,829.5454545454545
350,13,826.4695172235629
350,14,823.5400900780637
350,15,821.0906178935321
350,16,819.4545454545455
350,17,818.945651867695
350,18,819.7990535276331
350,19,822.2302011510272
350,20,826.4545454545455
350,21,832.3615116692935
350,22,838.5364230841318
350,23,843.2385775023585
350,24,844.7272727272727
350,25,842.2091537278579
350,26,838.68025413584
350,27,838.0839547486291
350,28,844.3636363636364
350,29,860.0532938738197
350,30,882.049378554327
350,31,905.838955775852
350,32,926.9090909090908
350,33,941.8603412314084
350,34,951.7472316468532
350,35,958.737778966144
350,36,965.0
350,37,972.2027843823648
350,38,980.0185130400794
350,39,987.6204397232084
350,40,994.181818181818
350,41,999.0387485118598
350,42,1002.1787161928304
350,43,1003.7520530501132
350,44,1003.9090909090908
350,45,1002.8084147520142
350,46,1000.6416221885996
350,47,997.6085639854304
350,48,993.9090909090908
350,49,989.7233311164472
350,50,985.1525223254988
350,51,980.2781796445284
350,52,975.181818181818
350,53,969.9559312367423
350,54,964.7369248730414
350,55,959.6721833455468
350,56,954.9090909090908
350,57,950.7199893911284
350,58,947.8770509096084
350,59,947.277405155102
350,60,949.818181818182
350,61,956.1768952896526
350,62,966.1525987612528
350,63,979.3247301249536
350,64,995.2727272727273
350,65,1013.2499862684432
350,66,1031.2057358635632
350,67,1046.763162981447
350,68,1057.5454545454545
350,69,1061.9325346365747
350,70,1061.331275966313
350,71,1057.9052884038038
350,72,1053.8181818181818
350,73,1050.75993200344
350,74,1048.5259784530035
350,75,1046.4381265851566
350,76,1043.8181818181818
350,77,1040.2067146223924
350,78,1036.0193556762172
350,79,1031.8905007101157
350,80,1028.4545454545455
350,81,1026.0339481433546
350,82,1023.7034170239452
350,83,1020.2257228471088
350,84,1014.3636363636364
350,85,1005.2327768950984
350,86,993.3601580461836
350,87,979.6256419923584
350,88,964.9090909090908
350,89,950.0434670035236
350,90,935.6741326095026
350,91,922.399550092548
350,92,910.818181818182
350,93,901.3177869089888
350,94,893.4433115158073
350,95,886.5289985465405
351,0,879.9090909090909
351,1,873.0745899059767
351,2,866.1435304181778
351,3,859.3907057212901
351,4,853.0909090909091
351,5,847.5784557398321
351,6,843.4257486296628
351,7,841.2647126592078
351,8,841.7272727272727
351,9,845.0135757710592
351,10,849.5966568813524
351,11,853.5177731873332
351,12,854.8181818181819
351,13,852.3771843577492
351,14,848.426260208564
351,15,846.0349332278239
351,16,848.2727272727273
351,17,857.3271186161259
351,18,871.857393193483
351,19,889.6407893559171
351,20,908.4545454545456
351,21,926.4961593595664
351,22,943.644167017504
351,23,960.197363893962
351,24,976.4545454545456
351,25,992.5604030365168
351,26,1008.0432114637734
351,27,1022.2771414318704
351,28,1034.6363636363635
351,29,1044.6741603125477
351,30,1052.660259854675
351,31,1059.043502196737
351,32,1064.2727272727273
351,33,1068.9134102587473
351,34,1073.997567299345
351,35,1080.6738497811791
351,36,1090.090909090909
351,37,1102.9179372888273
351,38,1117.9062891297638
351,39,1133.3278600421816
351,40,1147.4545454545455
351,41,1158.8551814950345
351,42,1167.286367090692
351,43,1172.8016418682764
351,44,1175.4545454545455
351,45,1175.3729844583063
351,46,1172.982333416559
351,47,1168.78233384835
351,48,1163.2727272727273
351,49,1156.8460624899208
351,50,1149.4661174248904
351,51,1140.9894772837783
351,52,1131.2727272727273
351,53,1120.3194701274651
351,54,1108.7213787020617
351,55,1097.217143380173
351,56,1086.5454545454545
351,57,1077.4428183638558
351,58,1070.6370041304997
351,59,1066.8535969228028
351,60,1066.8181818181818
351,61,1071.0555632352937
351,62,1079.2874229577585
351,63,1091.0346621104345
351,64,1105.8181818181818
351,65,1122.8050991495136
351,66,1139.747394947558
351,67,1154.0432659990956
351,68,1163.090909090909
351,69,1165.0521651666515
351,70,1161.1434517974649
351,71,1153.3448307113645
351,72,1143.6363636363635
351,73,1133.7447629111537
351,74,1124.383343317128
351,75,1116.0120702463564
351,76,1109.090909090909
351,77,1103.8991809160073
351,78,1099.9936294794786
351,79,1096.750354212301
351,80,1093.5454545454545
351,81,1089.79203615209
351,82,1085.0512296740494
351,83,1078.921171995348
351,84,1071.0
351,85,1060.9809699301786
351,86,1048.9378154606873
351,87,1035.0393896244886
351,88,1019.4545454545456
351,89,1002.497152309015
351,90,985.0611448468378
351,91,968.185474052151
351,92,952.9090909090908
351,93,940.020477651944
351,94,929.3062415155974
351,95,920.3025209850884
352,0,912.5454545454544
352,1,905.5686643559364
352,2,898.8957072725906
352,3,892.0476238256765
352,4,884.5454545454545
352,5,876.2233308334012
352,6,868.1677475758589
352,7,861.7782905303874
352,8,858.4545454545455
352,9,859.0650009468227
352,10,862.3537569694282
352,11,866.5338163255012
352,12,869.8181818181819
352,13,870.911551742945
352,14,870.4854063646103
352,15,869.7029214403342
352,16,869.7272727272727
352,17,871.663792081398
352,18,876.3864357539488
352,19,884.7113160949797
352,20,897.4545454545455
352,21,914.8665185678268
352,22,934.9347597105044
352,23,955.0810755433844
352,24,972.7272727272727
352,25,986.0817813745676
352,26,996.499525404034
352,27,1006.1220521860288
352,28,1017.0909090909092
352,29,1030.9214127520847
352,30,1046.623956855178
352,31,1062.582704348864
352,32,1077.1818181818182
352,33,1089.4555789807291
352,34,1101.0387380843445
352,35,1114.2161645094236
352,36,1131.2727272727273
352,37,1153.321612234088
352,38,1176.7892726256257
352,39,1196.9304785225322
352,40,1209.0
352,41,1209.721040264737
352,42,1201.6905350495167
352,43,1188.973853218629
352,44,1175.6363636363635
352,45,1165.113828979691
352,46,1158.3235871763072
352,47,1155.553369966588
352,48,1157.090909090909
352,49,1162.7725074528612
352,50,1170.6287526088904
352,51,1178.2388032786562
352,52,1183.1818181818182
352,53,1183.4566525725002
352,54,1178.7409478426766
352,55,1169.132041918788
352,56,1154.7272727272727
352,57,1136.160825438957
352,58,1116.2142742022204
352,59,1098.2060404098277
352,60,1085.4545454545455
352,61,1080.4540229443976
352,62,1082.401955348441
352,63,1089.6716373509914
352,64,1100.6363636363635
352,65,1113.6054691470888
352,66,1126.6324498585602
352,67,1137.7068420043884
352,68,1144.8181818181818
352,69,1146.5928504672477
352,70,1144.2046088536808
352,71,1139.4640628132736
352,72,1134.1818181818182
352,73,1129.7489812566482
352,74,1125.8786601812617
352,75,1121.8644635606993
352,76,1117.0
352,77,1110.799008597069
352,78,1103.6557504212708
352,79,1096.184617034838
352,80,1089.0
352,81,1082.4797002641683
352,82,1076.0551563154722
352,83,1068.921216027222
352,84,1060.2727272727273
352,85,1049.5307698917134
352,86,1037.021351589567
352,87,1023.2967120380922
352,88,1008.9090909090908
352,89,994.3659701689792
352,90,979.9958009626224
352,91,966.0822767295004
352,92,952.9090909090908
352,93,940.7610312505524
352,94,929.92726274176
352,95,920.6980446802696
353,0,913.3636363636364
353,1,908.0345071015396
353,2,904.1019662521552
353,3,900.777533185784
353,4,897.2727272727273
353,5,893.0213948887449
353,6,888.3466904314378
353,7,883.7940953038662
353,8,879.9090909090909
353,9,877.0901406162083
353,10,875.1476356584575
353,11,873.7449492351147
353,12,872.5454545454545
353,13,871.3921903736954
353,14,870.8468578438228
353,15,871.6508236647664
353,16,874.5454545454545
353,17,880.2004728890114
353,18,888.9990238753418
353,19,901.2526083785468
353,20,917.2727272727273
353,21,936.9238157975324
353,22,958.2820466548098
353,23,978.9765269119548
353,24,996.6363636363636
353,25,1009.690911648131
353,26,1019.770516778146
353,27,1029.3057726099971
353,28,1040.7272727272727
353,29,1055.7727648826708
353,30,1073.4086135053328
353,31,1091.90833719351
353,32,1109.5454545454545
353,33,1124.8913242757308
353,34,1137.7086655641588
353,35,1148.058037706871
353,36,1156.0
353,37,1161.5127902871322
353,38,1164.2453606016682
353,39,1163.7643415244609
353,40,1159.6363636363635
353,41,1151.8671736666483
353,42,1142.2189829382592
353,43,1132.8931189225589
353,44,1126.090909090909
353,45,1123.5142536826377
353,46,1124.867344008931
353,47,1129.3549441489408
353,48,1136.1818181818182
353,49,1144.4209820573465
353,50,1152.6184592078348
353,51,1159.1885249362238
353,52,1162.5454545454545
353,53,1161.5631817243402
353,54,1156.9542737051845
353,55,1149.8909561061637
353,56,1141.5454545454545
353,57,1133.0649274089292
353,58,1125.4962641532454
353,59,1119.861287002757
353,60,1117.1818181818182
353,61,1118.219722276307
353,62,1122.697033318197
353,63,1130.0758277009895
353,64,1139.8181818181818
353,65,1151.137149394935
353,66,1162.249693483056
353,67,1171.1237544660123
353,68,1175.7272727272727
353,69,1174.734521053044
353,70,1169.645101840489
353,71,1162.664949889507
353,72,1156.0
353,73,1151.3224936656154
353,74,1148.1698991549893
353,75,1145.545991430505
353,76,1142.4545454545455
353,77,1138.140277011767
353,78,1132.8116651759176
353,79,1126.9181298430185
353,80,1120.909090909091
353,81,1115.038273287317
353,82,1108.7766219595226
353,83,1101.3993869246938
353,84,1092.1818181818182
353,85,1080.7222548389652
353,86,1067.9113924405383
353,87,1054.963015640024
353,88,1043.090909090909
353,89,1033.112480084095
353,90,1024.2596264601425
353,91,1015.3678686970278
353,92,1005.2727272727273
353,93,993.1488475519284
353,94,979.5273744461648
353,95,965.2785777536824
354,0,951.2727272727273
354,1,938.3148569809196
354,2,926.9490575733806
354,3,917.6541839246056
354,4,910.9090909090908
354,5,906.8914404334838
354,6,904.57412253304
354,7,902.6288342751672
354,8,899.7272727272727
354,9,894.8651199215085
354,10,888.3339977490045
354,11,880.7495130656346
354,12,872.7272727272727
354,13,864.9960912441182
354,14,858.7376137436695
354,15,855.2466930077495
354,16,855.8181818181819
354,17,861.3096060111094
354,18,870.8291836399544
354,19,883.0478058124583
354,20,896.6363636363636
354,21,910.3819619841718
354,22,923.5365607874228
354,23,935.4683337424171
354,24,945.5454545454544
354,25,953.5006142340218
354,26,960.524573210354
354,27,968.1726092178728
354,28,978.0
354,29,991.1290753979222
354,30,1006.9503736438876
354,31,1024.421485067909
354,32,1042.5
354,33,1060.2522603106524
354,34,1077.1796140322767
354,35,1092.8921607377629
354,36,1107.0
354,37,1119.0671390412865
354,38,1128.4732156815503
354,39,1134.551775390131
354,40,1136.6363636363635
354,41,1134.4500642060211
354,42,1129.2741141506117
354,43,1122.7792888380782
354,44,1116.6363636363635
354,45,1112.0828882255385
354,46,1108.6235095341851
354,47,1105.3296488030112
354,48,1101.2727272727273
354,49,1095.8604283463694
354,50,1089.8454840762852
354,51,1084.316888677149
354,52,1080.3636363636365
354,53,1078.6984097526197
354,54,1078.528645069765
354,55,1078.6854669429374
354,56,1078.0
354,57,1075.7493417340609
354,58,1072.9944810991994
354,59,1071.2423799147384
354,60,1072.0
354,61,1076.3539392202276
354,62,1083.709339624346
354,63,1093.0509793072004
354,64,1103.3636363636365
354,65,1113.552230930483
354,66,1122.202251312507
354,67,1127.8193278564595
354,68,1128.909090909091
354,69,1124.59338705784
354,70,1116.4589278528977
354,71,1106.7086410851427
354,72,1097.5454545454545
354,73,1090.6906981108843
354,74,1085.9393100031746
354,75,1082.6046305302416
354,76,1080.0
354,77,1077.5557523168052
354,78,1075.1701957707674
354,79,1072.8586322484373
354,80,1070.6363636363635
354,81,1068.4002130764404
354,82,1065.5730887319369
354,83,1061.4594200214642
354,84,1055.3636363636365
354,85,1046.797940831978
354,86,1036.1056311196671
354,87,1023.8377785747956
354,88,1010.5454545454544
354,89,996.7389895047386
354,90,982.7657504257576
354,91,968.9323634066252
354,92,955.5454545454544
354,93,942.86115796725
354,94,930.9336399045756
354,95,919.7665746168864
355,0,909.3636363636364
355,1,899.8035945353528
355,2,891.4655990468491
355,3,884.803894944012
355,4,880.2727272727273
355,5,878.0366798004305
355,6,877.1016911807553
355,7,876.1840387888841
355,8,874.0
355,9,869.7272430811071
355,10,864.3889998664935
355,11,859.4698930822698
355,12,856.4545454545455
355,13,856.4478137842324
355,14,859.0354911714522
355,15,863.4236047911277
355,16,868.8181818181819
355,17,874.7045131455991
355,18,881.6849445386069
355,19,890.641085480493
355,20,902.4545454545456
355,21,917.501179087916
355,22,934.133821583211
355,23,950.1995532869004
355,24,963.5454545454544
355,25,972.6274182300098
355,26,978.3365873103676
355,27,982.172917280996
355,28,985.6363636363636
355,29,989.8854548102274
355,30,994.7130109935014
355,31,999.570425316388
355,32,1003.9090909090908
355,33,1007.4131488927172
355,34,1010.6977323519912
355,35,1014.6107223625426
355,36,1020.0
355,37,1027.3341087098136
355,38,1035.564241416716
355,39,1043.26225341526
355,40,1049.0
355,41,1051.7390526316651
355,42,1051.999847435691
355,43,1050.6925367036897
355,44,1048.7272727272727
355,45,1046.9611012180717
355,46,1046.038641567793
355,47,1046.5514065881637
355,48,1049.090909090909
355,49,1053.8909743142306
355,50,1059.7546772022276
355,51,1065.127405125474
355,52,1068.4545454545455
355,53,1068.5715924340973
355,54,1065.874467805115
355,55,1061.1492001826662
355,56,1055.1818181818182
355,57,1048.7985082221076
355,58,1042.9860879409491
355,59,1038.7715327802246
355,60,1037.1818181818182
355,61,1039.089488313835
355,62,1044.7493622492714
355,63,1054.261827787344
355,64,1067.7272727272727
355,65,1084.71285670437
355,66,1102.6528266983305
355,67,1118.4482015249437
355,68,1129.0
355,69,1132.157096232322
355,70,1129.559785502863
355,71,1123.7962183856089
355,72,1117.4545454545455
355,73,1112.5493833663422
355,74,1108.8012131084004
355,75,1105.3569817508037
355,76,1101.3636363636365
355,77,1096.1936657568542
355,78,1090.1217256998998
355,79,1083.6480137020858
355,80,1077.2727272727273
355,81,1071.3478286062402
355,82,1065.632338637456
355,83,1059.737042986307
355,84,1053.2727272727273
355,85,1046.0471220909108
355,86,1038.6557379320946
355,87,1031.8910302617765
355,88,1026.5454545454545
355,89,1022.798910302844
355,90,1018.3810732705298
355,91,1010.4090632393144
355,92,996.0
355,93,973.4774071522584
355,94,945.9904235312404
355,95,917.8945917809658
356,0,893.5454545454545
356,1,876.2261201790309
356,2,864.9299598772355
356,3,857.5779105459133
356,4,852.0909090909091
356,5,846.7701007679815
356,6,841.4374642325446
356,7,836.2951864899264
356,8,831.5454545454545
356,9,827.3326812944974
356,10,823.5701831925858
356,11,820.1135025852902
356,12,816.8181818181819
356,13,813.6079808722104
356,14,810.6795302698397
356,15,808.2976781689132
356,16,806.7272727272727
356,17,806.2027247621158
356,18,806.8366957280555
356,19,808.7114097390582
356,20,811.9090909090909
356,21,816.4319723520533
356,22,821.962323181575
356,23,828.1024215112182
356,24,834.4545454545455
356,25,840.6915449205798
356,26,846.7685570001897
356,27,852.711290579705
356,28,858.5454545454545
356,29,864.2294047838091
356,30,869.452085181302
356,31,873.8350866245074
356,32,877.0
356,33,878.8837336714565
356,34,880.6844659109659
356,35,883.9156924677197
356,36,890.0909090909091
356,37,900.0481605303647
356,38,911.9236875384707
356,39,923.1782798682508
356,40,931.2727272727273
356,41,934.5699310252666
356,42,935.0412384806054
356,43,935.5601085138234
356,44,939.0
356,45,947.3965471867508
356,46,959.4340858118348
356,47,972.9591269855468
356,48,985.818181818182
356,49,996.2018347731848
356,50,1003.6769637266016
356,51,1008.1545199076262
356,52,1009.5454545454544
356,53,1007.7208296296004
356,54,1002.3921501908512
356,55,993.2310320203125
356,56,979.9090909090908
356,57,962.752914890232
356,58,944.70898096454
356,59,929.37873837476
356,60,920.3636363636364
356,61,920.341374445836
356,62,928.2946532237162
356,63,942.2824235715564
356,64,960.3636363636364
356,65,980.5492009627876
356,66,1000.6578606860494
356,67,1018.460317339014
356,68,1031.7272727272727
356,69,1038.9050035211958
356,70,1041.142085850267
356,71,1040.2626707087506
356,72,1038.090909090909
356,73,1036.130500861521
356,74,1034.6033413674272
356,75,1033.4108748259837
356,76,1032.4545454545455
356,77,1031.6283907599932
356,78,1030.796821407297
356,79,1029.8168413509527
356,80,1028.5454545454545
356,81,1026.8062201894163
356,82,1024.28891845793
356,83,1020.649884770206
356,84,1015.5454545454544
356,85,1008.73763757325
356,86,1000.411141124619
356,87,990.8563468409508
356,88,980.3636363636364
356,89,969.2062976994014
356,90,957.5892443163216
356,91,945.700296047808
356,92,933.7272727272727
356,93,921.8476829927796
356,94,910.1977907010038
356,95,898.9035485132713
357,0,888.0909090909091
357,1,877.900129420388
357,2,868.5286837887542
357,3,860.1883508081978
357,4,853.0909090909091
357,5,847.3515152347592
357,6,842.6988377803432
357,7,838.7649232539375
357,8,835.1818181818181
357,9,831.6654005496664
357,10,828.2668741807818
357,11,825.1212743578701
357,12,822.3636363636364
357,13,820.1019393847579
357,14,818.3359382238018
357,15,817.0383315873088
357,16,816.1818181818181
357,17,815.8089441840303
357,18,816.2416456512836
357,19,817.8717061110772
357,20,821.0909090909091
357,21,826.0358634245756
357,22,831.8224791710636
357,23,837.3114916956557
357,24,841.3636363636364
357,25,843.318908935848
357,26,844.434346755371
357,27,846.4462475608451
357,28,851.0909090909091
357,29,859.4356599229409
357,30,869.8719519892701
357,31,880.122268060964
357,32,887.9090909090909
357,33,891.6898718269338
357,34,892.8619361966397
357,35,893.5575779225713
357,36,895.9090909090909
357,37,901.4199095875058
357,38,909.0780304968988
357,39,917.2425907032972
357,40,924.2727272727273
357,41,928.8421375503156
357,42,930.8827599975832
357,43,930.6410933551502
357,44,928.3636363636364
357,45,924.4444947566858
357,46,919.86820224004
357,47,915.7668995124654
357,48,913.2727272727273
357,49,913.0773266047596
357,50,914.1103401331652
357,51,914.8609108677156
357,52,913.818181818182
357,53,909.9180738242768
357,54,903.883619045481
357,55,896.8846274712178
357,56,890.0909090909091
357,57,884.6140144617697
357,58,881.3324564121826
357,59,881.0664883383222
357,60,884.6363636363636
357,61,892.6770046922803
357,62,905.0820098512432
357,63,921.5596464482204
357,64,941.818181818182
357,65,965.0231372236532
357,66,988.16904963739
357,67,1007.7077099597044
357,68,1020.0909090909092
357,69,1022.920787322197
357,70,1018.4008825082872
357,71,1009.8850818947792
357,72,1000.7272727272727
357,73,993.5905884875584
357,74,988.3751476021883
357,75,984.290314733906
357,76,980.5454545454544
357,77,976.5478246366606
357,78,972.4962543556868
357,79,968.787465987778
357,80,965.818181818182
357,81,963.8118629657988
357,82,962.2989258841556
357,83,960.6365258604344
357,84,958.181818181818
357,85,954.4291553183258
357,86,949.4216784713273
357,87,943.3397260250284
357,88,936.3636363636364
357,89,928.657595306352
357,90,920.321178412354
357,91,911.4378086758156
357,92,902.0909090909092
357,93,892.4191566380837
357,94,882.7822442428923
357,95,873.595118817164
358,0,865.2727272727273
358,1,858.1089599594944
358,2,851.9134809797121
358,3,846.3748978737098
358,4,841.1818181818181
358,5,836.0867648875749
358,6,831.0979227473504
358,7,826.2873919607235
358,8,821.7272727272727
358,9,817.4985259447517
358,10,813.7175553036137
358,11,810.5096251924872
358,12,808.0
358,13,806.2856086061455
358,14,805.3500378563763
358,15,805.1485390875097
358,16,805.6363636363636
358,17,806.8434146306664
358,18,809.0982023617909
358,19,812.8038889120197
358,20,818.3636363636364
358,21,825.809482871188
358,22,833.6889708782786
358,23,840.1785189007752
358,24,843.4545454545455
358,25,842.4413811573081
358,26,839.0550050341855
358,27,835.959308212152
358,28,835.8181818181819
358,29,840.4491402268529
358,30,848.284190803161
358,31,856.908964159707
358,32,863.9090909090909
358,33,867.7237056625535
358,34,870.2059590258973
358,35,874.062505603565
358,36,882.0
358,37,895.4230825774787
358,38,910.5283367296134
358,39,922.2103316078504
358,40,925.3636363636364
358,41,916.7458958457136
358,42,900.5670576920126
358,43,882.9001452377597
358,44,869.8181818181819
358,45,865.6814022214847
358,46,867.9988870477908
358,47,872.5669283502016
358,48,875.1818181818181
358,49,872.6279270865289
358,50,865.6419395713689
358,51,855.9486186341611
358,52,845.2727272727273
358,53,835.1037644324001
358,54,825.9901728485514
358,55,818.2451312040633
358,56,812.1818181818181
358,57,808.1686629111439
358,58,806.7950963071529
358,59,808.7057997314038
358,60,814.5454545454545
358,61,824.7855043775694
358,62,839.2044419228365
358,63,857.4075221430486
358,64,879.0
358,65,903.126819578578
358,66,927.0916814560464
358,67,947.7379753327648
358,68,961.9090909090908
358,69,967.5055127626648
358,70,966.6561049802506
358,71,962.5468265258928
358,72,958.3636363636364
358,73,956.5542543707626
358,74,956.6134440774968
358,75,957.2977299273008
358,76,957.3636363636364
358,77,955.8982083906486
358,78,953.3105732552172
358,79,950.340378764904
358,80,947.7272727272727
358,81,945.95376433937
358,82,944.4738083561804
358,83,942.4842209221734
358,84,939.181818181818
358,85,933.9657115245992
358,86,927.0441933200618
358,87,918.8278511827662
358,88,909.7272727272727
358,89,900.0995827440512
358,90,890.0880547272088
358,91,879.7824993467622
358,92,869.2727272727273
358,93,858.7282870446502
358,94,848.6376786801935
358,95,839.5691400665495
359,0,832.0909090909091
359,1,826.5653940773481
359,2,822.5316850974715
359,3,819.3230426597685
359,4,816.2727272727273
359,5,812.8013298277764
359,6,808.6787627481025
359,7,803.7622688398319
359,8,797.9090909090909
359,9,791.2221843388193
359,10,784.7873548192099
359,11,779.9361206172681
359,12,778.0
359,13,779.9051032714916
359,14,784.9559088841489
359,15,792.0514873274594
359,16,800.0909090909091
359,17,808.2341071206691
359,18,816.6844641896485
359,19,825.9062255274396
359,20,836.3636363636364
359,21,848.2365932458316
359,22,860.5675979936211
359,23,872.1148037445996
359,24,881.6363636363636
359,25,888.3891221687311
359,26,893.6246892904132
359,27,899.0933663123429
359,28,906.5454545454544
359,29,917.2339067156072
359,30,930.4222812083626
359,31,944.8767878242098
359,32,959.3636363636364
359,33,972.9224100597502
359,34,985.6861858761364
359,35,998.061414209
359,36,1010.4545454545456
359,37,1022.9869644090288
359,38,1034.63979346891
359,39,1044.1090894307
359,40,1050.090909090909
359,41,1051.952175485952
359,42,1051.743276611859
359,43,1052.1854667045636
359,44,1056.0
359,45,1064.8520609198897
359,46,1076.1825546291077
359,47,1086.3763164783174
359,48,1091.8181818181818
359,49,1089.9407171981254
359,50,1082.367413962619
359,51,1071.7694946548936
359,52,1060.8181818181818
359,53,1051.4759793785174
359,54,1042.870516793144
359,55,1033.420704902108
359,56,1021.5454545454544
359,57,1006.490592560532
359,58,990.8096097738955
359,59,977.8829130094022
359,60,971.0909090909092
359,61,972.9054003793544
359,62,982.1637713840008
359,63,996.7948021511924
359,64,1014.7272727272727
359,65,1033.830987740232
359,66,1051.7398501446455
359,67,1066.0287874767366
359,68,1074.2727272727273
359,69,1074.9368418415363
359,70,1070.0472825828708
359,71,1062.520445669133
359,72,1055.2727272727273
359,73,1050.5381221663497
359,74,1047.8210195238714
359,75,1045.943407119457
359,76,1043.7272727272727
359,77,1040.2927717657928
359,78,1035.9527302307351
359,79,1031.318141762128
359,80,1027.0
359,81,1023.4285748613884
359,82,1020.31124137137
359,83,1017.1746508320298
359,84,1013.5454545454544
359,85,1008.9318492431986
359,86,1002.7682133746944
359,87,994.4704708188428
359,88,983.4545454545456
359,89,969.5556758930896
359,90,954.2863596753076
359,91,939.5784090744172
359,92,927.3636363636364
359,93,918.89942445717
359,94,912.7454388331662
359,95,906.7869156107616
360,0,898.9090909090909
360,1,887.7074217327768
360,2,874.6182486283907
360,3,861.788133027991
360,4,851.3636363636364
360,5,844.8646386117227
360,6,841.304293925998
360,7,839.0690750045468
360,8,836.5454545454545
360,9,832.5953874566957
360,10,827.9827574857995
360,11,823.9469305901854
360,12,821.7272727272727
360,13,822.272277470586
360,14,825.3669488580767
360,15,830.5054185438014
360,16,837.1818181818181
360,17,845.0285708427783
360,18,854.2312652637121
360,19,865.1137815982448
360,20,878.0
360,21,892.9500868855736
360,22,908.9693537234386
360,23,924.799398245039
360,24,939.181818181818
360,25,951.1057407058368
360,26,960.5504107516244
360,27,967.7426026943268
360,28,972.9090909090908
360,29,976.1425752910792
360,30,976.999457815519
360,31,974.9020659776542
360,32,969.2727272727273
360,33,960.3083331298458
360,34,951.304030713572
360,35,946.32953112233
360,36,949.4545454545456
360,37,963.3328990077182
360,38,984.9548738756476
360,39,1009.894866351208
360,40,1033.7272727272727
360,41,1052.979389021099
360,42,1067.9901101474736
360,43,1080.051230745566
360,44,1090.4545454545455
360,45,1100.09187445334
360,46,1108.255140079912
360,47,1113.8362902119827
360,48,1115.7272727272727
360,49,1113.168738165541
360,50,1106.7961477146966
360,51,1097.5936652246853
360,52,1086.5454545454545
360,53,1074.4803319754049
360,54,1061.6057236067568
360,55,1047.9737079801846
360,56,1033.6363636363635
360,57,1018.971013478294
360,58,1005.6559578582772
360,59,995.69474149094
360,60,991.0909090909092
360,61,993.3060686568738
360,62,1001.6340813237716
360,63,1014.8268715106016
360,64,1031.6363636363635
360,65,1050.6214732578471
360,66,1069.5690804830008
360,67,1086.0730565575634
360,68,1097.7272727272727
360,69,1102.834458766283
360,70,1102.5327785624072
360,71,1098.6692545318735
360,72,1093.090909090909
360,73,1087.346089404293
360,74,1081.7884416310064
360,75,1076.47293667858
360,76,1071.4545454545455
360,77,1066.7186836165442
360,78,1061.9725458226585
360,79,1056.8537714810795
360,80,1051.0
360,81,1044.1328693113471
360,82,1036.3100114419958
360,83,1027.6730569425554
360,84,1018.3636363636364
360,85,1008.5481345926116
360,86,998.491953863904
360,87,988.4852507486988
360,88,978.818181818182
360,89,969.5723195909334
360,90,959.9949003751155
360,91,949.1245764262852
360,92,936.0
360,93,920.1796324982
360,94,903.3011719083612
360,95,887.5221253643416
361,0,875.0
361,1,867.1963663253568
361,2,862.7890483550763
361,3,859.7599334799851
361,4,856.0909090909091
361,5,850.3516635640099
361,6,843.4630892167886
361,7,836.9338793520823
361,8,832.2727272727273
361,9,830.546127145877
361,10,831.0517765959517
361,11,832.6451741116864
361,12,834.1818181818181
361,13,834.8928051252092
361,14,835.5116225812242
361,15,837.1473560193542
361,16,840.9090909090909
361,17,847.661061444196
361,18,857.2880967155164
361,19,869.4301745381695
361,20,883.7272727272727
361,21,899.616358188916
361,22,915.7223541930748
361,23,930.467173100696
361,24,942.2727272727273
361,25,950.2584489819582
361,26,956.3338501485488
361,27,963.1059626045012
361,28,973.181818181818
361,29,988.293027701433
361,30,1006.6695179400032
361,31,1025.665794663117
361,32,1042.6363636363635
361,33,1055.693019757765
361,34,1065.9767144550754
361,35,1075.3856882884847
361,36,1085.8181818181818
361,37,1098.3965409947818
361,38,1111.1395333306048
361,39,1121.2900317283984
361,40,1126.090909090909
361,41,1123.7676912631086
361,42,1116.4765158588689
361,43,1107.3561734342852
361,44,1099.5454545454545
361,45,1095.4233189527838
361,46,1094.3294032339209
361,47,1094.8435131708247
361,48,1095.5454545454545
361,49,1095.1753965621206
361,50,1093.1149621145394
361,51,1088.9061375187791
361,52,1082.090909090909
361,53,1072.29839025328
361,54,1059.5062028533769
361,55,1043.779095844967
361,56,1025.1818181818182
361,57,1004.3710992429408
361,58,984.3715901083172
361,59,968.7999222831708
361,60,961.2727272727273
361,61,964.3578377749562
361,62,976.42789125881
361,63,994.8067263859858
361,64,1016.818181818182
361,65,1039.799822384507
361,66,1061.1441175837165
361,67,1078.2572630819768
361,68,1088.5454545454545
361,69,1090.3903158688338
361,70,1086.07518386087
361,71,1078.8588235588345
361,72,1072.0
361,73,1067.9713005037936
361,74,1066.100601518259
361,75,1064.9296017735949
361,76,1063.0
361,77,1059.2770389341738
361,78,1054.420137338822
361,79,1049.5122579831498
361,80,1045.6363636363635
361,81,1043.4759414867833
361,82,1042.1165763991808
361,83,1040.2443776574428
361,84,1036.5454545454545
361,85,1030.029422391421
361,86,1020.9999207008182
361,87,1010.0840950234432
361,88,997.9090909090908
361,89,985.0242666748068
361,90,971.6678317066364
361,91,958.0002081578754
361,92,944.181818181818
361,93,930.3834540911702
361,94,916.817388836272
361,95,903.7062655268742
362,0,891.2727272727273
362,1,879.7430533241491
362,2,869.3580674937301
362,3,860.3622297346279
362,4,853.0
362,5,847.4255826122331
362,6,843.4321593706255
362,7,840.7226564437055
362,8,839.0
362,9,838.0148434996464
362,10,837.7087495692223
362,11,838.0710081269142
362,12,839.0909090909091
362,13,840.7352138437262
362,14,842.8805696252128
362,15,845.3810951395473
362,16,848.0909090909091
362,17,851.0485624890847
362,18,855.0303355662909
362,19,860.9969408603515
362,20,869.9090909090909
362,21,882.2338884726622
362,22,896.4639972005331
362,23,910.5984709645012
362,24,922.6363636363636
362,25,931.2445768020856
362,26,937.7614029043036
362,27,944.1929820998251
362,28,952.5454545454544
362,29,964.206838409906
362,30,978.0926639095244
362,31,992.5003392725624
362,32,1005.7272727272727
362,33,1016.5303422855636
362,34,1025.5043050939626
362,35,1033.7033880826532
362,36,1042.1818181818182
362,37,1051.4800310842038
362,38,1060.0832975328076
362,39,1065.963097033189
362,40,1067.090909090909
362,41,1062.2001015594394
362,42,1053.071595683899
362,43,1042.2482010573185
362,44,1032.2727272727273
362,45,1025.2096194962198
362,46,1021.209865186142
362,47,1019.946087373902
362,48,1021.0909090909092
362,49,1024.0310227284076
362,50,1027.0093981169875
362,51,1027.9830744470732
362,52,1024.909090909091
362,53,1016.4219714083308
362,54,1003.8661787095448
362,55,989.26366029235
362,56,974.6363636363636
362,57,961.7754098200872
362,58,951.5486143175608
362,59,944.5929662017084
362,60,941.5454545454544
362,61,942.982071129502
362,62,949.2348185656668
362,63,960.5747021735438
362,64,977.2727272727273
362,65,998.9014192982684
362,66,1022.2393841470442
362,67,1043.3667478313891
362,68,1058.3636363636365
362,69,1064.4903766774248
362,70,1063.7280993916104
362,71,1059.2381360463546
362,72,1054.1818181818182
362,73,1051.0419035374875
362,74,1049.5868546501506
362,75,1048.90656025592
362,76,1048.090909090909
362,77,1046.4442818998973
362,78,1044.1290274623325
362,79,1041.5219865663285
362,80,1039.0
362,81,1036.7420484083775
362,82,1034.1356718641562
362,83,1030.3705502969478
362,84,1024.6363636363635
362,85,1016.3588312847749
362,86,1005.9078305355883
362,87,993.8892781549716
362,88,980.9090909090908
362,89,967.5214900888872
362,90,954.0739150843992
362,91,940.8621098104388
362,92,928.181818181818
362,93,916.2526515414938
362,94,904.9896909449964
362,95,894.2318848760009
363,0,883.8181818181819
363,1,873.6426196542285
363,2,863.819593862888
363,3,854.5185893219218
363,4,845.9090909090909
363,5,838.1200516597742
363,6,831.1182972398154
363,7,824.8301214726763
363,8,819.1818181818181
363,9,814.1541623430392
363,10,809.9458535414868
363,11,806.8100725146452
363,12,805.0
363,13,804.6439807862513
363,14,805.3710158669652
363,15,806.6852702869238
363,16,808.0909090909091
363,17,809.2926417846828
363,18,810.7973557179251
363,19,813.3124827012957
363,20,817.5454545454545
363,21,823.905622529563
363,22,831.6100158067892
363,23,839.5775829988023
363,24,846.7272727272727
363,25,852.4030499152473
363,26,857.6489446912827
363,27,863.9340034853132
363,28,872.7272727272727
363,29,884.9509278094479
363,30,899.3396599735345
363,31,914.0812894235816
363,32,927.3636363636364
363,33,938.0176706651428
363,34,947.446960869124
363,35,957.6982251839978
363,36,970.818181818182
363,37,988.141741802708
363,38,1008.1565874590603
363,39,1028.638593931337
363,40,1047.3636363636365
363,41,1062.3514416694804
363,42,1072.5971438400893
363,43,1077.3397286361085
363,44,1075.8181818181818
363,45,1067.9127187920983
363,46,1056.0684735442185
363,47,1043.371809706048
363,48,1032.909090909091
363,49,1026.781774071218
363,50,1023.1516892557632
363,51,1019.1957598124268
363,52,1012.0909090909092
363,53,999.7471167412122
363,54,983.0065876145468
363,55,963.4445828624264
363,56,942.6363636363636
363,57,922.306463509388
363,58,904.7765057405952
363,59,892.517386010595
363,60,888.0
363,61,892.9304383121445
363,62,905.9555712412556
363,63,924.9574640042844
363,64,947.818181818182
363,65,972.3297377874892
363,66,995.9239365671108
363,67,1015.9425306995404
363,68,1029.7272727272727
363,69,1035.520496901535
363,70,1035.1668643084836
363,71,1031.4116177430092
363,72,1027.0
363,73,1024.095376879099
363,74,1022.5336061989544
363,75,1021.5686687829698
363,76,1020.4545454545456
363,77,1018.6391887638885
363,78,1016.3464381684248
363,79,1013.9941048523852
363,80,1012.0
363,81,1010.5680385198928
363,82,1009.0465502182552
363,83,1006.569968625672
363,84,1002.2727272727273
363,85,995.5091117019948
363,86,986.5128155040084
363,87,975.7373842812904
363,88,963.6363636363636
363,89,950.7108555812182
363,90,937.652187765711
363,91,925.1992442491668
363,92,914.0909090909092
363,93,904.7625227913142
363,94,896.4352516149654
363,95,888.0267182674972
364,0,878.4545454545455
364,1,867.0685987080707
364,2,854.9477148653372
364,3,843.6029735899351
364,4,834.5454545454545
364,5,828.7983096491305
364,6,825.4329798327773
364,7,823.0329782818536
364,8,820.1818181818181
364,9,815.8503786044978
364,10,810.5590021671901
364,11,805.21539737356
364,12,800.7272727272727
364,13,797.831425932878
364,14,796.5810114984622
364,15,796.8582731329974
364,16,798.5454545454545
364,17,801.4858494821724
364,18,805.3669518389604
364,19,809.8373055489956
364,20,814.5454545454545
364,21,819.1342670475232
364,22,823.2239084184232
364,23,826.4288683073839
364,24,828.3636363636364
364,25,828.9387300550065
364,26,829.2487781237102
364,27,830.6844371305583
364,28,834.6363636363636
364,29,842.0809831869955
364,30,852.3377972685547
364,31,864.3120763522002
364,32,876.9090909090909
364,33,889.2671667424663
364,34,901.4568509838894
364,35,913.7817460970044
364,36,926.5454545454544
364,37,939.718247570412
364,38,951.9370715231604
364,39,961.5055415325104
364,40,966.7272727272727
364,41,966.5828543395214
364,42,962.7607720143784
364,43,957.626485500228
364,44,953.5454545454544
364,45,952.3097100715024
364,46,953.4175676920538
364,47,955.7939141938512
364,48,958.3636363636364
364,49,960.2805781017414
364,50,961.61441176286
364,51,962.663766815276
364,52,963.7272727272727
364,53,964.9287729760772
364,54,965.6929670746872
364,55,965.2697685450448
364,56,962.9090909090908
364,57,958.1634209030416
364,58,951.7955381202088
364,59,944.870795368181
364,60,938.4545454545456
364,61,933.7627138663032
364,62,932.6135168081132
364,63,936.9757431640486
364,64,948.818181818182
364,65,968.9320304499272
364,66,993.3981219200648
364,67,1017.1196978847152
364,68,1035.0
364,69,1043.2975166067145
364,70,1043.6917227843546
364,71,1039.21734029709
364,72,1032.909090909091
364,73,1027.2060281232143
364,74,1022.1645323970624
364,75,1017.2453159269248
364,76,1011.9090909090908
364,77,1005.7888822640653
364,78,999.2069658092136
364,79,992.6579300861194
364,80,986.6363636363636
364,81,981.470829184162
364,82,976.825786184264
364,83,972.1996682740522
364,84,967.0909090909092
364,85,961.100528272014
364,86,954.23988945373
364,87,946.622942272218
364,88,938.3636363636364
364,89,929.5759213641458
364,90,920.3737469099062
364,91,910.8710626370768
364,92,901.181818181818
