day,step,price
0,0,0.1832290299999999
0,1,0.18134914
0,2,0.18300641
0,3,0.17976901
0,4,0.1807740699999997
0,5,0.1797422399999998
0,6,0.17976781
0,7,0.17859068
0,8,0.18273943
0,9,0.17982839
0,10,0.1805020699999999
0,11,0.1790547499999999
0,12,0.17986812
0,13,0.17964227
0,14,0.1802884
0,15,0.17880113
0,16,0.17874549
0,17,0.17915846
0,18,0.17950675
0,19,0.17917974
0,20,0.1787426299999999
0,21,0.1787596899999999
0,22,0.1800746099999998
0,23,0.1792116299999999
0,24,0.18044524
0,25,0.18060779
0,26,0.18266213
0,27,0.1811911999999998
0,28,0.1807398999999997
0,29,0.18095637
0,30,0.1789477099999999
0,31,0.1713769599999999
0,32,0.17888674
0,33,0.1720645199999999
0,34,0.16932112
0,35,0.1644283299999999
0,36,0.16483817
0,37,0.16558179
0,38,0.16474399
0,39,0.1499895699999999
0,40,0.1669615599999997
0,41,0.1662730899999999
0,42,0.16663487
0,43,0.1624880999999998
0,44,0.1591032599999998
0,45,0.16397021
0,46,0.1591310499999998
0,47,0.1500019099999999
0,48,0.15589545
0,49,0.1540109499999999
0,50,0.1644943999999999
0,51,0.1539988899999998
0,52,0.1670710299999999
0,53,0.16812155
0,54,0.1694037499999999
0,55,0.1748053799999999
0,56,0.1767699299999999
0,57,0.17795407
0,58,0.19631669
0,59,0.2095770199999999
0,60,0.1704287899999998
0,61,0.1750505799999999
0,62,0.20479481
0,63,0.19638922
0,64,0.17725514
0,65,0.17799602
0,66,0.20221533
0,67,0.21567465
0,68,0.1957175
0,69,0.19419048
0,70,0.2057828
0,71,0.21376598
0,72,0.21254223
0,73,0.2122545199999999
0,74,0.2140689499999999
0,75,0.18667036
0,76,0.20069051
0,77,0.18859845
0,78,0.1868689699999998
0,79,0.19279741
0,80,0.21048185
0,81,0.2024690099999999
0,82,0.2005153499999999
0,83,0.1864138299999999
0,84,0.2070582899999999
0,85,0.2069825699999999
0,86,0.1990971
0,87,0.18397636
0,88,0.1945480799999999
0,89,0.19061918
0,90,0.1830654499999999
0,91,0.1797994799999999
0,92,0.1827492299999999
0,93,0.1809851799999999
0,94,0.1804173599999999
0,95,0.17837561
1,0,0.17949608
1,1,0.1781681799999999
1,2,0.1781958
1,3,0.1757885599999999
1,4,0.17725162
1,5,0.17736569
1,6,0.17672666
1,7,0.1752950999999999
1,8,0.17836362
1,9,0.1782507499999999
1,10,0.17804449
1,11,0.17645122
1,12,0.1782158199999998
1,13,0.1779472799999999
1,14,0.1779393499999998
1,15,0.17775997
1,16,0.17837598
1,17,0.1788346499999999
1,18,0.1791877
1,19,0.1782445599999998
1,20,0.1793744
1,21,0.1796343499999998
1,22,0.17994384
1,23,0.17874106
1,24,0.1807248699999999
1,25,0.1810522999999999
1,26,0.18310324
1,27,0.1805459499999999
1,28,0.18318502
1,29,0.18327985
1,30,0.17895183
1,31,0.1728212399999999
1,32,0.17928169
1,33,0.17500271
1,34,0.16936983
1,35,0.16915926
1,36,0.1722817599999998
1,37,0.1716653599999999
1,38,0.1695979999999999
1,39,0.16627329
1,40,0.16672812
1,41,0.16661128
1,42,0.1664078999999998
1,43,0.1654700699999998
1,44,0.16695699
1,45,0.16729037
1,46,0.1670279999999999
1,47,0.16637184
1,48,0.1633584599999999
1,49,0.1654794
1,50,0.16338386
1,51,0.1602770099999998
1,52,0.16335251
1,53,0.16029189
1,54,0.16429103
1,55,0.16340206
1,56,0.1637034
1,57,0.16374555
1,58,0.1671016599999999
1,59,0.1677444599999999
1,60,0.17549926
1,61,0.1782732999999998
1,62,0.1877937
1,63,0.2175523599999999
1,64,0.17962688
1,65,0.18002523
1,66,0.1993073699999999
1,67,0.21713469
1,68,0.19053712
1,69,0.1956484099999999
1,70,0.2180302399999999
1,71,0.19878605
1,72,0.2037706099999999
1,73,0.19247044
1,74,0.1924651299999999
1,75,0.1866037999999999
1,76,0.19138889
1,77,0.1923055399999998
1,78,0.18666833
1,79,0.18574609
1,80,0.2068756299999999
1,81,0.19301811
1,82,0.18975495
1,83,0.1818977499999998
1,84,0.1906254199999999
1,85,0.18059727
1,86,0.1813214
1,87,0.1784096
1,88,0.18028085
1,89,0.1802835299999998
1,90,0.17791339
1,91,0.17682917
1,92,0.1779949799999998
1,93,0.1764953699999999
1,94,0.1766525399999998
1,95,0.1736181799999999
2,0,0.17549267
2,1,0.17385485
2,2,0.17331923
2,3,0.17025392
2,4,0.18006326
2,5,0.17797654
2,6,0.1779631799999999
2,7,0.17608878
2,8,0.17788434
2,9,0.17847994
2,10,0.1794642899999999
2,11,0.17360251
2,12,0.17363008
2,13,0.1735538
2,14,0.17271153
2,15,0.1731431499999998
2,16,0.17525962
2,17,0.1752597699999999
2,18,0.17531267
2,19,0.17308663
2,20,0.1772147599999999
2,21,0.1764318
2,22,0.1788001399999998
2,23,0.17623246
2,24,0.18002452
2,25,0.1806087499999999
2,26,0.18220693
2,27,0.17896174
2,28,0.17942338
2,29,0.17536944
2,30,0.17347034
2,31,0.1698921099999999
2,32,0.17309106
2,33,0.1692429
2,34,0.1664360899999999
2,35,0.15548696
2,36,0.16590225
2,37,0.1668618399999999
2,38,0.1683774799999998
2,39,0.1683760299999999
2,40,0.1692093999999999
2,41,0.16866238
2,42,0.16697891
2,43,0.16613579
2,44,0.16859446
2,45,0.1692228999999998
2,46,0.1664490299999998
2,47,0.1669470299999998
2,48,0.16609197
2,49,0.1663266399999998
2,50,0.164994
2,51,0.16434661
2,52,0.1646172399999998
2,53,0.16585769
2,54,0.1665909099999999
2,55,0.16611017
2,56,0.1639656099999999
2,57,0.1665190799999999
2,58,0.1690661799999999
2,59,0.1694747699999998
2,60,0.1634743099999999
2,61,0.1686831
2,62,0.1778250499999999
2,63,0.18237926
2,64,0.1784039899999999
2,65,0.17809179
2,66,0.18111789
2,67,0.19677202
2,68,0.18471399
2,69,0.1869684699999998
2,70,0.20887448
2,71,0.20985278
2,72,0.2105474099999998
2,73,0.20905927
2,74,0.2093402499999999
2,75,0.19149486
2,76,0.22154727999999987
2,77,0.21602928
2,78,0.2094652099999999
2,79,0.1957202999999999
2,80,0.2169530099999999
2,81,0.2075290799999999
2,82,0.1978439499999999
2,83,0.1848919799999999
2,84,0.1859285499999998
2,85,0.18413824
2,86,0.18126797
2,87,0.18011987
2,88,0.18719554
2,89,0.1809323399999998
2,90,0.1795239099999999
2,91,0.17782222
2,92,0.18008406
2,93,0.1797864299999998
2,94,0.1782689499999999
2,95,0.1774774499999999
3,0,0.1830297899999998
3,1,0.18099399
3,2,0.1808632199999999
3,3,0.17968866
3,4,0.1802807
3,5,0.17987959
3,6,0.1796576599999998
3,7,0.17829843
3,8,0.1798821099999999
3,9,0.17931801
3,10,0.17869055
3,11,0.17823015
3,12,0.17842879
3,13,0.1784457499999999
3,14,0.17936617
3,15,0.17800509
3,16,0.17783008
3,17,0.1783979799999999
3,18,0.18044529
3,19,0.1798710799999999
3,20,0.17986911
3,21,0.1806108599999999
3,22,0.1852863099999999
3,23,0.18377922
3,24,0.1840811799999999
3,25,0.1901217699999999
3,26,0.19161516
3,27,0.18767812
3,28,0.1962259499999999
3,29,0.19677387
3,30,0.18659221
3,31,0.1777603999999999
3,32,0.18491335
3,33,0.18232278
3,34,0.17498806
3,35,0.1705803399999998
3,36,0.1758513899999998
3,37,0.1731040999999999
3,38,0.17529832
3,39,0.17067077
3,40,0.1705768
3,41,0.1739803699999999
3,42,0.17143392
3,43,0.1694350099999998
3,44,0.1726192099999998
3,45,0.17428042
3,46,0.17336067
3,47,0.1732689099999998
3,48,0.17503923
3,49,0.1778173799999998
3,50,0.17356797
3,51,0.1712738399999999
3,52,0.1709980699999999
3,53,0.16958613
3,54,0.16971613
3,55,0.1681889899999999
3,56,0.16801902
3,57,0.1680045799999999
3,58,0.1679429199999999
3,59,0.16870253
3,60,0.16722641
3,61,0.16761599
3,62,0.1746651999999998
3,63,0.1798194899999999
3,64,0.1724862999999999
3,65,0.17756727
3,66,0.1807184
3,67,0.22317529
3,68,0.18058176
3,69,0.18397146
3,70,0.18936447
3,71,0.18952552
3,72,0.1884290299999998
3,73,0.1852636599999998
3,74,0.1859796499999998
3,75,0.1842073399999998
3,76,0.1857140599999999
3,77,0.1862332899999998
3,78,0.1850917699999999
3,79,0.18185034
3,80,0.1849896899999999
3,81,0.1831552699999999
3,82,0.1798560099999999
3,83,0.17924781
3,84,0.1807456999999999
3,85,0.18024201
3,86,0.17943069
3,87,0.1786032899999998
3,88,0.18030476
3,89,0.1793393799999998
3,90,0.1782356699999999
3,91,0.1759680399999998
3,92,0.17779643
3,93,0.1781169499999998
3,94,0.1777037099999999
3,95,0.17053943
4,0,0.17806444
4,1,0.17570576
4,2,0.17774341
4,3,0.17525247
4,4,0.17822801
4,5,0.1788438899999999
4,6,0.1779658
4,7,0.1746598499999999
4,8,0.1780453
4,9,0.1779475199999998
4,10,0.17572326
4,11,0.17180357
4,12,0.1757873699999999
4,13,0.17472893
4,14,0.17492562
4,15,0.17286376
4,16,0.17496907
4,17,0.1779194199999999
4,18,0.17928827
4,19,0.17928322
4,20,0.17596904
4,21,0.1775629499999998
4,22,0.1784450999999999
4,23,0.17834687
4,24,0.1810967599999999
4,25,0.1837354699999999
4,26,0.1863124499999999
4,27,0.1837222599999999
4,28,0.1831853699999999
4,29,0.1845073799999999
4,30,0.18012723
4,31,0.17811541
4,32,0.17838744
4,33,0.1762327199999999
4,34,0.16929294
4,35,0.17049728
4,36,0.17201086
4,37,0.1720656399999998
4,38,0.17019441
4,39,0.1676765599999999
4,40,0.1697617499999999
4,41,0.1701881999999999
4,42,0.16552218
4,43,0.1637709399999999
4,44,0.1667803199999999
4,45,0.16472037
4,46,0.16472791
4,47,0.16443837
4,48,0.1636138099999999
4,49,0.1598190399999999
4,50,0.1597695199999998
4,51,0.1499895199999999
4,52,0.1594350799999998
4,53,0.14998948
4,54,0.1500195099999999
4,55,0.1499997999999999
4,56,0.1626008099999999
4,57,0.1681014499999999
4,58,0.16988121
4,59,0.1716126
4,60,0.16814577
4,61,0.1708752899999999
4,62,0.18232336
4,63,0.2095205299999999
4,64,0.17876793
4,65,0.1799043399999998
4,66,0.18500511
4,67,0.2233725
4,68,0.18571303
4,69,0.19743135
4,70,0.21561565
4,71,0.22255528
4,72,0.2065581999999998
4,73,0.1905070799999999
4,74,0.19568715
4,75,0.18582581
4,76,0.19790267
4,77,0.19579939
4,78,0.1871726199999999
4,79,0.1875621999999999
4,80,0.20348736
4,81,0.19453768
4,82,0.1872816999999999
4,83,0.18488798
4,84,0.1937016799999999
4,85,0.18512841
4,86,0.18266566
4,87,0.18263798
4,88,0.18939412
4,89,0.1815535699999998
4,90,0.18075309
4,91,0.17850058
4,92,0.1844614799999999
4,93,0.18068281
4,94,0.1803459899999999
4,95,0.17764651
5,0,0.18409159
5,1,0.18014341
5,2,0.1806814399999999
5,3,0.1797144399999999
5,4,0.18529167
5,5,0.18183309
5,6,0.18258651
5,7,0.18042128
5,8,0.18105337
5,9,0.1808053199999999
5,10,0.1809352099999999
5,11,0.18023158
5,12,0.18035434
5,13,0.18057182
5,14,0.1808445399999998
5,15,0.1804961999999999
5,16,0.18099645
5,17,0.1814744199999998
5,18,0.1850088
5,19,0.18555915
5,20,0.1845511999999999
5,21,0.1889066199999998
5,22,0.1914499999999999
5,23,0.1905873
5,24,0.1889527299999999
5,25,0.2080212
5,26,0.2080448299999999
5,27,0.2080317099999999
5,28,0.21594352
5,29,0.2423449
5,30,0.2210847
5,31,0.18459092
5,32,0.20565987
5,33,0.18081035
5,34,0.1974344899999999
5,35,0.17699323
5,36,0.1845539999999998
5,37,0.17992864
5,38,0.1800793299999999
5,39,0.17740769
5,40,0.17980019
5,41,0.18116714
5,42,0.18087102
5,43,0.17776147
5,44,0.18018956
5,45,0.18018491
5,46,0.17963495
5,47,0.17519355
5,48,0.1795451799999999
5,49,0.17941165
5,50,0.17942885
5,51,0.17599741
5,52,0.17884687
5,53,0.17775192
5,54,0.17713676
5,55,0.17877302
5,56,0.17921724
5,57,0.1794704899999999
5,58,0.18681881
5,59,0.1854831499999999
5,60,0.1794688899999998
5,61,0.1811743099999999
5,62,0.18828823
5,63,0.1898512199999999
5,64,0.1821436599999999
5,65,0.1907622699999999
5,66,0.20086711
5,67,0.21987045
5,68,0.1880589599999998
5,69,0.1880046499999999
5,70,0.2466636
5,71,0.209
5,72,0.19554556
5,73,0.20103685
5,74,0.19940173
5,75,0.19365703
5,76,0.1910397699999998
5,77,0.1866613299999999
5,78,0.18524416
5,79,0.18306481
5,80,0.19278567
5,81,0.1873659299999999
5,82,0.18699148
5,83,0.1842108499999999
5,84,0.19592357
5,85,0.1932017899999999
5,86,0.1861150099999998
5,87,0.1813152799999999
5,88,0.1838391899999999
5,89,0.18372182
5,90,0.18151813
5,91,0.18063276
5,92,0.18076422
5,93,0.18008388
5,94,0.1795165499999998
5,95,0.17758919
6,0,0.1783071799999998
6,1,0.17896217
6,2,0.1781608
6,3,0.1780949599999998
6,4,0.1794103199999999
6,5,0.1789716199999998
6,6,0.17859505
6,7,0.17796755
6,8,0.1783987699999999
6,9,0.17822
6,10,0.17852714
6,11,0.17808622
6,12,0.1783404499999999
6,13,0.17827572
6,14,0.1782899099999998
6,15,0.17807203
6,16,0.1788347299999998
6,17,0.18002073
6,18,0.1861694499999999
6,19,0.18487701
6,20,0.1804462
6,21,0.1805558099999999
6,22,0.18715885
6,23,0.18993508
6,24,0.18866098
6,25,0.2091303399999998
6,26,0.2004746399999999
6,27,0.2005649099999999
6,28,0.19702513
6,29,0.18616999
6,30,0.1945547199999999
6,31,0.1818150399999999
6,32,0.18407513
6,33,0.1936915099999999
6,34,0.1785234299999999
6,35,0.1773405899999998
6,36,0.18284901
6,37,0.18292784
6,38,0.18499854
6,39,0.1798002499999998
6,40,0.18098026
6,41,0.1808688499999998
6,42,0.1798945499999999
6,43,0.1795674
6,44,0.18149213
6,45,0.1785982499999999
6,46,0.1782409999999999
6,47,0.17809913
6,48,0.17848076
6,49,0.17947478
6,50,0.1794557499999998
6,51,0.17496474
6,52,0.1779912899999998
6,53,0.1776480299999999
6,54,0.17800568
6,55,0.1723290799999999
6,56,0.17648606
6,57,0.17297693
6,58,0.1771822899999998
6,59,0.1716676
6,60,0.17153177
6,61,0.17487254
6,62,0.1799111899999999
6,63,0.1861846899999999
6,64,0.1827478599999999
6,65,0.1815647899999999
6,66,0.1949714499999999
6,67,0.2144379099999999
6,68,0.1875556
6,69,0.20700401
6,70,0.20802146
6,71,0.20668475
6,72,0.2101912799999999
6,73,0.2031569099999998
6,74,0.2002631599999999
6,75,0.1941238599999999
6,76,0.21254128
6,77,0.20143267
6,78,0.20312286
6,79,0.1964293899999999
6,80,0.2011458599999999
6,81,0.2006208499999999
6,82,0.19225176
6,83,0.1940659499999999
6,84,0.2028144
6,85,0.2011399899999999
6,86,0.19027616
6,87,0.18514141
6,88,0.1960046899999997
6,89,0.1931887
6,90,0.18385551
6,91,0.18163489
6,92,0.1859261799999998
6,93,0.1835252
6,94,0.1834492199999998
6,95,0.18051669
7,0,0.1838594399999999
7,1,0.1806104899999999
7,2,0.1827075999999998
7,3,0.18122768
7,4,0.1834201899999999
7,5,0.1824768499999999
7,6,0.18111035
7,7,0.17972201
7,8,0.18019914
7,9,0.18080163
7,10,0.18079846
7,11,0.18015449
7,12,0.1810613
7,13,0.18110115
7,14,0.18114713
7,15,0.18097512
7,16,0.18301087
7,17,0.1834533299999998
7,18,0.19105122
7,19,0.18462443
7,20,0.1863505599999999
7,21,0.1884640999999999
7,22,0.1917559699999998
7,23,0.20433284
7,24,0.18749635
7,25,0.20006213
7,26,0.2003411199999999
7,27,0.1897630899999999
7,28,0.2142706899999999
7,29,0.2101090699999999
7,30,0.2002545
7,31,0.1775827199999999
7,32,0.1818597299999998
7,33,0.18542193
7,34,0.1752732099999999
7,35,0.1742981299999999
7,36,0.1845719799999998
7,37,0.1870915
7,38,0.1800385599999999
7,39,0.1762612399999999
7,40,0.18208715
7,41,0.17988209
7,42,0.18001409
7,43,0.1768165699999998
7,44,0.1805709799999998
7,45,0.1793759899999999
7,46,0.1779081499999999
7,47,0.17575322
7,48,0.1790385899999998
7,49,0.17735143
7,50,0.17675582
7,51,0.17295816
7,52,0.17411339
7,53,0.17127329
7,54,0.1721019899999999
7,55,0.16982919
7,56,0.17141602
7,57,0.17267285
7,58,0.17334389
7,59,0.1696027199999999
7,60,0.1689276899999999
7,61,0.17051747
7,62,0.1723613699999999
7,63,0.17921191
7,64,0.1774977999999999
7,65,0.17949724
7,66,0.19237542
7,67,0.1920233399999999
7,68,0.17981516
7,69,0.1855048199999999
7,70,0.1906623399999999
7,71,0.18813098
7,72,0.20157421
7,73,0.1998051299999998
7,74,0.1857941899999998
7,75,0.18458112
7,76,0.21192222
7,77,0.20154887
7,78,0.19736413
7,79,0.18824204
7,80,0.19597022
7,81,0.18923742
7,82,0.18514086
7,83,0.18339771
7,84,0.2023703099999998
7,85,0.19712076
7,86,0.18591058
7,87,0.18430259
7,88,0.1959093499999999
7,89,0.18401535
7,90,0.1809565699999999
7,91,0.1798884099999999
7,92,0.18414374
7,93,0.17968966
7,94,0.17871947
7,95,0.17797661
8,0,0.17790973
8,1,0.1777638299999999
8,2,0.1780305
8,3,0.17746738
8,4,0.17950104
8,5,0.18008392
8,6,0.18050101
8,7,0.1783087599999999
8,8,0.1814365999999999
8,9,0.1805482199999999
8,10,0.1805515099999999
8,11,0.1799391399999998
8,12,0.1815961499999999
8,13,0.1816631
8,14,0.18231489
8,15,0.1795120499999998
8,16,0.1795356999999998
8,17,0.17952995
8,18,0.17945449
8,19,0.1786829
8,20,0.17855239
8,21,0.17809775
8,22,0.18007456
8,23,0.1794098499999998
8,24,0.1818697899999999
8,25,0.1876799499999999
8,26,0.2007817999999999
8,27,0.19562077
8,28,0.20205467
8,29,0.18889885
8,30,0.1833822499999998
8,31,0.18116714
8,32,0.18409665
8,33,0.1840622799999999
8,34,0.1764727799999998
8,35,0.17320083
8,36,0.1808433499999999
8,37,0.18176685
8,38,0.1765632599999999
8,39,0.17311788
8,40,0.17710338
8,41,0.17710713
8,42,0.1753344
8,43,0.17290271
8,44,0.17672926
8,45,0.1750449799999999
8,46,0.1737634299999998
8,47,0.1712418799999999
8,48,0.17215012
8,49,0.17160514
8,50,0.1711978499999999
8,51,0.1707210999999999
8,52,0.17129394
8,53,0.17053985
8,54,0.17013348
8,55,0.16856543
8,56,0.1686718499999999
8,57,0.17038957
8,58,0.17103178
8,59,0.1711843299999998
8,60,0.17045578
8,61,0.17323903
8,62,0.18522157
8,63,0.20127113
8,64,0.1736500799999999
8,65,0.17684913
8,66,0.1991661
8,67,0.2437573199999998
8,68,0.1887746899999999
8,69,0.2023219599999998
8,70,0.20958088
8,71,0.20188756
8,72,0.2016307199999999
8,73,0.1961243099999998
8,74,0.20027583
8,75,0.1914555899999999
8,76,0.2006604599999999
8,77,0.1982798399999999
8,78,0.19896225
8,79,0.19139786
8,80,0.19875436
8,81,0.1989318999999999
8,82,0.1964109299999999
8,83,0.19550376
8,84,0.2053569599999999
8,85,0.2020216199999999
8,86,0.1960258
8,87,0.1854271999999999
8,88,0.2013348599999999
8,89,0.19579039
8,90,0.1874423999999999
8,91,0.1844220399999999
8,92,0.18493039
8,93,0.18128664
8,94,0.1784576
8,95,0.1782102499999999
9,0,0.1840043499999999
9,1,0.1808476799999999
9,2,0.17948956
9,3,0.17878675
9,4,0.19088423
9,5,0.1827232399999997
9,6,0.1801926499999999
9,7,0.18063917
9,8,0.1901268799999998
9,9,0.18693954
9,10,0.1835830499999998
9,11,0.1804011199999998
9,12,0.18403643
9,13,0.1838148299999999
9,14,0.18410857
9,15,0.18188316
9,16,0.18406801
9,17,0.18488401
9,18,0.18748974
9,19,0.18402504
9,20,0.18701953
9,21,0.1906915299999998
9,22,0.19148035
9,23,0.1918257099999999
9,24,0.19157483
9,25,0.1931037499999999
9,26,0.19663542
9,27,0.19193477
9,28,0.19711877
9,29,0.1910056199999999
9,30,0.1810311
9,31,0.1774177999999999
9,32,0.18352488
9,33,0.17912725
9,34,0.1722517299999999
9,35,0.1765233099999999
9,36,0.1785193
9,37,0.17469726
9,38,0.17508959
9,39,0.17274388
9,40,0.1752562299999999
9,41,0.17910328
9,42,0.17491169
9,43,0.1749968199999998
9,44,0.17803333
9,45,0.1791519399999999
9,46,0.17477262
9,47,0.1741661599999999
9,48,0.17418743
9,49,0.17370895
9,50,0.17279835
9,51,0.17319004
9,52,0.1716307699999999
9,53,0.1732357199999999
9,54,0.1727056599999999
9,55,0.17331324
9,56,0.17157336
9,57,0.1770656399999998
9,58,0.17958429
9,59,0.18225148
9,60,0.1722562299999999
9,61,0.1799093
9,62,0.20208926
9,63,0.23758673
9,64,0.1794428599999999
9,65,0.18227891
9,66,0.2107310399999999
9,67,0.22644411
9,68,0.18813496
9,69,0.20896734
9,70,0.21633939
9,71,0.22757823000000002
9,72,0.21572903
9,73,0.20505283
9,74,0.21130806
9,75,0.19831451
9,76,0.2163156
9,77,0.2089036
9,78,0.2041491099999999
9,79,0.186939
9,80,0.20810492
9,81,0.19166481
9,82,0.19582111
9,83,0.1883621899999999
9,84,0.19825699
9,85,0.19787192
9,86,0.18535925
9,87,0.18178547
9,88,0.1953609399999999
9,89,0.1915561699999998
9,90,0.18389363
9,91,0.18030919
9,92,0.1807649999999999
9,93,0.1858967799999999
9,94,0.1800660099999999
9,95,0.18002465
10,0,0.18155604
10,1,0.18078127
10,2,0.18071583
10,3,0.1794719099999999
10,4,0.17977693
10,5,0.1794099299999999
10,6,0.1793360799999999
10,7,0.1783221799999998
10,8,0.17985534
10,9,0.18007483
10,10,0.18035424
10,11,0.17931263
10,12,0.1803084399999999
10,13,0.18040101
10,14,0.1803373999999999
10,15,0.18008952
10,16,0.18011585
10,17,0.1804618699999998
10,18,0.1814026299999999
10,19,0.1826527999999999
10,20,0.18142027
10,21,0.1875095099999999
10,22,0.19634914
10,23,0.1991890799999999
10,24,0.18957284
10,25,0.2011058099999998
10,26,0.1990424099999999
10,27,0.19205179
10,28,0.21046377
10,29,0.2113300699999999
10,30,0.19834756
10,31,0.1833604399999999
10,32,0.21076956
10,33,0.1962631199999999
10,34,0.1737850499999998
10,35,0.17421166
10,36,0.18094205
10,37,0.1867136599999999
10,38,0.178317
10,39,0.1757713399999998
10,40,0.17631906
10,41,0.1733476599999999
10,42,0.1731178399999999
10,43,0.1718927799999998
10,44,0.1741254299999998
10,45,0.17454371
10,46,0.1733269699999998
10,47,0.16963839
10,48,0.1747339299999999
10,49,0.1744834799999998
10,50,0.17348354
10,51,0.16942197
10,52,0.17405647
10,53,0.1727491399999999
10,54,0.17387075
10,55,0.17021854
10,56,0.1687788399999999
10,57,0.1689058899999999
10,58,0.1731215499999999
10,59,0.1752035299999998
10,60,0.17065304
10,61,0.17299968
10,62,0.18924373
10,63,0.1936112299999999
10,64,0.1799896599999998
10,65,0.18485086
10,66,0.2073836
10,67,0.21416438
10,68,0.1906393399999999
10,69,0.1923610699999999
10,70,0.20810766
10,71,0.2104724799999998
10,72,0.2008414
10,73,0.20469286
10,74,0.1974390099999998
10,75,0.1899948399999998
10,76,0.2088684599999999
10,77,0.2126433999999999
10,78,0.2089749299999999
10,79,0.1959773599999999
10,80,0.19835386
10,81,0.20206574
10,82,0.1894343999999999
10,83,0.18354197
10,84,0.2103949299999999
10,85,0.1922241499999999
10,86,0.18421241
10,87,0.1807474999999999
10,88,0.20294339
10,89,0.19361757
10,90,0.1838223499999999
10,91,0.1804522999999999
10,92,0.1841353899999999
10,93,0.18444356
10,94,0.18084284
10,95,0.17925712
11,0,0.1827130999999999
11,1,0.17975008
11,2,0.18041344
11,3,0.1774276099999999
11,4,0.18120719
11,5,0.18014391
11,6,0.17936082
11,7,0.17819492
11,8,0.18010007
11,9,0.17976793
11,10,0.1793691899999999
11,11,0.1781885399999998
11,12,0.17877871
11,13,0.17884007
11,14,0.1793488299999999
11,15,0.17828965
11,16,0.1785161999999999
11,17,0.1783559799999998
11,18,0.18050123
11,19,0.179819
11,20,0.18012018
11,21,0.1808579
11,22,0.18684828
11,23,0.1944772399999999
11,24,0.18260173
11,25,0.1851371
11,26,0.1854925399999999
11,27,0.18465625
11,28,0.20369101
11,29,0.2139285
11,30,0.18889637
11,31,0.17927858
11,32,0.18431301
11,33,0.1885241699999999
11,34,0.17779852
11,35,0.1753029499999999
11,36,0.17967706
11,37,0.17913412
11,38,0.1760750499999999
11,39,0.1743827
11,40,0.1802295099999999
11,41,0.18013468
11,42,0.1783942899999999
11,43,0.17418197
11,44,0.1793650299999999
11,45,0.17842502
11,46,0.1790415699999999
11,47,0.17775316
11,48,0.17924723
11,49,0.17999845
11,50,0.18023703
11,51,0.1786741299999999
11,52,0.17819403
11,53,0.17995921
11,54,0.18015743
11,55,0.17559337
11,56,0.1871073
11,57,0.1905437499999999
11,58,0.19787026
11,59,0.2063546899999999
11,60,0.19678961
11,61,0.19097986
11,62,0.20780442
11,63,0.20562545
11,64,0.1902321099999999
11,65,0.20313635
11,66,0.2049507699999999
11,67,0.2132404199999999
11,68,0.1876396599999999
11,69,0.1933574
11,70,0.22092253999999992
11,71,0.19841374
11,72,0.2054949999999999
11,73,0.21118846
11,74,0.1964696999999998
11,75,0.1868762
11,76,0.2042752099999999
11,77,0.1987405599999999
11,78,0.1904172199999998
11,79,0.18558083
11,80,0.1876836199999999
11,81,0.1913769899999998
11,82,0.18670143
11,83,0.1804967399999999
11,84,0.19204422
11,85,0.18644594
11,86,0.18103492
11,87,0.1788730699999998
11,88,0.18030266
11,89,0.1779043599999999
11,90,0.17739912
11,91,0.1716553499999999
11,92,0.17385792
11,93,0.1732841099999999
11,94,0.1725036999999999
11,95,0.1715871699999999
12,0,0.1802007099999999
12,1,0.17868145
12,2,0.1791197799999998
12,3,0.17964965
12,4,0.1833111399999999
12,5,0.1830445799999999
12,6,0.1925495299999998
12,7,0.1844138499999999
12,8,0.1851482699999999
12,9,0.18005627
12,10,0.18080709
12,11,0.17880903
12,12,0.17963805
12,13,0.1799888699999998
12,14,0.1806854799999998
12,15,0.1786438
12,16,0.17983466
12,17,0.1813903399999999
12,18,0.1895675
12,19,0.1938401199999999
12,20,0.190739
12,21,0.19707467
12,22,0.2014105999999999
12,23,0.2011845
12,24,0.2015385499999999
12,25,0.2009621699999999
12,26,0.1988300399999999
12,27,0.19865151
12,28,0.1976140799999998
12,29,0.21285821
12,30,0.18599103
12,31,0.1799949299999998
12,32,0.19559836
12,33,0.1884455999999999
12,34,0.17086746
12,35,0.17078545
12,36,0.19487737
12,37,0.17628432
12,38,0.1779659999999999
12,39,0.17559852
12,40,0.1751400499999999
12,41,0.1765675099999999
12,42,0.17778398
12,43,0.1662354199999999
12,44,0.16893918
12,45,0.1686425
12,46,0.1684520599999999
12,47,0.1618456899999999
12,48,0.1617498699999999
12,49,0.16333727
12,50,0.1658419599999999
12,51,0.1519924499999997
12,52,0.1502028799999999
12,53,0.1502993999999998
12,54,0.1499896399999999
12,55,0.1499965399999999
12,56,0.1515295499999999
12,57,0.15154994
12,58,0.16558557
12,59,0.16701267
12,60,0.17577637
12,61,0.18408322
12,62,0.20226992
12,63,0.18060067
12,64,0.1820882699999998
12,65,0.19641187
12,66,0.23848671000000002
12,67,0.19724729
12,68,0.1929704599999999
12,69,0.2091034999999998
12,70,0.1996416099999998
12,71,0.1904388799999999
12,72,0.1977391999999999
12,73,0.1979696499999998
12,74,0.20446586
12,75,0.20241709
12,76,0.20304021
12,77,0.2027573299999999
12,78,0.1850458999999999
12,79,0.2014614499999999
12,80,0.2089053099999999
12,81,0.17992648
12,82,0.1832002199999998
12,83,0.18216912
12,84,0.18257674
12,85,0.1788983499999999
12,86,0.1991532399999997
12,87,0.17974002
12,88,0.1787268
12,89,0.17363594
12,90,0.17535465
12,91,0.1768263
12,92,0.17829888
12,93,0.17472624
12,94,0.1792213599999998
12,95,0.17703623
13,0,0.1770982999999999
13,1,0.1729747499999999
13,2,0.17693698
13,3,0.17306264
13,4,0.17319217
13,5,0.17296585
13,6,0.17344491
13,7,0.1750643699999998
13,8,0.1750315899999999
13,9,0.17462163
13,10,0.17673611
13,11,0.17675669
13,12,0.17713367
13,13,0.1781789099999999
13,14,0.17966452
13,15,0.1802266599999999
13,16,0.1803382699999999
13,17,0.18014243
13,18,0.1800490099999998
13,19,0.18069172
13,20,0.1821738199999999
13,21,0.1846046499999999
13,22,0.1852144199999999
13,23,0.1871176999999998
13,24,0.20018167
13,25,0.19634614
13,26,0.2087585099999999
13,27,0.2192129199999999
13,28,0.1887463699999998
13,29,0.18001711
13,30,0.1805765099999998
13,31,0.18473499
13,32,0.1717411699999999
13,33,0.1699726899999999
13,34,0.1721169
13,35,0.17597144
13,36,0.17258945
13,37,0.1708782199999998
13,38,0.1729737
13,39,0.17548019
13,40,0.17159749
13,41,0.16770066
13,42,0.16811542
13,43,0.1701166399999999
13,44,0.16739563
13,45,0.16149831
13,46,0.1632743799999998
13,47,0.1699186
13,48,0.1699033999999999
13,49,0.1678197599999999
13,50,0.16905058
13,51,0.16466709
13,52,0.16309948
13,53,0.1665397599999999
13,54,0.1672996799999998
13,55,0.16761721
13,56,0.1679046099999999
13,57,0.1699461899999998
13,58,0.1564317
13,59,0.1668417999999999
13,60,0.1703776
13,61,0.1789978299999998
13,62,0.1723303399999999
13,63,0.17789987
13,64,0.18174415
13,65,0.19261764
13,66,0.1805129899999999
13,67,0.18874055
13,68,0.1888747999999999
13,69,0.18872237
13,70,0.18971411
13,71,0.18629038
13,72,0.1858490299999999
13,73,0.1813745499999999
13,74,0.1820780899999998
13,75,0.18274598
13,76,0.1815653799999999
13,77,0.1803068199999998
13,78,0.1832610499999999
13,79,0.18142283
13,80,0.1804332
13,81,0.1801282199999999
13,82,0.18246209
13,83,0.1810141099999998
13,84,0.18017338
13,85,0.1805758199999998
13,86,0.18438288
13,87,0.1819539899999999
13,88,0.18041632
13,89,0.1765905999999999
13,90,0.1792775199999999
13,91,0.17923953
13,92,0.1778235999999999
13,93,0.17615274
13,94,0.17969392
13,95,0.1795380399999999
14,0,0.1792522299999999
14,1,0.1771724
14,2,0.1788594
14,3,0.1790312
14,4,0.17882982
14,5,0.1779823999999999
14,6,0.1792853499999999
14,7,0.1791969999999999
14,8,0.17922369
14,9,0.1785776199999998
14,10,0.1791378799999999
14,11,0.17959626
14,12,0.17970964
14,13,0.17649341
14,14,0.1798446
14,15,0.1798217299999999
14,16,0.18160436
14,17,0.1801373099999999
14,18,0.18017127
14,19,0.181389
14,20,0.1876079
14,21,0.18937133
14,22,0.1817943199999999
14,23,0.18393057
14,24,0.18950398
14,25,0.18588667
14,26,0.1941100899999999
14,27,0.1818847799999999
14,28,0.17916361
14,29,0.1782544699999998
14,30,0.2096220399999999
14,31,0.19606096
14,32,0.17773522
14,33,0.17322679
14,34,0.17649877
14,35,0.1760497599999999
14,36,0.1740704099999999
14,37,0.1707681
14,38,0.17406565
14,39,0.1771428599999999
14,40,0.17333682
14,41,0.1691877199999999
14,42,0.17490474
14,43,0.17406902
14,44,0.17169341
14,45,0.1707483099999999
14,46,0.1715928
14,47,0.1709880899999999
14,48,0.17074498
14,49,0.1689075899999998
14,50,0.17171403
14,51,0.17091135
14,52,0.17114741
14,53,0.1692578299999998
14,54,0.17070942
14,55,0.1707116399999998
14,56,0.1759963
14,57,0.1754813999999999
14,58,0.16620033
14,59,0.16695418
14,60,0.1760183
14,61,0.18726742
14,62,0.1755734399999998
14,63,0.1823127499999999
14,64,0.1964998399999999
14,65,0.20135675
14,66,0.1999978099999998
14,67,0.19392623
14,68,0.20577318
14,69,0.19426831
14,70,0.20082929
14,71,0.1883937799999999
14,72,0.1952934699999998
14,73,0.1834121999999998
14,74,0.2043952
14,75,0.19159483
14,76,0.1837161199999999
14,77,0.1836694999999999
14,78,0.18644222
14,79,0.18551465
14,80,0.1827631299999998
14,81,0.18087593
14,82,0.18776054
14,83,0.1836046
14,84,0.1823029
14,85,0.1810887
14,86,0.1894153999999999
14,87,0.19061807
14,88,0.18393682
14,89,0.1840162699999999
14,90,0.19106547
14,91,0.1907689299999999
14,92,0.18336451
14,93,0.17894648
14,94,0.18177761
14,95,0.17986072
15,0,0.17958069
15,1,0.17623544
15,2,0.17946468
15,3,0.1791904299999999
15,4,0.1787543899999999
15,5,0.1799260099999998
15,6,0.18321336
15,7,0.18162459
15,8,0.1813578299999998
15,9,0.18168355
15,10,0.1835263099999998
15,11,0.18954845
15,12,0.18573051
15,13,0.1836033199999999
15,14,0.1831759399999998
15,15,0.1836651799999999
15,16,0.1859067399999999
15,17,0.18591381
15,18,0.1836406099999999
15,19,0.18529589
15,20,0.18930341
15,21,0.18804047
15,22,0.1846286899999999
15,23,0.1875086299999998
15,24,0.19812082
15,25,0.18618724
15,26,0.18988285
15,27,0.1875309799999999
15,28,0.1785691099999999
15,29,0.1770546599999999
15,30,0.17873183
15,31,0.1736732599999998
15,32,0.1693579899999999
15,33,0.16597245
15,34,0.1723974599999999
15,35,0.1715548999999999
15,36,0.1708421299999999
15,37,0.16773482
15,38,0.1709945099999999
15,39,0.16992688
15,40,0.1694023699999998
15,41,0.1678857
15,42,0.17094112
15,43,0.17062159
15,44,0.17099442
15,45,0.1681287199999999
15,46,0.1685467999999998
15,47,0.1686201499999998
15,48,0.1682734
15,49,0.1657907499999999
15,50,0.16618074
15,51,0.1661794899999999
15,52,0.16577875
15,53,0.1666254899999999
15,54,0.16687288
15,55,0.1673253999999999
15,56,0.1690860999999999
15,57,0.1688699399999998
15,58,0.16608539
15,59,0.16679074
15,60,0.1810423399999998
15,61,0.2090155299999999
15,62,0.1697088
15,63,0.1744806199999999
15,64,0.18465626
15,65,0.19675786
15,66,0.1842936
15,67,0.1833088
15,68,0.1871746799999999
15,69,0.1925136
15,70,0.18734266
15,71,0.18353737
15,72,0.18282133
15,73,0.1794211999999999
15,74,0.19130051
15,75,0.18890484
15,76,0.18727172
15,77,0.18435488
15,78,0.1890660999999999
15,79,0.18822901
15,80,0.1844236
15,81,0.18282133
15,82,0.1887295699999999
15,83,0.1864033999999998
15,84,0.1839414
15,85,0.1822048599999998
15,86,0.1863635999999999
15,87,0.1807924
15,88,0.1798823999999998
15,89,0.17826904
15,90,0.18255274
15,91,0.18104243
15,92,0.18338008
15,93,0.1798324
15,94,0.1819968299999999
15,95,0.1794772099999998
16,0,0.178536
16,1,0.17758335
16,2,0.1794459
16,3,0.1785248799999998
16,4,0.17894379
16,5,0.1781268299999999
16,6,0.17989096
16,7,0.1795612299999999
16,8,0.17950912
16,9,0.1786941199999999
16,10,0.17955782
16,11,0.17962396
16,12,0.1793867499999999
16,13,0.1785998399999999
16,14,0.17854155
16,15,0.17851094
16,16,0.1787949999999999
16,17,0.17949789
16,18,0.17963324
16,19,0.18035378
16,20,0.18258352
16,21,0.18046004
16,22,0.17990778
16,23,0.18007923
16,24,0.18160371
16,25,0.1791279399999999
16,26,0.18821121
16,27,0.1859300799999998
16,28,0.1763408699999999
16,29,0.1691043799999999
16,30,0.1735801899999999
16,31,0.17076631
16,32,0.1660017399999999
16,33,0.15878554
16,34,0.16471397
16,35,0.1640968999999999
16,36,0.16502538
16,37,0.1520691599999999
16,38,0.1598077299999997
16,39,0.1515362499999997
16,40,0.1510387499999998
16,41,0.14986121
16,42,0.15143054
16,43,0.1499972499999998
16,44,0.1499899799999999
16,45,0.14998938
16,46,0.1499998399999998
16,47,0.15000707
16,48,0.15000707
16,49,0.14998996
16,50,0.1499996999999999
16,51,0.1499998399999998
16,52,0.14999982
16,53,0.1499897
16,54,0.1499889699999998
16,55,0.14999009
16,56,0.1500945599999999
16,57,0.16100506
16,58,0.15024977
16,59,0.16368493
16,60,0.17074706
16,61,0.1813410399999999
16,62,0.16601234
16,63,0.1722974
16,64,0.1963903399999998
16,65,0.2324822399999998
16,66,0.1829970999999999
16,67,0.18538884
16,68,0.1949866499999999
16,69,0.1927099499999999
16,70,0.1924174399999999
16,71,0.18984584
16,72,0.1894734199999999
16,73,0.18641664
16,74,0.19720205
16,75,0.1941980999999999
16,76,0.19047622
16,77,0.1856017
16,78,0.19535401
16,79,0.18931999
16,80,0.18783218
16,81,0.18511979
16,82,0.1892403599999998
16,83,0.1851034599999998
16,84,0.1832642499999999
16,85,0.17919896
16,86,0.1864794099999999
16,87,0.18186435
16,88,0.18128199
16,89,0.1786483499999999
16,90,0.1787235499999999
16,91,0.1793260499999999
16,92,0.1785902899999999
16,93,0.17821259
16,94,0.1787939199999999
16,95,0.17825453
17,0,0.1783730899999999
17,1,0.1775839599999999
17,2,0.17905677
17,3,0.17988547
17,4,0.17940293
17,5,0.17816677
17,6,0.17922704
17,7,0.17869416
17,8,0.1790152299999998
17,9,0.17675409
17,10,0.17845255
17,11,0.17933731
17,12,0.17842333
17,13,0.17857834
17,14,0.1786492299999998
17,15,0.1788071499999998
17,16,0.1798504999999998
17,17,0.17932122
17,18,0.1795806199999998
17,19,0.17992908
17,20,0.1829895299999999
17,21,0.18315763
17,22,0.1800979
17,23,0.1826323799999999
17,24,0.18099023
17,25,0.1801494099999999
17,26,0.1795401399999999
17,27,0.18242162
17,28,0.17629144
17,29,0.17445119
17,30,0.1918029799999999
17,31,0.17446525
17,32,0.17103182
17,33,0.16831047
17,34,0.1714986599999998
17,35,0.1708809399999999
17,36,0.16954844
17,37,0.16789974
17,38,0.16823498
17,39,0.1681229
17,40,0.1678297299999999
17,41,0.1671745
17,42,0.1681342999999999
17,43,0.16752403
17,44,0.16731294
17,45,0.1665655
17,46,0.1689807899999999
17,47,0.16945435
17,48,0.16897107
17,49,0.16727094
17,50,0.1670992099999998
17,51,0.16609294
17,52,0.16616405
17,53,0.1662973399999999
17,54,0.16665718
17,55,0.1680592999999999
17,56,0.1677329899999999
17,57,0.16822982
17,58,0.1656248
17,59,0.16761354
17,60,0.1799217099999999
17,61,0.2047683099999999
17,62,0.1692743399999998
17,63,0.1725570599999999
17,64,0.1868394099999999
17,65,0.20892343
17,66,0.18410386
17,67,0.18838309
17,68,0.1951099899999999
17,69,0.19468615
17,70,0.19399038
17,71,0.1886422099999999
17,72,0.1903992
17,73,0.18506237
17,74,0.19831576
17,75,0.19081576
17,76,0.18872389
17,77,0.18619347
17,78,0.1910557199999999
17,79,0.1888595599999999
17,80,0.18342806
17,81,0.18215249
17,82,0.1859281999999999
17,83,0.1820744299999999
17,84,0.1814921
17,85,0.18011568
17,86,0.18530796
17,87,0.1847555899999998
17,88,0.18101807
17,89,0.1804338399999999
17,90,0.1875881399999999
17,91,0.18322921
17,92,0.1800406799999997
17,93,0.1830792799999999
17,94,0.1846040099999999
17,95,0.1811259399999999
18,0,0.1799087699999999
18,1,0.1784688799999998
18,2,0.1856869099999999
18,3,0.1817157
18,4,0.1799497899999999
18,5,0.17838425
18,6,0.17891435
18,7,0.17877924
18,8,0.1782536799999998
18,9,0.17816123
18,10,0.1783092099999998
18,11,0.17843064
18,12,0.17700506
18,13,0.17414482
18,14,0.17520488
18,15,0.17996117
18,16,0.1826332999999999
18,17,0.1817053299999998
18,18,0.1783483699999998
18,19,0.1751943299999999
18,20,0.1823671
18,21,0.1838039
18,22,0.18025948
18,23,0.18316206
18,24,0.1870203199999999
18,25,0.18390676
18,26,0.18337715
18,27,0.18677809
18,28,0.1837741199999999
18,29,0.17483857
18,30,0.18705957
18,31,0.18287366
18,32,0.17923543
18,33,0.17881085
18,34,0.1869424
18,35,0.18321688
18,36,0.17652811
18,37,0.1719999999999999
18,38,0.1746753899999999
18,39,0.17256451
18,40,0.17244821
18,41,0.1695176
18,42,0.17097033
18,43,0.1705674099999999
18,44,0.17054054
18,45,0.1679476
18,46,0.17056176
18,47,0.17106706
18,48,0.17087489
18,49,0.1700927499999999
18,50,0.1714993999999998
18,51,0.17078811
18,52,0.17057777
18,53,0.17286481
18,54,0.1715934799999998
18,55,0.1707056499999999
18,56,0.17110353
18,57,0.18028418
18,58,0.17811545
18,59,0.1795738199999999
18,60,0.20055986
18,61,0.2083075899999999
18,62,0.1771022099999999
18,63,0.1785231299999999
18,64,0.18802565
18,65,0.2099152199999999
18,66,0.1807527099999999
18,67,0.18571587
18,68,0.20374023
18,69,0.19740741
18,70,0.20513499
18,71,0.1989624799999998
18,72,0.1995127499999999
18,73,0.19035897
18,74,0.19736889
18,75,0.1926065299999998
18,76,0.20028915
18,77,0.18523246
18,78,0.1975086199999999
18,79,0.19113617
18,80,0.1869454799999998
18,81,0.18457234
18,82,0.1965101199999999
18,83,0.1968789499999998
18,84,0.18508024
18,85,0.1836303399999999
18,86,0.1860759399999999
18,87,0.1881013
18,88,0.1832588299999999
18,89,0.1821745099999999
18,90,0.18394135
18,91,0.18581235
18,92,0.18297955
18,93,0.18278979
18,94,0.18929647
18,95,0.1845169999999999
19,0,0.1834340599999999
19,1,0.1793122399999999
19,2,0.1833054199999998
19,3,0.1823386599999999
19,4,0.1824109599999999
19,5,0.18125739
19,6,0.18105724
19,7,0.1819208
19,8,0.1812589
19,9,0.17927015
19,10,0.1790507
19,11,0.17937781
19,12,0.1803841
19,13,0.18184769
19,14,0.1818464
19,15,0.18218106
19,16,0.1853659099999999
19,17,0.18875369
19,18,0.18386152
19,19,0.1888552099999999
19,20,0.18734747
19,21,0.1919057699999999
19,22,0.18602488
19,23,0.19594139
19,24,0.1994623199999999
19,25,0.20970581
19,26,0.2083299599999999
19,27,0.27315778999999984
19,28,0.2046914499999998
19,29,0.1907170299999999
19,30,0.2000934399999999
19,31,0.1917344599999999
19,32,0.18325384
19,33,0.18618536
19,34,0.18760635
19,35,0.1859843099999999
19,36,0.1841982699999998
19,37,0.17532486
19,38,0.1699999999999999
19,39,0.1699999999999999
19,40,0.1693612
19,41,0.1689988
19,42,0.17333608
19,43,0.1701266899999998
19,44,0.1699975999999999
19,45,0.16762
19,46,0.168062
19,47,0.16759
19,48,0.1664588
19,49,0.1657808899999999
19,50,0.16670708
19,51,0.1662188
19,52,0.1659964
19,53,0.1663935999999999
19,54,0.1679476
19,55,0.16848016
19,56,0.16866155
19,57,0.1680817799999999
19,58,0.16534572
19,59,0.1671054
19,60,0.16950748
19,61,0.1728862399999998
19,62,0.16934267
19,63,0.17540753
19,64,0.18524513
19,65,0.19196443
19,66,0.18068773
19,67,0.18810382
19,68,0.1936903799999999
19,69,0.21070644
19,70,0.2224529399999999
19,71,0.19258471
19,72,0.1971944199999999
19,73,0.2015966999999999
19,74,0.2026225299999999
19,75,0.19273457
19,76,0.1911939299999999
19,77,0.1884178199999999
19,78,0.1984486899999999
19,79,0.18766431
19,80,0.18633172
19,81,0.18270756
19,82,0.19205495
19,83,0.1896698299999999
19,84,0.1843176799999999
19,85,0.1824221799999999
19,86,0.1883589199999999
19,87,0.1829164299999999
19,88,0.17974499
19,89,0.17838615
19,90,0.1821299399999999
19,91,0.18496988
19,92,0.18028088
19,93,0.17874742
19,94,0.18043436
19,95,0.1789096399999999
20,0,0.17866099
20,1,0.1776977099999999
20,2,0.1803290599999999
20,3,0.1803260099999999
20,4,0.1787138699999998
20,5,0.17818598
20,6,0.17840915
20,7,0.1782484799999999
20,8,0.1782296399999999
20,9,0.17813613
20,10,0.1798682199999999
20,11,0.1802237099999999
20,12,0.1805683499999999
20,13,0.18012915
20,14,0.1785157599999999
20,15,0.1799893699999999
20,16,0.18251638
20,17,0.18121429
20,18,0.1796872699999999
20,19,0.1802789399999999
20,20,0.18976521
20,21,0.1897891099999999
20,22,0.18411578
20,23,0.1900202099999999
20,24,0.1907012
20,25,0.1887972299999999
20,26,0.19122947
20,27,0.19977714
20,28,0.181383
20,29,0.1794231299999999
20,30,0.1802829199999999
20,31,0.1796754199999999
20,32,0.16974824
20,33,0.16867679
20,34,0.17310566
20,35,0.1730229499999999
20,36,0.17628895
20,37,0.18204944
20,38,0.1947310999999999
20,39,0.19162482
20,40,0.17198352
20,41,0.1689092799999999
20,42,0.16939171
20,43,0.1691508
20,44,0.1690385199999998
20,45,0.1686956299999999
20,46,0.1688538799999999
20,47,0.16849603
20,48,0.1687994999999999
20,49,0.16844253
20,50,0.16904473
20,51,0.1690517
20,52,0.1683431699999999
20,53,0.16796703
20,54,0.16781197
20,55,0.16800308
20,56,0.1680462899999999
20,57,0.1682944799999998
20,58,0.16805387
20,59,0.16909536
20,60,0.1793678199999999
20,61,0.2014146599999999
20,62,0.17652925
20,63,0.1866966899999999
20,64,0.22625467000000002
20,65,0.1803684299999998
20,66,0.18527382
20,67,0.19915164
20,68,0.1931621499999999
20,69,0.1959669
20,70,0.19285224
20,71,0.1946969199999999
20,72,0.1944408499999999
20,73,0.20107724
20,74,0.19343986
20,75,0.18724954
20,76,0.18467613
20,77,0.1876545
20,78,0.1887691999999998
20,79,0.18508317
20,80,0.18462142
20,81,0.1932275499999998
20,82,0.1933725499999999
20,83,0.18382942
20,84,0.17928168
20,85,0.18897663
20,86,0.18271309
20,87,0.17921393
20,88,0.17703119
20,89,0.1839654799999999
20,90,0.18352008
20,91,0.17905851
20,92,0.1781888499999999
20,93,0.18436801
20,94,0.1795061899999999
20,95,0.1808851
21,0,0.1787527299999999
21,1,0.1803023599999999
21,2,0.1793120599999998
21,3,0.17877495
21,4,0.17805785
21,5,0.1782405399999999
21,6,0.1782537099999999
21,7,0.17825424
21,8,0.17799861
21,9,0.17870146
21,10,0.1787524
21,11,0.17968592
21,12,0.1784681299999999
21,13,0.18180184
21,14,0.1786607899999999
21,15,0.18086541
21,16,0.1797302399999999
21,17,0.1799943499999998
21,18,0.1803565399999998
21,19,0.1851912799999999
21,20,0.1834970199999999
21,21,0.17950536
21,22,0.18220498
21,23,0.18701884
21,24,0.18361488
21,25,0.18492174
21,26,0.18767691
21,27,0.18116319
21,28,0.18038461
21,29,0.1944267199999998
21,30,0.1851493499999999
21,31,0.1788449799999999
21,32,0.1780422799999998
21,33,0.1852314699999999
21,34,0.1787711599999999
21,35,0.1790421499999999
21,36,0.18049081
21,37,0.18334491
21,38,0.18066025
21,39,0.1796748599999999
21,40,0.17638045
21,41,0.17729754
21,42,0.1769830099999998
21,43,0.17696103
21,44,0.1746012499999999
21,45,0.1740367199999998
21,46,0.1737912999999999
21,47,0.17432187
21,48,0.1782605599999999
21,49,0.17865886
21,50,0.1851300499999999
21,51,0.1889838399999999
21,52,0.19510745
21,53,0.17478068
21,54,0.17824136
21,55,0.17915031
21,56,0.1709829199999999
21,57,0.1723134399999999
21,58,0.1713919599999999
21,59,0.18260062
21,60,0.19827725
21,61,0.18032191
21,62,0.18148693
21,63,0.18597586
21,64,0.20103779
21,65,0.1842929999999999
21,66,0.1938251099999999
21,67,0.1942570699999999
21,68,0.18878081
21,69,0.19022622
21,70,0.1880240199999999
21,71,0.195612
21,72,0.18451771
21,73,0.18954811
21,74,0.18221191
21,75,0.1808045999999999
21,76,0.1792114
21,77,0.1822724099999998
21,78,0.1821394
21,79,0.17990838
21,80,0.1792991099999999
21,81,0.18667851
21,82,0.1845500699999999
21,83,0.18309637
21,84,0.18084031
21,85,0.1872941399999998
21,86,0.18218742
21,87,0.18583296
21,88,0.17864412
21,89,0.18393165
21,90,0.1847659799999998
21,91,0.1789481599999999
21,92,0.1773292699999999
21,93,0.18378473
21,94,0.17867575
21,95,0.1771902099999999
22,0,0.17461911
22,1,0.1781217499999998
22,2,0.17743356
22,3,0.17721839
22,4,0.1738167699999999
22,5,0.1772443
22,6,0.17800522
22,7,0.1772579499999998
22,8,0.17372516
22,9,0.17937769
22,10,0.17845441
22,11,0.1782795999999999
22,12,0.17686767
22,13,0.1797508599999999
22,14,0.18006845
22,15,0.1804497599999999
22,16,0.17974149
22,17,0.1782824
22,18,0.17931368
22,19,0.18225773
22,20,0.17974877
22,21,0.18569928
22,22,0.1974439699999998
22,23,0.1972408
22,24,0.183865
22,25,0.1972543099999999
22,26,0.18756659
22,27,0.18591346
22,28,0.1770255599999999
22,29,0.1847157499999999
22,30,0.1791383799999999
22,31,0.1748131599999999
22,32,0.17403527
22,33,0.17737935
22,34,0.1774675299999999
22,35,0.17572
22,36,0.17321479
22,37,0.17809363
22,38,0.1775581199999999
22,39,0.1756597899999999
22,40,0.17262871
22,41,0.1760099299999999
22,42,0.17475545
22,43,0.1729293399999999
22,44,0.1710228299999999
22,45,0.1723062999999999
22,46,0.1718542799999998
22,47,0.1712796399999999
22,48,0.16978571
22,49,0.17152511
22,50,0.1706421699999999
22,51,0.17380423
22,52,0.1699567799999999
22,53,0.1756690099999999
22,54,0.1770944799999999
22,55,0.1776186099999999
22,56,0.1774857499999998
22,57,0.17688832
22,58,0.17689459
22,59,0.1845433
22,60,0.2062257499999999
22,61,0.18058473
22,62,0.18940668
22,63,0.19856695
22,64,0.20325895
22,65,0.186034
22,66,0.19189074
22,67,0.2047373799999998
22,68,0.20313288
22,69,0.20792475
22,70,0.2038740599999999
22,71,0.19584756
22,72,0.1897938699999999
22,73,0.2076278799999999
22,74,0.22286132
22,75,0.20169312
22,76,0.19316891
22,77,0.2067900299999999
22,78,0.1922297399999999
22,79,0.1911566899999999
22,80,0.1860914399999998
22,81,0.2262568699999998
22,82,0.2120686
22,83,0.1896812699999999
22,84,0.1823150699999999
22,85,0.1864420199999999
22,86,0.18681685
22,87,0.1834145199999998
22,88,0.1788412
22,89,0.1870476
22,90,0.17950817
22,91,0.1781231
22,92,0.17491278
22,93,0.1774402399999999
22,94,0.1770141999999999
22,95,0.1771056299999999
23,0,0.1721087099999998
23,1,0.1755358699999999
23,2,0.1755008499999999
23,3,0.17520085
23,4,0.17145053
23,5,0.17547489
23,6,0.1755111999999998
23,7,0.17561743
23,8,0.1709000499999998
23,9,0.17447115
23,10,0.1747409699999999
23,11,0.17583126
23,12,0.17474868
23,13,0.17574989
23,14,0.1758828399999999
23,15,0.1762715099999998
23,16,0.1762496899999999
23,17,0.17605566
23,18,0.17868994
23,19,0.18008127
23,20,0.17604624
23,21,0.1748586199999998
23,22,0.17722202
23,23,0.1799123199999999
23,24,0.1769664199999999
23,25,0.18176103
23,26,0.1792169899999998
23,27,0.17603947
23,28,0.17380423
23,29,0.17687929
23,30,0.17266923
23,31,0.1786317399999999
23,32,0.1783735
23,33,0.17188251
23,34,0.1747412299999998
23,35,0.1750824299999999
23,36,0.17248191
23,37,0.1765943399999999
23,38,0.1718256499999998
23,39,0.17134593
23,40,0.16957529
23,41,0.18435671
23,42,0.18118886
23,43,0.17821857
23,44,0.1792275099999998
23,45,0.1705175599999999
23,46,0.1779364999999998
23,47,0.17882556
23,48,0.18042945
23,49,0.18113588
23,50,0.1820445399999999
23,51,0.17992011
23,52,0.1807884099999999
23,53,0.18008288
23,54,0.18599398
23,55,0.18514692
23,56,0.18590251
23,57,0.18182541
23,58,0.1856254799999999
23,59,0.19804037
23,60,0.20136455
23,61,0.1759229799999998
23,62,0.1840775799999999
23,63,0.19296053
23,64,0.24057833999999992
23,65,0.19227404
23,66,0.1923573199999999
23,67,0.2021584599999999
23,68,0.2153736399999999
23,69,0.2035161299999999
23,70,0.2151773699999999
23,71,0.20987792
23,72,0.1917959099999999
23,73,0.2153752799999999
23,74,0.20612839
23,75,0.2053651899999999
23,76,0.2006207799999999
23,77,0.20464102
23,78,0.20084072
23,79,0.1975186399999999
23,80,0.1914745099999999
23,81,0.2016368699999999
23,82,0.1989619199999999
23,83,0.19406297
23,84,0.18507513
23,85,0.1923370199999998
23,86,0.196882
23,87,0.1835936799999999
23,88,0.17858123
23,89,0.19028681
23,90,0.1799808999999999
23,91,0.1824228799999999
23,92,0.17820463
23,93,0.19567566
23,94,0.1858776
23,95,0.1806128399999998
24,0,0.1787160299999998
24,1,0.17931149
24,2,0.17923766
24,3,0.1790810699999999
24,4,0.1786792999999999
24,5,0.1785048099999999
24,6,0.1781138399999999
24,7,0.17825609
24,8,0.17822361
24,9,0.1792104099999999
24,10,0.17923883
24,11,0.1792016899999998
24,12,0.17873313
24,13,0.17824291
24,14,0.17692079
24,15,0.17829567
24,16,0.1782131299999998
24,17,0.1764504499999999
24,18,0.17738065
24,19,0.1829216899999998
24,20,0.1888924599999999
24,21,0.17743654
24,22,0.1806249399999999
24,23,0.18512686
24,24,0.19417699
24,25,0.1884479599999998
24,26,0.19056579
24,27,0.18523423
24,28,0.17671417
24,29,0.1904849599999999
24,30,0.1935511899999999
24,31,0.1746869699999998
24,32,0.17846174
24,33,0.26481975999999985
24,34,0.1952992999999999
24,35,0.18449912
24,36,0.17718433
24,37,0.17689712
24,38,0.17732122
24,39,0.17547168
24,40,0.17350604
24,41,0.17494455
24,42,0.1766918499999999
24,43,0.17290349
24,44,0.1703834599999999
24,45,0.17131799
24,46,0.1724187699999999
24,47,0.17107819
24,48,0.1704117299999999
24,49,0.16928329
24,50,0.16922283
24,51,0.1692659199999999
24,52,0.1699095699999999
24,53,0.17101753
24,54,0.17139914
24,55,0.1707133499999999
24,56,0.1694094899999998
24,57,0.17102054
24,58,0.1761162
24,59,0.1842636799999999
24,60,0.1715488
24,61,0.1768215399999999
24,62,0.18484332
24,63,0.23523111
24,64,0.1815028099999999
24,65,0.19281602
24,66,0.19892038
24,67,0.2392444699999999
24,68,0.2213094999999999
24,69,0.20290948
24,70,0.2015689499999998
24,71,0.20088693
24,72,0.19944188
24,73,0.20447816
24,74,0.20229954
24,75,0.19385541
24,76,0.19219516
24,77,0.1923923899999998
24,78,0.19187957
24,79,0.18552942
24,80,0.1927967599999999
24,81,0.18889491
24,82,0.1882931099999999
24,83,0.18347247
24,84,0.1899064899999999
24,85,0.1842018799999999
24,86,0.1799159
24,87,0.17824177
24,88,0.1795002599999999
24,89,0.17986543
24,90,0.17709523
24,91,0.17718247
24,92,0.17633293
24,93,0.17601017
24,94,0.1750938499999999
24,95,0.1748539199999998
25,0,0.17496601
25,1,0.1742400399999999
25,2,0.17301769
25,3,0.17345854
25,4,0.17729
25,5,0.1772885099999999
25,6,0.1759705899999999
25,7,0.17475724
25,8,0.1783059399999998
25,9,0.1783577199999998
25,10,0.17834682
25,11,0.17810549
25,12,0.1800817999999999
25,13,0.1801444499999999
25,14,0.1809585699999999
25,15,0.1809280899999999
25,16,0.1821106499999999
25,17,0.1821501799999999
25,18,0.18384158
25,19,0.1887288599999999
25,20,0.1885485199999998
25,21,0.19626788
25,22,0.19923366
25,23,0.1979398599999999
25,24,0.23259598
25,25,0.3543969299999997
25,26,0.1986315399999999
25,27,0.1821348199999999
25,28,0.2242784599999997
25,29,0.1824284
25,30,0.17448439
25,31,0.1718720499999999
25,32,0.17516536
25,33,0.1738236499999998
25,34,0.17321071
25,35,0.17103704
25,36,0.1734519199999999
25,37,0.1734622099999999
25,38,0.17223771
25,39,0.1704672499999999
25,40,0.17142567
25,41,0.17143237
25,42,0.17022176
25,43,0.17037447
25,44,0.17141617
25,45,0.17366471
25,46,0.1732686499999998
25,47,0.1731738199999998
25,48,0.1745406599999999
25,49,0.17318033
25,50,0.1734106299999999
25,51,0.1743503399999998
25,52,0.17646828
25,53,0.17419304
25,54,0.1791928299999998
25,55,0.17782825
25,56,0.17748566
25,57,0.17941597
25,58,0.2002275099999998
25,59,0.2106849099999999
25,60,0.17377625
25,61,0.17384
25,62,0.1926915099999999
25,63,0.21161797
25,64,0.18507205
25,65,0.19295334
25,66,0.2055799999999999
25,67,0.2147624
25,68,0.2208073699999998
25,69,0.21493393
25,70,0.20467735
25,71,0.20018715
25,72,0.2004989999999999
25,73,0.1994176299999999
25,74,0.19736045
25,75,0.1929490499999999
25,76,0.19439165
25,77,0.1949099499999999
25,78,0.1926394
25,79,0.1864857
25,80,0.19721847
25,81,0.19372794
25,82,0.18919347
25,83,0.1853580499999998
25,84,0.18729062
25,85,0.19216302
25,86,0.1845152399999998
25,87,0.1815705199999999
25,88,0.18395986
25,89,0.1815146299999999
25,90,0.17942881
25,91,0.1793442599999999
25,92,0.1806369399999999
25,93,0.1816838999999999
25,94,0.1800597599999999
25,95,0.1787459299999998
26,0,0.1808449899999999
26,1,0.1801160299999999
26,2,0.1800313
26,3,0.1799600199999999
26,4,0.18014905
26,5,0.18007035
26,6,0.18033298
26,7,0.17974508
26,8,0.1806044699999999
26,9,0.1801850499999999
26,10,0.1793933199999999
26,11,0.17999237
26,12,0.1801250399999999
26,13,0.18195221
26,14,0.1829510399999999
26,15,0.18264421
26,16,0.1816595099999998
26,17,0.18210284
26,18,0.1885326999999998
26,19,0.20225515
26,20,0.1826971099999998
26,21,0.1853610799999999
26,22,0.1971119699999998
26,23,0.19037477
26,24,0.1977452899999999
26,25,0.34959244
26,26,0.19896821
26,27,0.1819383299999999
26,28,0.18953448
26,29,0.18139131
26,30,0.17416101
26,31,0.18076532
26,32,0.1819201
26,33,0.17867206
26,34,0.17781842
26,35,0.17480771
26,36,0.1811498999999999
26,37,0.1785642199999998
26,38,0.18005811
26,39,0.17333062
26,40,0.1780332599999999
26,41,0.17402356
26,42,0.1777025499999999
26,43,0.1730701
26,44,0.17455131
26,45,0.17682196
26,46,0.1770071899999999
26,47,0.1794065599999998
26,48,0.17901469
26,49,0.1796762399999999
26,50,0.17905397
26,51,0.1755261099999999
26,52,0.17831407
26,53,0.17981734
26,54,0.1791385
26,55,0.18021499
26,56,0.1762480899999998
26,57,0.1799767899999998
26,58,0.18086796
26,59,0.18091323
26,60,0.1772852699999999
26,61,0.18078732
26,62,0.18761443
26,63,0.2099987999999999
26,64,0.18101445
26,65,0.1832258499999999
26,66,0.1896623699999998
26,67,0.18710574
26,68,0.19759123
26,69,0.1975148
26,70,0.1979217
26,71,0.1896151999999999
26,72,0.19328158
26,73,0.18987073
26,74,0.1897880499999999
26,75,0.18331434
26,76,0.1935333099999999
26,77,0.1860334899999999
26,78,0.1853916399999998
26,79,0.18323143
26,80,0.18815623
26,81,0.1841713099999999
26,82,0.18263099
26,83,0.1818184399999998
26,84,0.1861446199999999
26,85,0.18187259
26,86,0.1806585299999999
26,87,0.1796482099999999
26,88,0.1808992399999999
26,89,0.1804489699999999
26,90,0.1800165799999999
26,91,0.17960831
26,92,0.1813477299999999
26,93,0.1804695
26,94,0.1797105199999999
26,95,0.17683751
27,0,0.1805187
27,1,0.18023935
27,2,0.17971639
27,3,0.1789443099999999
27,4,0.1800288399999998
27,5,0.17980772
27,6,0.1797753
27,7,0.17846433
27,8,0.1786389599999999
27,9,0.17859387
27,10,0.1786388099999999
27,11,0.17836416
27,12,0.1785824399999997
27,13,0.1801200599999999
27,14,0.18033495
27,15,0.1814931399999998
27,16,0.18014686
27,17,0.18098946
27,18,0.18806296
27,19,0.1917069599999999
27,20,0.18324606
27,21,0.18752606
27,22,0.19555008
27,23,0.1904121799999999
27,24,0.18356105
27,25,0.19381627
27,26,0.1826710299999999
27,27,0.1771907699999998
27,28,0.18447231
27,29,0.1790165999999998
27,30,0.1788628899999998
27,31,0.1748349
27,32,0.18360837
27,33,0.1818632
27,34,0.17960415
27,35,0.17849508
27,36,0.1868357499999999
27,37,0.1862953499999999
27,38,0.18639187
27,39,0.19421979
27,40,0.1939851499999999
27,41,0.1885302199999999
27,42,0.18981958
27,43,0.1939921599999998
27,44,0.1863039
27,45,0.18631411
27,46,0.1833463099999999
27,47,0.18376857
27,48,0.1846780199999999
27,49,0.1891224799999999
27,50,0.19795564
27,51,0.18817403
27,52,0.18087965
27,53,0.18133395
27,54,0.1840942599999999
27,55,0.1802464799999999
27,56,0.17868483
27,57,0.17858954
27,58,0.1803329399999998
27,59,0.1826701299999999
27,60,0.1770512
27,61,0.1790512
27,62,0.1825999999999999
27,63,0.18878045
27,64,0.18115523
27,65,0.1834311999999999
27,66,0.1871750199999998
27,67,0.18802628
27,68,0.19005341
27,69,0.19468506
27,70,0.1887683699999999
27,71,0.18815523
27,72,0.18692459
27,73,0.18709945
27,74,0.18357876
27,75,0.18326061
27,76,0.1964389799999999
27,77,0.1965698099999999
27,78,0.20373837
27,79,0.1889730599999999
27,80,0.1854915
27,81,0.1811399699999999
27,82,0.1805545
27,83,0.1798624399999999
27,84,0.1806260499999999
27,85,0.1795965199999999
27,86,0.17962364
27,87,0.17830147
27,88,0.1784400699999998
27,89,0.1782912799999998
27,90,0.17854255
27,91,0.17774881
27,92,0.1806629299999999
27,93,0.1804309699999998
27,94,0.18054708
27,95,0.1779793699999998
28,0,0.17973279
28,1,0.1778534199999999
28,2,0.1776426299999999
28,3,0.17766845
28,4,0.17783542
28,5,0.17766669
28,6,0.1778030599999999
28,7,0.17764319
28,8,0.1788473099999999
28,9,0.1787974799999999
28,10,0.1794066
28,11,0.17899903
28,12,0.1797592999999999
28,13,0.18003521
28,14,0.17996567
28,15,0.1799445199999998
28,16,0.1793716199999999
28,17,0.1793916299999998
28,18,0.18027477
28,19,0.1817635
28,20,0.1803698299999999
28,21,0.18439231
28,22,0.1872523499999999
28,23,0.18724962
28,24,0.18512734
28,25,0.2006482599999999
28,26,0.18541648
28,27,0.1791202699999998
28,28,0.19179165
28,29,0.1896487899999999
28,30,0.1802960499999999
28,31,0.1748532299999999
28,32,0.1797783599999998
28,33,0.1757700999999999
28,34,0.1749004999999999
28,35,0.1726077599999999
28,36,0.1774069
28,37,0.1746918299999998
28,38,0.1742014699999998
28,39,0.17216216
28,40,0.17567114
28,41,0.1758552099999999
28,42,0.17231222
28,43,0.17232221
28,44,0.1745300599999999
28,45,0.17471101
28,46,0.1767423099999999
28,47,0.1742136199999999
28,48,0.1775892299999999
28,49,0.1754814999999999
28,50,0.1722462
28,51,0.17368645
28,52,0.17937461
28,53,0.18226564
28,54,0.18135534
28,55,0.17706444
28,56,0.17210619
28,57,0.17452391
28,58,0.1804869999999997
28,59,0.19162961
28,60,0.17331192
28,61,0.1798721699999998
28,62,0.1879523599999999
28,63,0.1994541799999999
28,64,0.1865094
28,65,0.18915304
28,66,0.18985296
28,67,0.21688805
28,68,0.20301418
28,69,0.19592249
28,70,0.1959190799999999
28,71,0.2161347699999999
28,72,0.1897257199999999
28,73,0.18522845
28,74,0.1851198899999999
28,75,0.18523348
28,76,0.18647252
28,77,0.1845257099999998
28,78,0.1840120999999999
28,79,0.1833355799999998
28,80,0.19006333
28,81,0.1819168399999998
28,82,0.1794109799999998
28,83,0.1777203699999999
28,84,0.1801764299999999
28,85,0.17955373
28,86,0.17786019
28,87,0.1734056699999999
28,88,0.1764708299999999
28,89,0.17826956
28,90,0.1758803899999998
28,91,0.17643013
28,92,0.18403
28,93,0.1800211099999999
28,94,0.17955155
28,95,0.17855472
29,0,0.1820932299999999
29,1,0.18030155
29,2,0.17994674
29,3,0.1791931499999998
29,4,0.1800384599999999
29,5,0.1809527499999999
29,6,0.18046367
29,7,0.17995279
29,8,0.17994398
29,9,0.17994688
29,10,0.18038663
29,11,0.18230651
29,12,0.1797597199999999
29,13,0.18007667
29,14,0.1808615
29,15,0.18032011
29,16,0.1799671899999999
29,17,0.18033701
29,18,0.18616125
29,19,0.1847328899999999
29,20,0.1867789299999999
29,21,0.1852614299999999
29,22,0.20028086
29,23,0.1935960899999999
29,24,0.1869197699999999
29,25,0.1871564299999999
29,26,0.17521437
29,27,0.17454258
29,28,0.18276212
29,29,0.17445365
29,30,0.17127245
29,31,0.17197096
29,32,0.1699101099999999
29,33,0.16881973
29,34,0.16695392
29,35,0.1688953299999999
29,36,0.16647773
29,37,0.1677439899999999
29,38,0.1699438699999998
29,39,0.1627298799999998
29,40,0.1506660599999998
29,41,0.1499888299999999
29,42,0.14998951
29,43,0.1499887099999998
29,44,0.1499886899999999
29,45,0.1499886499999997
29,46,0.1499888699999998
29,47,0.14998864
29,48,0.1499886299999999
29,49,0.1499888899999999
29,50,0.14998885
29,51,0.1499888999999999
29,52,0.14998891
29,53,0.1499889999999999
29,54,0.1499890999999999
29,55,0.1499997499999999
29,56,0.1499889999999999
29,57,0.1629386599999999
29,58,0.17214621
29,59,0.1766874
29,60,0.16361459
29,61,0.17071477
29,62,0.18062097
29,63,0.18748902
29,64,0.17995619
29,65,0.1836306
29,66,0.1876422099999999
29,67,0.1958844099999999
29,68,0.1952066199999998
29,69,0.19653607
29,70,0.2037964099999999
29,71,0.21670815
29,72,0.2133709299999999
29,73,0.2061389099999999
29,74,0.19630944
29,75,0.1865668
29,76,0.19601504
29,77,0.1927802799999999
29,78,0.18617514
29,79,0.1844486399999998
29,80,0.1905279299999999
29,81,0.1857698499999999
29,82,0.18552741
29,83,0.1841372599999998
29,84,0.18408649
29,85,0.18169536
29,86,0.1793485199999999
29,87,0.17922192
29,88,0.1831955499999999
29,89,0.18083858
29,90,0.17992706
29,91,0.17951521
29,92,0.18342566
29,93,0.17973532
29,94,0.18161391
29,95,0.17836842
30,0,0.1803959799999999
30,1,0.17982307
30,2,0.1794746899999998
30,3,0.17812191
30,4,0.1813150799999999
30,5,0.18114397
30,6,0.1803890499999999
30,7,0.1799798499999998
30,8,0.18065588
30,9,0.18070018
30,10,0.18068436
30,11,0.1798719499999999
30,12,0.1798775799999997
30,13,0.18021515
30,14,0.18061853
30,15,0.1804702899999999
30,16,0.18008573
30,17,0.18008282
30,18,0.18042975
30,19,0.20454158
30,20,0.20873424
30,21,0.21385653
30,22,0.2176191599999999
30,23,0.2054140599999999
30,24,0.19996155
30,25,0.19374694
30,26,0.1777748799999998
30,27,0.1710095199999998
30,28,0.1822155299999999
30,29,0.1708656899999999
30,30,0.17064783
30,31,0.1663686399999999
30,32,0.1649988
30,33,0.1651128099999999
30,34,0.16506515
30,35,0.1554827799999999
30,36,0.16768496
30,37,0.16689157
30,38,0.16689135
30,39,0.14999974
30,40,0.1499998099999999
30,41,0.15511117
30,42,0.1550972899999999
30,43,0.1499895499999998
30,44,0.14998912
30,45,0.1499900499999999
30,46,0.1499998699999999
30,47,0.1499895499999998
30,48,0.1499998599999999
30,49,0.15
30,50,0.1623753799999999
30,51,0.16355695
30,52,0.1670009499999999
30,53,0.1676029
30,54,0.1683983
30,55,0.16859425
30,56,0.1683893099999999
30,57,0.17709896
30,58,0.18073737
30,59,0.20528564
30,60,0.1768617999999999
30,61,0.1798773
30,62,0.1969109699999999
30,63,0.20628032
30,64,0.1917866899999999
30,65,0.1975577299999999
30,66,0.2089729799999999
30,67,0.2013278
30,68,0.19919137
30,69,0.19958778
30,70,0.1989138099999998
30,71,0.19543723
30,72,0.2090582899999999
30,73,0.18807493
30,74,0.1879782499999999
30,75,0.1867169099999999
30,76,0.18450231
30,77,0.1853319
30,78,0.1834254499999999
30,79,0.1806495399999998
30,80,0.18122841
30,81,0.1799041999999999
30,82,0.1793131899999999
30,83,0.1786575199999999
30,84,0.18041033
30,85,0.17903911
30,86,0.1776977299999998
30,87,0.17734133
30,88,0.1778773399999999
30,89,0.17836366
30,90,0.1775367199999999
30,91,0.17756805
30,92,0.18014447
30,93,0.17791999
30,94,0.17800575
30,95,0.17777515
31,0,0.17824082
31,1,0.17766403
31,2,0.1774925799999999
31,3,0.1766029999999999
31,4,0.17919287
31,5,0.1788142699999998
31,6,0.17851384
31,7,0.17829777
31,8,0.1775826199999998
31,9,0.17830862
31,10,0.17833968
31,11,0.177591
31,12,0.1784260699999998
31,13,0.17878103
31,14,0.17985605
31,15,0.1807196299999998
31,16,0.1761986299999999
31,17,0.1776877299999999
31,18,0.1793585
31,19,0.1789547899999999
31,20,0.17933189
31,21,0.17997543
31,22,0.18508852
31,23,0.18357399
31,24,0.18155322
31,25,0.19378763
31,26,0.17814385
31,27,0.1774108999999999
31,28,0.23301027
31,29,0.18221793
31,30,0.18424835
31,31,0.19648268
31,32,0.20870623
31,33,0.1857053599999999
31,34,0.18182367
31,35,0.17985989
31,36,0.1836100699999999
31,37,0.1793417199999999
31,38,0.17797559
31,39,0.16979605
31,40,0.17194967
31,41,0.17269924
31,42,0.17263382
31,43,0.1729847399999998
31,44,0.1727948799999999
31,45,0.17319004
31,46,0.17141069
31,47,0.17057782
31,48,0.1705630199999999
31,49,0.1719858999999998
31,50,0.1715208899999999
31,51,0.1708645199999998
31,52,0.1721039399999999
31,53,0.1718924899999997
31,54,0.17135438
31,55,0.1701598799999999
31,56,0.16876986
31,57,0.1692217299999999
31,58,0.1734362199999999
31,59,0.1778722099999999
31,60,0.1683437499999999
31,61,0.1749364199999997
31,62,0.17826376
31,63,0.18093937
31,64,0.17778351
31,65,0.17987416
31,66,0.1834818099999999
31,67,0.1966925299999999
31,68,0.1867479999999998
31,69,0.18390861
31,70,0.1850317099999999
31,71,0.18318165
31,72,0.1875860099999998
31,73,0.1850551799999999
31,74,0.1832116599999999
31,75,0.1794407199999998
31,76,0.1816138999999999
31,77,0.1804491799999999
31,78,0.1792135299999999
31,79,0.1784652599999999
31,80,0.1835301099999998
31,81,0.18049376
31,82,0.1798650299999999
31,83,0.17826519
31,84,0.17797868
31,85,0.17771725
31,86,0.17674497
31,87,0.17556836
31,88,0.1766977499999999
31,89,0.17790913
31,90,0.1759162499999998
31,91,0.1752614699999999
31,92,0.17882829
31,93,0.1788315399999999
31,94,0.1776666
31,95,0.1755555799999999
32,0,0.17747508
32,1,0.1782406
32,2,0.17774164
32,3,0.1770417799999999
32,4,0.17869416
32,5,0.17820081
32,6,0.1778903799999999
32,7,0.17664151
32,8,0.1769983199999999
32,9,0.17758416
32,10,0.17704682
32,11,0.1767634899999999
32,12,0.177795
32,13,0.1783512
32,14,0.1809203599999999
32,15,0.1808041999999998
32,16,0.1791714199999998
32,17,0.1796882199999999
32,18,0.1802472799999999
32,19,0.1812105499999998
32,20,0.1838621199999999
32,21,0.1865256599999999
32,22,0.19630279
32,23,0.1962298799999999
32,24,0.1964187999999999
32,25,0.22780139000000002
32,26,0.18196914
32,27,0.17770789
32,28,0.18423539
32,29,0.18027494
32,30,0.175055
32,31,0.1727656899999999
32,32,0.1796475899999999
32,33,0.18092207
32,34,0.17281097
32,35,0.17001043
32,36,0.17109204
32,37,0.17107901
32,38,0.1718490599999998
32,39,0.1715595
32,40,0.17311571
32,41,0.17246716
32,42,0.1720901499999998
32,43,0.16965215
32,44,0.1687255499999999
32,45,0.16826059
32,46,0.1677462699999999
32,47,0.16714178
32,48,0.1658299099999998
32,49,0.1662034
32,50,0.16659654
32,51,0.1641428899999999
32,52,0.1646204599999998
32,53,0.16303584
32,54,0.16464462
32,55,0.1660783799999998
32,56,0.1665134699999998
32,57,0.1674234599999998
32,58,0.1703025199999999
32,59,0.18367705
32,60,0.1691377899999999
32,61,0.17160856
32,62,0.17946871
32,63,0.18398465
32,64,0.17698158
32,65,0.1787728399999999
32,66,0.18094123
32,67,0.26255958999999984
32,68,0.1900071299999998
32,69,0.1861066399999999
32,70,0.1805625599999999
32,71,0.1836380899999999
32,72,0.1871599699999999
32,73,0.1837943499999999
32,74,0.1816080099999999
32,75,0.18023788
32,76,0.18241815
32,77,0.1831558499999999
32,78,0.18042623
32,79,0.17972324
32,80,0.18077556
32,81,0.1798002
32,82,0.1786245199999999
32,83,0.1777578199999999
32,84,0.17971323
32,85,0.17921
32,86,0.1780189
32,87,0.17688974
32,88,0.1795919299999999
32,89,0.17931571
32,90,0.17724642
32,91,0.1768165499999999
32,92,0.1792413099999999
32,93,0.17864467
32,94,0.17757792
32,95,0.1780486499999999
33,0,0.18051548
33,1,0.18053648
33,2,0.1799924299999999
33,3,0.1790639499999999
33,4,0.18057934
33,5,0.18035467
33,6,0.18019719
33,7,0.1796455499999999
33,8,0.18006268
33,9,0.18074858
33,10,0.18013993
33,11,0.18028127
33,12,0.1806711799999999
33,13,0.18079327
33,14,0.18133913
33,15,0.18382558
33,16,0.17953555
33,17,0.18066988
33,18,0.18164437
33,19,0.1855127099999998
33,20,0.1821855599999998
33,21,0.1922680999999998
33,22,0.1972031599999999
33,23,0.1963339899999999
33,24,0.1900806599999999
33,25,0.3519122
33,26,0.1798959199999999
33,27,0.18352968
33,28,0.1859204599999999
33,29,0.18507697
33,30,0.1733594199999999
33,31,0.1730755699999999
33,32,0.17265202
33,33,0.1732608699999999
33,34,0.1728194299999998
33,35,0.17343258
33,36,0.1724341899999999
33,37,0.17411601
33,38,0.17108645
33,39,0.16930855
33,40,0.1708265199999998
33,41,0.16956034
33,42,0.17086031
33,43,0.1690369599999999
33,44,0.1696766299999999
33,45,0.1698165499999999
33,46,0.1691210099999999
33,47,0.16773338
33,48,0.1499888099999998
33,49,0.1499887299999999
33,50,0.1499894099999998
33,51,0.1499887599999998
33,52,0.1511142299999999
33,53,0.1589136099999999
33,54,0.1693244299999998
33,55,0.16527012
33,56,0.16195947
33,57,0.1676049
33,58,0.17272266
33,59,0.18310921
33,60,0.1679471099999999
33,61,0.1723833799999999
33,62,0.18268132
33,63,0.2102098899999999
33,64,0.1788360499999998
33,65,0.18035276
33,66,0.18213667
33,67,0.18923065
33,68,0.1869007
33,69,0.1843960699999999
33,70,0.18453529
33,71,0.1828245899999999
33,72,0.1845984899999999
33,73,0.18449883
33,74,0.1833576999999999
33,75,0.1824684399999999
33,76,0.18447499
33,77,0.18240734
33,78,0.1809753699999998
33,79,0.1800517199999999
33,80,0.18142312
33,81,0.1812983199999999
33,82,0.1807696099999998
33,83,0.1791967599999999
33,84,0.18108246
33,85,0.1802019899999998
33,86,0.1806039499999999
33,87,0.1773269799999998
33,88,0.1589866199999999
33,89,0.17917734
33,90,0.1717979799999999
33,91,0.1500099299999999
33,92,0.17696833
33,93,0.1785297299999998
33,94,0.1509999999999999
33,95,0.1795264299999999
34,0,0.1777004499999999
34,1,0.17647058
34,2,0.17696196
34,3,0.17800749
34,4,0.1787812799999999
34,5,0.17896528
34,6,0.1792898199999999
34,7,0.1786096
34,8,0.1790702499999999
34,9,0.17919115
34,10,0.1791229
34,11,0.17884458
34,12,0.17943518
34,13,0.1798155399999998
34,14,0.18145162
34,15,0.17961821
34,16,0.18011146
34,17,0.1847594399999998
34,18,0.18441814
34,19,0.18111
34,20,0.18674
34,21,0.1969
34,22,0.1900384799999999
34,23,0.19484175
34,24,0.1829988
34,25,0.1798236
34,26,0.1726407499999999
34,27,0.1791655399999999
34,28,0.17907446
34,29,0.1686393999999998
34,30,0.16790504
34,31,0.17253234
34,32,0.1791654
34,33,0.1802433699999999
34,34,0.1698548599999998
34,35,0.17112417
34,36,0.17094845
34,37,0.16803651
34,38,0.16890505
34,39,0.16908202
34,40,0.16857605
34,41,0.17059121
34,42,0.1672651
34,43,0.1673317
34,44,0.16791155
34,45,0.16472449
34,46,0.1581941899999999
34,47,0.15000148
34,48,0.1499902599999999
34,49,0.15000148
34,50,0.1499954399999999
34,51,0.1499905999999998
34,52,0.1499895199999999
34,53,0.14998914
34,54,0.14998956
34,55,0.1562042799999999
34,56,0.16933936
34,57,0.1793324
34,58,0.16708512
34,59,0.1717982499999999
34,60,0.2032158299999999
34,61,0.30641761999999984
34,62,0.1801356
34,63,0.18125149
34,64,0.1966294899999999
34,65,0.27900738999999974
34,66,0.21146398
34,67,0.2086577799999999
34,68,0.1991903599999999
34,69,0.1950286799999999
34,70,0.1948466099999999
34,71,0.19348261
34,72,0.1941413099999999
34,73,0.19065916
34,74,0.1893443
34,75,0.1897043
34,76,0.1927859899999999
34,77,0.1834054499999998
34,78,0.19597435
34,79,0.19227512
34,80,0.1835948
34,81,0.1820244299999999
34,82,0.1865271799999999
34,83,0.1830249699999999
34,84,0.1798989899999999
34,85,0.17815928
34,86,0.1790791399999998
34,87,0.1833342399999999
34,88,0.18238525
34,89,0.1806907799999999
34,90,0.1814072699999999
34,91,0.18056621
34,92,0.18041717
34,93,0.17960239
34,94,0.18075562
34,95,0.1803842999999998
35,0,0.1797448999999999
35,1,0.1788189999999999
35,2,0.17962011
35,3,0.17953576
35,4,0.17930954
35,5,0.17903273
35,6,0.1786308399999999
35,7,0.17848358
35,8,0.17932592
35,9,0.1793102399999999
35,10,0.17895395
35,11,0.17946011
35,12,0.17997093
35,13,0.1800441499999999
35,14,0.1800068699999999
35,15,0.18187008
35,16,0.18658523
35,17,0.18834712
35,18,0.18538035
35,19,0.1897855199999999
35,20,0.2034485399999999
35,21,0.19032566
35,22,0.1934224
35,23,0.1874447999999999
35,24,0.1823512
35,25,0.17803596
35,26,0.1877668999999999
35,27,0.1775200799999998
35,28,0.17177037
35,29,0.1656264999999999
35,30,0.17445784
35,31,0.17207767
35,32,0.1703357699999998
35,33,0.16814312
35,34,0.1723606299999999
35,35,0.17264944
35,36,0.17267619
35,37,0.1689079799999999
35,38,0.17185477
35,39,0.17183852
35,40,0.17174472
35,41,0.16940008
35,42,0.17124691
35,43,0.17171455
35,44,0.17342321
35,45,0.1697701399999999
35,46,0.1703713099999998
35,47,0.1688976599999999
35,48,0.1671696099999998
35,49,0.16673807
35,50,0.16743164
35,51,0.1682368999999998
35,52,0.16897968
35,53,0.1684481899999998
35,54,0.16597385
35,55,0.16814847
35,56,0.17039218
35,57,0.17606341
35,58,0.1664548299999998
35,59,0.1716277699999999
35,60,0.1908066999999999
35,61,0.2158919299999999
35,62,0.1824950699999999
35,63,0.1806737699999999
35,64,0.18666567
35,65,0.1991419399999999
35,66,0.1871956899999998
35,67,0.1853746099999998
35,68,0.18507523
35,69,0.18424065
35,70,0.1862234399999999
35,71,0.1859067999999999
35,72,0.1862992299999999
35,73,0.1822369999999999
35,74,0.1821776699999999
35,75,0.1816654899999999
35,76,0.18184084
35,77,0.1815324999999999
35,78,0.18441574
35,79,0.18469958
35,80,0.1839813599999999
35,81,0.1839845499999998
35,82,0.19098442
35,83,0.1912053499999998
35,84,0.18674588
35,85,0.18284234
35,86,0.2021165899999999
35,87,0.19011374
35,88,0.18679694
35,89,0.1836123199999998
35,90,0.18291144
35,91,0.1822609099999998
35,92,0.18172805
35,93,0.1815672299999998
35,94,0.18520295
35,95,0.18380849
36,0,0.1833203399999999
36,1,0.1824071
36,2,0.18935515
36,3,0.1915915699999999
36,4,0.18520398
36,5,0.1836797
36,6,0.1834193499999999
36,7,0.1825149499999999
36,8,0.1832851699999998
36,9,0.1832424799999999
36,10,0.18323841
36,11,0.18338142
36,12,0.1840083599999999
36,13,0.18287665
36,14,0.18496289
36,15,0.1831811999999999
36,16,0.1931114899999998
36,17,0.2119847899999999
36,18,0.19223101
36,19,0.20042935
36,20,0.1978221299999999
36,21,0.2153960399999999
36,22,0.2066636999999999
36,23,0.19042298
36,24,0.1851025399999999
36,25,0.1748289599999999
36,26,0.1763114399999999
36,27,0.1744834299999998
36,28,0.17399361
36,29,0.17379489
36,30,0.1717995199999999
36,31,0.17279253
36,32,0.17509223
36,33,0.17465943
36,34,0.16796713
36,35,0.1500023799999998
36,36,0.14998885
36,37,0.1499887099999998
36,38,0.1499887599999998
36,39,0.1499885099999999
36,40,0.14998859
36,41,0.1499886199999999
36,42,0.14998877
36,43,0.1499888599999997
36,44,0.1499888399999999
36,45,0.1499886299999999
36,46,0.14998864
36,47,0.14998856
36,48,0.14998854
36,49,0.1499887599999998
36,50,0.1499888299999999
36,51,0.1499887899999999
36,52,0.1499889499999999
36,53,0.1499891099999999
36,54,0.1499895699999999
36,55,0.15979925
36,56,0.17239382
36,57,0.17815337
36,58,0.1515416299999999
36,59,0.1703365
36,60,0.18623799
36,61,0.2165357799999999
36,62,0.18180921
36,63,0.18297565
36,64,0.1936430499999999
36,65,0.2180287099999999
36,66,0.19745829
36,67,0.1947674999999999
36,68,0.1919296399999999
36,69,0.18948679
36,70,0.2134265299999999
36,71,0.19822455
36,72,0.1898982099999999
36,73,0.1854337
36,74,0.18706723
36,75,0.18536186
36,76,0.18468661
36,77,0.18389552
36,78,0.18615023
36,79,0.18628475
36,80,0.18329678
36,81,0.1831441399999999
36,82,0.18158083
36,83,0.18131046
36,84,0.1805869699999999
36,85,0.17944097
36,86,0.17979846
36,87,0.18025636
36,88,0.17983599
36,89,0.17911617
36,90,0.1811383399999999
36,91,0.1805288199999998
36,92,0.18085935
36,93,0.1798041699999999
36,94,0.18036483
36,95,0.1813603
37,0,0.1808809999999999
37,1,0.1796220699999999
37,2,0.18388703
37,3,0.1837806799999999
37,4,0.1831359099999999
37,5,0.1814276
37,6,0.18197878
37,7,0.1826419499999998
37,8,0.1825184799999999
37,9,0.18487356
37,10,0.18208354
37,11,0.18119928
37,12,0.18316039
37,13,0.18371962
37,14,0.18236966
37,15,0.18235718
37,16,0.1904336999999999
37,17,0.19377552
37,18,0.19050201
37,19,0.1916289099999999
37,20,0.1933037699999999
37,21,0.1905229199999999
37,22,0.1993397099999999
37,23,0.18634425
37,24,0.1765544099999999
37,25,0.1705459099999999
37,26,0.1748766
37,27,0.17216525
37,28,0.1727185199999999
37,29,0.17577098
37,30,0.17445834
37,31,0.17445141
37,32,0.1748017699999999
37,33,0.1500173599999999
37,34,0.1499900399999998
37,35,0.14998977
37,36,0.14998835
37,37,0.1499896699999999
37,38,0.1499900299999998
37,39,0.16433697
37,40,0.1643197899999998
37,41,0.1625613399999999
37,42,0.1623487999999999
37,43,0.1620367599999999
37,44,0.1622965199999999
37,45,0.1616713199999997
37,46,0.1529023899999998
37,47,0.1526732199999998
37,48,0.1531923899999999
37,49,0.1617954999999999
37,50,0.1499886599999998
37,51,0.1499887899999999
37,52,0.1591256399999999
37,53,0.1663936399999999
37,54,0.1601745199999999
37,55,0.16874074
37,56,0.1705576
37,57,0.1854487999999998
37,58,0.16848219
37,59,0.1711195899999999
37,60,0.19781104
37,61,0.2343962499999999
37,62,0.18312037
37,63,0.1820139
37,64,0.19013655
37,65,0.19143562
37,66,0.1916664899999999
37,67,0.19157462
37,68,0.1916447999999999
37,69,0.1896092899999999
37,70,0.19126514
37,71,0.1907907099999999
37,72,0.1916492099999999
37,73,0.19075287
37,74,0.1955352699999999
37,75,0.19558607
37,76,0.19581769
37,77,0.1963917299999999
37,78,0.1981358799999999
37,79,0.19665696
37,80,0.1881614199999999
37,81,0.18602673
37,82,0.18850959
37,83,0.18891857
37,84,0.1844409099999999
37,85,0.1803086299999998
37,86,0.18290137
37,87,0.18134431
37,88,0.18071662
37,89,0.17952767
37,90,0.18142566
37,91,0.181175
37,92,0.1818858099999999
37,93,0.1807997399999999
37,94,0.18107294
37,95,0.18079372
38,0,0.18041421
38,1,0.18018193
38,2,0.1805169499999999
38,3,0.1806553699999999
38,4,0.17996447
38,5,0.17971491
38,6,0.1823498
38,7,0.18360783
38,8,0.1834785399999999
38,9,0.18360071
38,10,0.1843899999999999
38,11,0.18620651
38,12,0.1949169399999999
38,13,0.19839229
38,14,0.18345461
38,15,0.18725284
38,16,0.19862706
38,17,0.2150434299999999
38,18,0.1921312
38,19,0.2019035999999999
38,20,0.1991774399999999
38,21,0.19716173
38,22,0.23119198
38,23,0.2354630899999999
38,24,0.19564394
38,25,0.18137185
38,26,0.1862253799999998
38,27,0.17858082
38,28,0.18033437
38,29,0.1785203
38,30,0.1777455899999999
38,31,0.17620876
38,32,0.17423301
38,33,0.17470196
38,34,0.1763786099999999
38,35,0.17905637
38,36,0.1780966099999999
38,37,0.1763538399999999
38,38,0.1760941899999999
38,39,0.1752049199999999
38,40,0.17483334
38,41,0.1736628699999998
38,42,0.1736906599999998
38,43,0.17351982
38,44,0.17223228
38,45,0.1705507199999999
38,46,0.17088524
38,47,0.16952681
38,48,0.16952965
38,49,0.17022492
38,50,0.1703684399999999
38,51,0.1724094699999997
38,52,0.17081068
38,53,0.1731830999999998
38,54,0.1708297599999998
38,55,0.1738219799999999
38,56,0.1768631799999999
38,57,0.18749842
38,58,0.1714777999999999
38,59,0.1765272999999998
38,60,0.1910726099999999
38,61,0.21392749
38,62,0.1916260099999999
38,63,0.1988013199999999
38,64,0.2151079799999999
38,65,0.23567511
38,66,0.2099789399999999
38,67,0.2059060999999999
38,68,0.21525827
38,69,0.2079269299999999
38,70,0.21176825
38,71,0.20288364
38,72,0.1927706299999999
38,73,0.19039598
38,74,0.1944535799999999
38,75,0.19259107
38,76,0.1898355899999999
38,77,0.18848547
38,78,0.19056438
38,79,0.1883650899999999
38,80,0.1871417199999999
38,81,0.1842392399999999
38,82,0.19620882
38,83,0.19448585
38,84,0.1856482299999998
38,85,0.18374365
38,86,0.18913668
38,87,0.18580327
38,88,0.18370591
38,89,0.1840850299999999
38,90,0.19047633
38,91,0.1883026599999999
38,92,0.1881086899999999
38,93,0.18533131
38,94,0.18438934
38,95,0.18415852
39,0,0.1837728099999999
39,1,0.18192503
39,2,0.1830189299999998
39,3,0.18285801
39,4,0.1814397899999999
39,5,0.18116861
39,6,0.1816788899999999
39,7,0.1817008999999999
39,8,0.18175528
39,9,0.1810641399999999
39,10,0.1814272299999999
39,11,0.18530862
39,12,0.1853397699999999
39,13,0.18938683
39,14,0.18188568
39,15,0.1831317199999998
39,16,0.1893265999999999
39,17,0.1999514099999998
39,18,0.1951470099999999
39,19,0.2021844099999999
39,20,0.2177584799999999
39,21,0.20237913
39,22,0.1930552799999998
39,23,0.21030547
39,24,0.20065036
39,25,0.1850988199999998
39,26,0.20708029
39,27,0.2010729599999999
39,28,0.19529359
39,29,0.1916684599999999
39,30,0.2248910199999998
39,31,0.19514185
39,32,0.19191906
39,33,0.1870554799999998
39,34,0.1924103599999999
39,35,0.1916101299999999
39,36,0.1854572099999999
39,37,0.1804330199999999
39,38,0.18110628
39,39,0.18131386
39,40,0.1809759999999998
39,41,0.18461968
39,42,0.18051892
39,43,0.18018288
39,44,0.1798917499999999
39,45,0.1769905199999999
39,46,0.17911383
39,47,0.1777736
39,48,0.17510132
39,49,0.17220103
39,50,0.17561273
39,51,0.17564069
39,52,0.1759824299999999
39,53,0.1734493799999999
39,54,0.17397305
39,55,0.18056642
39,56,0.18053053
39,57,0.1813312299999999
39,58,0.17918303
39,59,0.1827174099999998
39,60,0.1890419499999999
39,61,0.19997567
39,62,0.18890284
39,63,0.1977245399999999
39,64,0.21465598
39,65,0.2145282999999999
39,66,0.20032101
39,67,0.19760392
39,68,0.20001025
39,69,0.19723219
39,70,0.19778552
39,71,0.1964640599999998
39,72,0.1930700199999999
39,73,0.1918319699999999
39,74,0.1937181899999999
39,75,0.19146262
39,76,0.19132912
39,77,0.18859045
39,78,0.1917250399999999
39,79,0.18863795
39,80,0.1848083199999998
39,81,0.1837280599999999
39,82,0.18975617
39,83,0.1841788099999999
39,84,0.18120774
39,85,0.1800047399999998
39,86,0.18403153
39,87,0.1859748199999999
39,88,0.1812336899999999
39,89,0.1800196
39,90,0.1813154099999999
39,91,0.18076807
39,92,0.1808674999999999
39,93,0.18057116
39,94,0.18283027
39,95,0.1814512699999998
40,0,0.1810030799999999
40,1,0.1807582499999999
40,2,0.18352864
40,3,0.18353231
40,4,0.18356603
40,5,0.18201905
40,6,0.1842751199999999
40,7,0.18458805
40,8,0.1846289799999998
40,9,0.18397479
40,10,0.18326725
40,11,0.1849169199999999
40,12,0.18575448
40,13,0.18561747
40,14,0.18977649
40,15,0.18915184
40,16,0.19173622
40,17,0.1916651799999999
40,18,0.1895737999999999
40,19,0.1922110999999999
40,20,0.1960256999999998
40,21,0.1936444899999999
40,22,0.19083668
40,23,0.18886933
40,24,0.18413635
40,25,0.18049843
40,26,0.1967212599999999
40,27,0.1811998699999999
40,28,0.1785121399999999
40,29,0.17766307
40,30,0.1816689599999999
40,31,0.1807315
40,32,0.18057223
40,33,0.1779167099999999
40,34,0.1844998
40,35,0.1849574
40,36,0.1816347999999999
40,37,0.1812512299999999
40,38,0.18161697
40,39,0.1810919
40,40,0.17989964
40,41,0.1785723999999998
40,42,0.18061172
40,43,0.17692673
40,44,0.17824898
40,45,0.1783646899999998
40,46,0.17696374
40,47,0.1762051
40,48,0.17610723
40,49,0.1718953299999999
40,50,0.1716591999999999
40,51,0.1712772
40,52,0.1720361799999999
40,53,0.17295918
40,54,0.16851792
40,55,0.1728552899999999
40,56,0.1776733999999999
40,57,0.1870065199999999
40,58,0.1756817799999999
40,59,0.17726116
40,60,0.18979904
40,61,0.21536638
40,62,0.18841038
40,63,0.19115374
40,64,0.19932893
40,65,0.2350012
40,66,0.2016251799999999
40,67,0.19718762
40,68,0.19919512
40,69,0.19736056
40,70,0.1985292899999998
40,71,0.19629641
40,72,0.19367017
40,73,0.19240377
40,74,0.1916970299999999
40,75,0.1917443899999999
40,76,0.1908177399999999
40,77,0.18947582
40,78,0.1947091399999999
40,79,0.1922872699999999
40,80,0.19154008
40,81,0.18955185
40,82,0.1924598999999999
40,83,0.1917251899999999
40,84,0.18987972
40,85,0.18814897
40,86,0.1896945
40,87,0.18768982
40,88,0.1841445099999999
40,89,0.18257587
40,90,0.18691622
40,91,0.1850999399999999
40,92,0.18460927
40,93,0.1840315599999999
40,94,0.1850198799999998
40,95,0.18490641
41,0,0.1848766499999999
41,1,0.18476486
41,2,0.1848704899999999
41,3,0.1846603799999999
41,4,0.18474915
41,5,0.18409247
41,6,0.1847088199999998
41,7,0.18464787
41,8,0.18464273
41,9,0.1849763999999999
41,10,0.18576782
41,11,0.1859754499999999
41,12,0.1873945099999999
41,13,0.1874793999999999
41,14,0.18621141
41,15,0.18793919
41,16,0.1904728299999999
41,17,0.19375261
41,18,0.19430366
41,19,0.20566605
41,20,0.2184105599999999
41,21,0.19784567
41,22,0.23467163
41,23,0.20662729
41,24,0.19834807
41,25,0.1930287299999999
41,26,0.2054768599999999
41,27,0.19400913
41,28,0.1973954
41,29,0.19147521
41,30,0.1954430899999999
41,31,0.1909092799999999
41,32,0.19357325
41,33,0.18191557
41,34,0.1888554199999998
41,35,0.18966584
41,36,0.18976407
41,37,0.1930574299999999
41,38,0.18969776
41,39,0.18782762
41,40,0.18412921
41,41,0.1877860199999998
41,42,0.1911292299999999
41,43,0.18733439
41,44,0.186203
41,45,0.1848434699999999
41,46,0.1901397999999998
41,47,0.1970197199999999
41,48,0.19604217
41,49,0.1901252
41,50,0.19498041
41,51,0.1957030399999999
41,52,0.20193698
41,53,0.1916073399999999
41,54,0.19912435
41,55,0.19888065
41,56,0.20154384
41,57,0.20774715
41,58,0.19624105
41,59,0.25042719999999985
41,60,0.22930056000000001
41,61,0.19881804
41,62,0.1996952099999999
41,63,0.2039736
41,64,0.2135124
41,65,0.20984121
41,66,0.20812951
41,67,0.2171100799999999
41,68,0.20287019
41,69,0.2144028499999999
41,70,0.2043349599999999
41,71,0.21092243
41,72,0.19761734
41,73,0.20076907
41,74,0.1997092399999999
41,75,0.19789518
41,76,0.19380772
41,77,0.20062736
41,78,0.2015127599999999
41,79,0.19833908
41,80,0.1920526399999998
41,81,0.19812372
41,82,0.19908708
41,83,0.1957961799999999
41,84,0.18914672
41,85,0.1977609899999998
41,86,0.19403942
41,87,0.1925255899999998
41,88,0.19041608
41,89,0.22316243
41,90,0.2178357699999999
41,91,0.2168
41,92,0.2194898499999999
41,93,0.2187761499999999
41,94,0.21555011
41,95,0.2181354399999999
42,0,0.2142332699999999
42,1,0.2166554399999999
42,2,0.2196342299999999
42,3,0.22125852
42,4,0.2162854699999999
42,5,0.2210566199999999
42,6,0.2211388599999999
42,7,0.2150612399999998
42,8,0.2153427199999998
42,9,0.22473353999999993
42,10,0.2250654799999999
42,11,0.23157374
42,12,0.2244179199999999
42,13,0.23156055
42,14,0.22072002
42,15,0.2346825499999999
42,16,0.2314494699999999
42,17,0.23189613
42,18,0.2360855899999997
42,19,0.24852729999999992
42,20,0.22534718
42,21,0.2446075899999999
42,22,0.2445633799999998
42,23,0.23249879999999992
42,24,0.21575883
42,25,0.2271932599999998
42,26,0.2097360399999999
42,27,0.19002807
42,28,0.1976347199999999
42,29,0.22479311
42,30,0.2175753999999999
42,31,0.22266667999999992
42,32,0.2090920399999999
42,33,0.24644976
42,34,0.23242578
42,35,0.2127549199999998
42,36,0.1886357799999999
42,37,0.20551722
42,38,0.2011862499999999
42,39,0.20037746
42,40,0.1932972299999999
42,41,0.2201807699999999
42,42,0.2119534099999999
42,43,0.2106120999999998
42,44,0.20300104
42,45,0.20863962
42,46,0.21383896
42,47,0.2067835999999999
42,48,0.19474481
42,49,0.2121936599999999
42,50,0.21209419
42,51,0.19949559
42,52,0.19367835
42,53,0.1873637
42,54,0.1974953599999999
42,55,0.2055239999999999
42,56,0.2101394499999999
42,57,0.17953191
42,58,0.20248997
42,59,0.24803231
42,60,0.26737758
42,61,0.21976505
42,62,0.22083267999999992
42,63,0.2444906299999999
42,64,0.2955291699999998
42,65,0.24049054
42,66,0.2407635499999999
42,67,0.23944780000000002
42,68,0.24515942
42,69,0.2581367
42,70,0.25021015
42,71,0.2333468199999997
42,72,0.23015295
42,73,0.25363428
42,74,0.23449527
42,75,0.22978601
42,76,0.22682358
42,77,0.23599548
42,78,0.23122310999999982
42,79,0.22691191000000002
42,80,0.23080217
42,81,0.24114315
42,82,0.23655728
42,83,0.2306424699999999
42,84,0.23022615
42,85,0.23648455999999982
42,86,0.2324675699999997
42,87,0.2256758799999999
42,88,0.21843004
42,89,0.23780628
42,90,0.2156993599999999
42,91,0.21311685
42,92,0.2125110499999999
42,93,0.2156095499999999
42,94,0.2125647799999999
42,95,0.2126811999999998
43,0,0.2091545799999999
43,1,0.21681191
43,2,0.2125973099999999
43,3,0.2154408599999999
43,4,0.2029987
43,5,0.20187601
43,6,0.21130889
43,7,0.21180541
43,8,0.2118594499999999
43,9,0.2121375699999998
43,10,0.21139728
43,11,0.20968734
43,12,0.20404008
43,13,0.2148011999999998
43,14,0.22452999999999992
43,15,0.22452999999999992
43,16,0.2311911999999999
43,17,0.2132738499999999
43,18,0.22225336999999992
43,19,0.2322388
43,20,0.2120910899999999
43,21,0.26523277
43,22,0.2270973099999998
43,23,0.22361806999999992
43,24,0.19919203
43,25,0.2097742
43,26,0.19855704
43,27,0.1941473099999999
43,28,0.1874761
43,29,0.20110495
43,30,0.19866744
43,31,0.1963615999999998
43,32,0.1917323999999998
43,33,0.1967806599999998
43,34,0.20030032
43,35,0.1991607699999999
43,36,0.19266104
43,37,0.19655818
43,38,0.1965284199999997
43,39,0.19431608
43,40,0.18710347
43,41,0.1886258799999999
43,42,0.1878023
43,43,0.18596604
43,44,0.1807676899999999
43,45,0.17307833
43,46,0.18041214
43,47,0.1720792599999999
43,48,0.1680985999999999
43,49,0.17413486
43,50,0.1754744099999998
43,51,0.17673271
43,52,0.17266307
43,53,0.1714238
43,54,0.17283869
43,55,0.1774897099999998
43,56,0.18321012
43,57,0.1776901
43,58,0.19628246
43,59,0.2356786
43,60,0.2703226499999999
43,61,0.22444060000000002
43,62,0.3007225199999999
43,63,0.31698678999999974
43,64,0.3483463299999999
43,65,0.29993216999999983
43,66,0.49409643999999964
43,67,0.34381156999999973
43,68,0.3194904599999999
43,69,0.29297079999999975
43,70,0.28355717
43,71,0.2813375499999998
43,72,0.27006644
43,73,0.24622206
43,74,0.24921644
43,75,0.2423841999999999
43,76,0.23807524
43,77,0.24917291
43,78,0.24008102
43,79,0.22809812
43,80,0.21939973
43,81,0.2246540099999997
43,82,0.22522734000000003
43,83,0.22230291
43,84,0.21187739
43,85,0.21545687
43,86,0.2122044
43,87,0.2084979999999998
43,88,0.1995971299999999
43,89,0.20725663
43,90,0.2013431399999999
43,91,0.20070638
43,92,0.1960960699999999
43,93,0.20037356
43,94,0.1978279599999998
43,95,0.196826
44,0,0.1959907099999999
44,1,0.19753842
44,2,0.1975195599999999
44,3,0.19598856
44,4,0.19491811
44,5,0.19728682
44,6,0.1968071299999998
44,7,0.19751142
44,8,0.19877524
44,9,0.1991831999999999
44,10,0.20467531
44,11,0.2114520899999999
44,12,0.2120205
44,13,0.2143101999999999
44,14,0.2145866199999999
44,15,0.22704485
44,16,0.22863334
44,17,0.24285072999999982
44,18,0.2491720899999997
44,19,0.24889872
44,20,0.23158726
44,21,0.31999268999999964
44,22,0.29390176
44,23,0.24917250999999987
44,24,0.19766274
44,25,0.2124237699999999
44,26,0.20610455
44,27,0.1954440899999999
44,28,0.18687037
44,29,0.19710371
44,30,0.1912866899999999
44,31,0.19666616
44,32,0.1893982899999998
44,33,0.1938768399999999
44,34,0.19567972
44,35,0.19442663
44,36,0.1889403399999999
44,37,0.1782836099999999
44,38,0.1929809399999999
44,39,0.19376414
44,40,0.18977907
44,41,0.1957334099999998
44,42,0.1979960799999999
44,43,0.18893493
44,44,0.177872
44,45,0.18896507
44,46,0.1914872499999998
44,47,0.1916406199999999
44,48,0.18641138
44,49,0.1865479899999998
44,50,0.19446681
44,51,0.1990802199999999
44,52,0.2089040499999999
44,53,0.19121854
44,54,0.19243242
44,55,0.22836602999999991
44,56,0.23338196000000003
44,57,0.19507145
44,58,0.1996184599999998
44,59,0.2398216599999999
44,60,0.3101015599999999
44,61,0.23515136
44,62,0.28118973999999963
44,63,0.99204
44,64,1.091
44,65,1.09975244
44,66,1.0514227999999999
44,67,1.1273329
44,68,1.0413588999999999
44,69,1.0977999999999999
44,70,1.0920939
44,71,1.0946893
44,72,0.9996023
44,73,0.7559834
44,74,0.64904858
44,75,0.3135539199999998
44,76,0.26913529999999974
44,77,0.26116110999999975
44,78,0.23531528999999982
44,79,0.2261372899999999
44,80,0.2214212099999999
44,81,0.2682277299999999
44,82,0.22871495
44,83,0.22783389
44,84,0.2278700299999998
44,85,0.2289396299999998
44,86,0.22851528000000002
44,87,0.21953819
44,88,0.2050143899999998
44,89,0.2362194399999998
44,90,0.2131120899999999
44,91,0.2227196699999999
44,92,0.21483812
44,93,0.22975737999999993
44,94,0.22366639000000002
44,95,0.22366415999999992
45,0,0.2090982099999999
45,1,0.2245326899999999
45,2,0.22689043
45,3,0.22654709999999992
45,4,0.2216062599999998
45,5,0.22233419000000001
45,6,0.21805133
45,7,0.2153403499999999
45,8,0.21103671
45,9,0.21324425
45,10,0.2187922699999999
45,11,0.2189473799999998
45,12,0.22372213
45,13,0.2295855499999999
45,14,0.2331342499999999
45,15,0.25084225999999965
45,16,0.2519922099999998
45,17,0.26664297999999975
45,18,0.25811872
45,19,0.28045096
45,20,0.24872144
45,21,0.35065939999999973
45,22,0.2471937
45,23,0.23734805
45,24,0.2077189099999999
45,25,0.2836733199999998
45,26,0.29053174999999953
45,27,0.26619368
45,28,0.21730005
45,29,0.27025138999999976
45,30,0.23483280999999992
45,31,0.2150854999999998
45,32,0.21080335
45,33,0.2258222799999999
45,34,0.2297124899999999
45,35,0.21786782
45,36,0.2042046199999999
45,37,0.2105685699999999
45,38,0.2029371999999999
45,39,0.2092950599999999
45,40,0.19505361
45,41,0.21022327
45,42,0.21056022
45,43,0.2146719499999999
45,44,0.1920221899999999
45,45,0.1879196
45,46,0.19176442
45,47,0.19012284
45,48,0.1874065
45,49,0.19252685
45,50,0.1953199599999999
45,51,0.1940986899999999
45,52,0.1992620599999999
45,53,0.18394098
45,54,0.1905069199999998
45,55,0.20820126
45,56,0.23348032999999982
45,57,0.1982749399999999
45,58,0.2241729599999999
45,59,0.45666759999999973
45,60,0.5711909
45,61,0.2237253
45,62,0.2192143799999999
45,63,0.25548784
45,64,0.25523489
45,65,0.4348107999999997
45,66,0.3675715999999998
45,67,0.4306763
45,68,0.62812357
45,69,1.0290181999999999
45,70,0.4824691999999998
45,71,0.4428451999999997
45,72,0.2778901899999999
45,73,0.28418913
45,74,0.2580348699999999
45,75,0.2523006099999999
45,76,0.23813433999999992
45,77,0.2894582199999999
45,78,0.3697638899999999
45,79,0.26576164999999985
45,80,0.2476455199999998
45,81,0.26551254999999985
45,82,0.26090159999999984
45,83,0.25229747999999985
45,84,0.22960366000000001
45,85,0.25784470999999975
45,86,0.24652504999999977
45,87,0.2324162
45,88,0.22264839
45,89,0.26243565999999974
45,90,0.26023255
45,91,0.26047328999999975
45,92,0.24568882
45,93,0.26070371999999975
45,94,0.2689271799999998
45,95,0.25817117
46,0,0.23559515
46,1,0.25952719999999974
46,2,0.23881480000000002
46,3,0.25895596
46,4,0.2359609499999998
46,5,0.2386619999999999
46,6,0.23611396999999992
46,7,0.2351821199999999
46,8,0.23236955
46,9,0.2500936499999997
46,10,0.25014627
46,11,0.26940819999999965
46,12,0.2770054599999999
46,13,0.24096832999999981
46,14,0.25131441
46,15,0.3505479899999999
46,16,0.28611299999999984
46,17,0.2618124799999999
46,18,0.26028174999999976
46,19,0.56716925
46,20,0.41918032999999966
46,21,0.54557858
46,22,0.2746944
46,23,0.2434690899999998
46,24,0.1982924699999999
46,25,0.2195072499999998
46,26,0.1693169
46,27,0.18397098
46,28,0.1901579599999999
46,29,0.2113245899999999
46,30,0.2008106699999998
46,31,0.19220544
46,32,0.18411678
46,33,0.19566775
46,34,0.19000878
46,35,0.18184432
46,36,0.1696420599999999
46,37,0.1711546099999999
46,38,0.1679003899999999
46,39,0.16554475
46,40,0.14998975
46,41,0.1662777899999999
46,42,0.17050609
46,43,0.16180289
46,44,0.14998954
46,45,0.1572620999999999
46,46,0.1499893699999999
46,47,0.1499893599999999
46,48,0.1499894199999999
46,49,0.15
46,50,0.1560725
46,51,0.16069671
46,52,0.15
46,53,0.1499898999999999
46,54,0.15
46,55,0.1706257099999999
46,56,0.2045259999999999
46,57,0.1515010699999999
46,58,0.1713669099999999
46,59,0.22032760999999992
46,60,0.25619274999999975
46,61,0.2072322999999999
46,62,0.21532447
46,63,0.24038011
46,64,0.5068812999999999
46,65,0.2650256499999999
46,66,0.2665704499999999
46,67,0.22211646999999993
46,68,0.2474074499999999
46,69,0.26446548999999975
46,70,0.25892212999999975
46,71,0.24611544999999982
46,72,0.2603864899999999
46,73,0.33998234999999966
46,74,0.26456369999999974
46,75,0.25217990999999984
46,76,0.2616567799999999
46,77,0.4085548999999997
46,78,0.2659695599999998
46,79,0.25424365999999976
46,80,0.2508945699999998
46,81,0.30360668999999973
46,82,0.25339979999999984
46,83,0.2577770199999999
46,84,0.24441896999999987
46,85,0.28321666
46,86,0.2541126699999998
46,87,0.24955287
46,88,0.22755645
46,89,0.2465330099999998
46,90,0.24718989
46,91,0.23316131999999992
46,92,0.2121642399999999
46,93,0.23210442
46,94,0.2210144899999997
46,95,0.2163737299999998
47,0,0.1979138499999999
47,1,0.21414634
47,2,0.2141401
47,3,0.21595593
47,4,0.2121757799999999
47,5,0.22584676
47,6,0.2329286899999999
47,7,0.2329206499999998
47,8,0.22780995
47,9,0.26690972999999973
47,10,0.26856985
47,11,0.26856088999999983
47,12,0.26709802999999965
47,13,0.25014408
47,14,0.2721004499999998
47,15,0.27359230999999984
47,16,0.25821903999999984
47,17,0.24817545
47,18,0.2606524699999999
47,19,0.2763254199999998
47,20,0.26185705999999975
47,21,0.3633430499999998
47,22,0.27079242999999975
47,23,0.26287808999999984
47,24,0.22112104000000002
47,25,0.24433600000000003
47,26,0.21610785
47,27,0.18817669
47,28,0.1540870799999999
47,29,0.1881136199999999
47,30,0.1702940799999999
47,31,0.14999001
47,32,0.1499897799999999
47,33,0.17394457
47,34,0.16607091
47,35,0.14998975
47,36,0.14998977
47,37,0.1499897
47,38,0.1499897
47,39,0.1499897299999999
47,40,0.14953188
47,41,0.14998975
47,42,0.1499897099999998
47,43,0.1499897899999999
47,44,0.14958714
47,45,0.1495319799999999
47,46,0.14998991
47,47,0.1499903399999998
47,48,0.1499898999999999
47,49,0.1543620799999999
47,50,0.16667547
47,51,0.16786976
47,52,0.17287526
47,53,0.16793199
47,54,0.17383152
47,55,0.20029583
47,56,0.20587168
47,57,0.1647113899999999
47,58,0.16360484
47,59,0.17494303
47,60,0.20685731
47,61,0.1727177599999998
47,62,0.20627789
47,63,0.29111646999999974
47,64,0.48909813999999974
47,65,0.60370706
47,66,1.1236362000000002
47,67,0.9810345
47,68,0.47208486999999966
47,69,0.27204076
47,70,0.2639805099999999
47,71,0.38571023999999976
47,72,0.28886809999999974
47,73,0.4530801699999998
47,74,0.26112961999999984
47,75,0.23628902999999993
47,76,0.2334264499999998
47,77,0.5876630999999999
47,78,0.3234841199999998
47,79,0.26011067
47,80,0.24820409000000002
47,81,0.4790644999999998
47,82,0.2797159699999999
47,83,0.26597861999999983
47,84,0.25538251999999984
47,85,0.2873568699999999
47,86,0.26876378999999984
47,87,0.27206956999999976
47,88,0.24585548
47,89,0.26997435999999975
47,90,0.34669585999999963
47,91,0.2294896199999998
47,92,0.21000473
47,93,0.2177647599999999
47,94,0.2237612099999999
47,95,0.22694671000000002
48,0,0.2131030699999999
48,1,0.2284508199999998
48,2,0.23865218000000002
48,3,0.2283860799999999
48,4,0.22347944
48,5,0.2417384
48,6,0.2413118
48,7,0.23166194999999992
48,8,0.23899719
48,9,0.246843
48,10,0.25164215999999984
48,11,0.3064413899999999
48,12,0.2537281299999997
48,13,0.2216577499999998
48,14,0.2260528199999999
48,15,0.23120029
48,16,0.2366873699999998
48,17,0.2350957499999999
48,18,0.2394551499999998
48,19,0.2928680599999999
48,20,0.2415052799999999
48,21,0.2926200099999998
48,22,0.24678061999999992
48,23,0.24362591000000003
48,24,0.20343
48,25,0.22583105
48,26,0.2138231599999999
48,27,0.19454478
48,28,0.16733129
48,29,0.2042674599999999
48,30,0.18781622
48,31,0.17585171
48,32,0.1744859399999998
48,33,0.19735579
48,34,0.1896935899999999
48,35,0.18715064
48,36,0.1803799999999999
48,37,0.1804722399999998
48,38,0.1784903399999998
48,39,0.1779952
48,40,0.1750088
48,41,0.17873608
48,42,0.1790161499999999
48,43,0.17998435
48,44,0.1682626299999998
48,45,0.1773987999999999
48,46,0.1758388
48,47,0.1767297899999998
48,48,0.1724952899999999
48,49,0.18971668
48,50,0.18743605
48,51,0.18998684
48,52,0.1993387999999999
48,53,0.1774537
48,54,0.1735194699999997
48,55,0.19806432
48,56,0.21838073
48,57,0.1539768799999999
48,58,0.1934424599999999
48,59,0.2081673699999998
48,60,0.24838965
48,61,0.20074111
48,62,0.21310641
48,63,0.23559106999999987
48,64,0.35808105
48,65,0.2286161799999998
48,66,0.2646746099999999
48,67,0.23465308999999993
48,68,0.27836890999999975
48,69,0.3035047799999999
48,70,0.2278526399999999
48,71,0.2265903499999999
48,72,0.22290174999999993
48,73,0.24459276
48,74,0.24447159
48,75,0.2270994199999998
48,76,0.2214625599999999
48,77,0.2292417999999999
48,78,0.25242339
48,79,0.22785452999999992
48,80,0.2224338
48,81,0.23478341
48,82,0.23282814
48,83,0.2289960899999999
48,84,0.2209727
48,85,0.23138106
48,86,0.22792231
48,87,0.22619577
48,88,0.2048954699999998
48,89,0.2015395499999999
48,90,0.19745857
48,91,0.1944606999999999
48,92,0.18813841
48,93,0.18829602
48,94,0.1867291099999999
48,95,0.18479584
49,0,0.1838499899999999
49,1,0.1867536
49,2,0.1867084799999999
49,3,0.18681624
49,4,0.18307118
49,5,0.18247639
49,6,0.18120883
49,7,0.1851687399999999
49,8,0.1893271799999999
49,9,0.1873058199999999
49,10,0.1919714299999999
49,11,0.2018049499999999
49,12,0.1938227199999999
49,13,0.19319724
49,14,0.2011784699999998
49,15,0.2045657899999998
49,16,0.2108575499999999
49,17,0.21382963
49,18,0.22100250000000002
49,19,0.21643019
49,20,0.2037499799999998
49,21,0.1999421299999999
49,22,0.19430053
49,23,0.1831314799999999
49,24,0.17147439
49,25,0.1895302099999999
49,26,0.1777853999999999
49,27,0.1662257399999999
49,28,0.1544755499999999
49,29,0.1932518
49,30,0.18396834
49,31,0.17915909
49,32,0.17151544
49,33,0.1795258599999999
49,34,0.17763523
49,35,0.17529867
49,36,0.17180454
49,37,0.1750899999999999
49,38,0.1749788
49,39,0.1717087999999999
49,40,0.1699975999999999
49,41,0.1760908799999999
49,42,0.1729176
49,43,0.1749065199999999
49,44,0.17307875
49,45,0.17182496
49,46,0.1702976
49,47,0.1684776
49,48,0.164994
49,49,0.1729152
49,50,0.1699988
49,51,0.1699988
49,52,0.165
49,53,0.15384464
49,54,0.1575375999999999
49,55,0.1711179
49,56,0.17626461
49,57,0.1499897599999998
49,58,0.1726166499999999
49,59,0.1855088
49,60,0.2064
49,61,0.1877087999999997
49,62,0.1915611999999999
49,63,0.20186846
49,64,0.2246801299999999
49,65,0.2249999999999999
49,66,0.2163187999999999
49,67,0.2111211999999999
49,68,0.20462699
49,69,0.19923552
49,70,0.19935232
49,71,0.19410675
49,72,0.1905013499999999
49,73,0.19519355
49,74,0.1947897999999999
49,75,0.19496741
49,76,0.19074568
49,77,0.19213315
49,78,0.19016333
49,79,0.18785548
49,80,0.18570783
49,81,0.1919507
49,82,0.1920650199999999
49,83,0.1881104399999999
49,84,0.1859988
49,85,0.18221961
49,86,0.1821569499999999
49,87,0.1805291799999999
49,88,0.1770881799999999
49,89,0.18401871
49,90,0.18049658
49,91,0.18195844
49,92,0.1796984299999998
49,93,0.18756752
49,94,0.1859744999999999
49,95,0.1843277499999999
50,0,0.1811377599999999
50,1,0.1827902699999999
50,2,0.1828293299999999
50,3,0.1828259299999998
50,4,0.1814534899999999
50,5,0.18826703
50,6,0.1825728499999999
50,7,0.18416599
50,8,0.18173322
50,9,0.1836039099999999
50,10,0.18379981
50,11,0.18756382
50,12,0.18568624
50,13,0.1875711399999998
50,14,0.1888665299999999
50,15,0.19136964
50,16,0.19636813
50,17,0.2030370799999999
50,18,0.21091816
50,19,0.24943669999999982
50,20,0.19463963
50,21,0.1944770499999999
50,22,0.1928518599999999
50,23,0.18420279
50,24,0.1698698099999999
50,25,0.1777588
50,26,0.175
50,27,0.1712151999999999
50,28,0.1499902099999999
50,29,0.1601135599999999
50,30,0.1499903799999999
50,31,0.1499888799999998
50,32,0.1499888199999999
50,33,0.1499900299999998
50,34,0.1499900199999997
50,35,0.1499900199999997
50,36,0.14999001
50,37,0.1499887899999999
50,38,0.1499888
50,39,0.1499888999999999
50,40,0.1499888399999999
50,41,0.14998896
50,42,0.1499888899999999
50,43,0.1491722700000001
50,44,0.13985
50,45,0.1484704899999999
50,46,0.1484503099999998
50,47,0.1469695899999999
50,48,0.1499891599999999
50,49,0.1499892099999999
50,50,0.1499892599999999
50,51,0.1499892599999999
50,52,0.1499892399999999
50,53,0.1499891999999998
50,54,0.14998919
50,55,0.15
50,56,0.15317592
50,57,0.14998959
50,58,0.16556188
50,59,0.17476987
50,60,0.22111847999999992
50,61,0.1789099299999999
50,62,0.17911126
50,63,0.1903873999999999
50,64,0.22224744
50,65,0.1971480399999998
50,66,0.2112832899999999
50,67,0.2084069999999999
50,68,0.21531671
50,69,0.19202668
50,70,0.18777654
50,71,0.18332367
50,72,0.18244921
50,73,0.1832396899999999
50,74,0.1824471299999999
50,75,0.18215734
50,76,0.18179251
50,77,0.1833100599999998
50,78,0.1862607199999999
50,79,0.1830737999999999
50,80,0.18329968
50,81,0.1833698699999999
50,82,0.1832013299999999
50,83,0.1831301399999998
50,84,0.18030197
50,85,0.18148408
50,86,0.17985143
50,87,0.18034981
50,88,0.17905171
50,89,0.18161718
50,90,0.1829365
50,91,0.18310801
50,92,0.18090449
50,93,0.1848429799999999
50,94,0.18474757
50,95,0.1851010899999999
51,0,0.18350209
51,1,0.186741
51,2,0.1837405599999998
51,3,0.18361541
51,4,0.1827519699999999
51,5,0.18362111
51,6,0.1840027399999998
51,7,0.18382784
51,8,0.18279067
51,9,0.1849883699999999
51,10,0.18540976
51,11,0.1897143299999999
51,12,0.1971982799999999
51,13,0.18502752
51,14,0.18593782
51,15,0.1925524599999999
51,16,0.19486307
51,17,0.23457867000000002
51,18,0.2209205199999997
51,19,0.19899026
51,20,0.18937519
51,21,0.1889538899999999
51,22,0.18534957
51,23,0.1782917199999999
51,24,0.16914658
51,25,0.18027572
51,26,0.17938076
51,27,0.1752186899999999
51,28,0.16260333
51,29,0.17173386
51,30,0.1717809599999999
51,31,0.1635273099999999
51,32,0.14998948
51,33,0.16932239
51,34,0.1663227599999999
51,35,0.1499894999999998
51,36,0.1499890299999999
51,37,0.15
51,38,0.15
51,39,0.14998919
51,40,0.1499890899999998
51,41,0.14998893
51,42,0.14998919
51,43,0.1499889999999999
51,44,0.1499889199999998
51,45,0.1499902099999999
51,46,0.1499892299999998
51,47,0.1499892599999999
51,48,0.14998912
51,49,0.1499890999999999
51,50,0.1499981799999999
51,51,0.15
51,52,0.1536514
51,53,0.1520796399999999
51,54,0.16938011
51,55,0.1802078599999998
51,56,0.18289521
51,57,0.14998972
51,58,0.1734422699999999
51,59,0.1829988
51,60,0.2198325199999999
51,61,0.18249858
51,62,0.1862872299999998
51,63,0.2135271799999999
51,64,0.22597426
51,65,0.24593
51,66,0.2059873999999999
51,67,0.20451652
51,68,0.20543555
51,69,0.2038952699999999
51,70,0.20663609
51,71,0.20199284
51,72,0.20121676
51,73,0.2030989
51,74,0.20500944
51,75,0.19363049
51,76,0.19003117
51,77,0.1887466299999999
51,78,0.18653189
51,79,0.1852593099999999
51,80,0.18363448
51,81,0.18556733
51,82,0.1838182199999999
51,83,0.18329265
51,84,0.1816103299999999
51,85,0.18234665
51,86,0.1821826099999998
51,87,0.18141698
51,88,0.18158399
51,89,0.1831957099999999
51,90,0.1821537299999999
51,91,0.1831886
51,92,0.1806620899999998
51,93,0.18216989
51,94,0.1821601699999999
51,95,0.18153839
52,0,0.18075215
52,1,0.18318433
52,2,0.1829976999999999
52,3,0.18300394
52,4,0.18063798
52,5,0.18249244
52,6,0.1815388099999999
52,7,0.1815356099999999
52,8,0.1811666499999999
52,9,0.18071686
52,10,0.1821148199999999
52,11,0.1868946499999999
52,12,0.1863209499999999
52,13,0.20387107
52,14,0.2126214099999999
52,15,0.2061090999999998
52,16,0.19413739
52,17,0.19368404
52,18,0.19427407
52,19,0.2194623999999999
52,20,0.21956081
52,21,0.2179411999999999
52,22,0.2111112
52,23,0.1817712
52,24,0.1733688
52,25,0.1806214899999999
52,26,0.17450114
52,27,0.1679225599999999
52,28,0.1624784499999998
52,29,0.1740899099999999
52,30,0.1718479799999999
52,31,0.1708134899999999
52,32,0.1708095399999999
52,33,0.1708055299999999
52,34,0.1707632
52,35,0.16871858
52,36,0.1681197299999999
52,37,0.17000972
52,38,0.1700057599999998
52,39,0.17060627
52,40,0.1651840799999999
52,41,0.1650714999999999
52,42,0.16870155
52,43,0.1645227499999999
52,44,0.1636941999999999
52,45,0.16907027
52,46,0.1643615999999998
52,47,0.1642396599999999
52,48,0.16314887
52,49,0.1648356599999999
52,50,0.16896664
52,51,0.1701750699999999
52,52,0.1689964
52,53,0.1542396599999997
52,54,0.16654136
52,55,0.1732212
52,56,0.17750134
52,57,0.1509251099999998
52,58,0.1633663399999999
52,59,0.18020089
52,60,0.18229451
52,61,0.17913534
52,62,0.18021465
52,63,0.19150327
52,64,0.2059912499999999
52,65,0.19969462
52,66,0.19709993
52,67,0.2187278999999999
52,68,0.1917053999999998
52,69,0.2055709999999999
52,70,0.19463553
52,71,0.1940114599999998
52,72,0.18771062
52,73,0.1929352
52,74,0.19306198
52,75,0.19283877
52,76,0.18622744
52,77,0.1956919299999999
52,78,0.18495762
52,79,0.18626241
52,80,0.18098857
52,81,0.1828303799999999
52,82,0.1813129
52,83,0.1801921499999999
52,84,0.1790287499999999
52,85,0.1806364899999999
52,86,0.1811942299999999
52,87,0.18065266
52,88,0.1808288799999998
52,89,0.1813646599999999
52,90,0.17953323
52,91,0.1796428
52,92,0.1777870099999998
52,93,0.1796545499999998
52,94,0.17962498
52,95,0.1795709899999999
53,0,0.17910837
53,1,0.1797436399999999
53,2,0.1796945399999999
53,3,0.17966067
53,4,0.1772465
53,5,0.17940719
53,6,0.1782120499999999
53,7,0.17804507
53,8,0.1772666799999999
53,9,0.1772520799999998
53,10,0.17730249
53,11,0.1779305099999999
53,12,0.17630978
53,13,0.1772290799999999
53,14,0.1782739299999998
53,15,0.18231371
53,16,0.18230279
53,17,0.1815982999999999
53,18,0.18380962
53,19,0.1862294399999998
53,20,0.18338207
53,21,0.18731959
53,22,0.18118728
53,23,0.17339532
53,24,0.1654975799999999
53,25,0.17229
53,26,0.1806938099999999
53,27,0.1718933
53,28,0.16593986
53,29,0.1760642699999999
53,30,0.1729335399999998
53,31,0.1704546999999999
53,32,0.16919299
53,33,0.167994
53,34,0.1671576
53,35,0.1671558199999999
53,36,0.1650152
53,37,0.16752189
53,38,0.1663851999999999
53,39,0.16685967
53,40,0.1638937099999998
53,41,0.15952863
53,42,0.14998972
53,43,0.15085012
53,44,0.1499901499999999
53,45,0.1499900999999999
53,46,0.14999012
53,47,0.1499913999999998
53,48,0.1649916
53,49,0.1635768199999999
53,50,0.16538497
53,51,0.1654194999999998
53,52,0.1660576
53,53,0.1568365099999999
53,54,0.16144133
53,55,0.1679999999999999
53,56,0.17419317
53,57,0.1499900999999999
53,58,0.16591377
53,59,0.1797184599999998
53,60,0.20528663
53,61,0.17889115
53,62,0.18007058
53,63,0.19384614
53,64,0.2187158699999999
53,65,0.1919160899999999
53,66,0.1917389899999998
53,67,0.19409634
53,68,0.19389759
53,69,0.19074478
53,70,0.19150681
53,71,0.1853873899999999
53,72,0.18472968
53,73,0.1969818499999999
53,74,0.1969947099999999
53,75,0.18617201
53,76,0.18259878
53,77,0.189764
53,78,0.18300673
53,79,0.1828912099999999
53,80,0.18025536
53,81,0.18291847
53,82,0.1803101
53,83,0.17972491
53,84,0.17913935
53,85,0.1808230499999999
53,86,0.17988528
53,87,0.18214502
53,88,0.1788564299999999
53,89,0.1840108899999999
53,90,0.18128918
53,91,0.17971758
53,92,0.17734278
53,93,0.18061009
53,94,0.18083395
53,95,0.1803821
54,0,0.17630001
54,1,0.1779345699999999
54,2,0.1796333699999999
54,3,0.1791982099999998
54,4,0.1771256499999999
54,5,0.1761755599999999
54,6,0.1774741199999999
54,7,0.17840185
54,8,0.17768076
54,9,0.17756671
54,10,0.17924452
54,11,0.18086061
54,12,0.1811374399999999
54,13,0.1808115099999997
54,14,0.1846751999999999
54,15,0.18972618
54,16,0.1953012
54,17,0.1897656999999999
54,18,0.19624386
54,19,0.21116949
54,20,0.18802846
54,21,0.1949904
54,22,0.18553334
54,23,0.1785034899999999
54,24,0.17236477
54,25,0.17556385
54,26,0.1758576099999998
54,27,0.17510676
54,28,0.17358611
54,29,0.1769987999999999
54,30,0.17345299
54,31,0.1706476999999999
54,32,0.1696788
54,33,0.1700276
54,34,0.1699964
54,35,0.1682751999999999
54,36,0.1679511
54,37,0.166994
54,38,0.1644088
54,39,0.166994
54,40,0.14998996
54,41,0.1515499999999999
54,42,0.1659763999999998
54,43,0.1679975999999998
54,44,0.1499894999999998
54,45,0.16601156
54,46,0.15766617
54,47,0.1667923499999998
54,48,0.1660875999999999
54,49,0.1659476
54,50,0.16534235
54,51,0.16571017
54,52,0.1669569399999998
54,53,0.16447092
54,54,0.1654229799999998
54,55,0.16890004
54,56,0.1714135999999999
54,57,0.1582265199999999
54,58,0.16785803
54,59,0.1756027599999998
54,60,0.20402282
54,61,0.17622194
54,62,0.18346231
54,63,0.2062446899999999
54,64,0.2017519399999999
54,65,0.1941012
54,66,0.19454491
54,67,0.1923733499999999
54,68,0.1875814799999999
54,69,0.18782332
54,70,0.1898873499999999
54,71,0.18597626
54,72,0.18568046
54,73,0.19182883
54,74,0.18639716
54,75,0.18381695
54,76,0.1821785199999999
54,77,0.18196272
54,78,0.18151245
54,79,0.18124064
54,80,0.1799049399999999
54,81,0.18162
54,82,0.18120807
54,83,0.18054343
54,84,0.1786376499999999
54,85,0.1797573999999999
54,86,0.18039905
54,87,0.1803327599999999
54,88,0.18078591
54,89,0.1821199999999999
54,90,0.18132641
54,91,0.1814333399999999
54,92,0.18023171
54,93,0.18362077
54,94,0.18122976
54,95,0.18083691
55,0,0.1791265299999998
55,1,0.17971678
55,2,0.1802186399999999
55,3,0.17977642
55,4,0.1790146699999999
55,5,0.1773280599999999
55,6,0.1790679899999999
55,7,0.17942341
55,8,0.17473235
55,9,0.17871079
55,10,0.1794178199999999
55,11,0.1803702199999998
55,12,0.18042755
55,13,0.1793721199999999
55,14,0.1815486699999999
55,15,0.1871160699999999
55,16,0.18757271
55,17,0.18784187
55,18,0.1949638999999999
55,19,0.19239477
55,20,0.1821644
55,21,0.1929648399999999
55,22,0.1791215599999999
55,23,0.17477805
55,24,0.1679945399999998
55,25,0.1790662199999998
55,26,0.17093213
55,27,0.1686642299999999
55,28,0.1666052999999999
55,29,0.1706365499999998
55,30,0.17130123
55,31,0.16917472
55,32,0.1659488999999999
55,33,0.1688688599999999
55,34,0.16893566
55,35,0.1681975799999999
55,36,0.1654613399999999
55,37,0.1712324799999998
55,38,0.1683738599999999
55,39,0.16737701
55,40,0.1639808999999999
55,41,0.16627438
55,42,0.1647139199999999
55,43,0.1664440999999999
55,44,0.16295117
55,45,0.1638991699999999
55,46,0.1635728
55,47,0.1636658099999999
55,48,0.1499894399999998
55,49,0.1653883899999998
55,50,0.1668523499999999
55,51,0.1674534899999999
55,52,0.1690961199999999
55,53,0.1663357099999998
55,54,0.16648757
55,55,0.16882476
55,56,0.1773672099999998
55,57,0.16038449
55,58,0.1701928399999999
55,59,0.18816484
55,60,0.2155598699999999
55,61,0.1815888499999998
55,62,0.18651984
55,63,0.19641371
55,64,0.2212710199999998
55,65,0.19679346
55,66,0.19788758
55,67,0.1967757299999999
55,68,0.2040611999999998
55,69,0.19924489
55,70,0.1980784499999999
55,71,0.19689948
55,72,0.18980148
55,73,0.19558929
55,74,0.1928206499999999
55,75,0.1919237399999999
55,76,0.1865398699999998
55,77,0.18994492
55,78,0.1899742099999999
55,79,0.1861174399999999
55,80,0.18483283
55,81,0.1877635299999999
55,82,0.18287493
55,83,0.1808890999999998
55,84,0.17956948
55,85,0.1847948499999999
55,86,0.18643552
55,87,0.1809984899999999
55,88,0.1792753299999999
55,89,0.18037451
55,90,0.1802870899999999
55,91,0.18034123
55,92,0.1789452599999999
55,93,0.1797625
55,94,0.17881943
55,95,0.17882356
56,0,0.1786798199999999
56,1,0.17928133
56,2,0.17979201
56,3,0.179958
56,4,0.1787975299999999
56,5,0.17978894
56,6,0.17983037
56,7,0.1803653899999999
56,8,0.1791951399999999
56,9,0.17963318
56,10,0.1803412199999998
56,11,0.18566167
56,12,0.1836272899999999
56,13,0.1838095899999999
56,14,0.18471544
56,15,0.18801545
56,16,0.1887582499999999
56,17,0.1851724899999999
56,18,0.18921488
56,19,0.19270051
56,20,0.18158396
56,21,0.1861491799999998
56,22,0.1797317699999999
56,23,0.17283955
56,24,0.1679016299999998
56,25,0.1797462499999998
56,26,0.1725333599999998
56,27,0.1711267999999998
56,28,0.16437683
56,29,0.1700442999999999
56,30,0.17088412
56,31,0.16827013
56,32,0.1623858199999999
56,33,0.1672919699999999
56,34,0.16659409
56,35,0.16503336
56,36,0.14998914
56,37,0.1499888699999998
56,38,0.16284097
56,39,0.1627978199999999
56,40,0.1499895499999998
56,41,0.1499894699999999
56,42,0.1499894699999999
56,43,0.1499892599999999
56,44,0.14998906
56,45,0.1499890199999998
56,46,0.1499889399999999
56,47,0.14998891
56,48,0.14998893
56,49,0.1499895499999998
56,50,0.14998965
56,51,0.1510200499999999
56,52,0.1499895699999999
56,53,0.1577147699999999
56,54,0.1658978999999999
56,55,0.1688738599999999
56,56,0.1709577099999999
56,57,0.1610820099999998
56,58,0.16916788
56,59,0.19033041
56,60,0.2104390199999999
56,61,0.17799293
56,62,0.18214827
56,63,0.1915266699999999
56,64,0.1962445499999999
56,65,0.2078262199999999
56,66,0.18975549
56,67,0.2054307999999998
56,68,0.18833954
56,69,0.19228994
56,70,0.2002366599999999
56,71,0.19289061
56,72,0.1861308799999999
56,73,0.18836067
56,74,0.188003
56,75,0.18792139
56,76,0.1857252
56,77,0.1930767099999999
56,78,0.1891492799999999
56,79,0.18752723
56,80,0.1824509
56,81,0.1932167
56,82,0.18657242
56,83,0.1876682699999998
56,84,0.18214162
56,85,0.18134174
56,86,0.1803326199999999
56,87,0.18367617
56,88,0.17946
56,89,0.1832419599999999
56,90,0.1828963299999998
56,91,0.18280841
56,92,0.18094942
56,93,0.2105523899999999
56,94,0.18910216
56,95,0.1834925299999999
57,0,0.18055103
57,1,0.1832648899999999
57,2,0.1832121
57,3,0.18316295
57,4,0.1808094499999999
57,5,0.1844887
57,6,0.18630715
57,7,0.18125328
57,8,0.18028263
57,9,0.1811795999999998
57,10,0.18209513
57,11,0.18366243
57,12,0.1823489199999998
57,13,0.1895654899999999
57,14,0.1910662
57,15,0.18753607
57,16,0.18688611
57,17,0.19588771
57,18,0.1957775999999998
57,19,0.20288739
57,20,0.18170421
57,21,0.20972232
57,22,0.1804028099999998
57,23,0.17674699
57,24,0.1689891
57,25,0.17794951
57,26,0.1699975999999999
57,27,0.17198319
57,28,0.1696709599999999
57,29,0.17007526
57,30,0.17001494
57,31,0.1693517199999999
57,32,0.1658758599999999
57,33,0.16824553
57,34,0.1638873299999998
57,35,0.1499898499999999
57,36,0.14998917
57,37,0.1499892599999999
57,38,0.1499890099999999
57,39,0.14998912
57,40,0.14998885
57,41,0.1499888699999998
57,42,0.14998885
57,43,0.1499888699999998
57,44,0.14130786
57,45,0.1499888199999999
57,46,0.1499888699999998
57,47,0.1499888299999999
57,48,0.1419185799999999
57,49,0.1499889199999998
57,50,0.1499890799999998
57,51,0.1499894699999999
57,52,0.14998906
57,53,0.1499891099999999
57,54,0.1499895799999999
57,55,0.1647046199999999
57,56,0.1670954499999998
57,57,0.14998954
57,58,0.1580710399999999
57,59,0.1731561999999999
57,60,0.1971326699999999
57,61,0.1752503099999998
57,62,0.17785571
57,63,0.1903868999999998
57,64,0.2165369899999999
57,65,0.1885324
57,66,0.1906449
57,67,0.1935892899999998
57,68,0.2083541199999999
57,69,0.1939766699999999
57,70,0.2145972799999999
57,71,0.21119037
57,72,0.1906424899999998
57,73,0.1926837599999999
57,74,0.19320113
57,75,0.18924047
57,76,0.18927601
57,77,0.19292852
57,78,0.20334256
57,79,0.1930651899999998
57,80,0.20230103
57,81,0.21519737
57,82,0.19704032
57,83,0.18780778
57,84,0.1840569699999999
57,85,0.18943993
57,86,0.1890216799999998
57,87,0.18483001
57,88,0.18327794
57,89,0.1825114599999999
57,90,0.1811314899999998
57,91,0.1811850999999999
57,92,0.1785142899999998
57,93,0.1806226199999999
57,94,0.18067093
57,95,0.18259986
58,0,0.1802598799999999
58,1,0.18345319
58,2,0.18213837
58,3,0.1802580099999998
58,4,0.1794350099999998
58,5,0.1802399699999999
58,6,0.18036446
58,7,0.1809141499999998
58,8,0.1798182299999999
58,9,0.18138945
58,10,0.1839056899999999
58,11,0.1849439599999999
58,12,0.1809749499999999
58,13,0.18025477
58,14,0.1862948799999998
58,15,0.19418369
58,16,0.1896232699999999
58,17,0.20251304
58,18,0.2117777499999999
58,19,0.1894837399999999
58,20,0.17661569
58,21,0.18555158
58,22,0.1784209
58,23,0.17187347
58,24,0.1655381599999999
58,25,0.1756123
58,26,0.1710716
58,27,0.16559669
58,28,0.14998956
58,29,0.1640075299999999
58,30,0.1630902399999998
58,31,0.1502170299999998
58,32,0.1501013199999999
58,33,0.14977751
58,34,0.1499309599999997
58,35,0.1495657499999998
58,36,0.14979194
58,37,0.1498862799999999
58,38,0.1499110899999999
58,39,0.14998891
58,40,0.1471878199999999
58,41,0.14998864
58,42,0.14718048
58,43,0.1499886499999997
58,44,0.14998875
58,45,0.1499887
58,46,0.1499887599999998
58,47,0.14998872
58,48,0.1471805999999998
58,49,0.1499887799999999
58,50,0.1499886499999997
58,51,0.1499890999999999
58,52,0.1499890199999998
58,53,0.14998938
58,54,0.1609001899999999
58,55,0.16653247
58,56,0.16936998
58,57,0.14998954
58,58,0.1653043899999999
58,59,0.18031595
58,60,0.2305800099999998
58,61,0.17565616
58,62,0.17920001
58,63,0.1908466899999999
58,64,0.2518076899999999
58,65,0.2116775199999999
58,66,0.20112083
58,67,0.2070108699999999
58,68,0.19699642
58,69,0.22292276000000003
58,70,0.21684966
58,71,0.21212445
58,72,0.1962619899999998
58,73,0.19800338
58,74,0.2017029599999999
58,75,0.1907512899999999
58,76,0.1878726599999998
58,77,0.19836144
58,78,0.18957342
58,79,0.18712061
58,80,0.18478695
58,81,0.1923453499999999
58,82,0.1863055
58,83,0.18255114
58,84,0.18125145
58,85,0.18567682
58,86,0.1824355299999999
58,87,0.1814421199999999
58,88,0.1803447799999999
58,89,0.18307858
58,90,0.18082835
58,91,0.18296051
58,92,0.18066754
58,93,0.18216622
58,94,0.18283552
58,95,0.1826167699999999
59,0,0.18250249
59,1,0.18483968
59,2,0.18463219
59,3,0.18336749
59,4,0.1824528699999999
59,5,0.18380272
59,6,0.1841635599999999
59,7,0.1854080399999998
59,8,0.1851631199999999
59,9,0.18667124
59,10,0.1877845699999999
59,11,0.2011671099999999
59,12,0.20107603
59,13,0.18931954
59,14,0.19080816
59,15,0.20120341
59,16,0.2045635799999999
59,17,0.2134831099999999
59,18,0.2154865799999999
59,19,0.2095871299999999
59,20,0.20056107
59,21,0.1993324
59,22,0.1884436
59,23,0.1816911999999998
59,24,0.168994
59,25,0.1807911999999999
59,26,0.1777976
59,27,0.1705211999999999
59,28,0.1671775999999999
59,29,0.1729976
59,30,0.1715099999999998
59,31,0.17284066
59,32,0.1685688
59,33,0.17128893
59,34,0.1700049099999997
59,35,0.17210345
59,36,0.16939668
59,37,0.18908934
59,38,0.17880171
59,39,0.1751482399999999
59,40,0.1716019499999999
59,41,0.1735631799999999
59,42,0.1709928599999998
59,43,0.1710486699999999
59,44,0.1703462999999998
59,45,0.1737009699999999
59,46,0.1726318399999999
59,47,0.1736781299999999
59,48,0.16937241
59,49,0.1692321799999999
59,50,0.17110422
59,51,0.17049429
59,52,0.17019369
59,53,0.16886848
59,54,0.1765604199999999
59,55,0.17897146
59,56,0.1624972699999999
59,57,0.1684323199999998
59,58,0.18990917
59,59,0.2090768599999999
59,60,0.1865078099999998
59,61,0.1911138199999999
59,62,0.2098862399999999
59,63,0.22817658
59,64,0.22580458
59,65,0.21724611
59,66,0.2301422
59,67,0.2229175299999999
59,68,0.2223290399999999
59,69,0.22023563
59,70,0.21888526
59,71,0.2113185099999999
59,72,0.2128083999999999
59,73,0.21138161
59,74,0.2309971199999998
59,75,0.20403496
59,76,0.2196100899999999
59,77,0.22127933000000002
59,78,0.2012738399999999
59,79,0.19183376
59,80,0.1990711099999998
59,81,0.1936645499999999
59,82,0.18680811
59,83,0.1832398499999999
59,84,0.18768962
59,85,0.1814902699999999
59,86,0.1816147399999998
59,87,0.18027824
59,88,0.1813477599999998
59,89,0.18053004
59,90,0.1809011199999999
59,91,0.1787979799999998
59,92,0.1799483199999999
59,93,0.1798462499999999
59,94,0.1797340899999999
59,95,0.1787143999999999
60,0,0.1792521899999999
60,1,0.17901645
60,2,0.17908599
60,3,0.17793559
60,4,0.17890053
60,5,0.17887885
60,6,0.17908279
60,7,0.1787725499999999
60,8,0.17958714
60,9,0.18056661
60,10,0.1817423799999999
60,11,0.1807772599999998
60,12,0.18067178
60,13,0.18240267
60,14,0.18459448
60,15,0.18762264
60,16,0.18978138
60,17,0.1935427499999999
60,18,0.1903049
60,19,0.1797879499999999
60,20,0.1956549699999999
60,21,0.1795623499999998
60,22,0.1719089
60,23,0.16325285
60,24,0.17504907
60,25,0.1750399899999998
60,26,0.1749027999999998
60,27,0.17803491
60,28,0.18212762
60,29,0.19029651
60,30,0.1818681799999999
60,31,0.17213221
60,32,0.17968001
60,33,0.1805648899999999
60,34,0.1771656
60,35,0.1745677099999999
60,36,0.17961617
60,37,0.17960634
60,38,0.1786250399999999
60,39,0.1809224799999998
60,40,0.1836413399999999
60,41,0.1789831
60,42,0.1796028699999998
60,43,0.17474989
60,44,0.1759767399999998
60,45,0.17778369
60,46,0.1798748799999999
60,47,0.1743477099999999
60,48,0.1757818899999998
60,49,0.1741199999999998
60,50,0.17382864
60,51,0.174152
60,52,0.1663199599999999
60,53,0.1763649399999998
60,54,0.1835359899999999
60,55,0.1943514699999999
60,56,0.16668712
60,57,0.1709269399999999
60,58,0.1866831699999998
60,59,0.21676435
60,60,0.18313007
60,61,0.19413215
60,62,0.2166721899999999
60,63,0.2135048799999999
60,64,0.1969262499999998
60,65,0.20594399
60,66,0.2193893099999999
60,67,0.20264394
60,68,0.2160537699999999
60,69,0.20565449
60,70,0.20334283
60,71,0.20210799
60,72,0.2025361299999999
60,73,0.20247278
60,74,0.20220754
60,75,0.1925001
60,76,0.20108069
60,77,0.1951994699999999
60,78,0.1913203
60,79,0.1895082
60,80,0.1925768
60,81,0.18498105
60,82,0.1828633299999999
60,83,0.18127551
60,84,0.18136911
60,85,0.18135283
60,86,0.18128494
60,87,0.1810426099999998
60,88,0.18453195
60,89,0.18303916
60,90,0.1823204
60,91,0.1811738499999998
60,92,0.18414603
60,93,0.18308195
60,94,0.1827299
60,95,0.18205372
61,0,0.18520524
61,1,0.1866623099999998
61,2,0.1823169399999999
61,3,0.18112756
61,4,0.18176179
61,5,0.18242534
61,6,0.1932913299999999
61,7,0.18733636
61,8,0.19133257
61,9,0.19686729
61,10,0.1954519499999999
61,11,0.19540109
61,12,0.1890716699999998
61,13,0.1935304099999999
61,14,0.2221176699999999
61,15,0.20096382
61,16,0.2169838399999999
61,17,0.2208240499999999
61,18,0.19834703
61,19,0.18809478
61,20,0.1917693099999999
61,21,0.18776486
61,22,0.18239317
61,23,0.1721175199999998
61,24,0.1860007699999999
61,25,0.1878948799999999
61,26,0.18235652
61,27,0.1824680099999999
61,28,0.18112688
61,29,0.18350594
61,30,0.18296887
61,31,0.18551757
61,32,0.19753333
61,33,0.1937247199999999
61,34,0.1940848599999998
61,35,0.19715744
61,36,0.19279224
61,37,0.1919365099999999
61,38,0.19310036
61,39,0.19261284
61,40,0.2009660399999999
61,41,0.19607484
61,42,0.2019748499999999
61,43,0.1910793199999998
61,44,0.1941242799999999
61,45,0.1922630099999999
61,46,0.19492678
61,47,0.1918588799999999
61,48,0.18626699
61,49,0.18192507
61,50,0.18679226
61,51,0.18123484
61,52,0.1815690199999998
61,53,0.1821033999999999
61,54,0.1866981399999999
61,55,0.1820429499999999
61,56,0.18314943
61,57,0.1846311
61,58,0.1987450699999999
61,59,0.21764809
61,60,0.18774247
61,61,0.1964002499999999
61,62,0.20057914
61,63,0.27830981
61,64,0.19613482
61,65,0.2166881199999999
61,66,0.2068843199999999
61,67,0.19749184
61,68,0.2060972099999999
61,69,0.1967827399999999
61,70,0.1939068599999999
61,71,0.18537485
61,72,0.1943242299999999
61,73,0.19039006
61,74,0.1890036999999998
61,75,0.18149961
61,76,0.19482626
61,77,0.19060403
61,78,0.18560629
61,79,0.18094846
61,80,0.1818304099999998
61,81,0.18188502
61,82,0.1807401599999999
61,83,0.17885608
61,84,0.18136654
61,85,0.1797308199999999
61,86,0.17883612
61,87,0.1783133899999999
61,88,0.1796908299999999
61,89,0.1793378399999999
61,90,0.1792355199999999
61,91,0.1775301799999999
61,92,0.1793810299999998
61,93,0.18002228
61,94,0.18111428
61,95,0.1782968199999999
62,0,0.18147816
62,1,0.1815957799999999
62,2,0.1816268699999998
62,3,0.1807080699999999
62,4,0.18239413
62,5,0.1823525
62,6,0.18243629
62,7,0.1810773499999998
62,8,0.18160373
62,9,0.18225686
62,10,0.1865564499999999
62,11,0.18720333
62,12,0.1867640699999999
62,13,0.189972
62,14,0.1945241399999999
62,15,0.2094699199999999
62,16,0.20221442
62,17,0.2106191499999999
62,18,0.2021482799999999
62,19,0.19829164
62,20,0.21448639
62,21,0.1926854199999998
62,22,0.18084017
62,23,0.17278077
62,24,0.18137817
62,25,0.1825683599999999
62,26,0.17616961
62,27,0.17527816
62,28,0.18548867
62,29,0.1768747199999999
62,30,0.1755282499999998
62,31,0.1726427599999998
62,32,0.1733300699999999
62,33,0.17375917
62,34,0.17113122
62,35,0.1687054699999998
62,36,0.17659917
62,37,0.1767626099999999
62,38,0.17785861
62,39,0.17522257
62,40,0.17174681
62,41,0.1706087099999998
62,42,0.1710850599999999
62,43,0.16922186
62,44,0.1724591099999999
62,45,0.17207016
62,46,0.1715426899999998
62,47,0.17090755
62,48,0.1706952199999999
62,49,0.17044749
62,50,0.1718006099999998
62,51,0.17253989
62,52,0.17067569
62,53,0.16969299
62,54,0.17276745
62,55,0.1764574299999999
62,56,0.16397849
62,57,0.17088466
62,58,0.18928098
62,59,0.2128271199999999
62,60,0.1817819499999998
62,61,0.18864598
62,62,0.20004149
62,63,0.21651376
62,64,0.2055895599999999
62,65,0.21734446
62,66,0.22758901
62,67,0.20647247
62,68,0.2284644499999999
62,69,0.2052075599999999
62,70,0.20634454
62,71,0.19886153
62,72,0.2198339799999999
62,73,0.2080518599999999
62,74,0.2030886199999998
62,75,0.19904383
62,76,0.20137778
62,77,0.19808374
62,78,0.19672441
62,79,0.1887834599999999
62,80,0.1985720299999999
62,81,0.1983812199999998
62,82,0.1924480999999999
62,83,0.18284902
62,84,0.18466048
62,85,0.18214291
62,86,0.18130508
62,87,0.1807363099999999
62,88,0.18067711
62,89,0.1802014499999999
62,90,0.18032507
62,91,0.17893994
62,92,0.1807800399999999
62,93,0.18084371
62,94,0.1795199999999999
62,95,0.18057138
63,0,0.18064227
63,1,0.1805552599999999
63,2,0.1805399
63,3,0.1796169199999999
63,4,0.18042701
63,5,0.18040809
63,6,0.18139604
63,7,0.1803729299999999
63,8,0.18128587
63,9,0.18186078
63,10,0.1842498699999999
63,11,0.1835250199999999
63,12,0.1879979799999999
63,13,0.1908901
63,14,0.1939158199999999
63,15,0.19157557
63,16,0.2006490599999999
63,17,0.19810128
63,18,0.2022382399999999
63,19,0.18192168
63,20,0.19322118
63,21,0.18198118
63,22,0.17589066
63,23,0.17073855
63,24,0.17468767
63,25,0.1724510699999999
63,26,0.17202987
63,27,0.1680590099999999
63,28,0.17545283
63,29,0.1757226999999999
63,30,0.1796396999999999
63,31,0.1772885599999999
63,32,0.17033947
63,33,0.16939046
63,34,0.16979117
63,35,0.17537131
63,36,0.1786567899999999
63,37,0.1782087199999999
63,38,0.17605477
63,39,0.17001219
63,40,0.17715629
63,41,0.1759106
63,42,0.17785372
63,43,0.1714349899999998
63,44,0.17837651
63,45,0.18009111
63,46,0.1783974299999999
63,47,0.1706882299999998
63,48,0.17426729
63,49,0.1735651599999998
63,50,0.1727430699999999
63,51,0.1693348999999999
63,52,0.1697758399999999
63,53,0.1725131299999999
63,54,0.18321262
63,55,0.1828944499999999
63,56,0.1675638499999999
63,57,0.1756115899999999
63,58,0.1934216
63,59,0.2145076399999999
63,60,0.1820924199999999
63,61,0.1820825199999998
63,62,0.1965270699999998
63,63,0.23322181999999977
63,64,0.2192849099999999
63,65,0.2286556399999999
63,66,0.25370983
63,67,0.26145116
63,68,0.1999154199999999
63,69,0.2015036899999999
63,70,0.19959055
63,71,0.1963999399999999
63,72,0.1978947
63,73,0.19804502
63,74,0.1926304199999998
63,75,0.18354017
63,76,0.1924706
63,77,0.19260521
63,78,0.1865668699999998
63,79,0.1814192399999999
63,80,0.1922628799999998
63,81,0.1852063899999999
63,82,0.1840683699999999
63,83,0.1802735999999998
63,84,0.18930164
63,85,0.18135217
63,86,0.18119789
63,87,0.1789560299999999
63,88,0.1808252099999999
63,89,0.17883477
63,90,0.17878689
63,91,0.17744959
63,92,0.1809777699999999
63,93,0.1804355599999999
63,94,0.18043554
63,95,0.1798793599999999
64,0,0.18110408
64,1,0.1815236699999998
64,2,0.1789197599999999
64,3,0.17717112
64,4,0.1773074899999999
64,5,0.1770788
64,6,0.1783939999999998
64,7,0.17453649
64,8,0.1785078099999999
64,9,0.17893229
64,10,0.17888439
64,11,0.17841173
64,12,0.17492473
64,13,0.17677251
64,14,0.17832768
64,15,0.1745348
64,16,0.17954982
64,17,0.17917977
64,18,0.1746543899999998
64,19,0.17259679
64,20,0.22636938999999992
64,21,0.2208172699999997
64,22,0.1832884599999999
64,23,0.1742358199999999
64,24,0.1802234
64,25,0.17955588
64,26,0.1747512799999999
64,27,0.1739053599999999
64,28,0.1542616499999998
64,29,0.1740086499999999
64,30,0.1587989699999999
64,31,0.1498508899999999
64,32,0.15138677
64,33,0.1517314899999999
64,34,0.15929851
64,35,0.1490163599999999
64,36,0.15552902
64,37,0.15789785
64,38,0.15448533
64,39,0.14933603
64,40,0.1492082599999999
64,41,0.14920473
64,42,0.14931908
64,43,0.14770163
64,44,0.1498798200000001
64,45,0.14856332
64,46,0.14903876
64,47,0.14924534
64,48,0.1490281699999999
64,49,0.1492602899999999
64,50,0.1516788399999999
64,51,0.1499890299999999
64,52,0.1528936699999999
64,53,0.15762939
64,54,0.16407468
64,55,0.16748578
64,56,0.1514043699999997
64,57,0.1672139599999999
64,58,0.18441311
64,59,0.2211944699999999
64,60,0.1782871899999999
64,61,0.17852692
64,62,0.20089308
64,63,0.2285192899999999
64,64,0.1962823999999999
64,65,0.20230907
64,66,0.2162640599999999
64,67,0.20329771
64,68,0.2165589299999999
64,69,0.2165154899999999
64,70,0.2090635099999999
64,71,0.1879995599999999
64,72,0.19788611
64,73,0.2022185699999999
64,74,0.2047936
64,75,0.18800202
64,76,0.19371136
64,77,0.1913461399999998
64,78,0.1887106399999999
64,79,0.18158018
64,80,0.1905960099999999
64,81,0.18924
64,82,0.1821312
64,83,0.1808875999999998
64,84,0.18159809
64,85,0.1831844299999999
64,86,0.18151681
64,87,0.1786747
64,88,0.1803363399999999
64,89,0.18145116
64,90,0.18146918
64,91,0.1805085899999998
64,92,0.18152545
64,93,0.1815256499999999
64,94,0.18293272
64,95,0.179635
65,0,0.1796184699999999
65,1,0.17987321
65,2,0.1803578299999998
65,3,0.1796952299999999
65,4,0.1799472099999998
65,5,0.1800823899999999
65,6,0.1808371799999999
65,7,0.1793053099999998
65,8,0.18035148
65,9,0.18218974
65,10,0.1845735299999999
65,11,0.1817309
65,12,0.18315588
65,13,0.1944050599999999
65,14,0.2146389899999999
65,15,0.1927981299999999
65,16,0.1962663
65,17,0.2054569899999999
65,18,0.18934994
65,19,0.18403626
65,20,0.19499052
65,21,0.18090851
65,22,0.1742784299999999
65,23,0.1736296199999999
65,24,0.17213781
65,25,0.17684336
65,26,0.17951348
65,27,0.17564554
65,28,0.18491522
65,29,0.1792876399999998
65,30,0.1782514499999999
65,31,0.17186299
65,32,0.1725108099999999
65,33,0.1722821699999999
65,34,0.17382443
65,35,0.1701479399999998
65,36,0.1720170199999998
65,37,0.17012855
65,38,0.16896265
65,39,0.1668347299999999
65,40,0.16710511
65,41,0.16929125
65,42,0.16711434
65,43,0.1645472
65,44,0.1683194699999999
65,45,0.16980187
65,46,0.17042024
65,47,0.1683672199999999
65,48,0.16942229
65,49,0.17183499
65,50,0.1738652799999999
65,51,0.17120672
65,52,0.17114182
65,53,0.1758042999999998
65,54,0.1864533
65,55,0.20382136
65,56,0.18685617
65,57,0.20071911
65,58,0.22076579
65,59,0.38634012999999956
65,60,0.1853633499999999
65,61,0.19443172
65,62,0.22249533000000002
65,63,0.21051196
65,64,0.23086383000000002
65,65,0.2224468199999999
65,66,0.2217882599999997
65,67,0.2104743799999998
65,68,0.2550857599999997
65,69,0.22051679999999987
65,70,0.21726651
65,71,0.21477652
65,72,0.22092567
65,73,0.20510824
65,74,0.22039784999999992
65,75,0.20204056
65,76,0.20319117
65,77,0.1956182299999999
65,78,0.1986488599999999
65,79,0.1866234199999999
65,80,0.19478865
65,81,0.19546066
65,82,0.1900568299999999
65,83,0.1814804099999999
65,84,0.1891154099999999
65,85,0.18137417
65,86,0.1802411599999999
65,87,0.17874289
65,88,0.1795640299999999
65,89,0.1763027599999999
65,90,0.17530652
65,91,0.1723569499999999
65,92,0.17887923
65,93,0.17889058
65,94,0.1787862
65,95,0.1759940999999999
66,0,0.17879507
66,1,0.17680956
66,2,0.1768974999999999
66,3,0.17398268
66,4,0.1753829199999998
66,5,0.17552046
66,6,0.1791656199999998
66,7,0.17856342
66,8,0.17919977
66,9,0.17936604
66,10,0.1804088
66,11,0.17852207
66,12,0.1788498099999998
66,13,0.1804088
66,14,0.1857588
66,15,0.1861888
66,16,0.1897821499999999
66,17,0.18202
66,18,0.18077131
66,19,0.18092331
66,20,0.19255428
66,21,0.19400664
66,22,0.1794273799999998
66,23,0.17226428
66,24,0.17884494
66,25,0.1803536099999998
66,26,0.17806931
66,27,0.17287169
66,28,0.1792967599999999
66,29,0.17330426
66,30,0.1708934599999998
66,31,0.1726947399999999
66,32,0.1744088199999998
66,33,0.1756698899999998
66,34,0.1748576899999999
66,35,0.17480057
66,36,0.1791733199999998
66,37,0.1740507999999999
66,38,0.17377839
66,39,0.1730217099999998
66,40,0.1743147799999999
66,41,0.1743370099999999
66,42,0.17382665
66,43,0.1733380999999999
66,44,0.1754781299999999
66,45,0.1793733399999998
66,46,0.1794623199999997
66,47,0.17439446
66,48,0.1768439799999999
66,49,0.17948366
66,50,0.1745929499999998
66,51,0.18022432
66,52,0.1730572999999998
66,53,0.1712999899999999
66,54,0.1712676799999999
66,55,0.1770336299999998
66,56,0.16619071
66,57,0.16986856
66,58,0.1857588
66,59,0.2065123999999999
66,60,0.180846
66,61,0.18428771
66,62,0.2032124
66,63,0.2305
66,64,0.1927931499999998
66,65,0.2110947899999999
66,66,0.2199988
66,67,0.2299987999999998
66,68,0.2299987999999998
66,69,0.2299987999999998
66,70,0.20422853
66,71,0.1946323999999999
66,72,0.19977105
66,73,0.20094191
66,74,0.1988011999999999
66,75,0.1907489799999999
66,76,0.20121394
66,77,0.2039524
66,78,0.19812751
66,79,0.1905138999999999
66,80,0.19968563
66,81,0.1921434099999999
66,82,0.1920448099999999
66,83,0.1809048
66,84,0.18456545
66,85,0.1840612
66,86,0.1792524
66,87,0.1786924
66,88,0.1814339499999999
66,89,0.18011907
66,90,0.1798927099999999
66,91,0.1776712
66,92,0.1804011999999999
66,93,0.1811012
66,94,0.1800012
66,95,0.1797918099999998
67,0,0.1790024
67,1,0.1789124
67,2,0.1808287999999999
67,3,0.1799276999999999
67,4,0.1793987999999998
67,5,0.1803488
67,6,0.1800012
67,7,0.1798941699999998
67,8,0.1810999999999999
67,9,0.1842687999999999
67,10,0.1842011999999999
67,11,0.1888114699999999
67,12,0.1847436
67,13,0.195
67,14,0.2125523999999999
67,15,0.2146723999999998
67,16,0.1899611999999998
67,17,0.1958224
67,18,0.1909024
67,19,0.1815999999999999
67,20,0.1901047999999999
67,21,0.18503092
67,22,0.17716133
67,23,0.1716165699999998
67,24,0.18135645
67,25,0.1804271699999998
67,26,0.1799971
67,27,0.18216648
67,28,0.1795413599999999
67,29,0.17396507
67,30,0.17975902
67,31,0.1772992599999999
67,32,0.17799099
67,33,0.1751418299999999
67,34,0.17317264
67,35,0.17520596
67,36,0.1793743099999999
67,37,0.18004892
67,38,0.17782847
67,39,0.17541362
67,40,0.17036092
67,41,0.17166223
67,42,0.1703419099999999
67,43,0.16763749
67,44,0.1719194599999998
67,45,0.1729539199999999
67,46,0.1707745399999999
67,47,0.1681117299999999
67,48,0.1743302
67,49,0.1762298199999999
67,50,0.1731648
67,51,0.1741367199999999
67,52,0.1761656399999999
67,53,0.1729869999999999
67,54,0.18177998
67,55,0.1778554799999999
67,56,0.1735308199999999
67,57,0.1719497299999998
67,58,0.17949151
67,59,0.1920912
67,60,0.1736826399999999
67,61,0.17819
67,62,0.1967621499999998
67,63,0.2299987999999998
67,64,0.19295592
67,65,0.2097803399999999
67,66,0.2105323399999999
67,67,0.20399619
67,68,0.2042851799999999
67,69,0.2076497199999999
67,70,0.2001128199999998
67,71,0.1906922699999998
67,72,0.1983194
67,73,0.19315434
67,74,0.19287381
67,75,0.1892416799999999
67,76,0.19769736
67,77,0.1964800599999999
67,78,0.1900788699999999
67,79,0.1858534399999999
67,80,0.19648044
67,81,0.1937500699999998
67,82,0.1912305299999999
67,83,0.1902729199999999
67,84,0.1944318
67,85,0.1904636999999999
67,86,0.1886430399999999
67,87,0.1844330599999999
67,88,0.1903123899999998
67,89,0.18280053
67,90,0.18645901
67,91,0.18137735
67,92,0.1862528799999998
67,93,0.18583911
67,94,0.18574296
67,95,0.18097765
68,0,0.1856964999999999
68,1,0.1854672599999999
68,2,0.18609709
68,3,0.1916048699999999
68,4,0.1937955499999999
68,5,0.19257063
68,6,0.19198635
68,7,0.1901253199999999
68,8,0.18585408
68,9,0.1902761899999999
68,10,0.1907596199999999
68,11,0.19080047
68,12,0.1869389
68,13,0.1884312
68,14,0.1916111999999998
68,15,0.1960987999999999
68,16,0.22062240000000002
68,17,0.2174124099999999
68,18,0.22525989
68,19,0.19141067
68,20,0.2038495099999999
68,21,0.1969551999999998
68,22,0.1955831099999999
68,23,0.18105424
68,24,0.18766973
68,25,0.18589656
68,26,0.19431255
68,27,0.19318093
68,28,0.2172644399999999
68,29,0.1856980299999999
68,30,0.18103678
68,31,0.17449813
68,32,0.17864621
68,33,0.1766639799999998
68,34,0.1796254099999999
68,35,0.1718162899999999
68,36,0.1763834799999997
68,37,0.1758258699999998
68,38,0.17604459
68,39,0.1726325999999998
68,40,0.17076821
68,41,0.17068919
68,42,0.1718050499999999
68,43,0.1691174099999999
68,44,0.1720297499999999
68,45,0.17395849
68,46,0.17489416
68,47,0.17148654
68,48,0.17376632
68,49,0.17358809
68,50,0.1782327199999999
68,51,0.17645771
68,52,0.17996973
68,53,0.1849540499999999
68,54,0.19753225
68,55,0.1801323499999998
68,56,0.1761930899999998
68,57,0.17915379
68,58,0.18609535
68,59,0.1929586899999999
68,60,0.18878917
68,61,0.18925675
68,62,0.21115582
68,63,0.261
68,64,0.2207460999999998
68,65,0.20749898
68,66,0.2207413
68,67,0.22326072
68,68,0.2133994099999999
68,69,0.21015371
68,70,0.21010636
68,71,0.2014496999999999
68,72,0.2395828999999999
68,73,0.2104109399999998
68,74,0.2025428499999998
68,75,0.19995559
68,76,0.1977423999999999
68,77,0.19772952
68,78,0.1955542499999999
68,79,0.19690946
68,80,0.1988023999999999
68,81,0.19690657
68,82,0.1946687299999999
68,83,0.1885399999999999
68,84,0.1973485999999999
68,85,0.1988023999999999
68,86,0.1869389
68,87,0.19105465
68,88,0.2016094699999999
68,89,0.20146302
68,90,0.1979483
68,91,0.1949781599999999
68,92,0.2015331299999999
68,93,0.2045569599999999
68,94,0.2016426899999999
68,95,0.19558182
69,0,0.1979527999999999
69,1,0.19827334
69,2,0.19611784
69,3,0.19450085
69,4,0.1988484499999999
69,5,0.19589671
69,6,0.19842587
69,7,0.1955729199999999
69,8,0.1953355199999999
69,9,0.19774429
69,10,0.2055668099999998
69,11,0.20213175
69,12,0.19693688
69,13,0.1966259999999999
69,14,0.2148120499999999
69,15,0.2290012
69,16,0.19790113
69,17,0.1970553099999999
69,18,0.1957649399999999
69,19,0.19476653
69,20,0.21032941
69,21,0.2049392399999999
69,22,0.1926570699999999
69,23,0.1779952
69,24,0.18629632
69,25,0.18082826
69,26,0.1840999999999999
69,27,0.18140319
69,28,0.20146136
69,29,0.19518464
69,30,0.18523017
69,31,0.1795591799999999
69,32,0.18249898
69,33,0.1792253399999999
69,34,0.1783222999999999
69,35,0.17029908
69,36,0.1716090799999998
69,37,0.1712225399999998
69,38,0.1722241099999999
69,39,0.1777854999999999
69,40,0.17646813
69,41,0.17373554
69,42,0.1730677599999999
69,43,0.1707792099999999
69,44,0.1731887
69,45,0.17924818
69,46,0.17942376
69,47,0.17010181
69,48,0.1737697399999998
69,49,0.1808709899999997
69,50,0.1781314199999999
69,51,0.17501603
69,52,0.17927291
69,53,0.17084482
69,54,0.18074574
69,55,0.1791145499999999
69,56,0.17927911
69,57,0.1806559899999999
69,58,0.2096472599999999
69,59,0.2055881899999999
69,60,0.18149605
69,61,0.1917168999999999
69,62,0.19597532
69,63,0.2199988
69,64,0.1983136699999998
69,65,0.19907827
69,66,0.2064612399999998
69,67,0.2036408499999999
69,68,0.2019168699999999
69,69,0.20519363
69,70,0.19851074
69,71,0.19523799
69,72,0.19361987
69,73,0.19212057
69,74,0.2051900599999999
69,75,0.19753761
69,76,0.1943259799999999
69,77,0.19105718
69,78,0.1942705299999998
69,79,0.1940651899999999
69,80,0.19381083
69,81,0.1860487999999999
69,82,0.18898518
69,83,0.18857564
69,84,0.1925734199999999
69,85,0.1835892499999999
69,86,0.1870935199999999
69,87,0.1843889
69,88,0.1843433
69,89,0.18286404
69,90,0.1843862099999999
69,91,0.1844211699999998
69,92,0.1829313399999998
69,93,0.1811551499999999
69,94,0.1861953199999998
69,95,0.1851288899999999
70,0,0.1850506999999999
70,1,0.18416409
70,2,0.18564244
70,3,0.18512812
70,4,0.18633937
70,5,0.1847126399999999
70,6,0.18504291
70,7,0.1867022699999999
70,8,0.19328797
70,9,0.1932408799999999
70,10,0.18614911
70,11,0.1860487999999999
70,12,0.19228559
70,13,0.1979336
70,14,0.20317506
70,15,0.20208517
70,16,0.1969273
70,17,0.183809
70,18,0.20009063
70,19,0.18633053
70,20,0.18157591
70,21,0.1761398599999997
70,22,0.1806352199999999
70,23,0.1780831899999999
70,24,0.17374602
70,25,0.1728317
70,26,0.1720777099999999
70,27,0.17246363
70,28,0.1703236399999999
70,29,0.17020635
70,30,0.17384494
70,31,0.1734780499999999
70,32,0.17255007
70,33,0.16904975
70,34,0.17065708
70,35,0.17060719
70,36,0.17042319
70,37,0.16817076
70,38,0.1696220699999999
70,39,0.1694022399999998
70,40,0.1693944799999999
70,41,0.1685779099999998
70,42,0.17168811
70,43,0.1715744099999999
70,44,0.17098391
70,45,0.1703777999999999
70,46,0.1707295399999999
70,47,0.17216167
70,48,0.1778316799999998
70,49,0.17835323
70,50,0.1808809499999999
70,51,0.1812077199999999
70,52,0.19224927
70,53,0.2029566099999999
70,54,0.1783780199999998
70,55,0.18037132
70,56,0.18976822
70,57,0.22107881
70,58,0.17861667
70,59,0.18117294
70,60,0.1905173299999999
70,61,0.22052599999999992
70,62,0.2058706599999999
70,63,0.2075815499999999
70,64,0.2026841
70,65,0.19533825
70,66,0.2035661599999998
70,67,0.1965852099999999
70,68,0.1960577799999999
70,69,0.1859165299999998
70,70,0.1957139499999998
70,71,0.1933970699999999
70,72,0.18676496
70,73,0.1842771799999999
70,74,0.2003372699999999
70,75,0.19190376
70,76,0.18589738
70,77,0.1811127099999999
70,78,0.2029287899999998
70,79,0.19307419
70,80,0.1875029
70,81,0.18113355
70,82,0.18158706
70,83,0.18079655
70,84,0.17890372
70,85,0.1779156399999999
70,86,0.1789754
70,87,0.17750752
70,88,0.17832823
70,89,0.1739876999999999
70,90,0.17652141
70,91,0.17680579
70,92,0.17556404
70,93,0.17414179
70,94,0.1757761699999999
70,95,0.1764282399999999
71,0,0.17647831
71,1,0.17220839
71,2,0.1755043099999998
71,3,0.17657501
71,4,0.17756574
71,5,0.17613565
71,6,0.17874264
71,7,0.17858471
71,8,0.1783768299999999
71,9,0.17840899
71,10,0.17906721
71,11,0.1801711099999998
71,12,0.18250357
71,13,0.1826587999999999
71,14,0.1868093299999999
71,15,0.1842909499999999
71,16,0.18410213
71,17,0.17752288
71,18,0.1870451699999999
71,19,0.1870321
71,20,0.1710832
71,21,0.16691422
71,22,0.1746007299999998
71,23,0.17220896
71,24,0.17082047
71,25,0.1700502599999999
71,26,0.17010582
71,27,0.16867435
71,28,0.16699811
71,29,0.1499892399999999
71,30,0.1668333399999998
71,31,0.16567684
71,32,0.1499894499999999
71,33,0.1499890099999999
71,34,0.1499893399999998
71,35,0.1499888999999999
71,36,0.14998891
71,37,0.1499889399999999
71,38,0.1499889999999999
71,39,0.1499889199999998
71,40,0.1499889899999999
71,41,0.1492591299999999
71,42,0.14998907
71,43,0.1499890399999999
71,44,0.1499890899999998
71,45,0.13988522
71,46,0.1496409599999998
71,47,0.1499890099999999
71,48,0.1499890199999998
71,49,0.1499890399999999
71,50,0.1499890799999998
71,51,0.1499890899999998
71,52,0.14998907
71,53,0.1499894699999999
71,54,0.14998928
71,55,0.15
71,56,0.1700555699999999
71,57,0.1719178799999999
71,58,0.1672958299999998
71,59,0.1698498199999999
71,60,0.17482595
71,61,0.18602992
71,62,0.1810598
71,63,0.1819337099999999
71,64,0.18904742
71,65,0.18825421
71,66,0.1804772899999999
71,67,0.1803944399999999
71,68,0.18086673
71,69,0.1784169099999999
71,70,0.1803867699999999
71,71,0.1792323799999998
71,72,0.1779623099999999
71,73,0.1784968999999999
71,74,0.17879986
71,75,0.1779993599999999
71,76,0.17689504
71,77,0.1750010899999998
71,78,0.17904581
71,79,0.1791391499999998
71,80,0.17708004
71,81,0.1746779799999999
71,82,0.1780614199999998
71,83,0.1788885699999998
71,84,0.1784171699999999
71,85,0.17638128
71,86,0.1802523399999999
71,87,0.1766691699999999
71,88,0.1788865099999999
71,89,0.1739423299999998
71,90,0.17440223
71,91,0.1717673899999998
71,92,0.17385503
71,93,0.17147731
71,94,0.17221878
71,95,0.1727844699999998
72,0,0.1744173199999999
72,1,0.1722785599999998
72,2,0.17826491
72,3,0.1792251799999999
72,4,0.1794681699999999
72,5,0.17773492
72,6,0.1798842499999999
72,7,0.17991255
72,8,0.1806867899999999
72,9,0.1817847199999999
72,10,0.1828402199999998
72,11,0.1851647899999999
72,12,0.18993569
72,13,0.1841287999999999
72,14,0.1936382499999999
72,15,0.18183088
72,16,0.1791854
72,17,0.1717887999999999
72,18,0.18316248
72,19,0.1771939599999999
72,20,0.17216886
72,21,0.1499895799999999
72,22,0.1692487399999999
72,23,0.16916374
72,24,0.17235039
72,25,0.172904
72,26,0.17070794
72,27,0.17022678
72,28,0.1700635199999999
72,29,0.17448837
72,30,0.1745421899999999
72,31,0.17381586
72,32,0.17358766
72,33,0.1499893
72,34,0.16314573
72,35,0.1719944699999999
72,36,0.1499893599999999
72,37,0.1499886599999998
72,38,0.16170069
72,39,0.17061455
72,40,0.1504031199999997
72,41,0.1499888999999999
72,42,0.17458221
72,43,0.1834143399999999
72,44,0.1774413499999998
72,45,0.1776198
72,46,0.18414084
72,47,0.1867980099999999
72,48,0.18043428
72,49,0.18684082
72,50,0.17856809
72,51,0.1722166099999998
72,52,0.1835368799999999
72,53,0.1845858199999999
72,54,0.1499992499999998
72,55,0.1694372399999999
72,56,0.17442124
72,57,0.18479336
72,58,0.17894253
72,59,0.18248113
72,60,0.1924621299999999
72,61,0.2008101
72,62,0.19779
72,63,0.2021611999999999
72,64,0.2030123999999999
72,65,0.1998228999999998
72,66,0.19462397
72,67,0.19217412
72,68,0.1913012
72,69,0.1859731399999999
72,70,0.1925223999999999
72,71,0.19177879
72,72,0.18380525
72,73,0.18071542
72,74,0.1812296699999998
72,75,0.18007807
72,76,0.17912764
72,77,0.1749779699999999
72,78,0.1774136399999999
72,79,0.1778045399999999
72,80,0.1774325999999998
72,81,0.1714881099999999
72,82,0.18126486
72,83,0.1797414799999999
72,84,0.1792195099999999
72,85,0.1776999299999998
72,86,0.1790303099999998
72,87,0.1790501899999998
72,88,0.1789086299999999
72,89,0.17645521
72,90,0.17776136
72,91,0.1781134
72,92,0.1787631499999999
72,93,0.1737776399999999
72,94,0.1790326599999999
72,95,0.17870046
73,0,0.17907441
73,1,0.1787427899999999
73,2,0.17874249
73,3,0.17876683
73,4,0.17891018
73,5,0.1788303499999999
73,6,0.1812033899999998
73,7,0.1806988
73,8,0.18376122
73,9,0.18324835
73,10,0.1861061199999999
73,11,0.1955393699999999
73,12,0.19051766
73,13,0.1897421799999999
73,14,0.19191636
73,15,0.21514081
73,16,0.1871240499999999
73,17,0.1813846699999998
73,18,0.1856950299999999
73,19,0.1840852399999999
73,20,0.1786168699999999
73,21,0.17072693
73,22,0.18337032
73,23,0.1741014099999999
73,24,0.17433134
73,25,0.1728343699999999
73,26,0.1731639499999999
73,27,0.17466373
73,28,0.1745818999999999
73,29,0.1715764
73,30,0.1750053899999999
73,31,0.17482949
73,32,0.17452475
73,33,0.1721376599999998
73,34,0.1765247899999999
73,35,0.1758961299999999
73,36,0.17362958
73,37,0.17298927
73,38,0.1763114199999998
73,39,0.1761587299999999
73,40,0.17707203
73,41,0.1730410499999999
73,42,0.17573349
73,43,0.1724258099999999
73,44,0.17365796
73,45,0.1724421099999999
73,46,0.1737901399999999
73,47,0.1716560399999999
73,48,0.1714786999999999
73,49,0.1711863299999998
73,50,0.1704717099999999
73,51,0.1692694699999999
73,52,0.17274678
73,53,0.17291421
73,54,0.1698594
73,55,0.1724301099999998
73,56,0.17478714
73,57,0.18045705
73,58,0.1786339299999998
73,59,0.18087351
73,60,0.1851748899999999
73,61,0.2195825599999999
73,62,0.1903103599999999
73,63,0.19635975
73,64,0.2020897799999998
73,65,0.19453123
73,66,0.20320794
73,67,0.2258143299999998
73,68,0.20697437
73,69,0.1951907999999998
73,70,0.21964229
73,71,0.2158069399999999
73,72,0.19710152
73,73,0.1930827199999999
73,74,0.209387
73,75,0.2051119199999999
73,76,0.1985097999999999
73,77,0.1874572799999999
73,78,0.1918706599999999
73,79,0.18854547
73,80,0.18487825
73,81,0.1823560299999999
73,82,0.19932985
73,83,0.1912685
73,84,0.19035942
73,85,0.1817348099999998
73,86,0.1859410999999998
73,87,0.1843071299999999
73,88,0.18220595
73,89,0.1807240399999999
73,90,0.18102824
73,91,0.1805679799999999
73,92,0.1808347599999999
73,93,0.1797441599999999
73,94,0.1867464
73,95,0.18801773
74,0,0.1886559099999999
74,1,0.1870020499999999
74,2,0.1885436399999999
74,3,0.1909012199999999
74,4,0.19266727
74,5,0.19057016
74,6,0.19837308
74,7,0.19993615
74,8,0.2088587999999999
74,9,0.2088587999999999
74,10,0.2051549
74,11,0.2178913699999999
74,12,0.25481036
74,13,0.2071724899999999
74,14,0.2613966799999998
74,15,0.2037031299999999
74,16,0.2179732499999999
74,17,0.19884794
74,18,0.2145156799999999
74,19,0.20398373
74,20,0.1792838699999999
74,21,0.17754801
74,22,0.19260568
74,23,0.1889693299999999
74,24,0.17854342
74,25,0.17250545
74,26,0.18097159
74,27,0.17920979
74,28,0.1770464199999999
74,29,0.17284565
74,30,0.17572943
74,31,0.17677388
74,32,0.17700764
74,33,0.17612413
74,34,0.1761483399999999
74,35,0.17745676
74,36,0.17671894
74,37,0.17849989
74,38,0.17850412
74,39,0.17754459
74,40,0.17674696
74,41,0.17801207
74,42,0.1734140299999998
74,43,0.173902
74,44,0.17448892
74,45,0.1765560099999999
74,46,0.1687265299999999
74,47,0.16879256
74,48,0.1699116499999998
74,49,0.1776285899999999
74,50,0.17204887
74,51,0.1735988799999999
74,52,0.1851262099999999
74,53,0.1746311999999999
74,54,0.1666451399999998
74,55,0.1695998999999998
74,56,0.17436477
74,57,0.19739078
74,58,0.17466291
74,59,0.18067238
74,60,0.1894791299999999
74,61,0.2141549599999999
74,62,0.19556636
74,63,0.1978923999999998
74,64,0.36699999999999966
74,65,0.2157424
74,66,0.2199988
74,67,0.2260023999999999
74,68,0.20864992
74,69,0.2032057799999999
74,70,0.2349987999999998
74,71,0.2213313999999997
74,72,0.22003719000000002
74,73,0.2077604599999999
74,74,0.20443735
74,75,0.2042327399999999
74,76,0.2019343799999998
74,77,0.18938931
74,78,0.2017464299999999
74,79,0.2065585599999999
74,80,0.19266759
74,81,0.18909372
74,82,0.1891199999999999
74,83,0.18864
74,84,0.18381883
74,85,0.19551756
74,86,0.1850047999999998
74,87,0.18381883
74,88,0.18194582
74,89,0.1850011999999999
74,90,0.1832102599999999
74,91,0.18443768
74,92,0.18142179
74,93,0.18362576
74,94,0.1849036
74,95,0.1850011999999999
75,0,0.1811499999999999
75,1,0.1859023999999999
75,2,0.18864
75,3,0.18993658
75,4,0.18993658
75,5,0.1884324
75,6,0.205
75,7,0.215
75,8,0.21440462
75,9,0.20998713
75,10,0.2300012
75,11,0.2297
75,12,0.2596999999999998
75,13,0.22
75,14,0.2175523999999999
75,15,0.2070048
75,16,0.18805093
75,17,0.2005141799999999
75,18,0.2041712399999999
75,19,0.18328645
75,20,0.20983278
75,21,0.1884817099999998
75,22,0.1997486299999999
75,23,0.18428929
75,24,0.17518645
75,25,0.18004523
75,26,0.20128162
75,27,0.17711072
75,28,0.17803989
75,29,0.1814156499999999
75,30,0.1813399799999999
75,31,0.17552836
75,32,0.17425102
75,33,0.1823917699999999
75,34,0.17999483
75,35,0.1826502799999998
75,36,0.1770299399999998
75,37,0.17709299
75,38,0.1776520899999999
75,39,0.1770784199999999
75,40,0.1772025599999997
75,41,0.18704637
75,42,0.1819186599999999
75,43,0.1828326399999999
75,44,0.18000663
75,45,0.17643812
75,46,0.17685733
75,47,0.17457316
75,48,0.1801582699999999
75,49,0.17414467
75,50,0.17185719
75,51,0.1798105499999999
75,52,0.1788282
75,53,0.16947022
75,54,0.17226621
75,55,0.180955
75,56,0.2005647799999998
75,57,0.1816929099999999
75,58,0.19077109
75,59,0.2016276699999999
75,60,0.2206562899999999
75,61,0.20670575
75,62,0.2084058399999999
75,63,0.2122504899999999
75,64,0.2086648599999999
75,65,0.22192346999999993
75,66,0.2105009699999999
75,67,0.2082390999999999
75,68,0.20147148
75,69,0.20868181
75,70,0.2045379199999999
75,71,0.19067518
75,72,0.18986685
75,73,0.1910824499999999
75,74,0.19034157
75,75,0.18880803
75,76,0.1848066899999999
75,77,0.1915150599999999
75,78,0.1862173099999998
75,79,0.1874523099999999
75,80,0.1830654099999999
75,81,0.189832
75,82,0.1847367
75,83,0.18626107
75,84,0.1823487399999999
75,85,0.18475333
75,86,0.18484939
75,87,0.18401187
75,88,0.18330018
75,89,0.18482202
75,90,0.1840354999999999
75,91,0.18469733
75,92,0.1817011699999999
75,93,0.18333224
75,94,0.1835313999999999
75,95,0.18415536
76,0,0.18091872
76,1,0.18327637
76,2,0.1849749799999999
76,3,0.18553132
76,4,0.1844725499999999
76,5,0.18350571
76,6,0.18715403
76,7,0.19319374
76,8,0.1900461799999999
76,9,0.19004572
76,10,0.1927068999999999
76,11,0.2100487999999999
76,12,0.2001683499999998
76,13,0.20333243
76,14,0.2161384999999999
76,15,0.18927
76,16,0.18391899
76,17,0.2081801399999999
76,18,0.21753534
76,19,0.1800528599999999
76,20,0.1777938299999999
76,21,0.1900821699999999
76,22,0.1824748999999999
76,23,0.1842589499999999
76,24,0.17814873
76,25,0.1817863399999999
76,26,0.19831033
76,27,0.1795564
76,28,0.17718881
76,29,0.1778822599999999
76,30,0.18874599
76,31,0.1798280599999999
76,32,0.17841551
76,33,0.1816008
76,34,0.17929327
76,35,0.1790985499999999
76,36,0.17637407
76,37,0.1768131599999998
76,38,0.1756099199999999
76,39,0.1760442799999998
76,40,0.1751404299999999
76,41,0.1781014799999998
76,42,0.17697672
76,43,0.1765524699999999
76,44,0.1754699499999999
76,45,0.17807017
76,46,0.18859557
76,47,0.1881469199999999
76,48,0.1906957499999998
76,49,0.1734090199999998
76,50,0.1765889699999999
76,51,0.1847962199999999
76,52,0.2087426899999999
76,53,0.17939741
76,54,0.18239065
76,55,0.19505969
76,56,0.21112967
76,57,0.1812630499999999
76,58,0.18204974
76,59,0.1926714999999999
76,60,0.1996963199999999
76,61,0.1905923299999999
76,62,0.1900972499999999
76,63,0.1953554699999999
76,64,0.18419731
76,65,0.1950456299999998
76,66,0.18591974
76,67,0.1835035599999999
76,68,0.1808421399999999
76,69,0.1838490499999999
76,70,0.1838904799999998
76,71,0.18121694
76,72,0.1800968299999999
76,73,0.18381087
76,74,0.18087553
76,75,0.18059626
76,76,0.17901111
76,77,0.18034142
76,78,0.17899482
76,79,0.1789148499999999
76,80,0.1785346899999998
76,81,0.1809140699999999
76,82,0.17972727
76,83,0.17927109
76,84,0.17688914
76,85,0.17828907
76,86,0.1765788
76,87,0.1766647999999999
76,88,0.17508914
76,89,0.17840024
76,90,0.17848229
76,91,0.1788685399999998
76,92,0.17628821
76,93,0.18033593
76,94,0.18014636
76,95,0.18072747
77,0,0.18018011
77,1,0.1803359699999999
77,2,0.18041176
77,3,0.18185075
77,4,0.1802748199999999
77,5,0.1803131699999999
77,6,0.1810597599999999
77,7,0.1817182499999998
77,8,0.18283101
77,9,0.18755497
77,10,0.1916871999999999
77,11,0.2018
77,12,0.1949988
77,13,0.1982347299999998
77,14,0.1944824
77,15,0.1831012
77,16,0.1729949199999998
77,17,0.18212812
77,18,0.18240567
77,19,0.1802936799999999
77,20,0.1800175899999999
77,21,0.21367712
77,22,0.2083603299999999
77,23,0.1943489799999999
77,24,0.1837449899999998
77,25,0.19698585
77,26,0.19662709
77,27,0.19670624
77,28,0.18114338
77,29,0.17977859
77,30,0.1797306899999999
77,31,0.18016184
77,32,0.17641396
77,33,0.1779867799999999
77,34,0.1789793899999999
77,35,0.1757195299999999
77,36,0.17433716
77,37,0.18253906
77,38,0.1781434999999999
77,39,0.1784593
77,40,0.1787434499999998
77,41,0.1808903099999999
77,42,0.18415112
77,43,0.1800980499999999
77,44,0.1776890399999998
77,45,0.1816906199999998
77,46,0.18052777
77,47,0.1805419699999998
77,48,0.1826174499999999
77,49,0.1802818699999999
77,50,0.18023194
77,51,0.1801657999999999
77,52,0.18026408
77,53,0.18026488
77,54,0.1789278499999999
77,55,0.2045869899999998
77,56,0.2172493399999999
77,57,0.1777272599999998
77,58,0.1801046799999999
77,59,0.19073299
77,60,0.2023710099999999
77,61,0.18612551
77,62,0.19803552
77,63,0.19556022
77,64,0.18634019
77,65,0.19973609
77,66,0.19241394
77,67,0.1915788099999999
77,68,0.1828593399999999
77,69,0.18998674
77,70,0.18671598
77,71,0.1829780299999999
77,72,0.18008127
77,73,0.1834846299999999
77,74,0.18164938
77,75,0.1807368099999998
77,76,0.17861148
77,77,0.1815004199999999
77,78,0.17965635
77,79,0.17865918
77,80,0.17475532
77,81,0.21446178
77,82,0.14009615
77,83,0.17023989
77,84,0.1677937
77,85,0.17893949
77,86,0.1784633699999999
77,87,0.1783538899999999
77,88,0.17751083
77,89,0.17755774
77,90,0.1775419299999999
77,91,0.1751376
77,92,0.1731699899999998
77,93,0.1762868199999999
77,94,0.1771760099999999
77,95,0.1760063
78,0,0.1755241899999998
78,1,0.1779579099999998
78,2,0.1781149199999999
78,3,0.17817979
78,4,0.1784406399999999
78,5,0.1780575
78,6,0.1778440899999999
78,7,0.17913209
78,8,0.17892724
78,9,0.1800912999999999
78,10,0.18515091
78,11,0.18087014
78,12,0.1773069599999999
78,13,0.21266896
78,14,0.21069447
78,15,0.20549075
78,16,0.1871380599999999
78,17,0.1910549
78,18,0.1828255099999998
78,19,0.18000523
78,20,0.1754865899999998
78,21,0.17687808
78,22,0.1734358299999999
78,23,0.17217005
78,24,0.1499894399999998
78,25,0.1591646899999998
78,26,0.1509581699999997
78,27,0.1499147199999997
78,28,0.1498961399999999
78,29,0.1495874899999998
78,30,0.1496432599999997
78,31,0.1497502499999998
78,32,0.13996147
78,33,0.14931331
78,34,0.1497865900000001
78,35,0.1497897299999999
78,36,0.13989615
78,37,0.1399426299999999
78,38,0.1397072999999999
78,39,0.13974511
78,40,0.13899695
78,41,0.1391018299999999
78,42,0.13932653
78,43,0.1397635099999999
78,44,0.1389295099999999
78,45,0.13930259
78,46,0.1396960799999997
78,47,0.13969293
78,48,0.1397134999999998
78,49,0.13933546
78,50,0.1397437799999999
78,51,0.1499889399999999
78,52,0.1492784799999998
78,53,0.1399119599999997
78,54,0.1499896799999999
78,55,0.16939706
78,56,0.1683471299999999
78,57,0.17310595
78,58,0.17464678
78,59,0.1957996899999999
78,60,0.21348007
78,61,0.1831154799999998
78,62,0.1966129199999998
78,63,0.2011733699999999
78,64,0.20084243
78,65,0.22810024999999992
78,66,0.2230140199999999
78,67,0.20126442
78,68,0.1946602
78,69,0.2093801599999999
78,70,0.20091754
78,71,0.19457847
78,72,0.19169849
78,73,0.2050681999999999
78,74,0.19158112
78,75,0.1911987299999999
78,76,0.2091275899999999
78,77,0.1951606099999999
78,78,0.18890668
78,79,0.1903742199999999
78,80,0.2112405399999999
78,81,0.1811834
78,82,0.17965667
78,83,0.17972018
78,84,0.1761589399999999
78,85,0.1780781399999998
78,86,0.17873846
78,87,0.1787107299999999
78,88,0.17701717
78,89,0.1781009999999998
78,90,0.1769176199999998
78,91,0.2134066899999999
78,92,0.16455301
78,93,0.1797328699999999
78,94,0.1794883999999998
78,95,0.1793275899999999
79,0,0.17745964
79,1,0.17525358
79,2,0.17652033
79,3,0.1781120199999999
79,4,0.1753364099999998
79,5,0.19981099
79,6,0.20042488
79,7,0.2059349399999999
79,8,0.18725485
79,9,0.20537566
79,10,0.2041463899999999
79,11,0.1980989599999999
79,12,0.18808829
79,13,0.19363924
79,14,0.18975224
79,15,0.18025905
79,16,0.1666707899999999
79,17,0.1722485599999999
79,18,0.1782204299999999
79,19,0.17104692
79,20,0.1499892399999999
79,21,0.1499897799999999
79,22,0.1499892899999998
79,23,0.15004398
79,24,0.14987508
79,25,0.1499869099999998
79,26,0.1506339599999996
79,27,0.1498375799999998
79,28,0.14959665
79,29,0.14987988
79,30,0.1496478300000001
79,31,0.1496402099999998
79,32,0.1404956299999999
79,33,0.1494548599999999
79,34,0.14017516
79,35,0.1402456899999999
79,36,0.13911012
79,37,0.1399823
79,38,0.13999371
79,39,0.14017424
79,40,0.13950362
79,41,0.1393602499999999
79,42,0.13935818
79,43,0.13951422
79,44,0.1398713
79,45,0.1397432599999999
79,46,0.1398106099999997
79,47,0.1429654799999999
79,48,0.1397204099999999
79,49,0.13884203
79,50,0.13902012
79,51,0.1495358199999999
79,52,0.13955066
79,53,0.1491633599999999
79,54,0.17014141
79,55,0.1718375399999999
79,56,0.17154901
79,57,0.16830138
79,58,0.17079876
79,59,0.1890304199999999
79,60,0.1913093099999999
79,61,0.19126759
79,62,0.2092547099999999
79,63,0.2125291799999999
79,64,0.23203819
79,65,0.22029691999999992
79,66,0.2106201399999999
79,67,0.2064897399999999
79,68,0.19653735
79,69,0.2090699399999999
79,70,0.1898743499999998
79,71,0.18853834
79,72,0.1825146
79,73,0.18628617
79,74,0.18052084
79,75,0.17824265
79,76,0.17703952
79,77,0.1781176899999999
79,78,0.17816187
79,79,0.17775034
79,80,0.17598832
79,81,0.1778725899999998
79,82,0.17632234
79,83,0.1758144499999999
79,84,0.1691015899999998
79,85,0.1756935099999998
79,86,0.1710595899999999
79,87,0.17105497
79,88,0.16938951
79,89,0.17300662
79,90,0.17122715
79,91,0.17387483
79,92,0.1708689299999999
79,93,0.17111863
79,94,0.17578163
79,95,0.17576473
80,0,0.1727926699999999
80,1,0.1767274899999999
80,2,0.1753860599999999
80,3,0.17733936
80,4,0.1773479999999999
80,5,0.1767439999999999
80,6,0.1781847899999999
80,7,0.17976802
80,8,0.1802604
80,9,0.18015548
80,10,0.1829387899999999
80,11,0.18827328
80,12,0.1858398799999999
80,13,0.19882961
80,14,0.2000327999999999
80,15,0.18084211
80,16,0.1712527699999999
80,17,0.1816183799999999
80,18,0.17252164
80,19,0.17084894
80,20,0.1855150299999998
80,21,0.1901074499999999
80,22,0.18594426
80,23,0.18377857
80,24,0.1783958199999999
80,25,0.1725644999999998
80,26,0.17540721
80,27,0.17460117
80,28,0.1722511
80,29,0.17402675
80,30,0.1765853599999998
80,31,0.17328475
80,32,0.1708082999999998
80,33,0.17267686
80,34,0.1717134899999998
80,35,0.1720204899999998
80,36,0.17300572
80,37,0.17390327
80,38,0.16772069
80,39,0.16823109
80,40,0.16662594
80,41,0.1553607199999997
80,42,0.1573512799999999
80,43,0.1618736999999999
80,44,0.15983677
80,45,0.16564847
80,46,0.1668034299999999
80,47,0.1700303999999998
80,48,0.16924534
80,49,0.14987432
80,50,0.1499029
80,51,0.16368863
80,52,0.1668815399999999
80,53,0.1670900599999999
80,54,0.16771009
80,55,0.1766810399999999
80,56,0.1991936699999999
80,57,0.17705012
80,58,0.1800906899999998
80,59,0.19668878
80,60,0.21224853
80,61,0.1934123999999999
80,62,0.2008123999999999
80,63,0.20553707
80,64,0.20201683
80,65,0.19999
80,66,0.1948924
80,67,0.19687717
80,68,0.1956286299999998
80,69,0.2005824
80,70,0.18853211
80,71,0.1890469099999999
80,72,0.18464671
80,73,0.19490627
80,74,0.1911791399999998
80,75,0.1813894
80,76,0.18011403
80,77,0.1889692399999999
80,78,0.18371903
80,79,0.18271022
80,80,0.1805772
80,81,0.19986715
80,82,0.18647405
80,83,0.1844270699999999
80,84,0.1810642499999999
80,85,0.1868694099999999
80,86,0.1843314699999998
80,87,0.18430134
80,88,0.18077614
80,89,0.1960714899999999
80,90,0.18108836
80,91,0.1825723699999999
80,92,0.1811428199999999
80,93,0.1850047999999998
80,94,0.1813799999999999
80,95,0.1813799999999999
81,0,0.181
81,1,0.18206347
81,2,0.1852335199999999
81,3,0.19784226
81,4,0.1916194199999999
81,5,0.18135808
81,6,0.19021108
81,7,0.19052616
81,8,0.18690006
81,9,0.1832118
81,10,0.18909435
81,11,0.1898450199999999
81,12,0.19175999
81,13,0.2125116199999999
81,14,0.20228611
81,15,0.1854476899999999
81,16,0.18003397
81,17,0.18763272
81,18,0.1940992699999999
81,19,0.1852384799999999
81,20,0.1770872
81,21,0.1912014499999999
81,22,0.18729421
81,23,0.17979177
81,24,0.1716862799999998
81,25,0.17843859
81,26,0.1755664499999999
81,27,0.17352455
81,28,0.17058481
81,29,0.1750343
81,30,0.1728416299999998
81,31,0.17149297
81,32,0.16865642
81,33,0.1704107699999999
81,34,0.17043476
81,35,0.17043708
81,36,0.1676127
81,37,0.16785516
81,38,0.16837042
81,39,0.16785244
81,40,0.16577102
81,41,0.16601237
81,42,0.1678187299999999
81,43,0.1672047299999999
81,44,0.1664338699999999
81,45,0.1682136699999999
81,46,0.1663275899999998
81,47,0.16737398
81,48,0.16717985
81,49,0.1661278
81,50,0.1663075499999999
81,51,0.1662476799999999
81,52,0.1649439399999999
81,53,0.1581345799999998
81,54,0.16624759
81,55,0.17278266
81,56,0.1787288
81,57,0.1689282799999999
81,58,0.1735913899999999
81,59,0.18018797
81,60,0.1900212799999999
81,61,0.18532998
81,62,0.19418182
81,63,0.1996531299999999
81,64,0.20065335
81,65,0.20088085
81,66,0.1943790499999998
81,67,0.19381222
81,68,0.19033574
81,69,0.2065783199999999
81,70,0.20075265
81,71,0.1905391499999999
81,72,0.18471089
81,73,0.2081842299999998
81,74,0.2103602399999999
81,75,0.1906165499999998
81,76,0.18175249
81,77,0.1946524
81,78,0.1947124
81,79,0.1883312
81,80,0.18254095
81,81,0.19514694
81,82,0.18757365
81,83,0.1934513299999999
81,84,0.1809517699999999
81,85,0.19868201
81,86,0.19369946
81,87,0.19001484
81,88,0.1799154099999998
81,89,0.1843482899999998
81,90,0.1813504999999998
81,91,0.1813721499999999
81,92,0.1788987199999999
81,93,0.1815999999999999
81,94,0.1828411999999999
81,95,0.1931724
82,0,0.1832488399999998
82,1,0.1877441199999999
82,2,0.18601436
82,3,0.1975400199999999
82,4,0.1883092999999999
82,5,0.18793234
82,6,0.19237165
82,7,0.2092725
82,8,0.1955579899999999
82,9,0.19697058
82,10,0.21124462
82,11,0.20500332
82,12,0.19673263
82,13,0.20995822
82,14,0.20196466
82,15,0.19250609
82,16,0.1823686399999999
82,17,0.1982013799999999
82,18,0.18783918
82,19,0.16906704
82,20,0.16935816
82,21,0.18923682
82,22,0.17987511
82,23,0.17590355
82,24,0.1726830099999998
82,25,0.1805546999999999
82,26,0.1804343199999999
82,27,0.17529687
82,28,0.1725750199999998
82,29,0.17267609
82,30,0.1723679099999999
82,31,0.1718548399999999
82,32,0.17075052
82,33,0.1726790299999999
82,34,0.1714464799999999
82,35,0.1700790399999999
82,36,0.1663226599999999
82,37,0.1680472699999999
82,38,0.16887641
82,39,0.16949656
82,40,0.16879758
82,41,0.1711569799999999
82,42,0.17111777
82,43,0.1713936399999999
82,44,0.17013699
82,45,0.1693228499999998
82,46,0.1691444699999999
82,47,0.1694946999999998
82,48,0.1697931599999999
82,49,0.16727385
82,50,0.1676639899999999
82,51,0.1698661199999998
82,52,0.1685746499999998
82,53,0.1499893099999999
82,54,0.16992071
82,55,0.17327688
82,56,0.1841499399999999
82,57,0.1721416
82,58,0.1777854199999999
82,59,0.18339529
82,60,0.1994080599999998
82,61,0.18589158
82,62,0.1883863399999999
82,63,0.1932156599999999
82,64,0.18891557
82,65,0.1990127499999999
82,66,0.19880839
82,67,0.19222517
82,68,0.1856392699999999
82,69,0.19732922
82,70,0.19042017
82,71,0.18711117
82,72,0.18097974
82,73,0.1852695
82,74,0.1866995699999999
82,75,0.18093979
82,76,0.17779748
82,77,0.23383436999999987
82,78,0.1849554699999999
82,79,0.1850673099999999
82,80,0.17760137
82,81,0.1786640799999999
82,82,0.1786723199999998
82,83,0.16502067
82,84,0.1794528799999999
82,85,0.17844503
82,86,0.1757295999999999
82,87,0.1707421999999999
82,88,0.17748002
82,89,0.1775231599999999
82,90,0.17713642
82,91,0.1700993499999999
82,92,0.17633377
82,93,0.1783534499999998
82,94,0.17949154
82,95,0.17846855
83,0,0.17734305
83,1,0.1735290199999998
83,2,0.17791373
83,3,0.17786039
83,4,0.1787018699999999
83,5,0.17980128
83,6,0.1849183
83,7,0.18576106
83,8,0.19202655
83,9,0.18973644
83,10,0.19827561
83,11,0.19024456
83,12,0.22598330000000003
83,13,0.1974482899999999
83,14,0.18266666
83,15,0.1784676399999999
83,16,0.1826277399999999
83,17,0.1807200699999999
83,18,0.1720839099999998
83,19,0.1689513799999999
83,20,0.18213176
83,21,0.17746264
83,22,0.17547904
83,23,0.1672775999999999
83,24,0.1771336099999998
83,25,0.1760743899999998
83,26,0.1700242099999999
83,27,0.16628868
83,28,0.17127245
83,29,0.17174842
83,30,0.1724925199999999
83,31,0.1710915999999999
83,32,0.1742552599999999
83,33,0.1735787399999999
83,34,0.1728301599999999
83,35,0.16928226
83,36,0.17448815
83,37,0.17409383
83,38,0.17484824
83,39,0.17170485
83,40,0.1730999699999998
83,41,0.1749794199999998
83,42,0.17535775
83,43,0.1720267899999999
83,44,0.17388006
83,45,0.1713800699999999
83,46,0.1711332299999998
83,47,0.1715611299999998
83,48,0.1722933999999999
83,49,0.17557023
83,50,0.17911395
83,51,0.1817466199999998
83,52,0.17032386
83,53,0.17272342
83,54,0.18455039
83,55,0.2107389499999999
83,56,0.18172108
83,57,0.18300721
83,58,0.2015466999999999
83,59,0.2010739799999999
83,60,0.18580791
83,61,0.20011579
83,62,0.2100671999999999
83,63,0.2077008
83,64,0.21065545
83,65,0.2079696799999998
83,66,0.1995872099999999
83,67,0.19976737
83,68,0.22061266
83,69,0.20850733
83,70,0.1971934699999999
83,71,0.1933367799999999
83,72,0.20212235
83,73,0.1902702599999998
83,74,0.19409444
83,75,0.18709675
83,76,0.1852386899999999
83,77,0.18547976
83,78,0.18514299
83,79,0.1844397799999998
83,80,0.1774871499999999
83,81,0.18151989
83,82,0.1782733699999999
83,83,0.17954327
83,84,0.1793969799999999
83,85,0.17915156
83,86,0.1782451099999999
83,87,0.1823142999999999
83,88,0.18053094
83,89,0.18071106
83,90,0.17728422
83,91,0.1823138799999999
83,92,0.1822399999999999
83,93,0.1822431099999999
83,94,0.18119274
83,95,0.18091811
84,0,0.1809564099999999
84,1,0.1886695399999998
84,2,0.19715285
84,3,0.18333554
84,4,0.1885800399999999
84,5,0.1995588199999998
84,6,0.19856592
84,7,0.19012483
84,8,0.1987411099999999
84,9,0.2273661599999999
84,10,0.20595856
84,11,0.20302158
84,12,0.2201089399999999
84,13,0.1915458
84,14,0.1836783399999999
84,15,0.2284836099999998
84,16,0.19069052
84,17,0.2010258399999999
84,18,0.18479998
84,19,0.23625835999999992
84,20,0.1893331399999999
84,21,0.18573807
84,22,0.17267726
84,23,0.1758548199999999
84,24,0.1734353599999999
84,25,0.1710571
84,26,0.1667144799999998
84,27,0.16938086
84,28,0.16722538
84,29,0.1645718499999999
84,30,0.15
84,31,0.16892912
84,32,0.16697502
84,33,0.1664429399999999
84,34,0.1499900499999999
84,35,0.1657219899999999
84,36,0.1652179699999999
84,37,0.1636178799999998
84,38,0.1618716599999999
84,39,0.16623469
84,40,0.1641910899999999
84,41,0.16420577
84,42,0.1522817099999999
84,43,0.16098534
84,44,0.1635840399999999
84,45,0.1643778599999999
84,46,0.1568159399999999
84,47,0.1656262299999999
84,48,0.1659364899999998
84,49,0.1640968099999999
84,50,0.1653515599999997
84,51,0.1499894999999998
84,52,0.1593028499999999
84,53,0.1694315299999998
84,54,0.18159422
84,55,0.1740364999999999
84,56,0.17880079
84,57,0.18686457
84,58,0.2249311699999997
84,59,0.1920042199999999
84,60,0.19374206
84,61,0.19906213
84,62,0.1904699799999999
84,63,0.20067477
84,64,0.19791503
84,65,0.19269252
84,66,0.18636805
84,67,0.19887256
84,68,0.1957639399999998
84,69,0.1884823299999999
84,70,0.1877303899999998
84,71,0.1960828799999999
84,72,0.18689535
84,73,0.18311386
84,74,0.18181611
84,75,0.1895387399999999
84,76,0.1894031099999999
84,77,0.18434026
84,78,0.1813142999999999
84,79,0.17921444
84,80,0.1796846599999998
84,81,0.17982224
84,82,0.17877064
84,83,0.1800208199999998
84,84,0.18007325
84,85,0.17925944
84,86,0.17827115
84,87,0.17882668
84,88,0.1787032999999998
84,89,0.1781633499999998
84,90,0.1758448799999999
84,91,0.1787259699999999
84,92,0.17935755
84,93,0.17879
84,94,0.17878164
84,95,0.17986373
85,0,0.18377915
85,1,0.1949166799999999
85,2,0.19960163
85,3,0.20059351
85,4,0.1891377099999999
85,5,0.2004627
85,6,0.20443276
85,7,0.2061229299999999
85,8,0.1995207199999999
85,9,0.21467033
85,10,0.1985452
85,11,0.21376697
85,12,0.1983425699999998
85,13,0.17971853
85,14,0.17040455
85,15,0.1930165999999999
85,16,0.1778649099999999
85,17,0.17921418
85,18,0.17430368
85,19,0.1708961199999999
85,20,0.17049488
85,21,0.1746697999999999
85,22,0.1677238599999999
85,23,0.17056156
85,24,0.16885368
85,25,0.1685663899999999
85,26,0.16795872
85,27,0.1707882299999999
85,28,0.1699256999999999
85,29,0.1696301899999999
85,30,0.15226084
85,31,0.1723529899999999
85,32,0.17046568
85,33,0.16296723
85,34,0.1529784599999999
85,35,0.15170376
85,36,0.1506433199999998
85,37,0.15167225
85,38,0.1498499699999998
85,39,0.15167136
85,40,0.1517399699999997
85,41,0.15517239
85,42,0.15815921
85,43,0.16036788
85,44,0.1604605199999999
85,45,0.17035948
85,46,0.1700822
85,47,0.1554115999999999
85,48,0.165538
85,49,0.17026654
85,50,0.1693507399999999
85,51,0.1557397199999998
85,52,0.16479436
85,53,0.17704551
85,54,0.18919665
85,55,0.1700014199999999
85,56,0.17465158
85,57,0.1895946599999998
85,58,0.21604267
85,59,0.1820231199999999
85,60,0.19084562
85,61,0.1991031899999999
85,62,0.19114572
85,63,0.1909870699999999
85,64,0.19189786
85,65,0.18614146
85,66,0.1841358899999998
85,67,0.19352376
85,68,0.1908063299999998
85,69,0.1851662499999999
85,70,0.18119649
85,71,0.1937411
85,72,0.1837796999999999
85,73,0.1811508599999998
85,74,0.17940082
85,75,0.1858251
85,76,0.18277883
85,77,0.1794120599999999
85,78,0.17855746
85,79,0.20037673
85,80,0.1855091099999999
85,81,0.18942725
85,82,0.18353806
85,83,0.1870527599999999
85,84,0.18482154
85,85,0.18475262
85,86,0.18031811
85,87,0.18172419
85,88,0.1815693399999999
85,89,0.1811996899999998
85,90,0.17990574
85,91,0.1812522899999999
85,92,0.18125222
85,93,0.1818777399999999
85,94,0.17977711
85,95,0.1812893299999999
86,0,0.18123419
86,1,0.1838413299999998
86,2,0.18601175
86,3,0.1824750799999999
86,4,0.18334877
86,5,0.18400412
86,6,0.1843225299999999
86,7,0.18120733
86,8,0.18180867
86,9,0.2050616399999998
86,10,0.18194155
86,11,0.1997168599999998
86,12,0.1847161699999999
86,13,0.17849521
86,14,0.1720597799999999
86,15,0.18460777
86,16,0.1799646099999998
86,17,0.16761293
86,18,0.15088387
86,19,0.1698991499999999
86,20,0.17410776
86,21,0.1717912899999999
86,22,0.1498199699999999
86,23,0.14985186
86,24,0.1498556299999999
86,25,0.1498035199999999
86,26,0.14951996
86,27,0.15124545
86,28,0.1684900799999999
86,29,0.1501235699999999
86,30,0.1497864099999999
86,31,0.14975537
86,32,0.1497989299999998
86,33,0.1497759699999999
86,34,0.1495996399999999
86,35,0.1498384499999999
86,36,0.1498500699999997
86,37,0.14977307
86,38,0.1497644899999998
86,39,0.1498183699999999
86,40,0.1506224299999998
86,41,0.1516851099999999
86,42,0.1508889699999999
86,43,0.1516801999999999
86,44,0.16345123
86,45,0.1710079
86,46,0.17342549
86,47,0.15732253
86,48,0.1615386699999999
86,49,0.17218374
86,50,0.1788024599999998
86,51,0.1566879699999999
86,52,0.17148637
86,53,0.19107126
86,54,0.20940449
86,55,0.1777919799999999
86,56,0.1799621599999999
86,57,0.19190516
86,58,0.1997587799999998
86,59,0.2001478099999999
86,60,0.20110944
86,61,0.2153753299999999
86,62,0.2011521799999999
86,63,0.2155944799999999
86,64,0.20035401
86,65,0.1959674699999999
86,66,0.19015131
86,67,0.1984984199999999
86,68,0.1905492299999999
86,69,0.19048698
86,70,0.1811861599999999
86,71,0.19159176
86,72,0.18296381
86,73,0.1803441
86,74,0.17692278
86,75,0.1801854699999999
86,76,0.1795860699999999
86,77,0.17834025
86,78,0.17641709
86,79,0.17798473
86,80,0.1785836999999999
86,81,0.1776952199999999
86,82,0.1755425099999999
86,83,0.17788243
86,84,0.17809784
86,85,0.17639606
86,86,0.1749851399999999
86,87,0.17810789
86,88,0.1778001
86,89,0.1777375999999999
86,90,0.1759006599999999
86,91,0.17613834
86,92,0.17898903
86,93,0.17948538
86,94,0.1774953199999999
86,95,0.1787096499999998
87,0,0.1796388
87,1,0.1856824299999998
87,2,0.1812230199999999
87,3,0.18021214
87,4,0.18177403
87,5,0.18936824
87,6,0.1893108599999998
87,7,0.18190324
87,8,0.19100198
87,9,0.1916895499999999
87,10,0.1906618
87,11,0.2216941299999999
87,12,0.19083154
87,13,0.1782089099999998
87,14,0.17737139
87,15,0.19008738
87,16,0.18820947
87,17,0.1800620399999998
87,18,0.1763100499999998
87,19,0.1701349699999998
87,20,0.16942464
87,21,0.1708108299999998
87,22,0.16210159
87,23,0.16793873
87,24,0.1664917699999999
87,25,0.16505714
87,26,0.1554438099999999
87,27,0.1673720199999999
87,28,0.1679028599999999
87,29,0.1668846099999999
87,30,0.16680525
87,31,0.16993262
87,32,0.1698394899999999
87,33,0.16879952
87,34,0.1550720599999999
87,35,0.1678750799999999
87,36,0.16819365
87,37,0.16899706
87,38,0.16302054
87,39,0.1667456
87,40,0.1676457
87,41,0.16933478
87,42,0.16597846
87,43,0.16665164
87,44,0.1682250499999999
87,45,0.1704255299999999
87,46,0.16515503
87,47,0.1572172299999999
87,48,0.1609129299999999
87,49,0.16751462
87,50,0.1701364699999999
87,51,0.1499896799999999
87,52,0.15931122
87,53,0.1865976799999999
87,54,0.2134435999999999
87,55,0.17814414
87,56,0.1777046
87,57,0.19521893
87,58,0.24082757000000002
87,59,0.1973202
87,60,0.19908175
87,61,0.2078834099999998
87,62,0.19615564
87,63,0.2039037
87,64,0.1982755099999999
87,65,0.19416
87,66,0.1912828899999999
87,67,0.2195459299999999
87,68,0.20042856
87,69,0.20072017
87,70,0.18878549
87,71,0.20075031
87,72,0.1967514999999999
87,73,0.19056108
87,74,0.1832707499999999
87,75,0.1906348
87,76,0.19724157
87,77,0.1853889499999998
87,78,0.18093328
87,79,0.18914258
87,80,0.1849750999999999
87,81,0.1858361
87,82,0.1807877599999999
87,83,0.18188595
87,84,0.18066152
87,85,0.1807517099999999
87,86,0.17220432
87,87,0.1771529099999998
87,88,0.17814765
87,89,0.1781909199999999
87,90,0.1766312
87,91,0.18607708
87,92,0.18880315
87,93,0.1886641799999999
87,94,0.1837659999999999
87,95,0.1823542599999999
88,0,0.18444335
88,1,0.1849110099999999
88,2,0.18314629
88,3,0.17909859
88,4,0.1804447499999999
88,5,0.18484656
88,6,0.1829652
88,7,0.19418607
88,8,0.20852102
88,9,0.2090013799999999
88,10,0.1960114399999999
88,11,0.2144826799999999
88,12,0.2135774999999999
88,13,0.1993778499999999
88,14,0.17429822
88,15,0.2044112
88,16,0.18207466
88,17,0.1731705699999999
88,18,0.1667576
88,19,0.1779490199999999
88,20,0.17064223
88,21,0.1611383299999998
88,22,0.15178985
88,23,0.17190238
88,24,0.1703563
88,25,0.1690185
88,26,0.15
88,27,0.16819976
88,28,0.1682702499999999
88,29,0.16850214
88,30,0.16542154
88,31,0.1663254799999998
88,32,0.1517341499999999
88,33,0.1510405399999997
88,34,0.1499889499999999
88,35,0.1499894199999999
88,36,0.15
88,37,0.1570284299999998
88,38,0.1499894199999999
88,39,0.1499894599999999
88,40,0.15705668
88,41,0.1601219999999999
88,42,0.1601390299999999
88,43,0.1622736299999999
88,44,0.1601679399999999
88,45,0.16616927
88,46,0.1670087599999998
88,47,0.1634943899999999
88,48,0.1650897699999998
88,49,0.1680223499999999
88,50,0.16851409
88,51,0.1499916299999999
88,52,0.1673306499999998
88,53,0.1939378699999999
88,54,0.21193214
88,55,0.1791138599999999
88,56,0.17984088
88,57,0.20110439
88,58,0.23453516
88,59,0.20868429
88,60,0.22414377
88,61,0.2348855599999999
88,62,0.20409779
88,63,0.19996602
88,64,0.19652443
88,65,0.1979243299999999
88,66,0.1883341899999999
88,67,0.20208858
88,68,0.19872646
88,69,0.1938903
88,70,0.18653092
88,71,0.1954444599999999
88,72,0.1898328799999999
88,73,0.1887392499999998
88,74,0.18563499
88,75,0.18925018
88,76,0.18706807
88,77,0.1858206299999999
88,78,0.1808605399999999
88,79,0.20453979
88,80,0.1901863899999999
88,81,0.20501845
88,82,0.18538029
88,83,0.20814859
88,84,0.1961732099999999
88,85,0.18462897
88,86,0.1833032699999999
88,87,0.1966748299999999
88,88,0.1848656699999999
88,89,0.18973271
88,90,0.18230958
88,91,0.18415261
88,92,0.1833714299999999
88,93,0.18110808
88,94,0.1799481599999999
88,95,0.18464378
89,0,0.19201212
89,1,0.1845150299999998
89,2,0.18828869
89,3,0.1834425
89,4,0.19139746
89,5,0.19773492
89,6,0.1940945099999998
89,7,0.18757087
89,8,0.19239345
89,9,0.1899324099999998
89,10,0.1911324999999999
89,11,0.2249987999999998
89,12,0.1940011999999999
89,13,0.18541126
89,14,0.1790825
89,15,0.1899033799999999
89,16,0.1787786799999999
89,17,0.1796399699999999
89,18,0.1738409799999998
89,19,0.18105324
89,20,0.17579948
89,21,0.17565313
89,22,0.17275954
89,23,0.1732891099999998
89,24,0.18066519
89,25,0.1723403099999998
89,26,0.1729695799999999
89,27,0.1719520499999999
89,28,0.1739560199999999
89,29,0.1759456
89,30,0.1690860599999999
89,31,0.17575514
89,32,0.1731758
89,33,0.17459325
89,34,0.1715162399999999
89,35,0.1763660499999998
89,36,0.17397998
89,37,0.1743559199999998
89,38,0.1721045699999999
89,39,0.17434882
89,40,0.17403884
89,41,0.1719098899999999
89,42,0.1732705499999999
89,43,0.1682388999999998
89,44,0.1681111599999999
89,45,0.17381824
89,46,0.1762120299999999
89,47,0.16864244
89,48,0.1693230099999998
89,49,0.17093057
89,50,0.1724411299999998
89,51,0.1519560399999999
89,52,0.1702483399999998
89,53,0.1802989799999998
89,54,0.19359149
89,55,0.18036464
89,56,0.1848504799999999
89,57,0.19807128
89,58,0.23473838
89,59,0.20468954
89,60,0.20247599
89,61,0.23767343999999987
89,62,0.1988524299999998
89,63,0.20269198
89,64,0.20066209
89,65,0.1998099799999998
89,66,0.19408553
89,67,0.20461817
89,68,0.1990860499999999
89,69,0.19520421
89,70,0.18883142
89,71,0.1990267599999998
89,72,0.19047477
89,73,0.1890647599999999
89,74,0.1865852699999998
89,75,0.21870699
89,76,0.18956588
89,77,0.18811415
89,78,0.1815688
89,79,0.1874769599999998
89,80,0.18682266
89,81,0.1877355
89,82,0.184865
89,83,0.18988349
89,84,0.19637137
89,85,0.18730787
89,86,0.18040314
89,87,0.1823129
89,88,0.18147037
89,89,0.1810463099999999
89,90,0.1810570499999998
89,91,0.1808692399999999
89,92,0.18079752
89,93,0.1808945399999998
89,94,0.1794181199999999
89,95,0.18078206
90,0,0.1818333499999999
90,1,0.18211609
90,2,0.18217439
90,3,0.1808698199999999
90,4,0.1823797699999998
90,5,0.1853298899999998
90,6,0.18948099
90,7,0.18326564
90,8,0.1841560299999999
90,9,0.1876002499999998
90,10,0.1841862699999999
90,11,0.1971967099999998
90,12,0.1885542799999999
90,13,0.18406025
90,14,0.1727179199999998
90,15,0.1838107199999999
90,16,0.1843050899999999
90,17,0.1754514299999999
90,18,0.17203983
90,19,0.1782515699999998
90,20,0.18020909
90,21,0.17573284
90,22,0.1728037099999999
90,23,0.17798471
90,24,0.1722662399999999
90,25,0.1733115499999999
90,26,0.1695436899999998
90,27,0.1799356099999999
90,28,0.1809352899999999
90,29,0.16966797
90,30,0.16936287
90,31,0.1743897199999998
90,32,0.1719286599999999
90,33,0.1736776599999999
90,34,0.1793931399999998
90,35,0.1763705599999999
90,36,0.1734248399999998
90,37,0.1720147199999999
90,38,0.1690480099999999
90,39,0.17038757
90,40,0.1712396
90,41,0.17985893
90,42,0.17261924
90,43,0.1796119899999999
90,44,0.1746048
90,45,0.17973474
90,46,0.1760349699999999
90,47,0.1704556799999999
90,48,0.17701969
90,49,0.1819413599999998
90,50,0.17238122
90,51,0.16937942
90,52,0.17134135
90,53,0.1801852599999999
90,54,0.18473398
90,55,0.17573257
90,56,0.1795240599999999
90,57,0.19014827
90,58,0.20868797
90,59,0.1860518899999998
90,60,0.19164908
90,61,0.1994749899999999
90,62,0.19006986
90,63,0.2055878999999998
90,64,0.19451645
90,65,0.1916275399999999
90,66,0.18369489
90,67,0.19499599
90,68,0.20210244
90,69,0.1897480199999999
90,70,0.1850681299999998
90,71,0.1931561299999999
90,72,0.1912685
90,73,0.18173936
90,74,0.1793949799999999
90,75,0.1812416799999999
90,76,0.18057761
90,77,0.17949077
90,78,0.1770575399999999
90,79,0.183825
90,80,0.18206617
90,81,0.1824989099999999
90,82,0.1799172
90,83,0.18161974
90,84,0.18036185
90,85,0.18194143
90,86,0.1794775999999999
90,87,0.18012339
90,88,0.1800089599999998
90,89,0.17982296
90,90,0.1793288499999999
90,91,0.1798632599999998
90,92,0.1798395499999999
90,93,0.18022643
90,94,0.1796785599999999
90,95,0.1804300399999999
91,0,0.18030057
91,1,0.1851733199999999
91,2,0.18516586
91,3,0.1815580199999999
91,4,0.18600787
91,5,0.19536688
91,6,0.19568687
91,7,0.18947603
91,8,0.20226421
91,9,0.1963400599999999
91,10,0.19506191
91,11,0.19131868
91,12,0.1851502899999999
91,13,0.1784226099999997
91,14,0.1704216599999999
91,15,0.19597539
91,16,0.1860567
91,17,0.17078337
91,18,0.15822793
91,19,0.17092193
91,20,0.1721920999999999
91,21,0.1718606899999999
91,22,0.18308717
91,23,0.1869566899999999
91,24,0.18526852
91,25,0.17892285
91,26,0.18266095
91,27,0.18560173
91,28,0.1989222
91,29,0.1927973899999999
91,30,0.18426042
91,31,0.18741404
91,32,0.1821231499999999
91,33,0.18162733
91,34,0.17386394
91,35,0.17697828
91,36,0.17444076
91,37,0.17294942
91,38,0.17185575
91,39,0.17436635
91,40,0.1706828999999999
91,41,0.1746217
91,42,0.17503839
91,43,0.1720996199999999
91,44,0.1715830599999999
91,45,0.17424502
91,46,0.1720292
91,47,0.1685453999999999
91,48,0.1689998899999999
91,49,0.1722776399999999
91,50,0.1774098599999999
91,51,0.17718545
91,52,0.1770416
91,53,0.1859663099999999
91,54,0.1907412
91,55,0.1610611499999999
91,56,0.15284211
91,57,0.1701055999999998
91,58,0.1874860299999998
91,59,0.18525932
91,60,0.2149988
91,61,0.19977105
91,62,0.1887357199999999
91,63,0.19669677
91,64,0.1867557299999999
91,65,0.20080799
91,66,0.2086330199999999
91,67,0.1921844899999999
91,68,0.18699886
91,69,0.19374526
91,70,0.18760981
91,71,0.18204899
91,72,0.1804979
91,73,0.18793007
91,74,0.1866196399999999
91,75,0.1816997299999999
91,76,0.1783537699999999
91,77,0.1838042
91,78,0.1813857799999998
91,79,0.1813450699999998
91,80,0.18120775
91,81,0.18593558
91,82,0.1852024899999998
91,83,0.1863936199999999
91,84,0.1812937399999999
91,85,0.1826382
91,86,0.1823647099999999
91,87,0.18214007
91,88,0.18155662
91,89,0.18519235
91,90,0.1852556999999998
91,91,0.18529794
91,92,0.18434554
91,93,0.1905873599999999
91,94,0.1972390299999999
91,95,0.19436952
92,0,0.1860356999999999
92,1,0.1839699099999999
92,2,0.18488553
92,3,0.18603919
92,4,0.18608323
92,5,0.18547226
92,6,0.18990336
92,7,0.1904935999999999
92,8,0.18124529
92,9,0.19018803
92,10,0.18334351
92,11,0.1786745799999999
92,12,0.16247266
92,13,0.17208668
92,14,0.1739045399999998
92,15,0.1796058799999998
92,16,0.14999842
92,17,0.1818743399999999
92,18,0.18031515
92,19,0.1764430399999999
92,20,0.1611728699999999
92,21,0.1746041999999999
92,22,0.1769437499999999
92,23,0.1533934999999999
92,24,0.15053489
92,25,0.16957097
92,26,0.1506268899999999
92,27,0.14998928
92,28,0.1499887899999999
92,29,0.1500004999999999
92,30,0.1499892399999999
92,31,0.1499894499999999
92,32,0.1499889899999999
92,33,0.14998954
92,34,0.14998896
92,35,0.14998917
92,36,0.14998919
92,37,0.1499891799999998
92,38,0.14998956
92,39,0.1499895999999997
92,40,0.14998951
92,41,0.15000146
92,42,0.1506675999999999
92,43,0.1622002299999999
92,44,0.16443278
92,45,0.1643846799999999
92,46,0.16953329
92,47,0.16807685
92,48,0.17085986
92,49,0.1624001
92,50,0.1672473
92,51,0.17567
92,52,0.1800047999999998
92,53,0.1703138899999999
92,54,0.1741522
92,55,0.18765758
92,56,0.25890508
92,57,0.18387801
92,58,0.1903954299999999
92,59,0.20464177
92,60,0.2107966999999999
92,61,0.2032295499999999
92,62,0.1986486599999999
92,63,0.19488613
92,64,0.1832992999999999
92,65,0.1905786999999999
92,66,0.1957696599999999
92,67,0.19114833
92,68,0.1901409299999999
92,69,0.2043499599999998
92,70,0.1928792899999999
92,71,0.1894357799999998
92,72,0.18470169
92,73,0.18882637
92,74,0.1871718699999999
92,75,0.18663844
92,76,0.1844481899999999
92,77,0.1894277699999999
92,78,0.18392211
92,79,0.18317548
92,80,0.18006746
92,81,0.18458327
92,82,0.18249687
92,83,0.18228325
92,84,0.1786279699999998
92,85,0.1824122799999999
92,86,0.181094
92,87,0.1804633999999998
92,88,0.17824581
92,89,0.18244095
92,90,0.1824053699999999
92,91,0.18184194
92,92,0.1787888899999998
92,93,0.1812589899999999
92,94,0.18507582
92,95,0.18475186
93,0,0.1816897999999999
93,1,0.18328329
93,2,0.1826976
93,3,0.1830156299999999
93,4,0.1816167
93,5,0.1832471799999999
93,6,0.1832707999999999
93,7,0.18526492
93,8,0.17954791
93,9,0.1831304299999999
93,10,0.1927935299999999
93,11,0.18467555
93,12,0.1827279599999999
93,13,0.1854058499999999
93,14,0.1755966699999999
93,15,0.17494294
93,16,0.1600787599999999
93,17,0.16865322
93,18,0.1726917399999999
93,19,0.1729136599999998
93,20,0.1712104299999998
93,21,0.1810304499999998
93,22,0.1759916299999999
93,23,0.1708500599999998
93,24,0.1488839799999998
93,25,0.1499199499999999
93,26,0.1487145499999997
93,27,0.14896375
93,28,0.1487987999999999
93,29,0.16636877
93,30,0.1503174299999998
93,31,0.1503172799999998
93,32,0.1499006699999999
93,33,0.1499036699999999
93,34,0.1502637299999999
93,35,0.15031747
93,36,0.1499898199999998
93,37,0.1502846499999999
93,38,0.15031753
93,39,0.1503310599999999
93,40,0.15000058
93,41,0.1503311499999999
93,42,0.1499896099999998
93,43,0.1565378399999999
93,44,0.15
93,45,0.1499900199999997
93,46,0.16524347
93,47,0.16811009
93,48,0.1682827699999998
93,49,0.16681324
93,50,0.16790351
93,51,0.1854320299999998
93,52,0.1939004099999999
93,53,0.1757607999999999
93,54,0.1788161399999999
93,55,0.18535398
93,56,0.19393298
93,57,0.1808206899999998
93,58,0.18167702
93,59,0.1886086599999999
93,60,0.18301034
93,61,0.1860283499999999
93,62,0.18942243
93,63,0.1864813899999998
93,64,0.1846960299999999
93,65,0.1926723099999999
93,66,0.1898592399999999
93,67,0.1900673199999999
93,68,0.1872445499999998
93,69,0.20197629
93,70,0.19348951
93,71,0.1873594499999999
93,72,0.18411745
93,73,0.1982238699999998
93,74,0.19499985
93,75,0.1869564499999998
93,76,0.1833141
93,77,0.18713736
93,78,0.1820567899999998
93,79,0.1814821399999999
93,80,0.17895805
93,81,0.18267347
93,82,0.18286162
93,83,0.1828791099999999
93,84,0.1793481799999999
93,85,0.18026717
93,86,0.1800875999999999
93,87,0.1787536799999998
93,88,0.1765032
93,89,0.18004881
93,90,0.18187843
93,91,0.18088835
93,92,0.1796719999999999
93,93,0.18221278
93,94,0.1855966
93,95,0.1868420399999999
94,0,0.18676285
94,1,0.18164979
94,2,0.18288066
94,3,0.19361333
94,4,0.19722472
94,5,0.19179282
94,6,0.20982514
94,7,0.2081281499999999
94,8,0.1911882
94,9,0.21457695
94,10,0.19460555
94,11,0.1832698999999999
94,12,0.1786183199999998
94,13,0.1859519099999998
94,14,0.17720521
94,15,0.17740985
94,16,0.1728616899999999
94,17,0.1895754
94,18,0.1891255099999998
94,19,0.1798124799999998
94,20,0.1906835899999999
94,21,0.20421308
94,22,0.20507145
94,23,0.20109673
94,24,0.21049904
94,25,0.21116622
94,26,0.2030488099999998
94,27,0.2055019
94,28,0.1956338499999998
94,29,0.19911206
94,30,0.20015526
94,31,0.18869905
94,32,0.18272354
94,33,0.2042269799999999
94,34,0.19072874
94,35,0.18723301
94,36,0.18332258
94,37,0.20036123
94,38,0.1843820899999999
94,39,0.200108
94,40,0.18376734
94,41,0.18357128
94,42,0.18052745
94,43,0.1838901299999999
94,44,0.17193693
94,45,0.1705919699999999
94,46,0.16980244
94,47,0.1812826
94,48,0.18131951
94,49,0.1709084599999999
94,50,0.1824410099999999
94,51,0.2124032599999999
94,52,0.21036264
94,53,0.1778086299999999
94,54,0.18065569
94,55,0.1871605699999999
94,56,0.21018652
94,57,0.18940651
94,58,0.19151215
94,59,0.23748918
94,60,0.23814057000000002
94,61,0.19774123
94,62,0.19457733
94,63,0.1974981099999999
94,64,0.1906051599999999
94,65,0.19996411
94,66,0.1901296899999999
94,67,0.1907475599999999
94,68,0.18487436
94,69,0.2064856199999999
94,70,0.18907968
94,71,0.1883704699999999
94,72,0.1830011999999999
94,73,0.19922365
94,74,0.1890693499999998
94,75,0.18431524
94,76,0.18134187
94,77,0.19005731
94,78,0.19105012
94,79,0.1865384
94,80,0.1850336
94,81,0.18541527
94,82,0.18421782
94,83,0.1848127799999999
94,84,0.1820388099999999
94,85,0.18444491
94,86,0.1831796799999999
94,87,0.1820785699999999
94,88,0.17998
94,89,0.18309106
94,90,0.18107755
94,91,0.1804311999999999
94,92,0.1778912
94,93,0.18325578
94,94,0.1841087299999998
94,95,0.19002
95,0,0.18994428
95,1,0.18356563
95,2,0.18350868
95,3,0.19395792
95,4,0.2038613499999998
95,5,0.18472027
95,6,0.1973593099999999
95,7,0.1945512
95,8,0.2035250799999998
95,9,0.2092089999999999
95,10,0.1948724299999999
95,11,0.2015375999999999
95,12,0.17921575
95,13,0.2150140499999999
95,14,0.2053742599999999
95,15,0.1882768499999999
95,16,0.1898762999999998
95,17,0.20604856
95,18,0.18225686
95,19,0.18718788
95,20,0.1766293599999999
95,21,0.18032269
95,22,0.1808507399999999
95,23,0.1801426799999999
95,24,0.17683161
95,25,0.1914273699999999
95,26,0.1821675799999999
95,27,0.17996884
95,28,0.1789522699999998
95,29,0.1850669699999998
95,30,0.19185013
95,31,0.1854361199999999
95,32,0.1807786499999999
95,33,0.18740589
95,34,0.196467
95,35,0.1860561
95,36,0.1810214199999999
95,37,0.1813056999999999
95,38,0.1728317
95,39,0.1747517199999999
95,40,0.1797852399999999
95,41,0.1713714999999999
95,42,0.17942621
95,43,0.2076373899999999
95,44,0.2025382
95,45,0.20121389
95,46,0.1907921099999999
95,47,0.20835994
95,48,0.2086284199999999
95,49,0.1781505899999998
95,50,0.1836872699999999
95,51,0.19549089
95,52,0.20929017
95,53,0.1799291899999999
95,54,0.18463161
95,55,0.19716276
95,56,0.23565919999999987
95,57,0.2059267799999999
95,58,0.2366538999999999
95,59,0.25691339999999974
95,60,0.2078548999999999
95,61,0.20434117
95,62,0.2082294399999998
95,63,0.20232295
95,64,0.1954772
95,65,0.2087709599999999
95,66,0.2013720499999998
95,67,0.2008303
95,68,0.1854631699999999
95,69,0.20695759
95,70,0.19842263
95,71,0.1913277599999999
95,72,0.1863508499999999
95,73,0.19195621
95,74,0.18996694
95,75,0.1904652999999999
95,76,0.18320572
95,77,0.19133598
95,78,0.18702082
95,79,0.18580505
95,80,0.18119366
95,81,0.18678092
95,82,0.1827083099999999
95,83,0.1830596499999999
95,84,0.18022833
95,85,0.18170759
95,86,0.18123498
95,87,0.1811789899999999
95,88,0.17788243
95,89,0.1802883499999999
95,90,0.18167487
95,91,0.18118145
95,92,0.17925631
95,93,0.17973941
95,94,0.1808294799999999
95,95,0.1850045099999999
96,0,0.18072051
96,1,0.1783865099999998
96,2,0.17995622
96,3,0.1826944699999998
96,4,0.18408003
96,5,0.18301628
96,6,0.1885357599999998
96,7,0.19122648
96,8,0.18488078
96,9,0.19088665
96,10,0.19093599
96,11,0.18006128
96,12,0.1675122799999999
96,13,0.1799085599999999
96,14,0.1736474499999999
96,15,0.1670806399999999
96,16,0.1557266999999999
96,17,0.1705673699999998
96,18,0.17076417
96,19,0.1568854199999998
96,20,0.17093768
96,21,0.18420925
96,22,0.1822779199999999
96,23,0.17985249
96,24,0.16223995
96,25,0.1758781499999999
96,26,0.17264242
96,27,0.16782853
96,28,0.1698013399999999
96,29,0.17885119
96,30,0.17625325
96,31,0.1750889199999999
96,32,0.16975847
96,33,0.17192409
96,34,0.1739297199999999
96,35,0.1695103899999999
96,36,0.16833135
96,37,0.1682736499999998
96,38,0.1729991099999999
96,39,0.17573858
96,40,0.17199503
96,41,0.16930024
96,42,0.16903952
96,43,0.17209448
96,44,0.173012
96,45,0.17060563
96,46,0.1708039499999999
96,47,0.1892075
96,48,0.19906577
96,49,0.16928395
96,50,0.1810748299999998
96,51,0.19232211
96,52,0.19775315
96,53,0.1795899499999998
96,54,0.18135724
96,55,0.1964416999999998
96,56,0.2024301599999998
96,57,0.19470779
96,58,0.21549025
96,59,0.2170137499999999
96,60,0.20050869
96,61,0.21596421
96,62,0.2107040499999999
96,63,0.20633769
96,64,0.19317376
96,65,0.20887697
96,66,0.1978444099999999
96,67,0.1961796099999999
96,68,0.1868441799999999
96,69,0.19919498
96,70,0.18965128
96,71,0.1901588
96,72,0.18084698
96,73,0.19578273
96,74,0.18431016
96,75,0.18151
96,76,0.17972404
96,77,0.1843988
96,78,0.18046322
96,79,0.18097325
96,80,0.1791700199999999
96,81,0.18105675
96,82,0.1801968
96,83,0.1800323999999999
96,84,0.1782727699999998
96,85,0.18011457
96,86,0.18002709
96,87,0.1789895499999998
96,88,0.1754712
96,89,0.18006186
96,90,0.18002941
96,91,0.1784061699999999
96,92,0.1765411999999999
96,93,0.1801753999999999
96,94,0.1810361199999999
96,95,0.1832812
97,0,0.18137
97,1,0.1805162599999999
97,2,0.18234479
97,3,0.18542582
97,4,0.18680957
97,5,0.1820004199999998
97,6,0.18338198
97,7,0.18463906
97,8,0.18077514
97,9,0.2088765199999999
97,10,0.1922301199999999
97,11,0.1801258
97,12,0.1758528899999999
97,13,0.18765637
97,14,0.1796309499999999
97,15,0.1721889199999999
97,16,0.1687638199999999
97,17,0.1701354699999999
97,18,0.1714712099999999
97,19,0.17130402
97,20,0.1636417
97,21,0.16933951
97,22,0.17124382
97,23,0.1711786999999999
97,24,0.1707845
97,25,0.1712222399999998
97,26,0.1720002099999999
97,27,0.1710093899999999
97,28,0.1520248799999998
97,29,0.17034383
97,30,0.1696995399999999
97,31,0.16481249
97,32,0.1499893199999999
97,33,0.1511472799999998
97,34,0.1647383
97,35,0.1646741599999999
97,36,0.15000267
97,37,0.17264318
97,38,0.1727101199999999
97,39,0.1696735499999998
97,40,0.1721836099999999
97,41,0.16951829
97,42,0.1704848399999999
97,43,0.1670704999999999
97,44,0.17011895
97,45,0.1621842599999998
97,46,0.15761268
97,47,0.1648784999999999
97,48,0.1667942099999999
97,49,0.1576825599999999
97,50,0.16510471
97,51,0.1697194
97,52,0.1755493
97,53,0.17216742
97,54,0.1789111
97,55,0.19013254
97,56,0.2249693699999998
97,57,0.1862430699999999
97,58,0.1890602999999999
97,59,0.1972118699999999
97,60,0.1964710999999999
97,61,0.20848163
97,62,0.19298692
97,63,0.19008658
97,64,0.18853952
97,65,0.1940391
97,66,0.1905810099999999
97,67,0.1877732899999999
97,68,0.1838361
97,69,0.20536574
97,70,0.19052288
97,71,0.18558078
97,72,0.1810012
97,73,0.19271768
97,74,0.1873294599999999
97,75,0.1812112
97,76,0.18049734
97,77,0.1875598299999999
97,78,0.19066173
97,79,0.18361671
97,80,0.1806127899999999
97,81,0.1860447
97,82,0.18446946
97,83,0.18346168
97,84,0.18174859
97,85,0.18208837
97,86,0.18170426
97,87,0.18037492
97,88,0.18046404
97,89,0.1816913299999999
97,90,0.1823368999999998
97,91,0.1834117799999998
97,92,0.1817216799999998
97,93,0.1813462299999998
97,94,0.1822107899999999
97,95,0.18392575
98,0,0.1856319899999998
98,1,0.17912011
98,2,0.1832067599999998
98,3,0.1862498999999999
98,4,0.1912946099999999
98,5,0.18738899
98,6,0.19170494
98,7,0.1914408499999998
98,8,0.1839688
98,9,0.18994162
98,10,0.18497678
98,11,0.18310154
98,12,0.17772129
98,13,0.20737623
98,14,0.19205793
98,15,0.18838858
98,16,0.18273635
98,17,0.1870312999999999
98,18,0.19415269
98,19,0.19024696
98,20,0.18066256
98,21,0.18736139
98,22,0.1853134
98,23,0.17958962
98,24,0.1768602499999998
98,25,0.18043399
98,26,0.1827921799999999
98,27,0.18187881
98,28,0.17239585
98,29,0.1770911599999998
98,30,0.17538218
98,31,0.1754558699999999
98,32,0.1746921099999999
98,33,0.1745589899999998
98,34,0.17248704
98,35,0.17131372
98,36,0.1697917
98,37,0.1745965899999998
98,38,0.17406472
98,39,0.17259789
98,40,0.17208673
98,41,0.17267806
98,42,0.17403986
98,43,0.1898119
98,44,0.1741251899999999
98,45,0.1684842699999999
98,46,0.1686323299999998
98,47,0.1707956199999999
98,48,0.1710760899999999
98,49,0.16799999
98,50,0.1702859699999999
98,51,0.18611499
98,52,0.19908096
98,53,0.1734015799999999
98,54,0.1801409699999999
98,55,0.2086395999999999
98,56,0.2088243
98,57,0.18451591
98,58,0.2024586499999999
98,59,0.2111930699999999
98,60,0.2024964
98,61,0.23988344999999991
98,62,0.22395626999999987
98,63,0.2014351699999998
98,64,0.1899403
98,65,0.20154838
98,66,0.18958598
98,67,0.1894558499999999
98,68,0.18462718
98,69,0.20016076
98,70,0.1948868799999999
98,71,0.18892238
98,72,0.1819451799999999
98,73,0.1944547499999998
98,74,0.1889522099999999
98,75,0.1889505199999999
98,76,0.1829610499999999
98,77,0.19181761
98,78,0.18457697
98,79,0.18415752
98,80,0.18075056
98,81,0.1818812
98,82,0.1831962399999999
98,83,0.18175431
98,84,0.17994372
98,85,0.1813799999999999
98,86,0.18
98,87,0.1810170799999998
98,88,0.1782055099999999
98,89,0.1784624
98,90,0.1784223999999999
98,91,0.1784923999999999
98,92,0.17729
98,93,0.1790691899999999
98,94,0.1808188
98,95,0.1818936
99,0,0.17949655
99,1,0.1833812
99,2,0.18653772
99,3,0.18892651
99,4,0.1854984
99,5,0.1901391399999999
99,6,0.18715159
99,7,0.18784812
99,8,0.1849010799999999
99,9,0.19262282
99,10,0.1812693599999999
99,11,0.1794758299999999
99,12,0.1674492699999999
99,13,0.17123551
99,14,0.1683888
99,15,0.16909638
99,16,0.15004069
99,17,0.1676134499999998
99,18,0.1677073999999998
99,19,0.1687648999999999
99,20,0.17031094
99,21,0.17908232
99,22,0.1841812499999999
99,23,0.17657886
99,24,0.16989328
99,25,0.1700448199999999
99,26,0.17046028
99,27,0.1714771199999999
99,28,0.16780846
99,29,0.1704887599999999
99,30,0.1707146999999998
99,31,0.1668607599999998
99,32,0.1499890899999998
99,33,0.16360284
99,34,0.1555870099999998
99,35,0.1500099299999999
99,36,0.15
99,37,0.1641268
99,38,0.1514048299999998
99,39,0.16309861
99,40,0.1520301299999999
99,41,0.1630890999999999
99,42,0.16868518
99,43,0.1671023999999999
99,44,0.1692387999999999
99,45,0.1667487999999999
99,46,0.1697188
99,47,0.1697188
99,48,0.17158119
99,49,0.1664964599999999
99,50,0.16910437
99,51,0.1751458599999999
99,52,0.1951629
99,53,0.17673603
99,54,0.18230768
99,55,0.19532931
99,56,0.34644951
99,57,0.1978893599999999
99,58,0.19571056
99,59,0.198844
99,60,0.20114596
99,61,0.19844301
99,62,0.1968099999999999
99,63,0.1897599999999999
99,64,0.1870971
99,65,0.2059584199999999
99,66,0.20489775
99,67,0.19420629
99,68,0.1875569799999999
99,69,0.20156499
99,70,0.210167
99,71,0.19599247
99,72,0.1862327299999999
99,73,0.1955135099999999
99,74,0.19088066
99,75,0.1877096699999999
99,76,0.1865891399999999
99,77,0.2080261299999999
99,78,0.1953274199999999
99,79,0.1948354099999999
99,80,0.1853039
99,81,0.20590137
99,82,0.2033088399999999
99,83,0.19332146
99,84,0.19089329
99,85,0.19587205
99,86,0.1951110399999999
99,87,0.19261678
99,88,0.1836504399999998
99,89,0.19946877
99,90,0.1969613299999999
99,91,0.19275735
99,92,0.18746005
99,93,0.2062645199999999
99,94,0.19253824
99,95,0.19078242
100,0,0.1895202299999999
100,1,0.19060805
100,2,0.19095517
100,3,0.1917898499999999
100,4,0.19078518
100,5,0.1873741899999998
100,6,0.1901041299999999
100,7,0.19246606
100,8,0.1817939999999999
100,9,0.1954184999999999
100,10,0.1836813399999999
100,11,0.1844125999999999
100,12,0.17318439
100,13,0.20176314
100,14,0.18882276
100,15,0.1844446099999999
100,16,0.17387885
100,17,0.18660116
100,18,0.1836657899999999
100,19,0.18313932
100,20,0.17408265
100,21,0.18431269
100,22,0.18213737
100,23,0.18042497
100,24,0.17520346
100,25,0.18383391
100,26,0.17562492
100,27,0.17894695
100,28,0.17035809
100,29,0.18036854
100,30,0.178318
100,31,0.1746904199999999
100,32,0.1700983899999999
100,33,0.17066417
100,34,0.17177921
100,35,0.1724486999999999
100,36,0.16973
100,37,0.17110582
100,38,0.1727184
100,39,0.1802727199999998
100,40,0.1719883299999999
100,41,0.17131472
100,42,0.18137116
100,43,0.1879920699999999
100,44,0.18643477
100,45,0.1732302799999999
100,46,0.1748765
100,47,0.19074892
100,48,0.1879286
100,49,0.1718500399999999
100,50,0.1765299799999999
100,51,0.1899532499999999
100,52,0.1982830999999999
100,53,0.18150396
100,54,0.1900193299999999
100,55,0.19664422
100,56,0.2100707899999999
100,57,0.1970468
100,58,0.2089272999999999
100,59,0.2130499199999999
100,60,0.21352547
100,61,0.2163828599999999
100,62,0.21486506
100,63,0.20706732
100,64,0.2045027999999999
100,65,0.2132645
100,66,0.20734574
100,67,0.2020265199999999
100,68,0.1900709899999999
100,69,0.21258194
100,70,0.2065741299999998
100,71,0.1939010399999998
100,72,0.1828437399999999
100,73,0.20524924
100,74,0.1905803999999999
100,75,0.1881609999999999
100,76,0.17924653
100,77,0.1863932199999999
100,78,0.1815852499999999
100,79,0.18028314
100,80,0.17682387
100,81,0.18120131
100,82,0.1824572999999999
100,83,0.18222994
100,84,0.17968251
100,85,0.18337432
100,86,0.18132045
100,87,0.1850594699999999
100,88,0.1803297999999999
100,89,0.19145544
100,90,0.2054476499999999
100,91,0.2049258799999999
100,92,0.18799731
100,93,0.18353083
100,94,0.2060113199999998
100,95,0.1883457699999999
101,0,0.1932847399999999
101,1,0.1860738499999999
101,2,0.1900384799999999
101,3,0.1953887299999999
101,4,0.1906580999999998
101,5,0.19557979
101,6,0.20218007
101,7,0.2094041999999999
101,8,0.1999457699999999
101,9,0.20913488
101,10,0.2093093999999999
101,11,0.19648514
101,12,0.18153222
101,13,0.18914612
101,14,0.1945126999999999
101,15,0.18057689
101,16,0.1764421
101,17,0.18713569
101,18,0.18839865
101,19,0.18297832
101,20,0.1758457199999999
101,21,0.1985079599999999
101,22,0.18805198
101,23,0.1825917699999999
101,24,0.17945196
101,25,0.19099631
101,26,0.1883243099999999
101,27,0.18439228
101,28,0.17855674
101,29,0.1804623199999998
101,30,0.1798632099999998
101,31,0.1799532399999999
101,32,0.1749890399999999
101,33,0.1795999
101,34,0.1793353099999998
101,35,0.1749257599999999
101,36,0.17335176
101,37,0.1779035099999999
101,38,0.17792067
101,39,0.17693817
101,40,0.1749155299999999
101,41,0.1725099999999998
101,42,0.1730024
101,43,0.1750035999999997
101,44,0.1772185799999999
101,45,0.1736289
101,46,0.1725195599999999
101,47,0.18071676
101,48,0.1840767799999999
101,49,0.17975554
101,50,0.18283969
101,51,0.1919005099999998
101,52,0.20276711
101,53,0.1854988
101,54,0.18999
101,55,0.1978432499999999
101,56,0.21198075
101,57,0.19452547
101,58,0.2121324
101,59,0.23355625
101,60,0.2119012699999999
101,61,0.2108935999999999
101,62,0.19814076
101,63,0.1976924899999999
101,64,0.1934311999999998
101,65,0.2119311999999999
101,66,0.20223357
101,67,0.19426538
101,68,0.1910093
101,69,0.21600581
101,70,0.1896633399999999
101,71,0.1894470899999999
101,72,0.25037876999999975
101,73,0.19282744
101,74,0.1870409799999998
101,75,0.1846794499999999
101,76,0.18093608
101,77,0.18673692
101,78,0.1847476999999999
101,79,0.18019743
101,80,0.17772458
101,81,0.18113706
101,82,0.1804831199999998
101,83,0.18084005
101,84,0.1777469199999999
101,85,0.1789590999999999
101,86,0.1781392099999998
101,87,0.1788628399999998
101,88,0.17694118
101,89,0.17986257
101,90,0.18007876
101,91,0.18045655
101,92,0.1782414099999999
101,93,0.1807937099999998
101,94,0.1818216
101,95,0.18391221
102,0,0.18495588
102,1,0.1839909699999999
102,2,0.1897645399999998
102,3,0.1988862299999998
102,4,0.1980728499999999
102,5,0.1875562299999999
102,6,0.19354023
102,7,0.1984515899999999
102,8,0.1850070399999999
102,9,0.1986985799999999
102,10,0.18565471
102,11,0.18128107
102,12,0.17466929
102,13,0.18448541
102,14,0.1784999099999999
102,15,0.18092437
102,16,0.17229186
102,17,0.17061492
102,18,0.1716709299999999
102,19,0.1685165299999998
102,20,0.16278045
102,21,0.17248091
102,22,0.1707595199999998
102,23,0.16808773
102,24,0.16642192
102,25,0.1686207499999999
102,26,0.1691550599999999
102,27,0.1702811899999999
102,28,0.1671577699999999
102,29,0.17115584
102,30,0.1708318899999999
102,31,0.1693512199999998
102,32,0.16887083
102,33,0.17393435
102,34,0.17396167
102,35,0.17299124
102,36,0.1680308399999999
102,37,0.17098676
102,38,0.17063037
102,39,0.16964999
102,40,0.1674912
102,41,0.1701252699999999
102,42,0.16868905
102,43,0.18217118
102,44,0.17136067
102,45,0.17061927
102,46,0.1698281999999999
102,47,0.17648102
102,48,0.1723787999999999
102,49,0.16913206
102,50,0.1721015699999997
102,51,0.17967779
102,52,0.2082460199999999
102,53,0.17734194
102,54,0.1816964599999999
102,55,0.1969110099999998
102,56,0.2304373399999999
102,57,0.19971813
102,58,0.2001927899999999
102,59,0.19943425
102,60,0.22043737
102,61,0.2026591499999999
102,62,0.1984139399999999
102,63,0.19858375
102,64,0.1928024299999998
102,65,0.2084166099999999
102,66,0.19445573
102,67,0.1927323999999998
102,68,0.18540199
102,69,0.200866
102,70,0.1988648
102,71,0.1886888
102,72,0.1837687999999999
102,73,0.1926888
102,74,0.1960574699999999
102,75,0.18846822
102,76,0.18466456
102,77,0.191
102,78,0.1877996499999999
102,79,0.1851621499999998
102,80,0.1839562099999999
102,81,0.1919040699999999
102,82,0.18525602
102,83,0.18655712
102,84,0.1838211099999999
102,85,0.1896852799999999
102,86,0.1904040399999998
102,87,0.18630414
102,88,0.18460932
102,89,0.1872582299999998
102,90,0.18734618
102,91,0.18980373
102,92,0.18496329
102,93,0.1932675999999999
102,94,0.1912699999999999
102,95,0.1943457999999999
103,0,0.1938933099999999
103,1,0.18463219
103,2,0.19171373
103,3,0.19747093
103,4,0.2096835999999998
103,5,0.20160185
103,6,0.20459617
103,7,0.19639091
103,8,0.1963190499999999
103,9,0.22529606
103,10,0.2096976599999999
103,11,0.19553787
103,12,0.18672744
103,13,0.1928968
103,14,0.1855829199999999
103,15,0.1790803699999999
103,16,0.1779593099999998
103,17,0.17675939
103,18,0.18833265
103,19,0.17179012
103,20,0.1798361599999999
103,21,0.1931649299999999
103,22,0.1855827599999999
103,23,0.17921235
103,24,0.1807808099999999
103,25,0.18563749
103,26,0.1891313399999999
103,27,0.18365204
103,28,0.18223256
103,29,0.1814609499999999
103,30,0.18227949
103,31,0.18011672
103,32,0.1815503299999999
103,33,0.17847764
103,34,0.17806289
103,35,0.1813598
103,36,0.1782279699999999
103,37,0.186028
103,38,0.18647359
103,39,0.1838638199999999
103,40,0.18482616
103,41,0.1815248699999999
103,42,0.1822089999999999
103,43,0.1808713599999999
103,44,0.1824483999999999
103,45,0.18451902
103,46,0.18917718
103,47,0.18156521
103,48,0.1832176899999999
103,49,0.1859523999999999
103,50,0.19217775
103,51,0.17830029
103,52,0.18217323
103,53,0.19822244
103,54,0.20137696
103,55,0.19839155
103,56,0.2096308399999999
103,57,0.21597359
103,58,0.25888239999999985
103,59,0.22737201999999992
103,60,0.2332811599999999
103,61,0.2162509399999999
103,62,0.2160298799999999
103,63,0.2242136699999999
103,64,0.22438719999999993
103,65,0.2112065099999999
103,66,0.1986399999999999
103,67,0.2172375799999998
103,68,0.20377978
103,69,0.1994465599999999
103,70,0.19267924
103,71,0.21302631
103,72,0.20771493
103,73,0.19839446
103,74,0.19019081
103,75,0.2124962399999999
103,76,0.2089445499999999
103,77,0.20552794
103,78,0.1937863499999998
103,79,0.2034084399999999
103,80,0.2010407
103,81,0.2005534999999999
103,82,0.1893814
103,83,0.19238794
103,84,0.1906125399999998
103,85,0.1905851499999999
103,86,0.18934578
103,87,0.1960640099999999
103,88,0.1945998899999998
103,89,0.1960645899999999
103,90,0.19382564
103,91,0.1909489899999999
103,92,0.19274874
103,93,0.20348911
103,94,0.20125746
103,95,0.20022654
104,0,0.2018024
104,1,0.2018977299999998
104,2,0.19999
104,3,0.2059441799999999
104,4,0.19999
104,5,0.19999
104,6,0.1985225799999999
104,7,0.2204093299999997
104,8,0.2090059
104,9,0.1939509899999999
104,10,0.18658226
104,11,0.20047892
104,12,0.1863453699999999
104,13,0.1827058799999999
104,14,0.18061746
104,15,0.1905107399999999
104,16,0.1862633199999999
104,17,0.18270147
104,18,0.1761634799999999
104,19,0.18279953
104,20,0.1918472799999999
104,21,0.1892409099999999
104,22,0.18094177
104,23,0.18857427
104,24,0.1933551
104,25,0.1953686099999998
104,26,0.1896585399999999
104,27,0.18670382
104,28,0.19356334
104,29,0.1907668599999999
104,30,0.17153943
104,31,0.17527554
104,32,0.1794698
104,33,0.1818479399999999
104,34,0.17996739
104,35,0.1818078399999999
104,36,0.18302603
104,37,0.18102155
104,38,0.17914187
104,39,0.1769683699999999
104,40,0.1802201899999999
104,41,0.18261385
104,42,0.18044063
104,43,0.1788132899999999
104,44,0.1793170699999999
104,45,0.18302007
104,46,0.18424123
104,47,0.1705280499999999
104,48,0.1755838499999999
104,49,0.1834898
104,50,0.1927443999999999
104,51,0.1821741299999999
104,52,0.1890828499999998
104,53,0.2119181799999999
104,54,0.26977987999999975
104,55,0.1986481599999999
104,56,0.2051891099999999
104,57,0.21273071
104,58,0.21730849
104,59,0.2380620199999999
104,60,0.21767055
104,61,0.2171646099999999
104,62,0.20513651
104,63,0.2247431399999997
104,64,0.2124924
104,65,0.2013942999999999
104,66,0.1962399999999998
104,67,0.2083123999999999
104,68,0.2044971899999999
104,69,0.1964194199999999
104,70,0.1910009899999999
104,71,0.2088844899999999
104,72,0.20296081
104,73,0.2006819199999999
104,74,0.19248808
104,75,0.19974632
104,76,0.1978919999999999
104,77,0.1957664699999998
104,78,0.19195003
104,79,0.20522773
104,80,0.19979099
104,81,0.19790452
104,82,0.1968603499999999
104,83,0.2000360699999999
104,84,0.2001389599999999
104,85,0.1969687799999999
104,86,0.1946322
104,87,0.2027148599999998
104,88,0.1992195499999999
104,89,0.2006707699999999
104,90,0.2125115
104,91,0.2035824199999999
104,92,0.2100871299999999
104,93,0.21185167
104,94,0.209283
104,95,0.19563381
105,0,0.1980530699999998
105,1,0.2046454699999998
105,2,0.21097232
105,3,0.20829751
105,4,0.2118048599999999
105,5,0.2115532199999999
105,6,0.19875839
105,7,0.21670514
105,8,0.2119659599999999
105,9,0.2031959599999999
105,10,0.18120083
105,11,0.2010703499999999
105,12,0.1851707
105,13,0.18160259
105,14,0.1804009
105,15,0.1936481
105,16,0.1824450499999998
105,17,0.18298466
105,18,0.1782622199999999
105,19,0.18693745
105,20,0.18473696
105,21,0.18308612
105,22,0.17956246
105,23,0.1842885999999998
105,24,0.1841989599999999
105,25,0.1820834
105,26,0.1789552199999998
105,27,0.18331105
105,28,0.18399875
105,29,0.18167711
105,30,0.1768297399999999
105,31,0.17658123
105,32,0.1776096699999998
105,33,0.17696298
105,34,0.1733654099999998
105,35,0.1746188699999999
105,36,0.17461962
105,37,0.1732498499999999
105,38,0.1729375499999999
105,39,0.17415661
105,40,0.1737880799999999
105,41,0.17557087
105,42,0.1722604199999998
105,43,0.17391251
105,44,0.1767735
105,45,0.17856605
105,46,0.1731350299999999
105,47,0.1779621299999998
105,48,0.17982855
105,49,0.20109003
105,50,0.21152741
105,51,0.18340818
105,52,0.18642375
105,53,0.2020823199999999
105,54,0.2084002199999998
105,55,0.20654649
105,56,0.2074501899999999
105,57,0.22067624
105,58,0.20679417
105,59,0.2212570899999999
105,60,0.21350444
105,61,0.2080199099999999
105,62,0.2139604699999999
105,63,0.22853114
105,64,0.2302221999999999
105,65,0.2077105799999999
105,66,0.2002988599999999
105,67,0.21156561
105,68,0.2060851699999999
105,69,0.1983621499999999
105,70,0.19213106
105,71,0.2058151399999999
105,72,0.20419333
105,73,0.19860141
105,74,0.1910918199999999
105,75,0.1989453299999999
105,76,0.19188111
105,77,0.1934902299999999
105,78,0.1872379699999999
105,79,0.1890524999999999
105,80,0.1869266799999999
105,81,0.18529288
105,82,0.18253843
105,83,0.18755335
105,84,0.18723733
105,85,0.1868721599999999
105,86,0.18269087
105,87,0.1879344099999998
105,88,0.1885291
105,89,0.18845461
105,90,0.1834589199999998
105,91,0.1884735
105,92,0.18905099
105,93,0.19375594
105,94,0.18696564
105,95,0.1856582499999998
106,0,0.1858094599999999
106,1,0.1916519699999999
106,2,0.18233306
106,3,0.1869260199999999
106,4,0.1858857599999999
106,5,0.1852926299999999
106,6,0.1814680099999999
106,7,0.18881053
106,8,0.18276127
106,9,0.18130582
106,10,0.17466225
106,11,0.18235681
106,12,0.1827172799999999
106,13,0.1817623999999999
106,14,0.17808068
106,15,0.18621943
106,16,0.18156015
106,17,0.17706597
106,18,0.17278216
106,19,0.1898146299999999
106,20,0.1878990499999999
106,21,0.1850004999999999
106,22,0.1834945299999999
106,23,0.1868041599999998
106,24,0.18410419
106,25,0.18430369
106,26,0.1814330499999999
106,27,0.1810632499999999
106,28,0.1806291699999999
106,29,0.17931584
106,30,0.17305478
106,31,0.1804045699999999
106,32,0.1801048799999999
106,33,0.1707201999999999
106,34,0.1695637999999999
106,35,0.1722245099999998
106,36,0.1727415199999999
106,37,0.1718303
106,38,0.1751931
106,39,0.17515829
106,40,0.1773174599999999
106,41,0.19012473
106,42,0.1821643799999999
106,43,0.1724834199999999
106,44,0.17385636
106,45,0.1868593199999998
106,46,0.1960720199999999
106,47,0.17995492
106,48,0.18001329
106,49,0.1950331199999999
106,50,0.21103769
106,51,0.18547627
106,52,0.1872642699999999
106,53,0.1979169899999999
106,54,0.21187976
106,55,0.2007172299999998
106,56,0.21541094
106,57,0.22304680000000002
106,58,0.2254705499999999
106,59,0.2281248499999999
106,60,0.2220036
106,61,0.2119988
106,62,0.2047999999999999
106,63,0.2513231499999997
106,64,0.22143613999999992
106,65,0.21373366
106,66,0.20798234
106,67,0.2258540799999997
106,68,0.21200642
106,69,0.2015773099999998
106,70,0.19133037
106,71,0.2029050299999999
106,72,0.19183302
106,73,0.19159297
106,74,0.1859284699999999
106,75,0.1947108899999998
106,76,0.195277
106,77,0.19407452
106,78,0.1883207399999999
106,79,0.20291211
106,80,0.19311237
106,81,0.19313917
106,82,0.18616382
106,83,0.19803578
106,84,0.19351606
106,85,0.18866546
106,86,0.18620965
106,87,0.1927062
106,88,0.1891020699999999
106,89,0.18910941
106,90,0.1851977199999999
106,91,0.19029505
106,92,0.19155961
106,93,0.19059219
106,94,0.18674664
106,95,0.1865560199999999
107,0,0.1862435899999999
107,1,0.18649024
107,2,0.1846271599999999
107,3,0.18636927
107,4,0.1866159599999998
107,5,0.18064293
107,6,0.17847611
107,7,0.1894350999999999
107,8,0.1874182399999999
107,9,0.1793276
107,10,0.1718196399999999
107,11,0.18540992
107,12,0.18068325
107,13,0.17836933
107,14,0.1771445499999999
107,15,0.17972556
107,16,0.1773943699999998
107,17,0.1760375499999999
107,18,0.1510173199999999
107,19,0.1760063299999999
107,20,0.17433034
107,21,0.1510586499999999
107,22,0.1503152499999999
107,23,0.1734914
107,24,0.1741634499999998
107,25,0.1733217199999999
107,26,0.1651282099999998
107,27,0.1749499
107,28,0.17332237
107,29,0.17473958
107,30,0.17375193
107,31,0.17378274
107,32,0.16741702
107,33,0.1691772
107,34,0.1678653499999998
107,35,0.16721871
107,36,0.1680899299999999
107,37,0.1694922399999999
107,38,0.1688791699999998
107,39,0.1600031499999999
107,40,0.16424143
107,41,0.16944854
107,42,0.17139761
107,43,0.16626375
107,44,0.16916325
107,45,0.1702799299999999
107,46,0.1709506
107,47,0.16526698
107,48,0.1763158199999999
107,49,0.1819028899999999
107,50,0.1824658799999998
107,51,0.1754192299999998
107,52,0.17892294
107,53,0.1827216499999999
107,54,0.2084606699999999
107,55,0.2073311699999999
107,56,0.1868134399999998
107,57,0.2058631
107,58,0.25613144
107,59,0.21212976
107,60,0.2089914899999999
107,61,0.20953521
107,62,0.19357643
107,63,0.21859372
107,64,0.20660319
107,65,0.19361632
107,66,0.1883479499999999
107,67,0.19821876
107,68,0.19477257
107,69,0.19033067
107,70,0.18229953
107,71,0.18252189
107,72,0.18157935
107,73,0.18068385
107,74,0.1785721499999999
107,75,0.1824705599999999
107,76,0.1809571499999999
107,77,0.18038242
107,78,0.1795553799999999
107,79,0.1812375199999999
107,80,0.18086177
107,81,0.18009835
107,82,0.17785471
107,83,0.1796567
107,84,0.1791533899999999
107,85,0.1783609099999999
107,86,0.1764766999999999
107,87,0.17776812
107,88,0.17765951
107,89,0.17848255
107,90,0.17881141
107,91,0.1795521199999998
107,92,0.1802503199999999
107,93,0.1810858
107,94,0.1809377199999998
107,95,0.1818959699999999
108,0,0.18523433
108,1,0.19096047
108,2,0.19459455
108,3,0.19656727
108,4,0.19650431
108,5,0.1950991199999999
108,6,0.18565341
108,7,0.1991546499999999
108,8,0.18194988
108,9,0.1794163899999999
108,10,0.16800714
108,11,0.1772059399999998
108,12,0.17939306
108,13,0.1763304799999999
108,14,0.16952965
108,15,0.1745501299999998
108,16,0.1784870999999999
108,17,0.1765912399999999
108,18,0.1780633399999999
108,19,0.17730914
108,20,0.18152867
108,21,0.17945049
108,22,0.17230434
108,23,0.18090203
108,24,0.1803595399999999
108,25,0.17633387
108,26,0.1759358899999999
108,27,0.18054191
108,28,0.1805387999999999
108,29,0.1816535499999998
108,30,0.18084948
108,31,0.17993903
108,32,0.1796402399999998
108,33,0.1771107799999998
108,34,0.1802188499999999
108,35,0.17819413
108,36,0.17958556
108,37,0.1796694399999999
108,38,0.1784642399999998
108,39,0.17539453
108,40,0.17924125
108,41,0.1786947999999999
108,42,0.1795666599999999
108,43,0.1726021499999999
108,44,0.1769987999999999
108,45,0.1871088
108,46,0.18201962
108,47,0.17021
108,48,0.17980671
108,49,0.1949356899999999
108,50,0.2214100099999999
108,51,0.18002489
108,52,0.18623634
108,53,0.2033536699999999
108,54,0.21205158
108,55,0.1967939499999999
108,56,0.20640439
108,57,0.20222479
108,58,0.20223528
108,59,0.2129003799999999
108,60,0.22653693
108,61,0.2069153799999999
108,62,0.2052357699999999
108,63,0.20491816
108,64,0.19959981
108,65,0.19853192
108,66,0.19324459
108,67,0.2051299999999999
108,68,0.2000035999999999
108,69,0.1974348
108,70,0.19
108,71,0.192
108,72,0.1875012
108,73,0.1852125299999999
108,74,0.1812587999999998
108,75,0.1878157
108,76,0.18521783
108,77,0.1827061399999999
108,78,0.17911208
108,79,0.18311811
108,80,0.18174523
108,81,0.1815385
108,82,0.1796552099999999
108,83,0.18158855
108,84,0.1814988099999999
108,85,0.18207824
108,86,0.1821438199999999
108,87,0.1860557099999999
108,88,0.1844154399999999
108,89,0.18602089
108,90,0.1837482
108,91,0.1858043899999999
108,92,0.1863196999999999
108,93,0.1903292399999999
108,94,0.18916731
108,95,0.1845911999999999
109,0,0.19067949
109,1,0.19609643
109,2,0.19504133
109,3,0.19265751
109,4,0.1912827699999999
109,5,0.1919503899999999
109,6,0.1869229099999998
109,7,0.198739
109,8,0.1879585999999999
109,9,0.18448266
109,10,0.1815531199999999
109,11,0.19153934
109,12,0.1859125199999998
109,13,0.1904004799999999
109,14,0.1840744599999999
109,15,0.18574223
109,16,0.1812316399999999
109,17,0.1828919799999998
109,18,0.1815591099999999
109,19,0.1866280599999999
109,20,0.18442766
109,21,0.18139194
109,22,0.1804390099999999
109,23,0.18547075
109,24,0.1825794
109,25,0.19067306
109,26,0.1874307299999999
109,27,0.19533166
109,28,0.18537618
109,29,0.18955584
109,30,0.1790462099999999
109,31,0.1813122999999999
109,32,0.1821530499999999
109,33,0.1823322
109,34,0.18327251
109,35,0.18341026
109,36,0.1839896499999999
109,37,0.1813506
109,38,0.1833216899999998
109,39,0.18153513
109,40,0.18141912
109,41,0.18678707
109,42,0.19655371
109,43,0.17820613
109,44,0.1834330299999998
109,45,0.1886320499999999
109,46,0.188
109,47,0.17960028
109,48,0.1816887999999999
109,49,0.1933823999999999
109,50,0.2361536899999999
109,51,0.1838611999999999
109,52,0.188
109,53,0.2019099799999999
109,54,0.36699999999999966
109,55,0.22363360000000002
109,56,0.22199098999999992
109,57,0.22927389
109,58,0.2290045899999998
109,59,0.263
109,60,0.25791366999999965
109,61,0.2205371499999997
109,62,0.21462889
109,63,0.21447332
109,64,0.21488041
109,65,0.2022
109,66,0.1930056799999999
109,67,0.21281455
109,68,0.19620299
109,69,0.1917409099999999
109,70,0.20070931
109,71,0.19887838
109,72,0.19399861
109,73,0.18714717
109,74,0.19499394
109,75,0.18946678
109,76,0.19150375
109,77,0.1879819499999999
109,78,0.18872246
109,79,0.18906897
109,80,0.18750324
109,81,0.18428025
109,82,0.18491862
109,83,0.18721018
109,84,0.18486737
109,85,0.1839045799999999
109,86,0.18624432
109,87,0.18673641
109,88,0.1863677199999999
109,89,0.18405373
109,90,0.1871085299999999
109,91,0.1876175599999999
109,92,0.18949547
109,93,0.19108253
109,94,0.18886772
109,95,0.1993251399999999
110,0,0.20694477
110,1,0.21231707
110,2,0.21226375
110,3,0.20033198
110,4,0.2062989499999999
110,5,0.19170056
110,6,0.1993587
110,7,0.18848892
110,8,0.1840426899999999
110,9,0.1808901499999999
110,10,0.1920681199999999
110,11,0.18252951
110,12,0.17954865
110,13,0.1795239099999999
110,14,0.18302071
110,15,0.18185436
110,16,0.18620205
110,17,0.19039755
110,18,0.2074814499999999
110,19,0.20405045
110,20,0.18785053
110,21,0.18418239
110,22,0.2002706
110,23,0.20061623
110,24,0.19463347
110,25,0.19583163
110,26,0.21170909
110,27,0.1951965499999998
110,28,0.18831093
110,29,0.19244788
110,30,0.2019649399999999
110,31,0.2081670099999999
110,32,0.2121869599999999
110,33,0.1986204299999999
110,34,0.1927969999999998
110,35,0.19280097
110,36,0.19280125
110,37,0.1928021
110,38,0.19681727
110,39,0.1983060999999999
110,40,0.2083958799999999
110,41,0.2026490799999999
110,42,0.18860508
110,43,0.2063876399999999
110,44,0.2119120099999999
110,45,0.21189249
110,46,0.1875894599999999
110,47,0.1945698099999999
110,48,0.2070869
110,49,0.2049736
110,50,0.18077769
110,51,0.1850549499999998
110,52,0.20191986
110,53,0.1970048
110,54,0.1899987999999999
110,55,0.1915246799999999
110,56,0.2005563999999999
110,57,0.19661815
110,58,0.19863535
110,59,0.2055969899999999
110,60,0.19638273
110,61,0.19071683
110,62,0.19819852
110,63,0.1910919199999999
110,64,0.18665869
110,65,0.18268497
110,66,0.18738873
110,67,0.1838874199999999
110,68,0.1822802399999999
110,69,0.1800619499999999
110,70,0.1818434599999999
110,71,0.1806962899999999
110,72,0.1796308399999999
110,73,0.17806552
110,74,0.17992135
110,75,0.17750411
110,76,0.1784192799999999
110,77,0.17761657
110,78,0.17964694
110,79,0.1795494799999999
110,80,0.17940027
110,81,0.17806476
110,82,0.17986009
110,83,0.1799368
110,84,0.1795883699999998
110,85,0.1784668499999999
110,86,0.1788992199999998
110,87,0.18091872
110,88,0.17983466
110,89,0.17918467
110,90,0.1806321399999998
110,91,0.18076329
110,92,0.1822047299999999
110,93,0.1832765199999999
110,94,0.18339766
110,95,0.1854498799999999
111,0,0.18931042
111,1,0.1916707299999999
111,2,0.19573932
111,3,0.19302544
111,4,0.1860665499999998
111,5,0.1831959099999999
111,6,0.1944201499999999
111,7,0.18712641
111,8,0.18392738
111,9,0.1872727299999999
111,10,0.18615197
111,11,0.1873168399999999
111,12,0.1815001399999999
111,13,0.17683553
111,14,0.1847323899999998
111,15,0.1822407199999999
111,16,0.17870317
111,17,0.1786100399999998
111,18,0.18853574
111,19,0.18888588
111,20,0.18790694
111,21,0.18316545
111,22,0.2027262999999998
111,23,0.19047252
111,24,0.1894432699999998
111,25,0.18649859
111,26,0.19061575
111,27,0.1822803699999998
111,28,0.1820183699999999
111,29,0.17404125
111,30,0.18037669
111,31,0.17361982
111,32,0.1759601999999999
111,33,0.17251626
111,34,0.1758176
111,35,0.1759171999999998
111,36,0.1743578
111,37,0.1732550199999998
111,38,0.17065342
111,39,0.1698431499999999
111,40,0.17175756
111,41,0.1687497299999999
111,42,0.16638829
111,43,0.16727339
111,44,0.16930341
111,45,0.1693564599999999
111,46,0.1689720999999999
111,47,0.17331578
111,48,0.1776274599999999
111,49,0.18202174
111,50,0.17464553
111,51,0.1785658199999999
111,52,0.18230362
111,53,0.1976415799999999
111,54,0.1885338899999999
111,55,0.1872233999999999
111,56,0.1927362499999998
111,57,0.20476964
111,58,0.1981683399999999
111,59,0.20066151
111,60,0.1930653099999999
111,61,0.1874820499999999
111,62,0.1955979699999999
111,63,0.1955181599999998
111,64,0.1848536899999999
111,65,0.18333465
111,66,0.1853318
111,67,0.1833892299999999
111,68,0.18263236
111,69,0.1788624499999998
111,70,0.18176677
111,71,0.1815351899999999
111,72,0.18069893
111,73,0.1784053899999998
111,74,0.18391124
111,75,0.18206782
111,76,0.1825910099999998
111,77,0.18046048
111,78,0.1825300299999999
111,79,0.18245902
111,80,0.1821570499999999
111,81,0.17994888
111,82,0.1825504999999999
111,83,0.18235777
111,84,0.1820793799999999
111,85,0.1812805299999999
111,86,0.1833406099999999
111,87,0.18350693
111,88,0.1835710799999998
111,89,0.18353268
111,90,0.1852374499999998
111,91,0.1922121799999999
111,92,0.1958132699999999
111,93,0.1965540699999998
111,94,0.18406248
111,95,0.18608122
112,0,0.19875349
112,1,0.2042319
112,2,0.19472122
112,3,0.1950041599999999
112,4,0.1953551399999999
112,5,0.1873611399999999
112,6,0.1962061599999999
112,7,0.19366349
112,8,0.1873273599999999
112,9,0.18417464
112,10,0.2075528099999999
112,11,0.20755747
112,12,0.2103458
112,13,0.1909934699999999
112,14,0.18894597
112,15,0.1836527399999999
112,16,0.18193549
112,17,0.18295719
112,18,0.18173205
112,19,0.18341438
112,20,0.1803992499999999
112,21,0.17721266
112,22,0.18262192
112,23,0.18219195
112,24,0.18200459
112,25,0.18227218
112,26,0.1818817
112,27,0.18182648
112,28,0.18226594
112,29,0.1811940999999998
112,30,0.1816615
112,31,0.1824682699999999
112,32,0.18253876
112,33,0.1806719799999999
112,34,0.18162396
112,35,0.1822382899999998
112,36,0.1826989799999999
112,37,0.1792153099999999
112,38,0.17923608
112,39,0.1813462599999999
112,40,0.1815526999999999
112,41,0.17666716
112,42,0.1806388099999999
112,43,0.1806051499999998
112,44,0.1813587799999998
112,45,0.1870806599999999
112,46,0.1821052899999999
112,47,0.1971164799999999
112,48,0.18136749
112,49,0.18714904
112,50,0.1768074
112,51,0.1792532
112,52,0.1946684199999999
112,53,0.2090087799999999
112,54,0.19108946
112,55,0.19185614
112,56,0.1946252799999999
112,57,0.19490943
112,58,0.19642067
112,59,0.1981416899999997
112,60,0.1897976499999999
112,61,0.18951943
112,62,0.20442954
112,63,0.19536117
112,64,0.1949055799999999
112,65,0.18839912
112,66,0.19586527
112,67,0.1918702699999999
112,68,0.1923061999999999
112,69,0.1835718199999998
112,70,0.1942240899999999
112,71,0.1889346999999999
112,72,0.1862865
112,73,0.18416747
112,74,0.1849007299999999
112,75,0.1827525299999998
112,76,0.18282839
112,77,0.18061774
112,78,0.1823537399999999
112,79,0.18228975
112,80,0.1810970199999998
112,81,0.1807497499999999
112,82,0.18238777
112,83,0.18283902
112,84,0.18396511
112,85,0.1836932899999999
112,86,0.1840410999999999
112,87,0.1840783
112,88,0.1826025899999999
112,89,0.1802725099999998
112,90,0.18397968
112,91,0.18453733
112,92,0.18463208
112,93,0.18285361
112,94,0.1811586199999998
112,95,0.1823251899999998
113,0,0.18240498
113,1,0.18226791
113,2,0.1842408999999999
113,3,0.1829069799999998
113,4,0.18111441
113,5,0.1799587
113,6,0.18452051
113,7,0.1836289799999998
113,8,0.18332412
113,9,0.18123876
113,10,0.1871016399999999
113,11,0.1848640199999999
113,12,0.18472273
113,13,0.18683483
113,14,0.18898828
113,15,0.2138642899999998
113,16,0.1977170699999999
113,17,0.18533356
113,18,0.18849947
113,19,0.20263056
113,20,0.18874448
113,21,0.18227311
113,22,0.17991103
113,23,0.17929464
113,24,0.1833560699999999
113,25,0.17299349
113,26,0.17682818
113,27,0.1768182999999999
113,28,0.1727739499999998
113,29,0.14998975
113,30,0.17102941
113,31,0.1506765499999998
113,32,0.15067444
113,33,0.16488502
113,34,0.1646910699999999
113,35,0.1610985699999998
113,36,0.1706966
113,37,0.1530485399999999
113,38,0.1502860399999999
113,39,0.1703414499999999
113,40,0.1719879799999999
113,41,0.17484128
113,42,0.17392723
113,43,0.1820020299999999
113,44,0.1808143999999999
113,45,0.17582817
113,46,0.17950556
113,47,0.1849008899999999
113,48,0.1819810099999999
113,49,0.19739726
113,50,0.17737163
113,51,0.17966951
113,52,0.18789735
113,53,0.2010519399999999
113,54,0.18611734
113,55,0.18906623
113,56,0.1963723799999999
113,57,0.19784078
113,58,0.21004196
113,59,0.20101966
113,60,0.1959079199999999
113,61,0.1935681199999999
113,62,0.2099151799999999
113,63,0.20101765
113,64,0.19288085
113,65,0.18894932
113,66,0.1957808699999999
113,67,0.1940029699999998
113,68,0.1867185499999999
113,69,0.18326222
113,70,0.18731701
113,71,0.18574564
113,72,0.1821604099999999
113,73,0.1812335099999999
113,74,0.1943450099999999
113,75,0.1887502999999999
113,76,0.1878232699999999
113,77,0.1834798699999999
113,78,0.18310793
113,79,0.1828196
113,80,0.1823908099999999
113,81,0.18224472
113,82,0.1828817
113,83,0.18326467
113,84,0.18148946
113,85,0.1807451199999999
113,86,0.1811738199999999
113,87,0.1837228099999999
113,88,0.18156946
113,89,0.1826798
113,90,0.18361952
113,91,0.1837181799999997
113,92,0.1845393899999998
113,93,0.1856949899999999
113,94,0.1903781199999999
113,95,0.19141608
114,0,0.19125886
114,1,0.18635757
114,2,0.18558536
114,3,0.18733454
114,4,0.18872605
114,5,0.18227943
114,6,0.18843161
114,7,0.1881934799999998
114,8,0.18929513
114,9,0.18253051
114,10,0.18647599
114,11,0.18645238
114,12,0.18757218
114,13,0.18250858
114,14,0.1964575199999998
114,15,0.1925256699999999
114,16,0.1961056599999999
114,17,0.1848464
114,18,0.1957545299999999
114,19,0.1958386799999999
114,20,0.1937698099999999
114,21,0.1846621999999999
114,22,0.18747125
114,23,0.18759955
114,24,0.18890784
114,25,0.1841308299999999
114,26,0.1883466099999998
114,27,0.1891242299999999
114,28,0.1905657799999999
114,29,0.19071051
114,30,0.1950486099999999
114,31,0.1960828
114,32,0.1906448499999999
114,33,0.1891700799999999
114,34,0.18824636
114,35,0.20153891
114,36,0.1862966899999999
114,37,0.18483649
114,38,0.18839047
114,39,0.19650852
114,40,0.2108216399999999
114,41,0.20056114
114,42,0.1961811499999999
114,43,0.19575746
114,44,0.18837777
114,45,0.1950371299999999
114,46,0.19694923
114,47,0.20518939
114,48,0.2112624
114,49,0.20384539
114,50,0.18210927
114,51,0.1853428099999998
114,52,0.2005885899999999
114,53,0.2009256999999999
114,54,0.19272516
114,55,0.1932624199999999
114,56,0.19615135
114,57,0.1977602199999999
114,58,0.2068053399999999
114,59,0.2068090299999999
114,60,0.2068196699999999
114,61,0.19218421
114,62,0.19876048
114,63,0.19796587
114,64,0.19409408
114,65,0.1893032899999999
114,66,0.19753632
114,67,0.1950500599999998
114,68,0.1930151699999999
114,69,0.18841178
114,70,0.1952467499999998
114,71,0.19126704
114,72,0.18545643
114,73,0.18465185
114,74,0.189116
114,75,0.1924369499999999
114,76,0.1879352199999999
114,77,0.1845031
114,78,0.1899620699999999
114,79,0.1862701
114,80,0.1852952999999998
114,81,0.18345711
114,82,0.18595591
114,83,0.1869299799999999
114,84,0.1870399999999999
114,85,0.1835059799999999
114,86,0.18733697
114,87,0.1886794799999999
114,88,0.18919521
114,89,0.18822827
114,90,0.18742517
114,91,0.18861542
114,92,0.1944297999999999
114,93,0.19440293
114,94,0.18805712
114,95,0.18954473
115,0,0.1962693099999999
115,1,0.2023455499999999
115,2,0.1934796599999998
115,3,0.1959198799999999
115,4,0.20043439
115,5,0.19778587
115,6,0.2001358899999999
115,7,0.1968714
115,8,0.20240175
115,9,0.1850518799999999
115,10,0.20869652
115,11,0.19402115
115,12,0.1897162099999998
115,13,0.1862285399999998
115,14,0.1897106
115,15,0.19439344
115,16,0.1826168199999999
115,17,0.1815684
115,18,0.18733047
115,19,0.19244286
115,20,0.18179318
115,21,0.18192784
115,22,0.1820678
115,23,0.1808354999999999
115,24,0.17997263
115,25,0.17645031
115,26,0.18617334
115,27,0.18662807
115,28,0.1877008799999999
115,29,0.18183589
115,30,0.1878393099999999
115,31,0.1875564499999999
115,32,0.1823652899999999
115,33,0.1823448
115,34,0.18076084
115,35,0.18039873
115,36,0.1797576399999998
115,37,0.1807292699999998
115,38,0.1741267499999998
115,39,0.1755193399999999
115,40,0.1780820399999998
115,41,0.17624628
115,42,0.17353031
115,43,0.17534858
115,44,0.17929759
115,45,0.17971336
115,46,0.1758107599999999
115,47,0.18356363
115,48,0.1830551699999999
115,49,0.1865655699999999
115,50,0.1775276999999999
115,51,0.1805080199999999
115,52,0.18661199
115,53,0.1978597599999999
115,54,0.1841078599999999
115,55,0.1882413299999999
115,56,0.20341551
115,57,0.21128595
115,58,0.20351671
115,59,0.2081698599999999
115,60,0.20903779
115,61,0.1956611699999999
115,62,0.2040087
115,63,0.1973533899999999
115,64,0.1952068299999998
115,65,0.1901662899999999
115,66,0.1983730499999999
115,67,0.19601941
115,68,0.1913267499999999
115,69,0.18650057
115,70,0.19628436
115,71,0.19300433
115,72,0.18665328
115,73,0.18311161
115,74,0.1896106599999999
115,75,0.1859293099999999
115,76,0.18954062
115,77,0.1840852399999999
115,78,0.1899060399999998
115,79,0.1871952899999999
115,80,0.1855876099999999
115,81,0.18404074
115,82,0.18378531
115,83,0.18905931
115,84,0.18207602
115,85,0.1815712099999999
115,86,0.1844681199999999
115,87,0.18734539
115,88,0.18961808
115,89,0.1919078599999999
115,90,0.19947178
115,91,0.19778481
115,92,0.1988028099999998
115,93,0.20216905
115,94,0.1850181399999998
115,95,0.1907147599999999
116,0,0.1963511599999998
116,1,0.1967887499999999
116,2,0.20010709
116,3,0.1987523
116,4,0.19827872
116,5,0.1941710499999999
116,6,0.1985123099999998
116,7,0.1966602199999998
116,8,0.1871504199999999
116,9,0.1836745299999999
116,10,0.1928123699999999
116,11,0.1866099999999998
116,12,0.1833462899999999
116,13,0.1755184699999999
116,14,0.1827584599999999
116,15,0.1775521599999999
116,16,0.1758191699999998
116,17,0.17570014
116,18,0.17681678
116,19,0.17719224
116,20,0.1723652499999998
116,21,0.1735993499999999
116,22,0.1803327599999999
116,23,0.17898431
116,24,0.1766677799999998
116,25,0.1768921999999999
116,26,0.17970626
116,27,0.17898461
116,28,0.1782110999999999
116,29,0.1768682799999999
116,30,0.17625754
116,31,0.1751435199999998
116,32,0.1751923799999999
116,33,0.17622493
116,34,0.1751328899999999
116,35,0.1739722999999998
116,36,0.17282513
116,37,0.1743957699999999
116,38,0.1703409799999999
116,39,0.17105278
116,40,0.17114339
116,41,0.17115067
116,42,0.16965272
116,43,0.17047591
116,44,0.1731688299999998
116,45,0.17137095
116,46,0.1696311399999999
116,47,0.1729758799999999
116,48,0.1822229
116,49,0.18318235
116,50,0.17912
116,51,0.18298337
116,52,0.19006409
116,53,0.2061651599999999
116,54,0.1961769099999999
116,55,0.19745395
116,56,0.2043399799999999
116,57,0.2096031099999999
116,58,0.2015576899999999
116,59,0.20728892
116,60,0.20029969
116,61,0.19563084
116,62,0.20932139
116,63,0.20105254
116,64,0.2024335399999999
116,65,0.1961296899999998
116,66,0.2098869599999999
116,67,0.2003681
116,68,0.1990717799999999
116,69,0.1946660699999998
116,70,0.2153788499999999
116,71,0.2063028199999998
116,72,0.20537613
116,73,0.1943379999999999
116,74,0.2076787799999999
116,75,0.1907839999999999
116,76,0.17961889
116,77,0.18224254
116,78,0.1808689599999999
116,79,0.1807591899999999
116,80,0.18005316
116,81,0.18096594
116,82,0.18190166
116,83,0.1812355999999998
116,84,0.18157314
116,85,0.1823388999999998
116,86,0.1826683399999999
116,87,0.18418598
116,88,0.1838468299999999
116,89,0.18570922
116,90,0.18688851
116,91,0.19080371
116,92,0.1900227799999999
116,93,0.18567936
116,94,0.18958278
116,95,0.1923225499999999
117,0,0.1938670799999998
117,1,0.2007859499999999
117,2,0.1937886399999999
117,3,0.19334673
117,4,0.1894437199999999
117,5,0.19356784
117,6,0.1852155399999999
117,7,0.18943521
117,8,0.18305487
117,9,0.19640894
117,10,0.18424569
117,11,0.18316019
117,12,0.17325709
117,13,0.1809607599999999
117,14,0.18302049
117,15,0.1831342799999999
117,16,0.1813532699999999
117,17,0.18814935
117,18,0.18315241
117,19,0.1833005899999999
117,20,0.1806531299999999
117,21,0.1834911899999999
117,22,0.1785925099999999
117,23,0.18100683
117,24,0.1749427999999998
117,25,0.17660406
117,26,0.17619555
117,27,0.1769508
117,28,0.1746606999999999
117,29,0.17901472
117,30,0.17829321
117,31,0.1799905199999999
117,32,0.1762929599999999
117,33,0.1813061799999999
117,34,0.1896440399999999
117,35,0.1863873299999999
117,36,0.1821668899999998
117,37,0.1782292099999999
117,38,0.17893343
117,39,0.18816736
117,40,0.18947552
117,41,0.18916479
117,42,0.1875340999999999
117,43,0.1942892199999999
117,44,0.19744909
117,45,0.19170169
117,46,0.1949667999999999
117,47,0.2089526599999999
117,48,0.21868859
117,49,0.18386887
117,50,0.18915097
117,51,0.19875584
117,52,0.21405816
117,53,0.1925593399999999
117,54,0.19500825
117,55,0.19960394
117,56,0.20267205
117,57,0.20583056
117,58,0.2044601199999999
117,59,0.2016724099999998
117,60,0.19509948
117,61,0.2080209499999999
117,62,0.2049169299999998
117,63,0.20449217
117,64,0.1965526999999998
117,65,0.2093652999999999
117,66,0.2017596299999999
117,67,0.19631888
117,68,0.1907996299999998
117,69,0.2006147999999999
117,70,0.1968052599999999
117,71,0.18961133
117,72,0.1864790999999999
117,73,0.18747474
117,74,0.18305229
117,75,0.18357009
117,76,0.18180747
117,77,0.1827264399999999
117,78,0.1826697699999999
117,79,0.18271212
117,80,0.1822275099999999
117,81,0.1830721899999999
117,82,0.1827798299999999
117,83,0.18256343
117,84,0.1819855999999998
117,85,0.1821243
117,86,0.1830457199999999
117,87,0.1835075
117,88,0.1839656399999999
117,89,0.1863511299999999
117,90,0.18509554
117,91,0.1867829299999999
117,92,0.1879699099999999
117,93,0.1878877599999999
117,94,0.1910658399999999
117,95,0.1940134399999999
118,0,0.1908988399999999
118,1,0.19441355
118,2,0.1897245599999999
118,3,0.18692264
118,4,0.1830287399999999
118,5,0.1919707099999999
118,6,0.1853145
118,7,0.18337968
118,8,0.18317315
118,9,0.18442104
118,10,0.1873733999999998
118,11,0.18110681
118,12,0.1831275199999999
118,13,0.18390339
118,14,0.18189574
118,15,0.1837754199999998
118,16,0.1834469399999999
118,17,0.1833829899999999
118,18,0.18458153
118,19,0.1827907799999999
118,20,0.1763335
118,21,0.1766363999999999
118,22,0.1782745599999999
118,23,0.1767331699999999
118,24,0.17572029
118,25,0.17810202
118,26,0.1810500099999999
118,27,0.18468072
118,28,0.17833956
118,29,0.18028415
118,30,0.18418484
118,31,0.1846135299999998
118,32,0.1831600099999999
118,33,0.18401786
118,34,0.1874488
118,35,0.18930884
118,36,0.19222551
118,37,0.18695071
118,38,0.18812608
118,39,0.19011575
118,40,0.1976551199999999
118,41,0.1845843199999998
118,42,0.18531727
118,43,0.1990572899999998
118,44,0.19793325
118,45,0.1839062399999999
118,46,0.1885951899999999
118,47,0.1980166599999999
118,48,0.2116042599999998
118,49,0.18258047
118,50,0.19171345
118,51,0.1990549199999998
118,52,0.2244797199999999
118,53,0.20837506
118,54,0.2090171699999999
118,55,0.2152701199999999
118,56,0.2167190199999999
118,57,0.22233096
118,58,0.2166022199999999
118,59,0.2067902399999999
118,60,0.19833017
118,61,0.2062440499999999
118,62,0.2030832099999999
118,63,0.19565424
118,64,0.18799
118,65,0.2199373999999999
118,66,0.20478972
118,67,0.2015436499999999
118,68,0.19412869
118,69,0.1996932899999998
118,70,0.18749056
118,71,0.18747027
118,72,0.1808397999999999
118,73,0.1842634999999998
118,74,0.18150394
118,75,0.18120176
118,76,0.18139976
118,77,0.18530108
118,78,0.1823027999999999
118,79,0.18217123
118,80,0.1794478599999999
118,81,0.1817975299999999
118,82,0.1831484399999999
118,83,0.18329428
118,84,0.18115992
118,85,0.1841219
118,86,0.18362279
118,87,0.1838925599999999
118,88,0.18393947
118,89,0.1858454999999998
118,90,0.18991839
118,91,0.18680923
118,92,0.1871060999999998
118,93,0.1899150899999999
118,94,0.19054972
118,95,0.19038657
119,0,0.19047211
119,1,0.19396343
119,2,0.18957688
119,3,0.18746351
119,4,0.18394074
119,5,0.1839227499999999
119,6,0.1865674
119,7,0.1833936699999999
119,8,0.17748469
119,9,0.18447177
119,10,0.1835814199999999
119,11,0.17155549
119,12,0.17023322
119,13,0.17075993
119,14,0.16863606
119,15,0.16838405
119,16,0.1682138799999999
119,17,0.16865286
119,18,0.1662998199999999
119,19,0.16843089
119,20,0.16809174
119,21,0.16811684
119,22,0.17079774
119,23,0.1697851999999998
119,24,0.1716955899999999
119,25,0.17104249
119,26,0.17189363
119,27,0.17326738
119,28,0.17007
119,29,0.1830283299999999
119,30,0.18260226
119,31,0.18454386
119,32,0.18230857
119,33,0.1873397399999999
119,34,0.1874370699999999
119,35,0.20504134
119,36,0.1873831399999999
119,37,0.18612066
119,38,0.1861536099999998
119,39,0.1902324699999999
119,40,0.1880362599999999
119,41,0.18697251
119,42,0.1812840799999999
119,43,0.1840912499999999
119,44,0.18241074
119,45,0.18017958
119,46,0.1813088999999999
119,47,0.18619298
119,48,0.1943423999999999
119,49,0.1815085899999998
119,50,0.1926361699999999
119,51,0.1955572599999999
119,52,0.29433723
119,53,0.19421631
119,54,0.19805661
119,55,0.19981864
119,56,0.19556403
119,57,0.19977598
119,58,0.1958289599999998
119,59,0.19575332
119,60,0.18944843
119,61,0.20066772
119,62,0.1950442299999999
119,63,0.19213873
119,64,0.18536276
119,65,0.1918261
119,66,0.1869313499999998
119,67,0.1835785
119,68,0.18161579
119,69,0.1875429699999999
119,70,0.1840091999999999
119,71,0.18248297
119,72,0.18087693
119,73,0.18536811
119,74,0.19255312
119,75,0.18412092
119,76,0.18108042
119,77,0.182995
119,78,0.18307389
119,79,0.18184744
119,80,0.1795003299999999
119,81,0.18265398
119,82,0.1816541599999999
119,83,0.1813222099999999
119,84,0.17423325
119,85,0.1780232199999999
119,86,0.17596481
119,87,0.1757082199999999
119,88,0.17339666
119,89,0.1737843099999998
119,90,0.17591244
119,91,0.1754247099999999
119,92,0.17369563
119,93,0.17511012
119,94,0.17518811
119,95,0.1757713199999999
120,0,0.17475963
120,1,0.17979317
120,2,0.1752723799999999
120,3,0.17181888
120,4,0.16891843
120,5,0.1737820399999999
120,6,0.1739722199999999
120,7,0.17020108
120,8,0.16414953
120,9,0.17147338
120,10,0.1718731099999999
120,11,0.1715395999999999
120,12,0.1709145499999999
120,13,0.17058824
120,14,0.17008586
120,15,0.16943109
120,16,0.16536945
120,17,0.1701295199999998
120,18,0.17144942
120,19,0.16869599
120,20,0.1507544799999999
120,21,0.1674647499999998
120,22,0.1694959399999999
120,23,0.1628438499999999
120,24,0.1499895799999999
120,25,0.16484539
120,26,0.16487034
120,27,0.16640206
120,28,0.15
120,29,0.1633850299999999
120,30,0.1631283099999999
120,31,0.16602292
120,32,0.16485122
120,33,0.1663644499999998
120,34,0.16618815
120,35,0.1668224999999999
120,36,0.16749553
120,37,0.16051444
120,38,0.1638402699999999
120,39,0.1661185
120,40,0.1671383
120,41,0.1499903999999999
120,42,0.14999012
120,43,0.1507417099999998
120,44,0.1660034799999999
120,45,0.1499901699999999
120,46,0.16288615
120,47,0.16786178
120,48,0.1691714799999999
120,49,0.1668633199999999
120,50,0.17108115
120,51,0.17711114
120,52,0.18536926
120,53,0.1828503199999999
120,54,0.19283248
120,55,0.1881941099999998
120,56,0.19167718
120,57,0.19401147
120,58,0.1938992199999999
120,59,0.19171101
120,60,0.18283726
120,61,0.18966441
120,62,0.1859814699999999
120,63,0.18430456
120,64,0.18188647
120,65,0.18292568
120,66,0.1808084399999999
120,67,0.1778204
120,68,0.1735439
120,69,0.17871391
120,70,0.17787496
120,71,0.17513109
120,72,0.1729959999999999
120,73,0.18026403
120,74,0.17758799
120,75,0.1762882899999999
120,76,0.17137204
120,77,0.17685941
120,78,0.17969931
120,79,0.1775930899999999
120,80,0.16981651
120,81,0.1788605699999998
120,82,0.1773239199999999
120,83,0.17717742
120,84,0.17567338
120,85,0.16945301
120,86,0.1728387999999999
120,87,0.1684999999999999
120,88,0.16852567
120,89,0.1692320499999999
120,90,0.16897935
120,91,0.16944612
120,92,0.16940963
120,93,0.1753069099999999
120,94,0.1760776799999999
120,95,0.1739888
121,0,0.1748382399999998
121,1,0.1767962899999999
121,2,0.17180615
121,3,0.1672879899999998
121,4,0.1501032699999999
121,5,0.16557943
121,6,0.14998959
121,7,0.1465037499999999
121,8,0.1401452500000001
121,9,0.14434889
121,10,0.1400486799999999
121,11,0.1399586100000001
121,12,0.14049
121,13,0.13998309
121,14,0.1400361199999999
121,15,0.1398982199999999
121,16,0.14049
121,17,0.1399582200000001
121,18,0.13992376
121,19,0.1399453199999999
121,20,0.14051939
121,21,0.1434238599999999
121,22,0.1399704299999999
121,23,0.1399736599999998
121,24,0.14053945
121,25,0.13999791
121,26,0.14014313
121,27,0.1404469999999999
121,28,0.13991469
121,29,0.1399594599999999
121,30,0.1399847099999999
121,31,0.1458056499999999
121,32,0.14039719
121,33,0.1446357399999999
121,34,0.1499889699999998
121,35,0.14998914
121,36,0.14998919
121,37,0.1499890499999999
121,38,0.1767729999999999
121,39,0.1717582
121,40,0.1499900199999997
121,41,0.16168197
121,42,0.1499915399999999
121,43,0.1882440499999998
121,44,0.20818334
121,45,0.17630645
121,46,0.17878647
121,47,0.20862074
121,48,0.19870442
121,49,0.1737368199999999
121,50,0.1911053699999998
121,51,0.20457395
121,52,0.2014384599999999
121,53,0.21140866
121,54,0.2048754599999997
121,55,0.21191546
121,56,0.23803237000000002
121,57,0.2132264599999999
121,58,0.1955065799999999
121,59,0.1913853
121,60,0.18892957
121,61,0.21364184
121,62,0.19462426
121,63,0.19154637
121,64,0.18495263
121,65,0.1947281899999999
121,66,0.1858594599999999
121,67,0.18265534
121,68,0.1792207299999999
121,69,0.18326277
121,70,0.18153396
121,71,0.1796857399999999
121,72,0.1770409299999999
121,73,0.18410276
121,74,0.1822124799999999
121,75,0.1825959399999999
121,76,0.1807190399999998
121,77,0.1814708899999998
121,78,0.18084954
121,79,0.1806269
121,80,0.18062248
121,81,0.1806477999999998
121,82,0.1810237499999999
121,83,0.1814328
121,84,0.1813179399999999
121,85,0.1791837
121,86,0.1801468199999999
121,87,0.1814771399999999
121,88,0.1815294
121,89,0.1825002199999999
121,90,0.18555422
121,91,0.1859988
121,92,0.1872019299999999
121,93,0.1881526799999999
121,94,0.1907178
121,95,0.2050544399999999
122,0,0.20124164
122,1,0.19613207
122,2,0.2022699
122,3,0.19090759
122,4,0.18116189
122,5,0.1834384899999999
122,6,0.1832393499999999
122,7,0.17698996
122,8,0.16783
122,9,0.17693886
122,10,0.1725612799999999
122,11,0.17972688
122,12,0.1662152
122,13,0.1753382299999999
122,14,0.1705486999999998
122,15,0.17152596
122,16,0.1670576
122,17,0.1707738099999998
122,18,0.1702836499999999
122,19,0.1701889399999999
122,20,0.1603466
122,21,0.1653482599999998
122,22,0.16785653
122,23,0.16802303
122,24,0.16743222
122,25,0.17184662
122,26,0.1712916399999999
122,27,0.1721579299999999
122,28,0.1709476
122,29,0.17187001
122,30,0.1718200799999999
122,31,0.17168221
122,32,0.1733943599999998
122,33,0.17293096
122,34,0.1757549199999997
122,35,0.1800677299999999
122,36,0.17899829
122,37,0.17856214
122,38,0.1801774099999999
122,39,0.18512133
122,40,0.17882159
122,41,0.17406878
122,42,0.17538486
122,43,0.18151638
122,44,0.1814338899999999
122,45,0.1741321699999999
122,46,0.1806048499999999
122,47,0.18906572
122,48,0.2158836699999999
122,49,0.18137317
122,50,0.19127111
122,51,0.20740345
122,52,0.22519324999999993
122,53,0.19228812
122,54,0.20530932
122,55,0.2347117599999999
122,56,0.2638527399999999
122,57,0.23634076
122,58,0.21732921
122,59,0.2081601099999999
122,60,0.2025282199999999
122,61,0.21912403
122,62,0.2137660999999999
122,63,0.2003193199999999
122,64,0.19243477
122,65,0.20127221
122,66,0.1962661299999999
122,67,0.19467526
122,68,0.18700248
122,69,0.19201729
122,70,0.1882975199999998
122,71,0.1829635799999999
122,72,0.18140548
122,73,0.1849978899999998
122,74,0.18178686
122,75,0.1815900899999999
122,76,0.1813819799999998
122,77,0.18481832
122,78,0.1843588499999999
122,79,0.18292289
122,80,0.18162535
122,81,0.18204091
122,82,0.18187475
122,83,0.18194166
122,84,0.18190491
122,85,0.18208373
122,86,0.1822217199999999
122,87,0.1820651699999999
122,88,0.18178668
122,89,0.18226441
122,90,0.18362
122,91,0.18725195
122,92,0.1870802599999998
122,93,0.1855966299999999
122,94,0.18709469
122,95,0.1880929
123,0,0.19391453
123,1,0.19643641
123,2,0.19522894
123,3,0.1828415399999998
123,4,0.1804895799999999
123,5,0.20586057
123,6,0.18390225
123,7,0.17881086
123,8,0.1701655799999999
123,9,0.17846019
123,10,0.1826883799999999
123,11,0.1773015499999999
123,12,0.1747289199999999
123,13,0.18186484
123,14,0.1794773699999998
123,15,0.1794816299999999
123,16,0.1701574299999999
123,17,0.17040727
123,18,0.1704506
123,19,0.1699177699999999
123,20,0.1686255799999998
123,21,0.1704376999999998
123,22,0.17120364
123,23,0.17269858
123,24,0.1728368
123,25,0.1766708399999998
123,26,0.1770224799999999
123,27,0.1796340899999998
123,28,0.1801024199999999
123,29,0.1772962099999998
123,30,0.17810947
123,31,0.1894361799999999
123,32,0.18919093
123,33,0.1895432699999999
123,34,0.19267486
123,35,0.1935844899999998
123,36,0.1908792
123,37,0.19094445
123,38,0.2017222699999999
123,39,0.24073318000000002
123,40,0.1905963399999999
123,41,0.1892610699999999
123,42,0.2051441299999999
123,43,0.2181167499999998
123,44,0.1405821999999998
123,45,0.1424131499999999
123,46,0.1575501999999999
123,47,0.1458121099999998
123,48,0.15043475
123,49,0.1946454799999999
123,50,0.20033507
123,51,0.44258649999999966
123,52,0.2031353399999998
123,53,0.4218444199999998
123,54,0.4341295199999998
123,55,0.2561951
123,56,0.35936442999999973
123,57,0.27989637999999983
123,58,0.2124499
123,59,0.20879734
123,60,0.22614647000000002
123,61,0.20864644
123,62,0.2032862
123,63,0.1976284499999999
123,64,0.20520695
123,65,0.1963777599999999
123,66,0.19633875
123,67,0.18744299
123,68,0.1949598599999999
123,69,0.1872686999999999
123,70,0.1833974899999998
123,71,0.1831742499999999
123,72,0.19422702
123,73,0.19960055
123,74,0.1931329799999999
123,75,0.1876571199999999
123,76,0.19321446
123,77,0.1912458499999999
123,78,0.19136567
123,79,0.18792553
123,80,0.18827224
123,81,0.18717635
123,82,0.18592477
123,83,0.18416514
123,84,0.1851461199999998
123,85,0.18525441
123,86,0.18579212
123,87,0.1845527599999999
123,88,0.1841228899999999
123,89,0.1829188
123,90,0.1920050099999999
123,91,0.19235211
123,92,0.18495129
123,93,0.1866096599999999
123,94,0.19829415
123,95,0.20174395
124,0,0.2087638
124,1,0.2078107899999998
124,2,0.19927134
124,3,0.18357897
124,4,0.1918047
124,5,0.18764091
124,6,0.1802103
124,7,0.1787533
124,8,0.18297853
124,9,0.18173517
124,10,0.1809600499999999
124,11,0.17945005
124,12,0.18542719
124,13,0.18174355
124,14,0.17891374
124,15,0.17614668
124,16,0.18201601
124,17,0.1822009
124,18,0.18528257
124,19,0.17847227
124,20,0.1826444699999999
124,21,0.1898335099999999
124,22,0.18874277
124,23,0.1810596099999999
124,24,0.1842340499999999
124,25,0.18868735
124,26,0.1932702
124,27,0.19369516
124,28,0.19118139
124,29,0.1979948599999999
124,30,0.19282134
124,31,0.18671795
124,32,0.18331795
124,33,0.1957190699999999
124,34,0.2039172199999999
124,35,0.2043932399999999
124,36,0.1978217899999998
124,37,0.20396492
124,38,0.20982075
124,39,0.22105119999999992
124,40,0.19689582
124,41,0.2020104199999998
124,42,0.23788232
124,43,0.21168531
124,44,0.1944683299999999
124,45,0.1988202099999998
124,46,0.2047423399999999
124,47,0.2071557899999999
124,48,0.19591273
124,49,0.20195487
124,50,0.2186172099999999
124,51,0.4566781999999999
124,52,0.30400815999999964
124,53,0.6995123
124,54,0.70366144
124,55,0.6979913000000001
124,56,0.54841824
124,57,0.48102356
124,58,0.2180585599999999
124,59,0.2011145299999999
124,60,0.2184102799999999
124,61,0.21217896
124,62,0.20131056
124,63,0.2050941899999999
124,64,0.2163941599999999
124,65,0.20189777
124,66,0.1973217399999999
124,67,0.18845008
124,68,0.1998746299999998
124,69,0.19255653
124,70,0.19175886
124,71,0.18584312
124,72,0.1920323099999999
124,73,0.1899115499999999
124,74,0.1871526799999999
124,75,0.18390974
124,76,0.1961147399999998
124,77,0.19021361
124,78,0.1867971499999999
124,79,0.18370134
124,80,0.1846714199999999
124,81,0.18409111
124,82,0.1838524699999999
124,83,0.1824391699999999
124,84,0.18378152
124,85,0.1839208699999999
124,86,0.1842736499999999
124,87,0.18356274
124,88,0.1836259
124,89,0.1836496799999998
124,90,0.1844097799999999
124,91,0.1872044599999999
124,92,0.1842620499999999
124,93,0.1868912999999999
124,94,0.1996559299999999
124,95,0.19585106
125,0,0.19998116
125,1,0.18989632
125,2,0.1844026
125,3,0.1800900099999999
125,4,0.1815469299999999
125,5,0.18684196
125,6,0.1730937799999999
125,7,0.15931335
125,8,0.17182316
125,9,0.1720771999999999
125,10,0.1741697499999999
125,11,0.1714820799999999
125,12,0.1736656399999999
125,13,0.1809329199999998
125,14,0.18069351
125,15,0.1752864999999999
125,16,0.17799354
125,17,0.17589917
125,18,0.17585079
125,19,0.17109388
125,20,0.17066644
125,21,0.1710841399999999
125,22,0.17123074
125,23,0.1699951999999999
125,24,0.1718916899999999
125,25,0.1767071899999999
125,26,0.1759138499999999
125,27,0.1757361399999999
125,28,0.1765954499999999
125,29,0.17651073
125,30,0.1771728199999999
125,31,0.1766456299999998
125,32,0.17663512
125,33,0.1770875899999999
125,34,0.17728399
125,35,0.17744434
125,36,0.17365758
125,37,0.1753690499999999
125,38,0.17687241
125,39,0.17762232
125,40,0.17138364
125,41,0.17549626
125,42,0.17772463
125,43,0.17799049
125,44,0.1731439
125,45,0.1766900399999998
125,46,0.18012116
125,47,0.1834557
125,48,0.1786729699999999
125,49,0.18279932
125,50,0.19051899
125,51,0.20008923
125,52,0.19355099
125,53,0.19786302
125,54,0.1992227399999999
125,55,0.22406278
125,56,0.1989215
125,57,0.1967962399999999
125,58,0.19437316
125,59,0.18411488
125,60,0.19780781
125,61,0.19673785
125,62,0.1858375
125,63,0.1836899599999999
125,64,0.1902227999999998
125,65,0.19038539
125,66,0.18628166
125,67,0.18110065
125,68,0.1839354799999999
125,69,0.1824681
125,70,0.18093626
125,71,0.17873434
125,72,0.1804667099999999
125,73,0.17876725
125,74,0.17924283
125,75,0.1770994699999999
125,76,0.18062869
125,77,0.18057362
125,78,0.1795988
125,79,0.17665654
125,80,0.1808535099999999
125,81,0.18017824
125,82,0.17954936
125,83,0.1764797899999998
125,84,0.17956478
125,85,0.1794379999999999
125,86,0.18024373
125,87,0.1770409499999999
125,88,0.17681547
125,89,0.17676612
125,90,0.17839125
125,91,0.1770708299999999
125,92,0.17921721
125,93,0.1809649299999998
125,94,0.1821769
125,95,0.18214462
126,0,0.18997395
126,1,0.18435331
126,2,0.1813899299999999
126,3,0.17855096
126,4,0.1818026199999998
126,5,0.1711795299999998
126,6,0.16608105
126,7,0.17745381
126,8,0.1803579299999999
126,9,0.18019811
126,10,0.18438578
126,11,0.1733028799999998
126,12,0.17659048
126,13,0.1742382499999999
126,14,0.1728021999999999
126,15,0.1748402599999998
126,16,0.16914044
126,17,0.16955149
126,18,0.164968
126,19,0.1499894299999999
126,20,0.1499910799999998
126,21,0.1499893399999998
126,22,0.1499911099999999
126,23,0.14998938
126,24,0.1554662499999999
126,25,0.1499903
126,26,0.1551830799999999
126,27,0.1537959999999999
126,28,0.15763609
126,29,0.1657240999999999
126,30,0.1673888
126,31,0.16420903
126,32,0.15091363
126,33,0.1532117899999999
126,34,0.1660885
126,35,0.1671929699999998
126,36,0.16307146
126,37,0.1647856699999998
126,38,0.1664479499999999
126,39,0.16608298
126,40,0.1499895199999999
126,41,0.1557566499999998
126,42,0.1661864999999999
126,43,0.16579788
126,44,0.1546945499999999
126,45,0.1558313399999999
126,46,0.1553422299999998
126,47,0.1679964
126,48,0.16257333
126,49,0.1714168399999999
126,50,0.1752887099999999
126,51,0.1798436799999998
126,52,0.1799325199999999
126,53,0.18231374
126,54,0.18497455
126,55,0.19555936
126,56,0.19703613
126,57,0.19725663
126,58,0.19307707
126,59,0.18734103
126,60,0.19661419
126,61,0.19032219
126,62,0.1874008
126,63,0.18646994
126,64,0.1926566799999998
126,65,0.1863687699999999
126,66,0.1828499499999999
126,67,0.1808440399999999
126,68,0.18523525
126,69,0.18310539
126,70,0.1809004399999999
126,71,0.18193878
126,72,0.18351961
126,73,0.17932588
126,74,0.1794550099999998
126,75,0.17764519
126,76,0.1938074599999999
126,77,0.1848212599999999
126,78,0.1807929999999999
126,79,0.18111356
126,80,0.18203843
126,81,0.18048627
126,82,0.17935639
126,83,0.18168218
126,84,0.1825286299999998
126,85,0.1870454799999999
126,86,0.1811257799999999
126,87,0.1814253999999999
126,88,0.19957006
126,89,0.1782882
126,90,0.17526037
126,91,0.1782651399999999
126,92,0.18159264
126,93,0.1774276399999998
126,94,0.1791313499999999
126,95,0.1785671899999999
127,0,0.1803980399999999
127,1,0.18009518
127,2,0.17715408
127,3,0.1605138299999998
127,4,0.1713340299999999
127,5,0.15782925
127,6,0.1499892299999998
127,7,0.1499891499999999
127,8,0.1499892399999999
127,9,0.1499891599999999
127,10,0.1499892499999999
127,11,0.1499891599999999
127,12,0.1499900399999998
127,13,0.1499891499999999
127,14,0.1499890899999998
127,15,0.1499889699999998
127,16,0.1499892199999999
127,17,0.1499892299999998
127,18,0.1499892599999999
127,19,0.1499889899999999
127,20,0.1499889999999999
127,21,0.149925
127,22,0.1499889999999999
127,23,0.14038263
127,24,0.1499893399999998
127,25,0.14998919
127,26,0.14998906
127,27,0.14895864
127,28,0.1499893699999999
127,29,0.1499893699999999
127,30,0.1499893599999999
127,31,0.14998933
127,32,0.1499890299999999
127,33,0.1499892899999998
127,34,0.14998935
127,35,0.1499893199999999
127,36,0.1499891799999998
127,37,0.1499890799999998
127,38,0.14998928
127,39,0.1499893
127,40,0.14998777
127,41,0.1499888799999998
127,42,0.1499891099999999
127,43,0.1499891799999998
127,44,0.1499890999999999
127,45,0.1499897799999999
127,46,0.1726180499999999
127,47,0.17335793
127,48,0.17075118
127,49,0.1781000699999999
127,50,0.1860436899999999
127,51,0.2298241799999999
127,52,0.1828243499999998
127,53,0.18926798
127,54,0.1856291099999999
127,55,0.18429757
127,56,0.21369543
127,57,0.2109468099999999
127,58,0.2000389099999999
127,59,0.18718349
127,60,0.2059867199999999
127,61,0.19883717
127,62,0.19915452
127,63,0.1907612199999999
127,64,0.19729652
127,65,0.1856209599999999
127,66,0.1846692
127,67,0.18117064
127,68,0.18788203
127,69,0.18575922
127,70,0.1823947
127,71,0.17908896
127,72,0.1818042599999999
127,73,0.17926224
127,74,0.1785911399999999
127,75,0.1758066199999998
127,76,0.1783153999999999
127,77,0.17675725
127,78,0.1775357599999999
127,79,0.1764239
127,80,0.1795443699999999
127,81,0.1794844899999998
127,82,0.17973783
127,83,0.1788821899999998
127,84,0.180273
127,85,0.1801044299999999
127,86,0.1795256999999999
127,87,0.17535256
127,88,0.1798099899999999
127,89,0.1803565899999999
127,90,0.180672
127,91,0.17947783
127,92,0.1815961499999999
127,93,0.1814607099999998
127,94,0.18219095
127,95,0.1800214299999999
128,0,0.18746034
128,1,0.18475756
128,2,0.1794115
128,3,0.17147487
128,4,0.1785480799999998
128,5,0.17400785
128,6,0.1641858
128,7,0.1504797999999998
128,8,0.1653828199999999
128,9,0.16425486
128,10,0.1500098899999999
128,11,0.1502531499999997
128,12,0.1616568599999999
128,13,0.17425873
128,14,0.15545406
128,15,0.1499892099999999
128,16,0.1499893599999999
128,17,0.1499900999999999
128,18,0.1502318199999999
128,19,0.1499891299999998
128,20,0.14998919
128,21,0.1499893199999999
128,22,0.14998935
128,23,0.14998912
128,24,0.1499895199999999
128,25,0.1499937199999998
128,26,0.15539858
128,27,0.14998928
128,28,0.1499915599999999
128,29,0.1554706599999999
128,30,0.1624784999999998
128,31,0.15547729
128,32,0.1626961999999999
128,33,0.1658065699999999
128,34,0.1701568799999999
128,35,0.17250073
128,36,0.1720166699999999
128,37,0.1729689999999999
128,38,0.17527074
128,39,0.1748447099999999
128,40,0.1656357499999999
128,41,0.1685331499999998
128,42,0.17134137
128,43,0.18949794
128,44,0.18276106
128,45,0.1886821399999998
128,46,0.1840064199999999
128,47,0.18502691
128,48,0.1754835299999999
128,49,0.1773323299999999
128,50,0.1931553899999999
128,51,0.20178451
128,52,0.1894721399999999
128,53,0.1931293
128,54,0.1963557999999998
128,55,0.21433248
128,56,0.2100878299999999
128,57,0.20419983
128,58,0.2044463199999999
128,59,0.19351795
128,60,0.2026046199999999
128,61,0.19725968
128,62,0.19862262
128,63,0.1878688399999999
128,64,0.19932375
128,65,0.19158268
128,66,0.18878617
128,67,0.18307214
128,68,0.1900301
128,69,0.1850970799999998
128,70,0.18278858
128,71,0.1806465599999999
128,72,0.1847925699999999
128,73,0.1828986999999998
128,74,0.1822299999999999
128,75,0.1814462599999998
128,76,0.1808841699999999
128,77,0.1789911999999999
128,78,0.1794724
128,79,0.1778488
128,80,0.1789911999999999
128,81,0.1783211999999999
128,82,0.18088167
128,83,0.1765979599999999
128,84,0.1804408899999998
128,85,0.1779212
128,86,0.1792416599999998
128,87,0.1797811999999999
128,88,0.18
128,89,0.1820197899999999
128,90,0.1826524
128,91,0.1828723999999999
128,92,0.1855277399999998
128,93,0.1900376
128,94,0.1930812
128,95,0.19881376
129,0,0.2034157799999999
129,1,0.19106465
129,2,0.18965995
129,3,0.1814279399999999
129,4,0.19461712
129,5,0.1851562699999999
129,6,0.23626680000000003
129,7,0.2023883699999999
129,8,0.2148975599999998
129,9,0.1968889199999999
129,10,0.1999358499999999
129,11,0.18734675
129,12,0.1948240399999999
129,13,0.18593713
129,14,0.1953331099999999
129,15,0.18551449
129,16,0.18959691
129,17,0.19197704
129,18,0.1892477099999999
129,19,0.1888352599999999
129,20,0.19654072
129,21,0.1976535099999999
129,22,0.19116342
129,23,0.18408405
129,24,0.18640155
129,25,0.19172364
129,26,0.1949112399999999
129,27,0.17903523
129,28,0.19032376
129,29,0.19042134
129,30,0.20733374
129,31,0.1904316699999998
129,32,0.2046956199999999
129,33,0.2057126099999998
129,34,0.20514891
129,35,0.2096655399999999
129,36,0.1830343499999999
129,37,0.2030961899999999
129,38,0.2141953599999999
129,39,0.20373839
129,40,0.19313365
129,41,0.19708365
129,42,0.2032681399999999
129,43,0.2074743399999999
129,44,0.197957
129,45,0.20504021
129,46,0.21445797
129,47,0.32505991999999984
129,48,0.19937061
129,49,0.2036840699999999
129,50,0.22930719000000002
129,51,0.2143492799999999
129,52,0.20659465
129,53,0.2110429499999999
129,54,0.2192450199999998
129,55,0.23078685000000002
129,56,0.26503511
129,57,0.2258136899999997
129,58,0.22440953
129,59,0.2224258599999999
129,60,0.22530471
129,61,0.21234327
129,62,0.20305673
129,63,0.19964942
129,64,0.2045284299999999
129,65,0.19913577
129,66,0.1948799199999999
129,67,0.1858683199999999
129,68,0.19518593
129,69,0.19345366
129,70,0.19094079
129,71,0.19488988
129,72,0.20044497
129,73,0.19409814
129,74,0.18735198
129,75,0.1976904399999999
129,76,0.1981702099999999
129,77,0.18556914
129,78,0.18389616
129,79,0.1830523499999999
129,80,0.1845383599999999
129,81,0.18269767
129,82,0.18282698
129,83,0.18308618
129,84,0.1837830599999998
129,85,0.1817099999999999
129,86,0.1820524
129,87,0.1817688
129,88,0.1821988
129,89,0.1848288899999999
129,90,0.1903999999999999
129,91,0.1894652099999999
129,92,0.18999
129,93,0.1925624899999999
129,94,0.19956
129,95,0.19952902
130,0,0.2091862799999999
130,1,0.19466684
130,2,0.1868873
130,3,0.18187983
130,4,0.1863176
130,5,0.1809711499999998
130,6,0.18236154
130,7,0.1814742399999999
130,8,0.18848033
130,9,0.1887758499999999
130,10,0.18896831
130,11,0.19089794
130,12,0.19976141
130,13,0.19289225
130,14,0.19531692
130,15,0.20246886
130,16,0.2011693999999998
130,17,0.20256757
130,18,0.1927537599999998
130,19,0.1926976799999999
130,20,0.19822676
130,21,0.19729013
130,22,0.1990338499999999
130,23,0.1956566699999999
130,24,0.20231941
130,25,0.19789719
130,26,0.20469636
130,27,0.21148904
130,28,0.2047922999999999
130,29,0.2155734899999999
130,30,0.2077256599999999
130,31,0.2176736699999999
130,32,0.2152341799999998
130,33,0.2096923799999999
130,34,0.2155094
130,35,0.2239321
130,36,0.20078738
130,37,0.22116231999999972
130,38,0.2019297599999999
130,39,0.19365166
130,40,0.1915647399999999
130,41,0.2029088199999999
130,42,0.21973799
130,43,0.27054581
130,44,0.20302689
130,45,0.2130781799999999
130,46,0.22033006000000002
130,47,0.25090506999999984
130,48,0.1938211699999999
130,49,0.20318558
130,50,0.21967191
130,51,0.39651004
130,52,0.2141526399999999
130,53,0.2126919599999999
130,54,0.2270201299999999
130,55,0.21893573
130,56,0.2144245799999999
130,57,0.2141514399999999
130,58,0.2049620199999999
130,59,0.20211941
130,60,0.2128105199999999
130,61,0.2042415
130,62,0.1996314599999999
130,63,0.19443
130,64,0.2131715099999999
130,65,0.1986344899999998
130,66,0.1981959499999999
130,67,0.19198631
130,68,0.1974645099999999
130,69,0.1956254899999999
130,70,0.1909577499999998
130,71,0.18568995
130,72,0.1947392599999998
130,73,0.19220913
130,74,0.18869864
130,75,0.18589378
130,76,0.18953134
130,77,0.18754233
130,78,0.18754416
130,79,0.1921609499999998
130,80,0.1909486699999999
130,81,0.1871427999999998
130,82,0.1859321599999999
130,83,0.1847045199999999
130,84,0.1845384099999999
130,85,0.18435576
130,86,0.18537209
130,87,0.18461687
130,88,0.1847644099999999
130,89,0.18571647
130,90,0.18634253
130,91,0.18422027
130,92,0.1832672699999999
130,93,0.1878221199999999
130,94,0.1977871
130,95,0.19738482
131,0,0.1890342599999999
131,1,0.1884613299999999
131,2,0.18611115
131,3,0.1825138399999999
131,4,0.1860559199999999
131,5,0.18585862
131,6,0.18109672
131,7,0.1846679499999998
131,8,0.19608393
131,9,0.18257475
131,10,0.1808961499999999
131,11,0.18072483
131,12,0.1822012399999999
131,13,0.18184211
131,14,0.18128065
131,15,0.1802980299999998
131,16,0.1829819099999998
131,17,0.1812664499999999
131,18,0.18153228
131,19,0.17991405
131,20,0.18282756
131,21,0.1838007999999999
131,22,0.18430126
131,23,0.1807949199999998
131,24,0.1897196899999998
131,25,0.18552364
131,26,0.18944724
131,27,0.1949423799999999
131,28,0.1827034999999999
131,29,0.1820186299999999
131,30,0.2024650299999999
131,31,0.1923037
131,32,0.1871201799999998
131,33,0.18927402
131,34,0.1944453499999999
131,35,0.19729082
131,36,0.1808837499999999
131,37,0.1814599199999998
131,38,0.19209004
131,39,0.20498196
131,40,0.1850576399999999
131,41,0.1916712299999998
131,42,0.20131984
131,43,0.21062313
131,44,0.19235774
131,45,0.19031449
131,46,0.20039212
131,47,0.2055720699999998
131,48,0.19597208
131,49,0.19738382
131,50,0.2084744999999999
131,51,0.23981316
131,52,0.21861203
131,53,0.2130767599999999
131,54,0.23163186
131,55,0.2235362199999997
131,56,0.22056457999999993
131,57,0.2334260699999999
131,58,0.21161527
131,59,0.2053514399999998
131,60,0.2120360899999999
131,61,0.2028922999999998
131,62,0.20079684
131,63,0.19368353
131,64,0.20652466
131,65,0.19634835
131,66,0.19328613
131,67,0.1879880399999999
131,68,0.1938148799999999
131,69,0.1917469299999999
131,70,0.1929965099999999
131,71,0.1857435999999999
131,72,0.1953383999999999
131,73,0.18756179
131,74,0.18692532
131,75,0.18511685
131,76,0.18696079
131,77,0.18530739
131,78,0.18410261
131,79,0.18240614
131,80,0.18405916
131,81,0.1839651
131,82,0.1839204999999999
131,83,0.1827404799999999
131,84,0.1838035
131,85,0.18361325
131,86,0.1840150399999999
131,87,0.1832501699999999
131,88,0.1840598699999999
131,89,0.18502941
131,90,0.18604976
131,91,0.18442948
131,92,0.1836913099999998
131,93,0.1937539999999999
131,94,0.2002304899999999
131,95,0.1977270699999999
132,0,0.1968451699999999
132,1,0.19118019
132,2,0.18568697
132,3,0.1832058099999998
132,4,0.18340824
132,5,0.18149962
132,6,0.17584523
132,7,0.18377807
132,8,0.2064230799999999
132,9,0.19145217
132,10,0.18856504
132,11,0.1851038599999999
132,12,0.22376124
132,13,0.2190352699999999
132,14,0.20051401
132,15,0.2011302199999999
132,16,0.1938160099999999
132,17,0.1883321099999998
132,18,0.1889509899999999
132,19,0.1835104899999999
132,20,0.1901143599999999
132,21,0.18496708
132,22,0.19650992
132,23,0.19599262
132,24,0.1899313299999999
132,25,0.18378532
132,26,0.19980636
132,27,0.18696453
132,28,0.1882966199999998
132,29,0.1968658999999999
132,30,0.19107965
132,31,0.18691274
132,32,0.18255351
132,33,0.1831363599999998
132,34,0.18616536
132,35,0.19016633
132,36,0.1831137399999998
132,37,0.1828853
132,38,0.19184475
132,39,0.1922657499999999
132,40,0.1815592699999999
132,41,0.18269605
132,42,0.1862988299999999
132,43,0.18697336
132,44,0.18152089
132,45,0.1835133699999999
132,46,0.19853215
132,47,0.2072714199999999
132,48,0.1885134299999999
132,49,0.19666164
132,50,0.20832739
132,51,0.23445280999999982
132,52,0.20922274
132,53,0.21227895
132,54,0.2130849699999999
132,55,0.2060357599999999
132,56,0.20217775
132,57,0.20386033
132,58,0.2059676999999999
132,59,0.2017015199999999
132,60,0.2158760099999999
132,61,0.20121995
132,62,0.2007499999999999
132,63,0.1973387999999999
132,64,0.2101194499999999
132,65,0.19873823
132,66,0.19644997
132,67,0.1900971699999999
132,68,0.2008910099999999
132,69,0.19459742
132,70,0.19512989
132,71,0.18777351
132,72,0.1962048799999998
132,73,0.1896664599999999
132,74,0.18515715
132,75,0.18325639
132,76,0.18549398
132,77,0.18681525
132,78,0.18316601
132,79,0.18219229
132,80,0.18352002
132,81,0.18352949
132,82,0.18430702
132,83,0.18318016
132,84,0.1835947799999999
132,85,0.18387192
132,86,0.18397207
132,87,0.18394867
132,88,0.18446922
132,89,0.18688441
132,90,0.1870531
132,91,0.18506187
132,92,0.1880164099999999
132,93,0.19000849
132,94,0.1902477399999999
132,95,0.19054356
133,0,0.1885003499999999
133,1,0.18644816
133,2,0.1837921599999999
133,3,0.1844281499999999
133,4,0.19162941
133,5,0.19567357
133,6,0.1926496899999999
133,7,0.19605396
133,8,0.1933538
133,9,0.1914313799999999
133,10,0.1846235499999998
133,11,0.1822019599999998
133,12,0.1800381199999999
133,13,0.1840935999999998
133,14,0.18034501
133,15,0.18190865
133,16,0.1819265399999998
133,17,0.18322589
133,18,0.1835835999999999
133,19,0.1850476
133,20,0.19478652
133,21,0.18871846
133,22,0.18548829
133,23,0.18879323
133,24,0.20240993
133,25,0.18528002
133,26,0.1825183199999999
133,27,0.1823139799999999
133,28,0.1821517599999998
133,29,0.21949094
133,30,0.1848844699999999
133,31,0.18264574
133,32,0.18281722
133,33,0.18404119
133,34,0.18287739
133,35,0.185231
133,36,0.18792933
133,37,0.2024896699999999
133,38,0.1888342
133,39,0.18245484
133,40,0.1822785099999999
133,41,0.18542057
133,42,0.1952264499999998
133,43,0.18214721
133,44,0.1857415399999999
133,45,0.1883212199999999
133,46,0.1984119399999999
133,47,0.1815738699999999
133,48,0.19326762
133,49,0.20188512
133,50,0.2133636599999999
133,51,0.21257188
133,52,0.2160536699999999
133,53,0.26093864
133,54,0.22545277
133,55,0.21910817
133,56,0.2187659599999999
133,57,0.21248703
133,58,0.21301745
133,59,0.2243636399999999
133,60,0.21172358
133,61,0.2111875999999999
133,62,0.1968613599999999
133,63,0.2130273499999999
133,64,0.2025691
133,65,0.19622656
133,66,0.1909914899999999
133,67,0.2213974399999998
133,68,0.2112457999999999
133,69,0.23019112
133,70,0.19373108
133,71,0.20258388
133,72,0.2189529399999999
133,73,0.19325119
133,74,0.18815793
133,75,0.2136745199999999
133,76,0.19490329
133,77,0.19322058
133,78,0.18224129
133,79,0.19529797
133,80,0.1879224
133,81,0.18683532
133,82,0.183913
133,83,0.1861108
133,84,0.1845861099999998
133,85,0.18336088
133,86,0.18248442
133,87,0.1836834499999998
133,88,0.1827004799999999
133,89,0.18447596
133,90,0.18340803
133,91,0.18618012
133,92,0.18628811
133,93,0.18745142
133,94,0.18670867
133,95,0.1893279499999999
134,0,0.1886785799999999
134,1,0.18565682
134,2,0.1844424199999998
134,3,0.1853322099999998
134,4,0.19455654
134,5,0.1879217299999997
134,6,0.19019041
134,7,0.1992814299999999
134,8,0.1908736399999999
134,9,0.1924127999999999
134,10,0.1912318
134,11,0.19570646
134,12,0.1977976399999998
134,13,0.1976804599999999
134,14,0.1868092199999998
134,15,0.1880418499999999
134,16,0.1969999699999998
134,17,0.20435648
134,18,0.19668373
134,19,0.20424085
134,20,0.2073437199999999
134,21,0.18977831
134,22,0.1924185999999999
134,23,0.2084990599999999
134,24,0.2085536999999999
134,25,0.20385155
134,26,0.1960280199999998
134,27,0.2002691299999999
134,28,0.20112401
134,29,0.19435256
134,30,0.1844111699999999
134,31,0.18715131
134,32,0.18714637
134,33,0.18732556
134,34,0.18477258
134,35,0.1858508399999999
134,36,0.18484023
134,37,0.1906263799999999
134,38,0.18857066
134,39,0.1837546399999998
134,40,0.1861053299999999
134,41,0.1961834399999999
134,42,0.2162793999999999
134,43,0.2154842799999999
134,44,0.2114268899999999
134,45,0.22188854
134,46,0.2331909
134,47,0.1913646499999998
134,48,0.1886365799999998
134,49,0.2008411899999999
134,50,0.2255902399999998
134,51,0.1898297099999999
134,52,0.19859003
134,53,0.21372486
134,54,0.22781417
134,55,0.21406555
134,56,0.2160660999999999
134,57,0.2105681599999999
134,58,0.2145602499999999
134,59,0.22020082
134,60,0.201908
134,61,0.20062259
134,62,0.1921501899999999
134,63,0.1974293899999999
134,64,0.19240316
134,65,0.19258261
134,66,0.1873009699999999
134,67,0.21060761
134,68,0.1949525799999999
134,69,0.20395955
134,70,0.19220065
134,71,0.1915222099999999
134,72,0.1939371999999999
134,73,0.19101753
134,74,0.1815379299999999
134,75,0.19106046
134,76,0.1874338499999999
134,77,0.18373319
134,78,0.18213757
134,79,0.18575969
134,80,0.18469087
134,81,0.18577662
134,82,0.1823029699999999
134,83,0.18434962
134,84,0.1849624599999999
134,85,0.1835946399999999
134,86,0.1836191
134,87,0.18512791
134,88,0.1855085999999999
134,89,0.1859417899999998
134,90,0.1862269
134,91,0.1860567099999999
134,92,0.1838245899999999
134,93,0.1828114599999997
134,94,0.18233662
134,95,0.1822813999999999
135,0,0.18029422
135,1,0.1779157399999999
135,2,0.17072199
135,3,0.17146766
135,4,0.17310533
135,5,0.17997118
135,6,0.17296609
135,7,0.1648559799999999
135,8,0.1871086599999999
135,9,0.18197571
135,10,0.18299136
135,11,0.19418245
135,12,0.19321051
135,13,0.19458131
135,14,0.2125783899999999
135,15,0.2120435
135,16,0.1955167599999999
135,17,0.18981517
135,18,0.19358704
135,19,0.1908552
135,20,0.20041221
135,21,0.1984636799999999
135,22,0.19453662
135,23,0.18843758
135,24,0.1841803399999998
135,25,0.18819069
135,26,0.1873302599999999
135,27,0.18907208
135,28,0.1897437899999998
135,29,0.18867672
135,30,0.1874523399999999
135,31,0.19009447
135,32,0.18145685
135,33,0.18126567
135,34,0.1913258699999999
135,35,0.19321264
135,36,0.1833312799999999
135,37,0.1908472099999999
135,38,0.20480463
135,39,0.1808127699999999
135,40,0.18184985
135,41,0.19152662
135,42,0.2046955
135,43,0.1829943599999999
135,44,0.19284945
135,45,0.19319355
135,46,0.22523085
135,47,0.18469554
135,48,0.18437577
135,49,0.19851643
135,50,0.3754660599999998
135,51,0.1894840599999999
135,52,0.1914582899999999
135,53,0.20391895
135,54,0.2134863099999999
135,55,0.2005448099999999
135,56,0.19728296
135,57,0.1980544
135,58,0.1905256399999998
135,59,0.21285515
135,60,0.21344011
135,61,0.19376935
135,62,0.19355115
135,63,0.2131975599999999
135,64,0.1822219
135,65,0.1811387599999999
135,66,0.17816038
135,67,0.18014737
135,68,0.17562771
135,69,0.17357943
135,70,0.17261972
135,71,0.1809004
135,72,0.18092244
135,73,0.1743086999999999
135,74,0.1732876299999998
135,75,0.1757375699999999
135,76,0.1736265399999998
135,77,0.17365542
135,78,0.17632255
135,79,0.18207637
135,80,0.1764241799999999
135,81,0.1766861799999998
135,82,0.1762051899999999
135,83,0.17708686
135,84,0.17734961
135,85,0.1776287899999999
135,86,0.17711659
135,87,0.1780538999999999
135,88,0.17885905
135,89,0.18142991
135,90,0.18234187
135,91,0.18113764
135,92,0.18231506
135,93,0.1839272299999998
135,94,0.18387831
135,95,0.1858860499999998
136,0,0.1883217999999999
136,1,0.18247505
136,2,0.1829251699999998
136,3,0.18668524
136,4,0.1826616999999999
136,5,0.1871949299999999
136,6,0.18211249
136,7,0.1820017799999999
136,8,0.1727883199999998
136,9,0.1728355899999999
136,10,0.1735877499999999
136,11,0.1878316999999999
136,12,0.18208659
136,13,0.1821214399999999
136,14,0.18199034
136,15,0.17163224
136,16,0.16871892
136,17,0.1681529
136,18,0.16839673
136,19,0.1678991999999999
136,20,0.1677198399999999
136,21,0.16828537
136,22,0.1696674399999999
136,23,0.16961073
136,24,0.16953982
136,25,0.1699415499999998
136,26,0.17048237
136,27,0.1701077899999999
136,28,0.1692211499999999
136,29,0.17511316
136,30,0.1713542799999998
136,31,0.1724766999999999
136,32,0.17567552
136,33,0.1717845699999998
136,34,0.1726021299999998
136,35,0.17107091
136,36,0.1806252499999999
136,37,0.18166873
136,38,0.1807150599999999
136,39,0.1713914299999999
136,40,0.1806843399999999
136,41,0.1805791999999999
136,42,0.1787491199999999
136,43,0.17633597
136,44,0.1838075599999999
136,45,0.1824690299999999
136,46,0.18024751
136,47,0.1761542999999999
136,48,0.178483
136,49,0.19108294
136,50,0.44476446999999963
136,51,0.1817591199999998
136,52,0.18885506
136,53,0.19686087
136,54,0.19545978
136,55,0.1952394999999999
136,56,0.20080248
136,57,0.1972615999999999
136,58,0.18628969
136,59,0.20066685
136,60,0.19668423
136,61,0.18830059
136,62,0.1843008599999999
136,63,0.2160904699999999
136,64,0.18818049
136,65,0.1841492799999999
136,66,0.1801306599999998
136,67,0.1830108299999999
136,68,0.1820819399999998
136,69,0.1804617299999999
136,70,0.1769687399999999
136,71,0.18567319
136,72,0.18405357
136,73,0.1833583899999999
136,74,0.18111802
136,75,0.18504225
136,76,0.18125073
136,77,0.1793132899999999
136,78,0.17700839
136,79,0.1813322299999999
136,80,0.1789614399999999
136,81,0.1784390599999999
136,82,0.1755204099999999
136,83,0.18310199
136,84,0.18282436
136,85,0.18282863
136,86,0.1823443899999998
136,87,0.19152009
136,88,0.17667628
136,89,0.1799560899999999
136,90,0.18201709
136,91,0.18152041
136,92,0.1847144299999999
136,93,0.20017994
136,94,0.1971352799999998
136,95,0.1839476599999999
137,0,0.18349833
137,1,0.1824577599999998
137,2,0.1824177599999999
137,3,0.2127902199999999
137,4,0.1788470899999999
137,5,0.18322024
137,6,0.18290208
137,7,0.1827549399999999
137,8,0.18841309
137,9,0.1834483999999999
137,10,0.18299635
137,11,0.18456915
137,12,0.18256864
137,13,0.1835931199999999
137,14,0.1834819499999999
137,15,0.18348991
137,16,0.18420674
137,17,0.18357076
137,18,0.1849347499999999
137,19,0.1844992899999999
137,20,0.18446685
137,21,0.1846119199999999
137,22,0.1846036899999999
137,23,0.1871659699999999
137,24,0.1871875699999998
137,25,0.18070742
137,26,0.18181759
137,27,0.1817272399999999
137,28,0.19496462
137,29,0.1815129399999999
137,30,0.1824551999999999
137,31,0.18439395
137,32,0.1942334899999999
137,33,0.19381178
137,34,0.1953054699999999
137,35,0.17970117
137,36,0.1915890999999999
137,37,0.18532419
137,38,0.1856149
137,39,0.18010802
137,40,0.1851489899999999
137,41,0.1851039099999999
137,42,0.1867633999999998
137,43,0.18380841
137,44,0.1818503199999999
137,45,0.18567236
137,46,0.19052385
137,47,0.17745425
137,48,0.1833928
137,49,0.1984558899999999
137,50,0.21835174
137,51,0.2048050199999999
137,52,0.20491331
137,53,0.2078361399999999
137,54,0.21831254
137,55,0.21253645
137,56,0.21060826
137,57,0.20532391
137,58,0.20220082
137,59,0.22057615
137,60,0.2045357599999999
137,61,0.2047888199999999
137,62,0.20483234
137,63,0.2121653899999999
137,64,0.20460135
137,65,0.19717289
137,66,0.1923557599999999
137,67,0.2018665
137,68,0.1937571
137,69,0.2071802499999999
137,70,0.19247422
137,71,0.19804224
137,72,0.1937546299999999
137,73,0.19228499
137,74,0.19150912
137,75,0.20646929
137,76,0.21646337
137,77,0.2058328899999998
137,78,0.19124678
137,79,0.2192711
137,80,0.1963732199999999
137,81,0.19623899
137,82,0.1937495
137,83,0.1862501899999999
137,84,0.1869747
137,85,0.18668416
137,86,0.1834118599999999
137,87,0.1870238299999999
137,88,0.19753929
137,89,0.19958269
137,90,0.1973939799999998
137,91,0.197539
137,92,0.1989799899999999
137,93,0.211085
137,94,0.21462909
137,95,0.1982109699999999
138,0,0.1958765499999999
138,1,0.1940583899999998
138,2,0.18862563
138,3,0.19235386
138,4,0.19610887
138,5,0.18168581
138,6,0.18321168
138,7,0.17918032
138,8,0.1793290599999999
138,9,0.1809390199999998
138,10,0.1808618399999998
138,11,0.17365858
138,12,0.1773752299999998
138,13,0.17450572
138,14,0.1743069899999999
138,15,0.1742451599999999
138,16,0.17659374
138,17,0.1774066499999999
138,18,0.17325582
138,19,0.1712657199999999
138,20,0.17182365
138,21,0.1723297199999999
138,22,0.16883336
138,23,0.1716929799999998
138,24,0.1720036399999999
138,25,0.1722364299999998
138,26,0.1708539199999998
138,27,0.17244404
138,28,0.17429476
138,29,0.17711015
138,30,0.1716016
138,31,0.17121263
138,32,0.1720225999999998
138,33,0.1728306099999999
138,34,0.17147876
138,35,0.17147876
138,36,0.17147876
138,37,0.1792414999999998
138,38,0.17853913
138,39,0.16980364
138,40,0.17543683
138,41,0.17997598
138,42,0.17873057
138,43,0.17617058
138,44,0.17912935
138,45,0.18125233
138,46,0.18969948
138,47,0.17691631
138,48,0.18231192
138,49,0.1929105799999998
138,50,0.20723258
138,51,0.18832669
138,52,0.1936510899999998
138,53,0.1983604199999999
138,54,0.20895686
138,55,0.2050511199999999
138,56,0.2093915099999999
138,57,0.20388501
138,58,0.19777432
138,59,0.2140580999999999
138,60,0.2009698
138,61,0.1965679399999998
138,62,0.1963861
138,63,0.2013472399999999
138,64,0.20338279
138,65,0.1937593999999999
138,66,0.1904159799999999
138,67,0.2073303299999999
138,68,0.1960097499999999
138,69,0.18912333
138,70,0.18578613
138,71,0.18905816
138,72,0.1843048399999998
138,73,0.18451865
138,74,0.1823570699999999
138,75,0.1838267999999999
138,76,0.18209396
138,77,0.1824472099999999
138,78,0.18081183
138,79,0.1779804999999999
138,80,0.17783372
138,81,0.1771264099999999
138,82,0.1776606099999998
138,83,0.17823324
138,84,0.1780200299999998
138,85,0.1781837
138,86,0.1780639299999999
138,87,0.17822849
138,88,0.17963621
138,89,0.18175473
138,90,0.1818695099999999
138,91,0.1829175499999999
138,92,0.1868278
138,93,0.1960033
138,94,0.1966260699999999
138,95,0.18870683
139,0,0.1851811099999999
139,1,0.18297372
139,2,0.1844546199999999
139,3,0.1841733299999998
139,4,0.18107929
139,5,0.1800201899999998
139,6,0.17488174
139,7,0.18161792
139,8,0.1790768199999998
139,9,0.17760283
139,10,0.17693538
139,11,0.1749677099999999
139,12,0.1744220999999998
139,13,0.1746660099999999
139,14,0.1682488099999999
139,15,0.1751359999999999
139,16,0.1750572799999998
139,17,0.1755722999999999
139,18,0.17573602
139,19,0.1795425499999998
139,20,0.17135426
139,21,0.1784999399999999
139,22,0.17993863
139,23,0.18164346
139,24,0.1802406599999998
139,25,0.17991853
139,26,0.1805841199999999
139,27,0.17603701
139,28,0.1738822099999999
139,29,0.17033567
139,30,0.1680834999999998
139,31,0.1685408099999999
139,32,0.1696754399999999
139,33,0.17085938
139,34,0.1708097999999999
139,35,0.16821819
139,36,0.17186262
139,37,0.1731257
139,38,0.17520695
139,39,0.17097301
139,40,0.17305111
139,41,0.1739933
139,42,0.1737908799999999
139,43,0.1723159099999999
139,44,0.17398363
139,45,0.17733089
139,46,0.17912882
139,47,0.17247465
139,48,0.17563945
139,49,0.18398379
139,50,0.1918189899999999
139,51,0.18361073
139,52,0.18665606
139,53,0.1960448799999999
139,54,0.19955191
139,55,0.19757653
139,56,0.19522725
139,57,0.2007842499999998
139,58,0.1944876799999998
139,59,0.20272579
139,60,0.20059823
139,61,0.19800467
139,62,0.19424953
139,63,0.19696761
139,64,0.19477159
139,65,0.19337294
139,66,0.1909071799999999
139,67,0.19722882
139,68,0.19326166
139,69,0.18920754
139,70,0.1871360699999999
139,71,0.19644011
139,72,0.1932994399999999
139,73,0.18709792
139,74,0.1828470799999999
139,75,0.18550708
139,76,0.18502337
139,77,0.1840367299999999
139,78,0.1824979799999999
139,79,0.18806249
139,80,0.18657344
139,81,0.18525568
139,82,0.1841402
139,83,0.18484754
139,84,0.1851911399999999
139,85,0.18523518
139,86,0.19149108
139,87,0.19194664
139,88,0.19287539
139,89,0.1978808199999999
139,90,0.1946716
139,91,0.1926058199999999
139,92,0.1949487899999999
139,93,0.2094687999999999
139,94,0.2035188
139,95,0.2022033899999999
140,0,0.1977316199999998
140,1,0.1903700499999999
140,2,0.1868152099999999
140,3,0.18678379
140,4,0.18220745
140,5,0.1795249899999998
140,6,0.17947773
140,7,0.19237571
140,8,0.18379641
140,9,0.1854534599999999
140,10,0.1825330999999999
140,11,0.1824734999999999
140,12,0.1825375399999998
140,13,0.18050676
140,14,0.18205203
140,15,0.1815020299999999
140,16,0.18015285
140,17,0.17520737
140,18,0.18124998
140,19,0.18118567
140,20,0.1857759599999999
140,21,0.17934743
140,22,0.1797828599999999
140,23,0.1813190499999999
140,24,0.18027945
140,25,0.1802276699999998
140,26,0.18111064
140,27,0.19100914
140,28,0.19073246
140,29,0.19074846
140,30,0.18076113
140,31,0.17718002
140,32,0.17742721
140,33,0.17406324
140,34,0.17460633
140,35,0.1700568099999999
140,36,0.17306155
140,37,0.17581021
140,38,0.1770745699999999
140,39,0.1775710799999998
140,40,0.1820035599999999
140,41,0.18638627
140,42,0.18577188
140,43,0.1850454
140,44,0.18886024
140,45,0.22898705
140,46,0.27843770999999984
140,47,0.1932241799999998
140,48,0.17471815
140,49,0.2072723799999999
140,50,0.2124593799999999
140,51,0.18780559
140,52,0.1892854299999999
140,53,0.19831648
140,54,0.2128287199999999
140,55,0.20016973
140,56,0.21379993
140,57,0.20384544
140,58,0.1991234
140,59,0.2037815799999999
140,60,0.20343877
140,61,0.19685739
140,62,0.18972589
140,63,0.1959451499999999
140,64,0.1942447099999999
140,65,0.1950314199999999
140,66,0.18662219
140,67,0.20134151
140,68,0.1915271399999999
140,69,0.18258162
140,70,0.18229947
140,71,0.19891725
140,72,0.1991551799999999
140,73,0.18515655
140,74,0.1822863299999998
140,75,0.1893926199999999
140,76,0.19149631
140,77,0.19042671
140,78,0.19312249
140,79,0.19109341
140,80,0.1933744299999999
140,81,0.18833413
140,82,0.18817851
140,83,0.1913744599999998
140,84,0.19129919
140,85,0.19048964
140,86,0.1970004699999999
140,87,0.18632509
140,88,0.19370241
140,89,0.19571599
140,90,0.2111898499999999
140,91,0.18059943
140,92,0.18211057
140,93,0.1816554499999998
140,94,0.18061364
140,95,0.19291958
141,0,0.1857603
141,1,0.1832707
141,2,0.1884378099999999
141,3,0.17609344
141,4,0.19381003
141,5,0.18578575
141,6,0.1829269
141,7,0.1855540799999999
141,8,0.1865390499999999
141,9,0.18522655
141,10,0.18617471
141,11,0.19441774
141,12,0.19006013
141,13,0.1873061
141,14,0.19500509
141,15,0.19971067
141,16,0.19543789
141,17,0.19433781
141,18,0.1958283399999999
141,19,0.19367392
141,20,0.19322583
141,21,0.1933276099999999
141,22,0.1950807699999999
141,23,0.1944979599999998
141,24,0.1954232299999999
141,25,0.1874522699999999
141,26,0.18385629
141,27,0.18290401
141,28,0.1832148999999999
141,29,0.1836164299999998
141,30,0.18140862
141,31,0.1816437699999999
141,32,0.18239088
141,33,0.18753371
141,34,0.19464752
141,35,0.1862422199999999
141,36,0.1955322399999998
141,37,0.1826839499999999
141,38,0.1871854899999999
141,39,0.17446276
141,40,0.19585275
141,41,0.18310025
141,42,0.1938236499999999
141,43,0.1700402999999999
141,44,0.18105044
141,45,0.1946481399999998
141,46,0.1939724399999999
141,47,0.1793146399999998
141,48,0.1722500599999999
141,49,0.17590909
141,50,0.1879330799999999
141,51,0.1764616499999998
141,52,0.1788649
141,53,0.1956004199999998
141,54,0.1982429599999999
141,55,0.1814465999999999
141,56,0.18553558
141,57,0.19345299
141,58,0.1872773999999999
141,59,0.19924756
141,60,0.19318833
141,61,0.19125693
141,62,0.19298602
141,63,0.19208579
141,64,0.18813746
141,65,0.1831426099999999
141,66,0.1805382199999999
141,67,0.1875176399999999
141,68,0.18635911
141,69,0.18425785
141,70,0.1805748699999999
141,71,0.1851957099999999
141,72,0.18199356
141,73,0.18032617
141,74,0.17733044
141,75,0.1854962
141,76,0.18269583
141,77,0.18147916
141,78,0.17977771
141,79,0.18187198
141,80,0.18418665
141,81,0.1841957
141,82,0.18161833
141,83,0.18404082
141,84,0.18251765
141,85,0.18158109
141,86,0.18164607
141,87,0.1815632499999999
141,88,0.1825382499999999
141,89,0.18372283
141,90,0.18168591
141,91,0.18172794
141,92,0.1822934199999999
141,93,0.1823078699999999
141,94,0.18167574
141,95,0.18224806
142,0,0.1807151099999999
142,1,0.17004012
142,2,0.15105572
142,3,0.1795959399999998
142,4,0.1805442899999998
142,5,0.18077473
142,6,0.1585692399999999
142,7,0.18064388
142,8,0.17361242
142,9,0.17017347
142,10,0.1501176299999997
142,11,0.1486964699999998
142,12,0.1480636699999999
142,13,0.14741668
142,14,0.14080627
142,15,0.1482404099999998
142,16,0.1495740599999999
142,17,0.1484339399999999
142,18,0.14057149
142,19,0.1490707299999999
142,20,0.1461144599999997
142,21,0.1430598999999999
142,22,0.1455068599999999
142,23,0.1451986899999999
142,24,0.1462950699999998
142,25,0.14019027
142,26,0.1496786499999999
142,27,0.1581727799999999
142,28,0.1581274899999999
142,29,0.14916083
142,30,0.1502481699999999
142,31,0.1476050799999998
142,32,0.1475910699999998
142,33,0.14767663
142,34,0.15180068
142,35,0.15276208
142,36,0.1569811499999999
142,37,0.1620806
142,38,0.1611446499999999
142,39,0.14616207
142,40,0.1522966799999999
142,41,0.17206677
142,42,0.1723198699999999
142,43,0.1609309899999999
142,44,0.1705577
142,45,0.1752007099999999
142,46,0.1813304
142,47,0.16826696
142,48,0.17176373
142,49,0.24911225
142,50,0.22586703
142,51,0.18321808
142,52,0.18416886
142,53,0.1967715999999999
142,54,0.20839797
142,55,0.2003625799999999
142,56,0.1950509299999999
142,57,0.19245471
142,58,0.19289838
142,59,0.20053411
142,60,0.2065921399999999
142,61,0.1918205699999999
142,62,0.18980194
142,63,0.21395756
142,64,0.1859467999999999
142,65,0.1831208299999999
142,66,0.1778179099999999
142,67,0.19097679
142,68,0.18051449
142,69,0.17822467
142,70,0.17486405
142,71,0.18550544
142,72,0.1837156899999999
142,73,0.17802178
142,74,0.1757581299999999
142,75,0.1774439099999999
142,76,0.17591513
142,77,0.1755424499999999
142,78,0.17427348
142,79,0.17516702
142,80,0.1748333799999999
142,81,0.1741847799999999
142,82,0.1733489299999999
142,83,0.17465257
142,84,0.1756683999999999
142,85,0.1755985
142,86,0.175102
142,87,0.17656563
142,88,0.17753911
142,89,0.1804684099999999
142,90,0.17856479
142,91,0.17667589
142,92,0.18
142,93,0.1837862799999998
142,94,0.18128743
142,95,0.18268512
143,0,0.1818687999999998
143,1,0.1799894499999999
143,2,0.16962636
143,3,0.18153908
143,4,0.17151634
143,5,0.1529658999999999
143,6,0.15214644
143,7,0.18137064
143,8,0.1808317699999999
143,9,0.18108321
143,10,0.1802539199999999
143,11,0.17928349
143,12,0.18152732
143,13,0.1827637
143,14,0.1866273399999999
143,15,0.1954424899999998
143,16,0.1897622
143,17,0.19324711
143,18,0.1896457
143,19,0.18594024
143,20,0.1827541399999999
143,21,0.1825811699999999
143,22,0.18576504
143,23,0.18127289
143,24,0.19221867
143,25,0.18490668
143,26,0.1824413199999999
143,27,0.19734504
143,28,0.18523253
143,29,0.18440016
143,30,0.1933580899999999
143,31,0.19454056
143,32,0.18588126
143,33,0.18311636
143,34,0.18452295
143,35,0.17961609
143,36,0.17966007
143,37,0.17874194
143,38,0.1792678
143,39,0.1822942599999999
143,40,0.18497969
143,41,0.19262933
143,42,0.19415335
143,43,0.17059427
143,44,0.1808226799999999
143,45,0.1928135299999999
143,46,0.21434876
143,47,0.17562499
143,48,0.18134195
143,49,0.18792867
143,50,0.2176676199999999
143,51,0.1989125199999999
143,52,0.19870115
143,53,0.20305127
143,54,0.20152118
143,55,0.1971011499999999
143,56,0.19803303
143,57,0.1961880899999999
143,58,0.1894842699999999
143,59,0.2250502999999999
143,60,0.1958256099999999
143,61,0.19236443
143,62,0.1911469499999999
143,63,0.1868562799999999
143,64,0.18602451
143,65,0.18429455
143,66,0.18129208
143,67,0.19191995
143,68,0.1991960999999999
143,69,0.1908820199999999
143,70,0.18182003
143,71,0.2002594399999999
143,72,0.1989100099999998
143,73,0.1953711999999999
143,74,0.21084127
143,75,0.2147038
143,76,0.2049236999999999
143,77,0.24453629000000002
143,78,0.20412785
143,79,0.2149334299999999
143,80,0.19911613
143,81,0.1965075899999999
143,82,0.19003353
143,83,0.20066203
143,84,0.2093236599999998
143,85,0.2093091
143,86,0.1961614299999998
143,87,0.1946477999999999
143,88,0.1950570999999999
143,89,0.2026753399999999
143,90,0.19042312
143,91,0.19042954
143,92,0.1917825
143,93,0.2019900899999999
143,94,0.19696094
143,95,0.19644943
144,0,0.19680682
144,1,0.20932894
144,2,0.2038033999999999
144,3,0.18463619
144,4,0.18647958
144,5,0.1853889499999998
144,6,0.18266962
144,7,0.19779317
144,8,0.19266374
144,9,0.18768492
144,10,0.19647983
144,11,0.1858241
144,12,0.1856670799999999
144,13,0.1836017999999998
144,14,0.1825313199999998
144,15,0.19502278
144,16,0.1937371799999999
144,17,0.1842285599999999
144,18,0.1840762799999999
144,19,0.1806956899999998
144,20,0.1888737399999999
144,21,0.18152872
144,22,0.18301957
144,23,0.19614807
144,24,0.1959754699999999
144,25,0.1869069999999999
144,26,0.18921229
144,27,0.19546342
144,28,0.18917714
144,29,0.2042524
144,30,0.19683945
144,31,0.1870543199999998
144,32,0.1971400099999999
144,33,0.19819029
144,34,0.19713937
144,35,0.1849265699999999
144,36,0.18369783
144,37,0.18475837
144,38,0.18602003
144,39,0.17358967
144,40,0.17531558
144,41,0.1842889199999999
144,42,0.1845254899999999
144,43,0.1719229799999999
144,44,0.1790591299999999
144,45,0.18315857
144,46,0.18509159
144,47,0.1807286599999999
144,48,0.18631918
144,49,0.19719438
144,50,0.22794389
144,51,0.1953314099999999
144,52,0.20472013
144,53,0.20693803
144,54,0.2256369799999999
144,55,0.22012230000000002
144,56,0.2146802099999999
144,57,0.2147376399999999
144,58,0.2139112199999999
144,59,0.20351413
144,60,0.2057705
144,61,0.19806376
144,62,0.1991798599999999
144,63,0.1979494299999999
144,64,0.19523429
144,65,0.1885927299999999
144,66,0.1884429199999999
144,67,0.2023661
144,68,0.21561179
144,69,0.1911309199999999
144,70,0.1859651699999999
144,71,0.2138063399999999
144,72,0.2219484699999997
144,73,0.18611622
144,74,0.1811819699999998
144,75,0.18125827
144,76,0.1810367999999998
144,77,0.1802990599999999
144,78,0.1792022699999998
144,79,0.1803618599999999
144,80,0.18036092
144,81,0.1803609099999999
144,82,0.17874698
144,83,0.1803347899999999
144,84,0.1801972899999999
144,85,0.1803656099999999
144,86,0.17929567
144,87,0.18039207
144,88,0.18127405
144,89,0.18152273
144,90,0.18152498
144,91,0.18230148
144,92,0.18482468
144,93,0.1854036899999999
144,94,0.18651921
144,95,0.1909707999999998
145,0,0.1910246599999999
145,1,0.1850956199999999
145,2,0.1823644099999999
145,3,0.18831759
145,4,0.19074245
145,5,0.19395077
145,6,0.1818577499999999
145,7,0.18374967
145,8,0.18140068
145,9,0.18054771
145,10,0.1794561499999999
145,11,0.18163529
145,12,0.17837624
145,13,0.1773701
145,14,0.1730731499999997
145,15,0.1777068799999999
145,16,0.1727823
145,17,0.17237033
145,18,0.17658191
145,19,0.18158976
145,20,0.1818465199999999
145,21,0.1798736
145,22,0.1803256099999998
145,23,0.18201179
145,24,0.18137353
145,25,0.18303565
145,26,0.18192428
145,27,0.18396772
145,28,0.18267682
145,29,0.1901664699999999
145,30,0.19492623
145,31,0.18361731
145,32,0.19002247
145,33,0.1996742899999999
145,34,0.19931788
145,35,0.18945309
145,36,0.19704786
145,37,0.2056669599999999
145,38,0.2105796499999999
145,39,0.18065923
145,40,0.18800097
145,41,0.2028955
145,42,0.2101439
145,43,0.1831471699999998
145,44,0.1833753699999999
145,45,0.20030166
145,46,0.21227942
145,47,0.18366111
145,48,0.18582213
145,49,0.1939436499999999
145,50,0.22486741000000002
145,51,0.1952930199999999
145,52,0.20693419
145,53,0.21367232
145,54,0.2116381199999999
145,55,0.2017826399999999
145,56,0.20225302
145,57,0.20161041
145,58,0.1988879899999999
145,59,0.2062119399999999
145,60,0.2112122
145,61,0.1990990299999999
145,62,0.1940344899999999
145,63,0.1971990299999998
145,64,0.19127541
145,65,0.1920576499999998
145,66,0.1919983499999999
145,67,0.19962093
145,68,0.20924767
145,69,0.2000269999999999
145,70,0.18766981
145,71,0.18574271
145,72,0.1872177599999999
145,73,0.1824556499999998
145,74,0.18015159
145,75,0.18199152
145,76,0.1807630999999999
145,77,0.18022089
145,78,0.17975419
145,79,0.17881489
145,80,0.17882678
145,81,0.1787439499999999
145,82,0.1784865199999998
145,83,0.1795410199999999
145,84,0.18091173
145,85,0.1813687
145,86,0.18119446
145,87,0.18332067
145,88,0.183052
145,89,0.1857323099999999
145,90,0.1875403
145,91,0.1841534699999999
145,92,0.18670822
145,93,0.1856205599999999
145,94,0.1853820099999999
145,95,0.18521144
146,0,0.18543913
146,1,0.1797440899999999
146,2,0.1707863899999999
146,3,0.18035929
146,4,0.1748505399999999
146,5,0.17904908
146,6,0.1765534399999998
146,7,0.18541568
146,8,0.1804581599999998
146,9,0.18099772
146,10,0.18184606
146,11,0.18253432
146,12,0.1830255999999999
146,13,0.1764265299999998
146,14,0.1801756899999999
146,15,0.18015818
146,16,0.17955803
146,17,0.18016564
146,18,0.17660302
146,19,0.1762083799999998
146,20,0.1758168199999999
146,21,0.16902561
146,22,0.16850663
146,23,0.1698074799999999
146,24,0.17026625
146,25,0.1692356599999999
146,26,0.1697042399999998
146,27,0.17102401
146,28,0.17014415
146,29,0.17015091
146,30,0.17022214
146,31,0.1684087999999998
146,32,0.17095
146,33,0.17289397
146,34,0.1762884499999999
146,35,0.17084216
146,36,0.18742144
146,37,0.18084342
146,38,0.1782358599999999
146,39,0.17944289
146,40,0.16988296
146,41,0.1821645399999999
146,42,0.1818534299999999
146,43,0.1725160899999999
146,44,0.1782940199999998
146,45,0.17960979
146,46,0.18358712
146,47,0.17453723
146,48,0.1805005899999999
146,49,0.19666775
146,50,0.2146787999999999
146,51,0.20025651
146,52,0.2124319699999998
146,53,0.2110238699999999
146,54,0.20854877
146,55,0.20140388
146,56,0.20265875
146,57,0.20054379
146,58,0.1943388
146,59,0.19992505
146,60,0.19659147
146,61,0.19058975
146,62,0.18706
146,63,0.19182342
146,64,0.1889986599999999
146,65,0.1840430499999999
146,66,0.18080514
146,67,0.1879865799999999
146,68,0.1854615599999998
146,69,0.1817416099999998
146,70,0.1795616899999998
146,71,0.18672875
146,72,0.1839040999999999
146,73,0.1866676599999999
146,74,0.1814774999999999
146,75,0.1855267399999998
146,76,0.18260726
146,77,0.1811174499999999
146,78,0.1802893399999998
146,79,0.18339125
146,80,0.18336504
146,81,0.1814282399999999
146,82,0.18052866
146,83,0.18532652
146,84,0.18521128
146,85,0.1834212999999999
146,86,0.18201382
146,87,0.18040776
146,88,0.1814815399999998
146,89,0.1833212399999998
146,90,0.1855538099999999
146,91,0.18433789
146,92,0.18857082
146,93,0.1906095599999999
146,94,0.18924367
146,95,0.18229272
147,0,0.18262983
147,1,0.1794655299999999
147,2,0.17701519
147,3,0.1794390599999999
147,4,0.1716136
147,5,0.16808615
147,6,0.16070341
147,7,0.16800085
147,8,0.16764381
147,9,0.1661995299999999
147,10,0.16610748
147,11,0.16752248
147,12,0.1661781599999999
147,13,0.16658657
147,14,0.1664879299999998
147,15,0.17054837
147,16,0.16884466
147,17,0.17008066
147,18,0.1696886999999998
147,19,0.17152064
147,20,0.17043487
147,21,0.1702672199999998
147,22,0.17013413
147,23,0.17345167
147,24,0.17157365
147,25,0.1736205999999999
147,26,0.17008207
147,27,0.17887065
147,28,0.1762618199999999
147,29,0.1788403099999999
147,30,0.1763316499999998
147,31,0.1792522299999999
147,32,0.18219292
147,33,0.1801912699999999
147,34,0.18926262
147,35,0.1751126199999998
147,36,0.1849475199999999
147,37,0.18841157
147,38,0.18973373
147,39,0.1797283699999999
147,40,0.1836190799999999
147,41,0.18615873
147,42,0.1950085599999998
147,43,0.18142822
147,44,0.1806824999999999
147,45,0.1812157899999999
147,46,0.18658918
147,47,0.1805562599999998
147,48,0.1829502399999999
147,49,0.1928732999999998
147,50,0.2119549
147,51,0.1946944899999998
147,52,0.19730762
147,53,0.20575088
147,54,0.21502996
147,55,0.2067092599999999
147,56,0.2006097599999998
147,57,0.2011070399999999
147,58,0.19759583
147,59,0.19926325
147,60,0.2008025699999999
147,61,0.1905675799999999
147,62,0.19007371
147,63,0.19697565
147,64,0.19406753
147,65,0.19624956
147,66,0.18306711
147,67,0.19007086
147,68,0.185173
147,69,0.18271457
147,70,0.18155314
147,71,0.18461974
147,72,0.1819392499999998
147,73,0.1815644099999999
147,74,0.17956237
147,75,0.19234367
147,76,0.1833190499999999
147,77,0.1830527499999999
147,78,0.1814408299999998
147,79,0.1812354
147,80,0.18154246
147,81,0.18127684
147,82,0.17789022
147,83,0.18137704
147,84,0.1807234399999999
147,85,0.1804583399999999
147,86,0.1799711499999998
147,87,0.1813294899999999
147,88,0.18133119
147,89,0.18132684
147,90,0.1825496699999998
147,91,0.18147275
147,92,0.18221829
147,93,0.18219032
147,94,0.18041795
147,95,0.1806081499999998
148,0,0.1794777
148,1,0.17669117
148,2,0.16793948
148,3,0.1700841
148,4,0.17007273
148,5,0.1646839999999998
148,6,0.1531196199999999
148,7,0.16788514
148,8,0.1677513399999999
148,9,0.16622455
148,10,0.1660937799999998
148,11,0.16615493
148,12,0.1676859599999999
148,13,0.1691182199999999
148,14,0.1666497799999998
148,15,0.16724691
148,16,0.1668450499999999
148,17,0.1668281999999999
148,18,0.1660419099999999
148,19,0.1652395999999999
148,20,0.1645776
148,21,0.16462791
148,22,0.1640445799999999
148,23,0.1650226
148,24,0.1647540499999999
148,25,0.1645056299999999
148,26,0.16407016
148,27,0.16360425
148,28,0.16426515
148,29,0.16465348
148,30,0.16271802
148,31,0.16476573
148,32,0.16514239
148,33,0.1662446999999999
148,34,0.16628958
148,35,0.1653304099999999
148,36,0.1676545099999998
148,37,0.16923026
148,38,0.16992361
148,39,0.1670420799999998
148,40,0.17018924
148,41,0.1741166799999999
148,42,0.17437038
148,43,0.17216837
148,44,0.1742768799999998
148,45,0.1778544799999997
148,46,0.1867947399999999
148,47,0.17275569
148,48,0.17641805
148,49,0.18098185
148,50,0.2005712699999999
148,51,0.1914601499999999
148,52,0.19634904
148,53,0.20147478
148,54,0.20275587
148,55,0.1992247899999999
148,56,0.19774527
148,57,0.19879968
148,58,0.1906426199999999
148,59,0.2061790399999999
148,60,0.19419422
148,61,0.18871561
148,62,0.18319064
148,63,0.19586982
148,64,0.19115344
148,65,0.18520498
148,66,0.1807232899999999
148,67,0.1880948999999999
148,68,0.1861352299999999
148,69,0.18136601
148,70,0.17976052
148,71,0.1834897199999999
148,72,0.1818072599999999
148,73,0.18250584
148,74,0.1805345099999999
148,75,0.18077213
148,76,0.18161889
148,77,0.18148387
148,78,0.17826611
148,79,0.1826904899999999
148,80,0.1819589399999999
148,81,0.1811716
148,82,0.1802902499999999
148,83,0.1814220299999999
148,84,0.1812091799999998
148,85,0.18121724
148,86,0.1807275199999999
148,87,0.1810340899999999
148,88,0.18136636
148,89,0.1812068699999998
148,90,0.18121873
148,91,0.18087857
148,92,0.1807177999999999
148,93,0.18046504
148,94,0.17842637
148,95,0.1807100599999999
149,0,0.17817584
149,1,0.1684797499999999
149,2,0.16447678
149,3,0.1701671899999999
149,4,0.16279214
149,5,0.1499987999999999
149,6,0.14998949
149,7,0.14999023
149,8,0.1633448799999998
149,9,0.15000348
149,10,0.16346734
149,11,0.16317351
149,12,0.1640575999999998
149,13,0.16438383
149,14,0.1510151799999998
149,15,0.15109144
149,16,0.16200614
149,17,0.16400341
149,18,0.1635502699999998
149,19,0.16607283
149,20,0.16604688
149,21,0.1660559599999999
149,22,0.16671631
149,23,0.16826675
149,24,0.17141233
149,25,0.17366647
149,26,0.17124063
149,27,0.17318808
149,28,0.17244365
149,29,0.17463525
149,30,0.17345965
149,31,0.17340165
149,32,0.17380218
149,33,0.1812516499999999
149,34,0.18282893
149,35,0.1812288699999999
149,36,0.1842590699999998
149,37,0.18499497
149,38,0.18605291
149,39,0.1787919
149,40,0.17958738
149,41,0.19593426
149,42,0.19425894
149,43,0.17589714
149,44,0.17678129
149,45,0.17919654
149,46,0.2051930699999999
149,47,0.18076079
149,48,0.18197159
149,49,0.1961822799999999
149,50,0.4342725199999997
149,51,0.20033937
149,52,0.2035706599999999
149,53,0.2032304899999999
149,54,0.21317001
149,55,0.2029955699999999
149,56,0.20324569
149,57,0.2022434099999999
149,58,0.2002354199999998
149,59,0.2001676299999999
149,60,0.20088371
149,61,0.19682351
149,62,0.1898237999999999
149,63,0.20313419
149,64,0.1980905
149,65,0.1953238099999999
149,66,0.19209115
149,67,0.19326609
149,68,0.1926105899999998
149,69,0.18805325
149,70,0.1825616599999999
149,71,0.1928002899999999
149,72,0.18620266
149,73,0.1828326499999999
149,74,0.1816795699999999
149,75,0.1854955499999999
149,76,0.1830120999999999
149,77,0.1828662999999999
149,78,0.17978038
149,79,0.18236531
149,80,0.1822711199999999
149,81,0.1814180099999999
149,82,0.18046243
149,83,0.1816164799999998
149,84,0.1816026899999999
149,85,0.1816729799999999
149,86,0.18136974
149,87,0.18665326
149,88,0.1867013099999999
149,89,0.1872383799999999
149,90,0.1869749
149,91,0.18673042
149,92,0.1868641699999998
149,93,0.18675552
149,94,0.18321284
149,95,0.18385163
150,0,0.1805504
150,1,0.17637716
150,2,0.16920954
150,3,0.17976316
150,4,0.1754376799999999
150,5,0.16923325
150,6,0.16968386
150,7,0.1740954799999998
150,8,0.18059563
150,9,0.17740103
150,10,0.17098878
150,11,0.17420791
150,12,0.1757840199999999
150,13,0.17711065
150,14,0.17787522
150,15,0.17778338
150,16,0.1777951999999999
150,17,0.17821738
150,18,0.1780304899999999
150,19,0.1835288
150,20,0.18594447
150,21,0.19044532
150,22,0.19323239
150,23,0.18877916
150,24,0.1977268
150,25,0.2035289799999998
150,26,0.2036247
150,27,0.2032203
150,28,0.20355666
150,29,0.21419869
150,30,0.21297226
150,31,0.20363101
150,32,0.21177489
150,33,0.21559414
150,34,0.2161826899999999
150,35,0.20327944
150,36,0.2121430799999999
150,37,0.2124916999999999
150,38,0.2143268699999999
150,39,0.20464488
150,40,0.20474304
150,41,0.22005069000000002
150,42,0.27616443
150,43,0.23494454
150,44,0.2457659199999999
150,45,0.28873044999999964
150,46,0.2427104099999999
150,47,0.2056962399999999
150,48,0.20224933
150,49,0.2091793599999999
150,50,0.29130482
150,51,0.2122520799999999
150,52,0.22392555
150,53,0.2186608
150,54,0.2659179899999998
150,55,0.25314214
150,56,0.2343638099999998
150,57,0.21155932
150,58,0.2131590099999999
150,59,0.2100571299999999
150,60,0.20947272
150,61,0.20709132
150,62,0.2080826599999999
150,63,0.21623683
150,64,0.2009073399999999
150,65,0.19761923
150,66,0.19314762
150,67,0.1956668899999999
150,68,0.19979317
150,69,0.18991934
150,70,0.1878532399999999
150,71,0.19919491
150,72,0.24526562999999987
150,73,0.18993541
150,74,0.18479415
150,75,0.1903106799999999
150,76,0.1896860699999999
150,77,0.18820754
150,78,0.1859183
150,79,0.1876283699999999
150,80,0.1868174699999999
150,81,0.1845595199999999
150,82,0.18374141
150,83,0.1836114199999998
150,84,0.18349666
150,85,0.1834203199999998
150,86,0.18329045
150,87,0.18267263
150,88,0.1838647699999999
150,89,0.18403684
150,90,0.1880539499999998
150,91,0.1875092599999999
150,92,0.1897303399999998
150,93,0.1918870399999999
150,94,0.1902394899999999
150,95,0.1958922499999999
151,0,0.19089272
151,1,0.18402424
151,2,0.1815009
151,3,0.18318027
151,4,0.1793975
151,5,0.17836802
151,6,0.17172192
151,7,0.1804291499999999
151,8,0.18377632
151,9,0.18287607
151,10,0.1844161
151,11,0.1830219999999999
151,12,0.1948224899999999
151,13,0.19866951
151,14,0.185962
151,15,0.19005879
151,16,0.18726787
151,17,0.18837979
151,18,0.1975835099999999
151,19,0.2023675199999999
151,20,0.2035668
151,21,0.2076828799999999
151,22,0.20449984
151,23,0.20929552
151,24,0.2174787199999998
151,25,0.2215623799999998
151,26,0.22470347
151,27,0.2070908199999999
151,28,0.20838155
151,29,0.2105031899999999
151,30,0.2293854599999999
151,31,0.19958552
151,32,0.2092410399999998
151,33,0.2295903699999999
151,34,0.22955486
151,35,0.2002700099999999
151,36,0.2036774
151,37,0.2163356099999999
151,38,0.24022764
151,39,0.2103753
151,40,0.20644366
151,41,0.23600808999999992
151,42,0.2514928299999999
151,43,0.20126174
151,44,0.21517719
151,45,0.24854422
151,46,0.3206057999999997
151,47,0.2071360599999999
151,48,0.21468482
151,49,0.2144336299999998
151,50,0.42899953999999973
151,51,0.2558836
151,52,0.3111847799999998
151,53,0.2450012
151,54,0.4831019599999997
151,55,0.2170446899999999
151,56,0.2167226299999999
151,57,0.214279
151,58,0.2219760899999997
151,59,0.2456473499999999
151,60,0.2144131899999999
151,61,0.2120101499999999
151,62,0.2101087999999999
151,63,0.21573646
151,64,0.20574045
151,65,0.1985971699999999
151,66,0.19125603
151,67,0.1991751999999998
151,68,0.1989135999999999
151,69,0.19456328
151,70,0.1907692699999999
151,71,0.1953922599999999
151,72,0.2143650899999999
151,73,0.18794486
151,74,0.1919506799999999
151,75,0.20073195
151,76,0.19676251
151,77,0.19917837
151,78,0.2096199799999999
151,79,0.19394287
151,80,0.1882353199999999
151,81,0.1871239799999999
151,82,0.1860055599999999
151,83,0.18792445
151,84,0.18560352
151,85,0.18471096
151,86,0.1844818799999999
151,87,0.1846507999999999
151,88,0.18567506
151,89,0.18702172
151,90,0.18606575
151,91,0.18487618
151,92,0.18817939
151,93,0.1876436999999998
151,94,0.18476311
151,95,0.20135495
152,0,0.20683467
152,1,0.1846794199999999
152,2,0.18394939
152,3,0.19073478
152,4,0.1822888999999999
152,5,0.18149803
152,6,0.1774175699999998
152,7,0.17301611
152,8,0.18214434
152,9,0.1730090699999999
152,10,0.18311214
152,11,0.1823029699999999
152,12,0.18926288
152,13,0.1891842199999999
152,14,0.1820401799999998
152,15,0.1844021299999998
152,16,0.18385746
152,17,0.18736479
152,18,0.1848575999999999
152,19,0.1887886899999999
152,20,0.1985559699999999
152,21,0.2132108899999999
152,22,0.2147219699999999
152,23,0.19017427
152,24,0.19067364
152,25,0.21127917
152,26,0.22538839000000002
152,27,0.1916013399999999
152,28,0.2054582999999999
152,29,0.2082246599999999
152,30,0.20526934
152,31,0.1949411899999999
152,32,0.20532556
152,33,0.20451984
152,34,0.20787333
152,35,0.1930029699999998
152,36,0.2048037
152,37,0.2190645
152,38,0.2316920099999998
152,39,0.1917398899999998
152,40,0.18212021
152,41,0.1987369999999998
152,42,0.1968948499999999
152,43,0.18851338
152,44,0.1927139199999999
152,45,0.20204294
152,46,0.2092961599999999
152,47,0.1892763
152,48,0.1981165499999999
152,49,0.2202058299999999
152,50,0.26680426999999984
152,51,0.2188128299999999
152,52,0.22047976
152,53,0.2494013099999999
152,54,0.26043638
152,55,0.21750598
152,56,0.21970667
152,57,0.21473904
152,58,0.21502131
152,59,0.2147759799999999
152,60,0.2091765599999999
152,61,0.20485823
152,62,0.1973769699999999
152,63,0.2018218699999999
152,64,0.1957023699999999
152,65,0.1884803
152,66,0.26162582
152,67,0.1907423899999999
152,68,0.1893893899999999
152,69,0.18816442
152,70,0.18580368
152,71,0.1910312999999999
152,72,0.3484876
152,73,0.1901660899999999
152,74,0.1893220399999998
152,75,0.1896976199999999
152,76,0.20442438
152,77,0.18379808
152,78,0.2102085199999999
152,79,0.1855353099999999
152,80,0.18149523
152,81,0.19067613
152,82,0.18199809
152,83,0.1816302699999999
152,84,0.1809930899999998
152,85,0.1809468699999999
152,86,0.1786226699999999
152,87,0.1793972399999999
152,88,0.17942184
152,89,0.18084727
152,90,0.1815945999999999
152,91,0.1820970199999999
152,92,0.1839488899999999
152,93,0.18486167
152,94,0.18484118
152,95,0.1879989399999999
153,0,0.1849741899999999
153,1,0.18286617
153,2,0.1823898799999999
153,3,0.1804210899999998
153,4,0.1762630099999998
153,5,0.1681715799999999
153,6,0.20341396
153,7,0.1862144099999998
153,8,0.17055415
153,9,0.1707440999999999
153,10,0.1704458899999999
153,11,0.1705155599999999
153,12,0.1690652
153,13,0.1713702
153,14,0.1714699199999998
153,15,0.17175199
153,16,0.1718803299999998
153,17,0.17484101
153,18,0.1756310399999999
153,19,0.1747385
153,20,0.1754406099999998
153,21,0.1808595699999998
153,22,0.18922964
153,23,0.1822479299999999
153,24,0.1900809399999999
153,25,0.1884924699999998
153,26,0.20102132
153,27,0.18502461
153,28,0.185447
153,29,0.1990387799999999
153,30,0.2098993099999999
153,31,0.18327748
153,32,0.18456181
153,33,0.19854098
153,34,0.2199988
153,35,0.18306231
153,36,0.18543339
153,37,0.2121388
153,38,0.2249987999999998
153,39,0.1954453399999999
153,40,0.2182274599999999
153,41,0.1975384399999999
153,42,0.2031968499999999
153,43,0.1828079499999998
153,44,0.1824212
153,45,0.1891985199999999
153,46,0.1953382799999999
153,47,0.18870327
153,48,0.19746263
153,49,0.20163027
153,50,0.3501785099999998
153,51,0.21830813
153,52,0.2076852999999998
153,53,0.21170834
153,54,0.20660688
153,55,0.1986872
153,56,0.19582973
153,57,0.1940111999999999
153,58,0.2118531599999999
153,59,0.2206844099999998
153,60,0.253437
153,61,0.1959345399999999
153,62,0.1902161699999999
153,63,0.1984414
153,64,0.19231797
153,65,0.19775132
153,66,0.18671511
153,67,0.19139578
153,68,0.1887944499999999
153,69,0.18551818
153,70,0.18569597
153,71,0.1933541099999999
153,72,0.18981133
153,73,0.18428445
153,74,0.18207341
153,75,0.1833040499999998
153,76,0.18457804
153,77,0.18135255
153,78,0.17983798
153,79,0.17979923
153,80,0.1804547699999999
153,81,0.18053365
153,82,0.1792202699999999
153,83,0.17926268
153,84,0.1734417899999999
153,85,0.18064385
153,86,0.1790797499999999
153,87,0.17727281
153,88,0.1771571799999998
153,89,0.18188052
153,90,0.1793496299999999
153,91,0.18026833
153,92,0.1857153299999999
153,93,0.18771361
153,94,0.18667872
153,95,0.1887333999999999
154,0,0.1847819999999999
154,1,0.18086348
154,2,0.18163271
154,3,0.1699695699999999
154,4,0.16338083
154,5,0.1515783199999999
154,6,0.1617644
154,7,0.1686441
154,8,0.17015396
154,9,0.1690371499999998
154,10,0.16948786
154,11,0.17099572
154,12,0.17049496
154,13,0.1709582
154,14,0.1696917
154,15,0.17024886
154,16,0.17122713
154,17,0.1710679999999998
154,18,0.17250767
154,19,0.18000332
154,20,0.18261442
154,21,0.18272734
154,22,0.18117764
154,23,0.17651659
154,24,0.1753074
154,25,0.18116277
154,26,0.18081252
154,27,0.1805683899999999
154,28,0.18281845
154,29,0.18622453
154,30,0.18764822
154,31,0.1800414099999999
154,32,0.1867676
154,33,0.19872589
154,34,0.22326
154,35,0.1865742799999999
154,36,0.18552546
154,37,0.1993163599999998
154,38,0.20237151
154,39,0.2141458399999999
154,40,0.19841442
154,41,0.2074158099999999
154,42,0.2022670499999999
154,43,0.1854566799999999
154,44,0.1872540099999999
154,45,0.19851153
154,46,0.20994938
154,47,0.19338394
154,48,0.19868339
154,49,0.1984969399999999
154,50,0.22148284999999993
154,51,0.1925647699999998
154,52,0.1980151
154,53,0.20532766
154,54,0.2241208299999999
154,55,0.2139054899999999
154,56,0.2156100899999999
154,57,0.21355747
154,58,0.1956325999999999
154,59,0.2185940499999999
154,60,0.22599392
154,61,0.2077204199999998
154,62,0.1902369199999999
154,63,0.20897963
154,64,0.1937004099999999
154,65,0.19264646
154,66,0.2008011499999999
154,67,0.20001731
154,68,0.18923708
154,69,0.18620282
154,70,0.18781159
154,71,0.18792258
154,72,0.18795941
154,73,0.18403611
154,74,0.18057649
154,75,0.19705811
154,76,0.19031805
154,77,0.1890144
154,78,0.18685232
154,79,0.1952448199999999
154,80,0.1910624
154,81,0.19103417
154,82,0.18655029
154,83,0.1988107
154,84,0.20156501
154,85,0.19164593
154,86,0.19302241
154,87,0.19567703
154,88,0.19676024
154,89,0.1958289299999999
154,90,0.20057296
154,91,0.19368148
154,92,0.19539683
154,93,0.19095389
154,94,0.18745248
154,95,0.19083179
155,0,0.19503504
155,1,0.21341373
155,2,0.1612636
155,3,0.16846569
155,4,0.14999009
155,5,0.14999513
155,6,0.1499896799999999
155,7,0.1510935399999998
155,8,0.16172408
155,9,0.1621486599999999
155,10,0.16231874
155,11,0.15
155,12,0.14998988
155,13,0.14998965
155,14,0.14998954
155,15,0.1499896099999998
155,16,0.1499896299999999
155,17,0.1499905999999998
155,18,0.1602459799999999
155,19,0.1628788
155,20,0.1628788
155,21,0.1664787999999999
155,22,0.1667176
155,23,0.16897172
155,24,0.17116912
155,25,0.1713882399999998
155,26,0.17107539
155,27,0.16999215
155,28,0.1703187999999998
155,29,0.1753887999999999
155,30,0.1806920099999999
155,31,0.1716388
155,32,0.1761999999999998
155,33,0.1841876
155,34,0.2004823299999999
155,35,0.1813628599999999
155,36,0.1828755199999999
155,37,0.21724122
155,38,0.1989059499999998
155,39,0.17483589
155,40,0.1743061
155,41,0.1777023
155,42,0.17669081
155,43,0.18660289
155,44,0.18851557
155,45,0.19903864
155,46,0.24660728
155,47,0.18236396
155,48,0.1850882199999998
155,49,0.1931990999999999
155,50,0.21401007
155,51,0.19667955
155,52,0.2123234899999999
155,53,0.27660719999999983
155,54,0.22131804000000002
155,55,0.21994506
155,56,0.21992402
155,57,0.2077991699999999
155,58,0.2091516799999999
155,59,0.2102014899999998
155,60,0.1954475199999999
155,61,0.1960880499999999
155,62,0.1869541999999999
155,63,0.1977326999999999
155,64,0.18918472
155,65,0.26408217
155,66,0.1937886699999998
155,67,0.19082667
155,68,0.1888777799999999
155,69,0.1920426399999999
155,70,0.19436201
155,71,0.18938394
155,72,0.20142907
155,73,0.1904780199999998
155,74,0.2113570699999999
155,75,0.19477146
155,76,0.18575748
155,77,0.18425942
155,78,0.1845073299999998
155,79,0.19545051
155,80,0.22283676
155,81,0.19092889
155,82,0.18473813
155,83,0.2056907799999998
155,84,0.1891130799999999
155,85,0.1823723599999999
155,86,0.18487982
155,87,0.2180589399999999
155,88,0.2100956699999999
155,89,0.19633428
155,90,0.19724887
155,91,0.17918697
155,92,0.18192236
155,93,0.17816226
155,94,0.1781636399999999
155,95,0.1833569399999998
156,0,0.17453723
156,1,0.16677687
156,2,0.16139738
156,3,0.16668505
156,4,0.16511501
156,5,0.1499903999999999
156,6,0.14998919
156,7,0.15001074
156,8,0.16678331
156,9,0.16470452
156,10,0.1605875699999999
156,11,0.1637689199999999
156,12,0.1617277099999998
156,13,0.16394238
156,14,0.15000554
156,15,0.15
156,16,0.1539097499999999
156,17,0.16325166
156,18,0.16146768
156,19,0.1657390199999999
156,20,0.16569129
156,21,0.1662985899999998
156,22,0.1668174099999999
156,23,0.16755783
156,24,0.17238155
156,25,0.1710783899999998
156,26,0.1708580799999999
156,27,0.1744967399999999
156,28,0.17318411
156,29,0.1758943
156,30,0.17597622
156,31,0.17132664
156,32,0.1748211999999999
156,33,0.1773803099999999
156,34,0.17633669
156,35,0.16587601
156,36,0.1680642299999997
156,37,0.1734817099999999
156,38,0.17432482
156,39,0.1546879399999999
156,40,0.16713559
156,41,0.17190723
156,42,0.1733297899999999
156,43,0.1672340899999999
156,44,0.1723942199999999
156,45,0.17808579
156,46,0.18392806
156,47,0.1721516599999999
156,48,0.1779937899999999
156,49,0.1826785699999999
156,50,0.2028191899999999
156,51,0.1630572299999998
156,52,0.1809740699999999
156,53,0.18216429
156,54,0.1581270899999998
156,55,0.20332629
156,56,0.19254545
156,57,0.2760415399999999
156,58,0.1953314399999999
156,59,0.1995797299999999
156,60,0.18949902
156,61,0.18606127
156,62,0.1800484699999999
156,63,0.1946853199999999
156,64,0.18807563
156,65,0.1827723599999999
156,66,0.1791897199999998
156,67,0.18723957
156,68,0.1816875299999999
156,69,0.18006942
156,70,0.17633738
156,71,0.1847302499999999
156,72,0.18210507
156,73,0.1809979899999998
156,74,0.17810454
156,75,0.17999537
156,76,0.1799308299999999
156,77,0.1788885999999999
156,78,0.18132692
156,79,0.1815927799999999
156,80,0.18080221
156,81,0.17923529
156,82,0.17826737
156,83,0.17875296
156,84,0.1786244899999998
156,85,0.17868685
156,86,0.1786608899999999
156,87,0.17846673
156,88,0.17817449
156,89,0.1810106999999998
156,90,0.18270787
156,91,0.18980062
156,92,0.19065331
156,93,0.1888917699999999
156,94,0.18291677
156,95,0.1799042099999999
157,0,0.18030614
157,1,0.1812224899999999
157,2,0.17651371
157,3,0.18046186
157,4,0.17898648
157,5,0.18086156
157,6,0.1783698999999998
157,7,0.1824288499999999
157,8,0.1842951899999998
157,9,0.1805460299999998
157,10,0.18065482
157,11,0.1815966199999999
157,12,0.18160555
157,13,0.1810424099999999
157,14,0.18015295
157,15,0.1786291299999998
157,16,0.18071702
157,17,0.1786406799999998
157,18,0.1806978399999999
157,19,0.18149845
157,20,0.1910324799999999
157,21,0.1821614999999999
157,22,0.1880548999999998
157,23,0.1811420099999998
157,24,0.1828535399999999
157,25,0.1811153999999999
157,26,0.17880815
157,27,0.18213042
157,28,0.18471763
157,29,0.1809328299999999
157,30,0.1760522999999999
157,31,0.1695938799999999
157,32,0.1693892399999998
157,33,0.17146501
157,34,0.16919145
157,35,0.16872697
157,36,0.1708851699999999
157,37,0.17310686
157,38,0.1726732
157,39,0.16766516
157,40,0.1683112
157,41,0.1689499099999999
157,42,0.17024986
157,43,0.16793188
157,44,0.1728335899999999
157,45,0.18350413
157,46,0.1830606799999999
157,47,0.17362879
157,48,0.1782160299999998
157,49,0.1835745899999999
157,50,0.1895081499999999
157,51,0.1859307
157,52,0.19184424
157,53,0.2087145199999999
157,54,0.26913425
157,55,0.4431724
157,56,0.20047971
157,57,0.2042990599999999
157,58,0.19317631
157,59,0.23117026999999993
157,60,0.20230688
157,61,0.1896588099999999
157,62,0.18793083
157,63,0.1944909699999999
157,64,0.1949359899999999
157,65,0.1826922799999999
157,66,0.1838210499999999
157,67,0.1833477899999999
157,68,0.1783633599999999
157,69,0.1774556099999999
157,70,0.1748330399999999
157,71,0.17755442
157,72,0.1743072799999997
157,73,0.17697962
157,74,0.1703611099999999
157,75,0.1715713999999999
157,76,0.17098079
157,77,0.17419995
157,78,0.1703618
157,79,0.1762108599999998
157,80,0.17829685
157,81,0.1744412399999998
157,82,0.17678631
157,83,0.17865303
157,84,0.17799913
157,85,0.1776796999999998
157,86,0.1855779
157,87,0.1826746
157,88,0.18845873
157,89,0.19002479
157,90,0.2011233
157,91,0.1976408699999998
157,92,0.2063155599999999
157,93,0.20680247
157,94,0.19283323
157,95,0.1916007
158,0,0.18530275
158,1,0.18145095
158,2,0.1738876999999998
158,3,0.1757902999999999
158,4,0.17032204
158,5,0.16810948
158,6,0.16418847
158,7,0.1738918199999999
158,8,0.16756163
158,9,0.1784071599999999
158,10,0.16419401
158,11,0.16292233
158,12,0.1532915899999999
158,13,0.1532143499999998
158,14,0.15590394
158,15,0.1584380699999999
158,16,0.1633473899999999
158,17,0.15825139
158,18,0.1551174599999999
158,19,0.1606429899999999
158,20,0.1643454899999999
158,21,0.1672140299999999
158,22,0.16506167
158,23,0.15904893
158,24,0.1607395699999999
158,25,0.1604741399999999
158,26,0.16039649
158,27,0.16719909
158,28,0.1666189099999999
158,29,0.16697608
158,30,0.16746687
158,31,0.16312358
158,32,0.16273682
158,33,0.1668968299999998
158,34,0.16691972
158,35,0.16033901
158,36,0.1662761799999999
158,37,0.1664084499999999
158,38,0.1670788
158,39,0.1640086399999999
158,40,0.16692399
158,41,0.1673242699999998
158,42,0.1682692999999999
158,43,0.16832326
158,44,0.1709859399999999
158,45,0.17303645
158,46,0.1765527699999998
158,47,0.17216491
158,48,0.1776328
158,49,0.18498272
158,50,0.1954293
158,51,0.1852488
158,52,0.1888284499999997
158,53,0.1951932299999999
158,54,0.19065265
158,55,0.22513974
158,56,0.2195506199999999
158,57,0.1987115999999999
158,58,0.1859804399999998
158,59,0.2191203799999999
158,60,0.22848498999999992
158,61,0.1960331
158,62,0.18739981
158,63,0.18841348
158,64,0.1869676499999999
158,65,0.18684852
158,66,0.1832719999999999
158,67,0.19028366
158,68,0.2103368099999999
158,69,0.19023128
158,70,0.18737898
158,71,0.18080139
158,72,0.18286613
158,73,0.18279944
158,74,0.1932323799999999
158,75,0.18186456
158,76,0.18225085
158,77,0.18080611
158,78,0.1873782999999998
158,79,0.182442
158,80,0.1812681599999999
158,81,0.1812548199999999
158,82,0.1802813
158,83,0.1797921999999999
158,84,0.1805762099999999
158,85,0.1803852699999999
158,86,0.1805727399999999
158,87,0.1812149299999998
158,88,0.1880871
158,89,0.1909347599999999
158,90,0.18309975
158,91,0.18483141
158,92,0.18857434
158,93,0.18755942
158,94,0.1838462099999999
158,95,0.18164101
159,0,0.1827863499999999
159,1,0.1783434299999998
159,2,0.18359058
159,3,0.18116638
159,4,0.17839129
159,5,0.17317387
159,6,0.18543885
159,7,0.18471331
159,8,0.1839193599999999
159,9,0.17316465
159,10,0.1731767
159,11,0.1758064
159,12,0.1731102399999999
159,13,0.1719735499999999
159,14,0.17179239
159,15,0.1717947
159,16,0.17174653
159,17,0.17111964
159,18,0.1708388499999999
159,19,0.17158294
159,20,0.17164017
159,21,0.1707939299999999
159,22,0.1720531299999999
159,23,0.17134048
159,24,0.1715919699999999
159,25,0.17117667
159,26,0.1706785299999998
159,27,0.17160492
159,28,0.1716710599999999
159,29,0.17609523
159,30,0.17264894
159,31,0.17242042
159,32,0.1716046699999999
159,33,0.1707199
159,34,0.17082175
159,35,0.17141655
159,36,0.17176578
159,37,0.1727622
159,38,0.1686368099999998
159,39,0.17185477
159,40,0.17389071
159,41,0.1786001999999999
159,42,0.1749398899999999
159,43,0.178107
159,44,0.18070168
159,45,0.18499178
159,46,0.17656273
159,47,0.17773439
159,48,0.1876175599999999
159,49,0.1985916999999999
159,50,0.18090794
159,51,0.18331633
159,52,0.18646898
159,53,0.1821575699999999
159,54,0.18320401
159,55,0.18221181
159,56,0.1816400499999998
159,57,0.181429
159,58,0.19069363
159,59,0.18779033
159,60,0.1835513599999998
159,61,0.1816605
159,62,0.1822396999999999
159,63,0.18221328
159,64,0.18037338
159,65,0.1789723799999999
159,66,0.18218492
159,67,0.1785121399999999
159,68,0.1773444399999998
159,69,0.1746094799999999
159,70,0.18197425
159,71,0.1865546999999999
159,72,0.18255093
159,73,0.18495326
159,74,0.1814829299999999
159,75,0.19018828
159,76,0.18297462
159,77,0.1815371199999998
159,78,0.18620678
159,79,0.18303294
159,80,0.18038368
159,81,0.18040984
159,82,0.1847116899999999
159,83,0.18645598
159,84,0.18488169
159,85,0.19390409
159,86,0.18477366
159,87,0.1850894899999999
159,88,0.1881633899999999
159,89,0.19209258
159,90,0.1898639299999999
159,91,0.19003466
159,92,0.1897618599999999
159,93,0.18980417
159,94,0.20336572
159,95,0.1942492999999999
160,0,0.1829014399999999
160,1,0.16920529
160,2,0.18113099
160,3,0.16757376
160,4,0.1636710399999999
160,5,0.16505401
160,6,0.1750134299999998
160,7,0.16865994
160,8,0.1696830599999998
160,9,0.1671042499999999
160,10,0.1696774999999997
160,11,0.16908537
160,12,0.16295864
160,13,0.16302238
160,14,0.1529844699999999
160,15,0.1530118299999999
160,16,0.14999742
160,17,0.1499935599999998
160,18,0.1647740899999999
160,19,0.1648438499999999
160,20,0.16480592
160,21,0.16419252
160,22,0.16509133
160,23,0.16411469
160,24,0.1647042499999998
160,25,0.16482442
160,26,0.1649897399999998
160,27,0.16583722
160,28,0.16496592
160,29,0.1635560399999999
160,30,0.1652158199999999
160,31,0.16588244
160,32,0.16507644
160,33,0.1658932599999999
160,34,0.1659739399999999
160,35,0.16704054
160,36,0.1670044799999999
160,37,0.1634254799999999
160,38,0.16470229
160,39,0.16628342
160,40,0.1692463799999999
160,41,0.16584174
160,42,0.1678742
160,43,0.1782168199999998
160,44,0.1814337099999998
160,45,0.17310685
160,46,0.1817552399999999
160,47,0.20130518
160,48,0.2143859299999999
160,49,0.18297485
160,50,0.18373572
160,51,0.19697261
160,52,0.1991377499999999
160,53,0.24949491
160,54,0.20388867
160,55,0.19178344
160,56,0.1905989599999999
160,57,0.21295544
160,58,0.19659877
160,59,0.18966729
160,60,0.18562269
160,61,0.19298983
160,62,0.1885044499999999
160,63,0.1848550699999999
160,64,0.18165857
160,65,0.18581092
160,66,0.1832565
160,67,0.1804576199999999
160,68,0.17870168
160,69,0.18356806
160,70,0.1834913099999999
160,71,0.18210702
160,72,0.18047406
160,73,0.18053268
160,74,0.1801003699999999
160,75,0.17895717
160,76,0.1774792099999999
160,77,0.17773676
160,78,0.1775774799999999
160,79,0.17690004
160,80,0.17641916
160,81,0.17704243
160,82,0.17669539
160,83,0.1767508599999998
160,84,0.1766618299999998
160,85,0.1797448799999998
160,86,0.18034442
160,87,0.18046792
160,88,0.18004
160,89,0.18054749
160,90,0.1802349999999998
160,91,0.17978583
160,92,0.17964702
160,93,0.18327819
160,94,0.1811943799999999
160,95,0.1799775199999999
161,0,0.17706275
161,1,0.18125122
161,2,0.17750836
161,3,0.17021094
161,4,0.16661407
161,5,0.1716127199999998
161,6,0.1719657599999999
161,7,0.17141265
161,8,0.17097025
161,9,0.16957928
161,10,0.1706614399999998
161,11,0.1696566599999999
161,12,0.1696821899999999
161,13,0.16943487
161,14,0.1696166699999998
161,15,0.1695905399999999
161,16,0.1694204
161,17,0.1711455399999999
161,18,0.1704437
161,19,0.17056123
161,20,0.17002018
161,21,0.1697814599999999
161,22,0.1715631699999999
161,23,0.17182046
161,24,0.1718135999999999
161,25,0.17559098
161,26,0.17744141
161,27,0.1778926499999999
161,28,0.17746544
161,29,0.1777037999999999
161,30,0.1799708099999999
161,31,0.17893171
161,32,0.1789683499999999
161,33,0.18045622
161,34,0.1825704999999998
161,35,0.18348084
161,36,0.1749987999999999
161,37,0.17648281
161,38,0.17994103
161,39,0.1816759
161,40,0.17606509
161,41,0.17936633
161,42,0.18183783
161,43,0.1893570199999999
161,44,0.18089734
161,45,0.18682888
161,46,0.19305596
161,47,0.20008889
161,48,0.19583781
161,49,0.1957125299999999
161,50,0.1991190599999999
161,51,0.21274146
161,52,0.19888824
161,53,0.20371063
161,54,0.19894461
161,55,0.1970953599999998
161,56,0.2061033099999999
161,57,0.2021865
161,58,0.20216559
161,59,0.19423281
161,60,0.20577388
161,61,0.20016124
161,62,0.19315578
161,63,0.1879471599999999
161,64,0.20143014
161,65,0.1961754599999999
161,66,0.1866271699999999
161,67,0.1824427499999999
161,68,0.1861769
161,69,0.18547323
161,70,0.18403822
161,71,0.1824716299999998
161,72,0.1834855199999999
161,73,0.1829202299999999
161,74,0.1823480799999999
161,75,0.18032045
161,76,0.1829948499999999
161,77,0.18261283
161,78,0.1814040799999999
161,79,0.1796313
161,80,0.18138879
161,81,0.18148698
161,82,0.1828944199999999
161,83,0.18115933
161,84,0.1813160699999998
161,85,0.18117476
161,86,0.18427899
161,87,0.1804734399999999
161,88,0.1828492
161,89,0.18286964
161,90,0.18288013
161,91,0.1800614499999999
161,92,0.18331223
161,93,0.1806449499999999
161,94,0.1755661999999999
161,95,0.1707646
162,0,0.1811767799999999
162,1,0.1728949599999999
162,2,0.16425536
162,3,0.15775303
162,4,0.17402253
162,5,0.1733669599999999
162,6,0.17277702
162,7,0.17226847
162,8,0.1742067099999999
162,9,0.17511005
162,10,0.17711239
162,11,0.17686635
162,12,0.17368413
162,13,0.17421864
162,14,0.1750236899999998
162,15,0.1751835099999999
162,16,0.1729976
162,17,0.17576323
162,18,0.1780942499999998
162,19,0.17973018
162,20,0.17751957
162,21,0.1814078
162,22,0.1826942899999999
162,23,0.1904337299999998
162,24,0.18539323
162,25,0.18239797
162,26,0.1896108199999999
162,27,0.19157541
162,28,0.1820379399999999
162,29,0.18780093
162,30,0.1920155
162,31,0.19355845
162,32,0.19085204
162,33,0.19260013
162,34,0.2025824199999999
162,35,0.2101476699999999
162,36,0.18692651
162,37,0.1966409999999999
162,38,0.2114720799999999
162,39,0.21406232
162,40,0.18721108
162,41,0.18669945
162,42,0.19929207
162,43,0.20697891
162,44,0.18619162
162,45,0.19488386
162,46,0.1990168899999999
162,47,0.2456675699999998
162,48,0.2465815499999999
162,49,0.20091659
162,50,0.20354004
162,51,0.1981239
162,52,0.21028569
162,53,0.20211178
162,54,0.20414516
162,55,0.1939056499999999
162,56,0.2074561399999999
162,57,0.1997425
162,58,0.1939736699999999
162,59,0.19103992
162,60,0.1996748199999999
162,61,0.20828875
162,62,0.19208782
162,63,0.1875952399999998
162,64,0.19795621
162,65,0.1908137499999999
162,66,0.1858181999999999
162,67,0.1844776099999999
162,68,0.19189604
162,69,0.1898361399999999
162,70,0.18588689
162,71,0.1842855
162,72,0.1900679999999999
162,73,0.18632761
162,74,0.1857537199999999
162,75,0.18415646
162,76,0.1849651199999999
162,77,0.1842485799999998
162,78,0.1831756199999999
162,79,0.1826062699999999
162,80,0.1839362199999999
162,81,0.1838894
162,82,0.18352147
162,83,0.18246027
162,84,0.1828443899999998
162,85,0.18290652
162,86,0.18269883
162,87,0.1816094399999999
162,88,0.1818447299999999
162,89,0.18169676
162,90,0.18242743
162,91,0.18093269
162,92,0.18619462
162,93,0.1831635699999998
162,94,0.1814207
162,95,0.1684893
163,0,0.1797880099999998
163,1,0.17114186
163,2,0.1666170899999999
163,3,0.16541899
163,4,0.1683693299999999
163,5,0.17182002
163,6,0.1709589299999997
163,7,0.16844688
163,8,0.16811428
163,9,0.17006392
163,10,0.1694451
163,11,0.1724984499999998
163,12,0.1709396099999999
163,13,0.17624646
163,14,0.1768042
163,15,0.17829651
163,16,0.17843871
163,17,0.1799665599999998
163,18,0.1802071499999999
163,19,0.17944316
163,20,0.17843213
163,21,0.1840902499999999
163,22,0.18687557
163,23,0.1869001599999999
163,24,0.1833296799999999
163,25,0.1858396699999999
163,26,0.18877235
163,27,0.18975226
163,28,0.18360944
163,29,0.18539
163,30,0.1875411599999999
163,31,0.1918042099999999
163,32,0.18372878
163,33,0.18554007
163,34,0.1890749099999999
163,35,0.1906566999999999
163,36,0.1854182699999998
163,37,0.1921217999999999
163,38,0.1944409299999999
163,39,0.19615303
163,40,0.1847583299999999
163,41,0.1874161399999999
163,42,0.19197833
163,43,0.2146153999999999
163,44,0.1899217599999999
163,45,0.19023694
163,46,0.2050744199999999
163,47,0.20988809
163,48,0.20383226
163,49,0.2212809599999999
163,50,0.21211837
163,51,0.21573741
163,52,0.2097613399999998
163,53,0.2089492899999999
163,54,0.2059174499999999
163,55,0.20441127
163,56,0.2039670499999999
163,57,0.2046225499999999
163,58,0.19673875
163,59,0.19317323
163,60,0.20762886
163,61,0.1984835
163,62,0.18848306
163,63,0.18588
163,64,0.1925406199999998
163,65,0.18831453
163,66,0.1858030499999998
163,67,0.18453785
163,68,0.1870871999999999
163,69,0.18558943
163,70,0.1852141199999999
163,71,0.1833345399999999
163,72,0.18535672
163,73,0.1840175299999999
163,74,0.1839731299999999
163,75,0.18282848
163,76,0.1835190099999999
163,77,0.18410625
163,78,0.1837475499999998
163,79,0.18282482
163,80,0.1831337999999999
163,81,0.1831403299999999
163,82,0.1835396799999999
163,83,0.18291251
163,84,0.18316872
163,85,0.18538933
163,86,0.1853890699999999
163,87,0.18561718
163,88,0.18759514
163,89,0.18992527
163,90,0.18955584
163,91,0.1882463899999999
163,92,0.18703532
163,93,0.1861293199999999
163,94,0.1849700799999999
163,95,0.18438367
164,0,0.1858340699999999
164,1,0.18522328
164,2,0.18287092
164,3,0.17980617
164,4,0.18342241
164,5,0.18329149
164,6,0.18106722
164,7,0.1815425199999999
164,8,0.18374316
164,9,0.1833374999999999
164,10,0.18196352
164,11,0.19009682
164,12,0.1899668
164,13,0.1899668
164,14,0.1899668
164,15,0.17741734
164,16,0.1858892899999999
164,17,0.1858892899999999
164,18,0.1858892899999999
164,19,0.1858892899999999
164,20,0.1858892899999999
164,21,0.1849975999999999
164,22,0.19
164,23,0.19530658
164,24,0.1883188
164,25,0.18948852
164,26,0.1931087999999998
164,27,0.1929039399999998
164,28,0.1906530599999999
164,29,0.1921098199999999
164,30,0.1949595399999999
164,31,0.19468104
164,32,0.19017
164,33,0.19169
164,34,0.1944387999999999
164,35,0.196
164,36,0.1837597799999999
164,37,0.1837815099999999
164,38,0.1837455199999999
164,39,0.18381244
164,40,0.18567918
164,41,0.1857723899999999
164,42,0.18592988
164,43,0.18679536
164,44,0.1833303
164,45,0.18479931
164,46,0.1878742799999999
164,47,0.20147083
164,48,0.19522338
164,49,0.2054338399999999
164,50,0.19975012
164,51,0.20323779
164,52,0.2025401999999999
164,53,0.2082316
164,54,0.20051978
164,55,0.20395625
164,56,0.21434488
164,57,0.2104300399999999
164,58,0.20544699
164,59,0.1950710999999998
164,60,0.21009079
164,61,0.20259588
164,62,0.1949029
164,63,0.1921485599999999
164,64,0.19350606
164,65,0.19018988
164,66,0.1881612
164,67,0.18522351
164,68,0.19851279
164,69,0.1940585199999999
164,70,0.19259134
164,71,0.1886924999999999
164,72,0.1968532699999998
164,73,0.19817395
164,74,0.1955650399999999
164,75,0.1922229599999999
164,76,0.1977012
164,77,0.1958235799999998
164,78,0.1942945199999999
164,79,0.1932620399999998
164,80,0.1939824
164,81,0.1939812
164,82,0.19531867
164,83,0.1933488599999999
164,84,0.18921297
164,85,0.1903112599999999
164,86,0.19074116
164,87,0.1910221999999999
164,88,0.1901594399999999
164,89,0.1923089299999999
164,90,0.1978274299999999
164,91,0.18884277
164,92,0.18783993
164,93,0.1869194699999999
164,94,0.1866893899999999
164,95,0.1851335399999999
165,0,0.18790168
165,1,0.1865796799999998
165,2,0.185491
165,3,0.18469158
165,4,0.18772056
165,5,0.18647759
165,6,0.18897925
165,7,0.1866578599999999
165,8,0.18639659
165,9,0.18843914
165,10,0.18782667
165,11,0.19539857
165,12,0.18778644
165,13,0.1876074699999999
165,14,0.18711452
165,15,0.1865484399999999
165,16,0.1836730899999999
165,17,0.1878938799999999
165,18,0.18823662
165,19,0.20114291
165,20,0.1902424199999999
165,21,0.18761402
165,22,0.1875852999999999
165,23,0.18831775
165,24,0.18743973
165,25,0.18743356
165,26,0.18683001
165,27,0.18595965
165,28,0.1857980099999999
165,29,0.18865233
165,30,0.18458599
165,31,0.17085438
165,32,0.17163156
165,33,0.1810576299999998
165,34,0.17970126
165,35,0.17832675
165,36,0.1693131
165,37,0.1728586299999999
165,38,0.1740021799999998
165,39,0.1813616299999998
165,40,0.1607920399999998
165,41,0.17296082
165,42,0.17280471
165,43,0.18353262
165,44,0.16361744
165,45,0.1629177299999999
165,46,0.16800457
165,47,0.1747928799999999
165,48,0.18210503
165,49,0.18480622
165,50,0.1895825599999999
165,51,0.1872624199999999
165,52,0.19995868
165,53,0.1978148299999998
165,54,0.1945702
165,55,0.19464143
165,56,0.20466032
165,57,0.1992819799999998
165,58,0.19824801
165,59,0.1909552
165,60,0.20767384
165,61,0.19784941
165,62,0.1954615999999999
165,63,0.18769816
165,64,0.2144196099999999
165,65,0.2022581899999999
165,66,0.1964313899999999
165,67,0.1942378899999998
165,68,0.2156459999999999
165,69,0.2109918199999998
165,70,0.2114585199999999
165,71,0.1994124399999998
165,72,0.2149438599999999
165,73,0.2245383999999999
165,74,0.2003758
165,75,0.19002699
165,76,0.19708791
165,77,0.1929101799999999
165,78,0.19510504
165,79,0.1890921499999999
165,80,0.1945192399999999
165,81,0.1935065299999999
165,82,0.1922628799999998
165,83,0.19216105
165,84,0.1941574199999998
165,85,0.19559497
165,86,0.19607486
165,87,0.1952382
165,88,0.1994299999999998
165,89,0.20204771
165,90,0.20093527
165,91,0.20008299
165,92,0.19775942
165,93,0.19226282
165,94,0.1913332999999999
165,95,0.19185485
166,0,0.1979244
166,1,0.1938379
166,2,0.18962181
166,3,0.1892827799999999
166,4,0.19446847
166,5,0.1949869399999998
166,6,0.1934463899999999
166,7,0.1941242299999999
166,8,0.1899005
166,9,0.1893594499999999
166,10,0.18981788
166,11,0.1902986799999998
166,12,0.1900822399999999
166,13,0.18919143
166,14,0.1914402899999999
166,15,0.1927200399999999
166,16,0.18942353
166,17,0.19042424
166,18,0.19347
166,19,0.1922187099999999
166,20,0.18913875
166,21,0.1892969599999999
166,22,0.18934607
166,23,0.1893867399999998
166,24,0.1892559399999999
166,25,0.189276
166,26,0.1910788199999999
166,27,0.1893938899999999
166,28,0.1914857599999999
166,29,0.1927797799999999
166,30,0.19339367
166,31,0.19836327
166,32,0.1902837799999999
166,33,0.1972218
166,34,0.2050679799999999
166,35,0.2163528599999999
166,36,0.2019342
166,37,0.20388364
166,38,0.2072336199999999
166,39,0.2142841099999999
166,40,0.2020024299999999
166,41,0.20957281
166,42,0.2166160299999998
166,43,0.23133489
166,44,0.2090637
166,45,0.2226421699999999
166,46,0.2095985299999999
166,47,0.21334038
166,48,0.2139546899999999
166,49,0.24656466000000002
166,50,0.25375926999999976
166,51,0.22548667000000003
166,52,0.25499395999999974
166,53,0.23868682
166,54,0.22518372
166,55,0.21554434
166,56,0.23753125
166,57,0.22188391999999982
166,58,0.2126947699999999
166,59,0.2026087299999999
166,60,0.22462689
166,61,0.20703306
166,62,0.1992116499999999
166,63,0.19512437
166,64,0.2004443
166,65,0.19950011
166,66,0.1984255799999999
166,67,0.1926418299999999
166,68,0.20154723
166,69,0.19847924
166,70,0.1954573
166,71,0.19364976
166,72,0.1992193899999998
166,73,0.1983258199999999
166,74,0.19645357
166,75,0.1936617299999999
166,76,0.1974200299999998
166,77,0.1950622
166,78,0.19400752
166,79,0.19247973
166,80,0.1956782899999999
166,81,0.19732654
166,82,0.1950482299999999
166,83,0.1938047899999999
166,84,0.1943794
166,85,0.19564127
166,86,0.19557589
166,87,0.197231
166,88,0.19624362
166,89,0.19722398
166,90,0.19747625
166,91,0.19691485
166,92,0.1931428099999998
166,93,0.19297669
166,94,0.19046574
166,95,0.1894831999999999
167,0,0.19139019
167,1,0.18962135
167,2,0.18937465
167,3,0.1863483199999999
167,4,0.1885654
167,5,0.1897936199999998
167,6,0.18858101
167,7,0.1897394
167,8,0.1888133599999999
167,9,0.1904355699999999
167,10,0.1886191299999999
167,11,0.19317327
167,12,0.19494269
167,13,0.1909517299999999
167,14,0.19289912
167,15,0.19686086
167,16,0.19563906
167,17,0.19880408
167,18,0.1996120299999998
167,19,0.2021289799999999
167,20,0.19336342
167,21,0.1974439399999999
167,22,0.19747991
167,23,0.19735107
167,24,0.1995981
167,25,0.2054673
167,26,0.2055869699999999
167,27,0.21295403
167,28,0.21052151
167,29,0.21799047
167,30,0.22517973
167,31,0.24939438
167,32,0.2088241099999999
167,33,0.2326112
167,34,0.22247062999999992
167,35,0.2999988
167,36,0.22768192
167,37,0.24647834999999987
167,38,0.23618925999999982
167,39,0.33553115999999983
167,40,0.21752781
167,41,0.2257487499999998
167,42,0.23387707
167,43,0.24963632
167,44,0.2169688199999999
167,45,0.25452951999999984
167,46,0.2450490199999998
167,47,0.2546092999999999
167,48,0.32849779
167,49,0.26390998
167,50,0.32630826999999973
167,51,0.24866481999999993
167,52,0.2432014999999997
167,53,0.24839745
167,54,0.23477514000000002
167,55,0.23062318
167,56,0.3501075
167,57,0.22672414
167,58,0.2252792499999999
167,59,0.20945939
167,60,0.2244899099999997
167,61,0.21566363
167,62,0.2152778199999999
167,63,0.2207571099999999
167,64,0.2088843
167,65,0.2069666799999999
167,66,0.20585518
167,67,0.19921437
167,68,0.2085141599999999
167,69,0.2038335
167,70,0.20845068
167,71,0.1989453399999999
167,72,0.20375468
167,73,0.2031146899999999
167,74,0.19911122
167,75,0.1955172899999999
167,76,0.19480804
167,77,0.19467257
167,78,0.19154081
167,79,0.1914652899999999
167,80,0.1966229
167,81,0.1989023399999999
167,82,0.19502764
167,83,0.1947123399999999
167,84,0.1945780899999999
167,85,0.19571505
167,86,0.1952085199999998
167,87,0.1949448799999999
167,88,0.19124361
167,89,0.19306056
167,90,0.19194576
167,91,0.19253365
167,92,0.19501371
167,93,0.1951759199999999
167,94,0.19168965
167,95,0.1892550999999999
168,0,0.1915476699999999
168,1,0.1939052299999999
168,2,0.1932066899999999
168,3,0.1924575
168,4,0.19377189
168,5,0.1938774699999998
168,6,0.19137324
168,7,0.1946608999999998
168,8,0.19424918
168,9,0.1948687
168,10,0.19671015
168,11,0.1962476999999998
168,12,0.1961798599999999
168,13,0.19729233
168,14,0.2000043099999999
168,15,0.20243329
168,16,0.20001464
168,17,0.2047962299999999
168,18,0.2123153199999999
168,19,0.2305870599999997
168,20,0.20066382
168,21,0.2047126599999999
168,22,0.21346747
168,23,0.2259871099999999
168,24,0.2068295999999999
168,25,0.2096364999999999
168,26,0.22207648
168,27,0.22575335
168,28,0.2226041999999999
168,29,0.2333345099999999
168,30,0.23261310999999982
168,31,0.24520874
168,32,0.2153806599999999
168,33,0.27784136999999975
168,34,0.32581828
168,35,0.2992854199999999
168,36,0.23297591999999992
168,37,0.23831627000000002
168,38,0.24602061999999977
168,39,0.33218247999999984
168,40,0.24313704
168,41,0.2445999999999999
168,42,0.24490854999999992
168,43,0.25
168,44,0.22007954
168,45,0.24289451999999992
168,46,0.2451141299999999
168,47,0.43494239999999973
168,48,0.23945493999999992
168,49,0.264011
168,50,0.3092165399999999
168,51,0.24120685
168,52,0.27522703999999976
168,53,0.23366486999999977
168,54,0.2272003299999998
168,55,0.2237735599999999
168,56,0.2216890299999997
168,57,0.2153160499999999
168,58,0.2081622199999999
168,59,0.25937082999999983
168,60,0.22873856
168,61,0.21228321
168,62,0.2054294799999998
168,63,0.2009079599999998
168,64,0.20811522
168,65,0.20285395
168,66,0.1965958899999998
168,67,0.19571927
168,68,0.20162061
168,69,0.1979341
168,70,0.1931068699999999
168,71,0.19081692
168,72,0.19297393
168,73,0.1923560299999999
168,74,0.1911870899999999
168,75,0.1899501399999999
168,76,0.19339399
168,77,0.1910731199999999
168,78,0.18857372
168,79,0.1878534099999999
168,80,0.1892893699999999
168,81,0.1885388
168,82,0.18822079
168,83,0.18681424
168,84,0.1889761399999999
168,85,0.18787845
168,86,0.18925
168,87,0.1872143999999999
168,88,0.1867912
168,89,0.18739174
168,90,0.1874587999999997
168,91,0.1859382799999999
168,92,0.18910902
168,93,0.18693763
168,94,0.1849689399999999
168,95,0.1815953899999999
169,0,0.1835069
169,1,0.1841758899999999
169,2,0.18283062
169,3,0.1815985699999999
169,4,0.18456714
169,5,0.18475374
169,6,0.18476264
169,7,0.18356134
169,8,0.18515354
169,9,0.1862912599999999
169,10,0.1858489299999999
169,11,0.18925
169,12,0.19002051
169,13,0.1915931
169,14,0.19488847
169,15,0.1950170499999998
169,16,0.19374449
169,17,0.19416
169,18,0.1962688
169,19,0.2035932899999999
169,20,0.1917173699999998
169,21,0.1943618799999999
169,22,0.1982725699999999
169,23,0.19922086
169,24,0.19463247
169,25,0.19573039
169,26,0.1972555099999999
169,27,0.20785112
169,28,0.1993411499999999
169,29,0.2068315199999998
169,30,0.2141578999999999
169,31,0.21827
169,32,0.1994227
169,33,0.2087991599999999
169,34,0.2243158599999999
169,35,0.3673988
169,36,0.2070137
169,37,0.2108696699999999
169,38,0.21058905
169,39,0.2110888
169,40,0.19676686
169,41,0.20549709
169,42,0.20909502
169,43,0.23240999999999992
169,44,0.20018433
169,45,0.20214415
169,46,0.2205623899999998
169,47,0.23500000000000001
169,48,0.2137513399999999
169,49,0.24910339
169,50,0.24561254000000002
169,51,0.24862787
169,52,0.2542502499999999
169,53,0.2175075699999999
169,54,0.2143378
169,55,0.21312667
169,56,0.21558348
169,57,0.21488427
169,58,0.20378508
169,59,0.2010257599999998
169,60,0.2125841399999999
169,61,0.21015314
169,62,0.2050299099999999
169,63,0.19776472
169,64,0.20483391
169,65,0.2020949699999999
169,66,0.19813342
169,67,0.1951027399999998
169,68,0.2039675799999999
169,69,0.1991190899999999
169,70,0.19950745
169,71,0.19189982
169,72,0.1934840099999999
169,73,0.1897758699999999
169,74,0.19877111
169,75,0.23306944
169,76,0.19373924
169,77,0.18931567
169,78,0.18878653
169,79,0.18725538
169,80,0.19502503
169,81,0.19135415
169,82,0.18925266
169,83,0.1873926
169,84,0.1877470799999999
169,85,0.18821769
169,86,0.18718091
169,87,0.1870658
169,88,0.18806111
169,89,0.1861278999999999
169,90,0.1857836999999998
169,91,0.1836542399999998
169,92,0.18635031
169,93,0.18412062
169,94,0.18123343
169,95,0.1762406199999999
170,0,0.18167692
170,1,0.1805677899999998
170,2,0.1719124999999999
170,3,0.17030063
170,4,0.17058239
170,5,0.18123906
170,6,0.1731284899999999
170,7,0.1732478199999998
170,8,0.17355736
170,9,0.1744504199999999
170,10,0.1744765999999999
170,11,0.1757422
170,12,0.1770912499999999
170,13,0.17771061
170,14,0.17917868
170,15,0.1829617899999999
170,16,0.1788078199999998
170,17,0.17986277
170,18,0.18013117
170,19,0.18723696
170,20,0.1854478799999999
170,21,0.18362029
170,22,0.1822090499999999
170,23,0.19224618
170,24,0.1828170399999999
170,25,0.18640064
170,26,0.1951921
170,27,0.19467463
170,28,0.1854689
170,29,0.18695934
170,30,0.19314934
170,31,0.20279713
170,32,0.18558633
170,33,0.18801536
170,34,0.19323614
170,35,0.1960499999999999
170,36,0.18998913
170,37,0.1897252799999998
170,38,0.19426625
170,39,0.1939487999999999
170,40,0.1902770299999999
170,41,0.1910827
170,42,0.19734221
170,43,0.2074410699999999
170,44,0.19056254
170,45,0.1940577699999999
170,46,0.20348422
170,47,0.21824816
170,48,0.20930589
170,49,0.2263612699999998
170,50,0.2149836199999999
170,51,0.21535087
170,52,0.21569127
170,53,0.2307888299999998
170,54,0.21034327
170,55,0.2074695899999999
170,56,0.2130326099999999
170,57,0.20441375
170,58,0.19836624
170,59,0.1963676099999998
170,60,0.2081432
170,61,0.1996854599999999
170,62,0.19547945
170,63,0.1933871
170,64,0.1950352099999999
170,65,0.19504938
170,66,0.19211495
170,67,0.1896851999999999
170,68,0.1970538999999999
170,69,0.22031778
170,70,0.1868869899999999
170,71,0.18548986
170,72,0.18913739
170,73,0.18850558
170,74,0.18658815
170,75,0.1861495799999999
170,76,0.1862476299999998
170,77,0.1861336799999999
170,78,0.18586679
170,79,0.18411502
170,80,0.18458433
170,81,0.1845277099999999
170,82,0.1821778299999999
170,83,0.18170985
170,84,0.1824296399999999
170,85,0.1844733699999998
170,86,0.1849186399999999
170,87,0.1851285299999999
170,88,0.1847493
170,89,0.18628352
170,90,0.1949927099999999
170,91,0.20056013
170,92,0.18732252
170,93,0.1877152
170,94,0.18530448
170,95,0.1851957599999999
171,0,0.1831461
171,1,0.18575573
171,2,0.1829182899999999
171,3,0.18061103
171,4,0.18349722
171,5,0.18485419
171,6,0.18342502
171,7,0.18490562
171,8,0.18283712
171,9,0.1828209599999999
171,10,0.1828856999999999
171,11,0.1827012399999999
171,12,0.1828963299999998
171,13,0.18604666
171,14,0.18526589
171,15,0.18349176
171,16,0.1862408499999999
171,17,0.1880492599999998
171,18,0.1866333899999999
171,19,0.18893746
171,20,0.18738365
171,21,0.18727301
171,22,0.1906219499999999
171,23,0.1947064999999999
171,24,0.1878552699999999
171,25,0.19350213
171,26,0.1952071499999998
171,27,0.2065145599999999
171,28,0.1911961
171,29,0.1908455799999999
171,30,0.2061667999999999
171,31,0.2114188599999999
171,32,0.19601926
171,33,0.1992538999999999
171,34,0.1992538999999999
171,35,0.1992538999999999
171,36,0.1992538999999999
171,37,0.20408607
171,38,0.2064425999999999
171,39,0.2064425999999999
171,40,0.2149243199999999
171,41,0.2149243199999999
171,42,0.2149243199999999
171,43,0.2149243199999999
171,44,0.2234399999999999
171,45,0.2098028999999999
171,46,0.2246904599999999
171,47,0.2246904599999999
171,48,0.2246904599999999
171,49,0.2188662099999999
171,50,0.2266787999999997
171,51,0.2293793199999998
171,52,0.24051219
171,53,0.23653540999999992
171,54,0.2244364599999998
171,55,0.21800007
171,56,0.2243024699999999
171,57,0.21644143
171,58,0.2101498299999999
171,59,0.2067324599999999
171,60,0.2130807999999999
171,61,0.2050797899999999
171,62,0.19597536
171,63,0.1931389899999999
171,64,0.20655626
171,65,0.20100452
171,66,0.19286706
171,67,0.1880785499999999
171,68,0.19469319
171,69,0.19308751
171,70,0.19007408
171,71,0.1890409499999999
171,72,0.1937341999999999
171,73,0.19430334
171,74,0.19050421
171,75,0.1889757799999999
171,76,0.1929999899999999
171,77,0.1932951299999999
171,78,0.18969354
171,79,0.1885743
171,80,0.18884202
171,81,0.18921835
171,82,0.18866167
171,83,0.18814901
171,84,0.1872657999999999
171,85,0.18787736
171,86,0.1886402499999999
171,87,0.18748839
171,88,0.18889706
171,89,0.19136184
171,90,0.19268541
171,91,0.19360248
171,92,0.1979155
171,93,0.19677053
171,94,0.1921519599999999
171,95,0.18945496
172,0,0.20155589
172,1,0.19164351
172,2,0.18826636
172,3,0.18681675
172,4,0.1888784299999999
172,5,0.18889393
172,6,0.1906150199999998
172,7,0.1866363899999999
172,8,0.18634103
172,9,0.1889384299999999
172,10,0.18842396
172,11,0.18897236
172,12,0.1901238099999999
172,13,0.18880504
172,14,0.19113989
172,15,0.18864696
172,16,0.1889436599999999
172,17,0.18982595
172,18,0.1910810599999998
172,19,0.1933832699999998
172,20,0.1887927399999999
172,21,0.1912511199999998
172,22,0.19205979
172,23,0.1919467399999999
172,24,0.18881759
172,25,0.1881095499999999
172,26,0.1868661
172,27,0.18954178
172,28,0.1895416899999999
172,29,0.18943257
172,30,0.1907135
172,31,0.19299067
172,32,0.192156
172,33,0.1928979799999998
172,34,0.1945858899999999
172,35,0.1998879
172,36,0.18815183
172,37,0.19233532
172,38,0.2068931799999999
172,39,0.2166012
172,40,0.1985607399999999
172,41,0.20353089
172,42,0.2084170199999999
172,43,0.2544399999999999
172,44,0.1968202199999999
172,45,0.20482287
172,46,0.2044387
172,47,0.2681373
172,48,0.19783499
172,49,0.20277921
172,50,0.2093487399999999
172,51,0.20606748
172,52,0.20305177
172,53,0.2034374099999999
172,54,0.20308576
172,55,0.1995537299999999
172,56,0.19762842
172,57,0.1902745499999999
172,58,0.1896097699999999
172,59,0.19495971
172,60,0.20757797
172,61,0.19796516
172,62,0.19344703
172,63,0.1894445899999998
172,64,0.20473869
172,65,0.19436063
172,66,0.1893479499999999
172,67,0.18857497
172,68,0.1938305099999999
172,69,0.19088357
172,70,0.1894541299999999
172,71,0.1895198499999999
172,72,0.1894910699999999
172,73,0.1894027999999999
172,74,0.1879476999999999
172,75,0.1867466599999999
172,76,0.1881027299999998
172,77,0.1889289799999998
172,78,0.18739139
172,79,0.1862714
172,80,0.1859853
172,81,0.18639285
172,82,0.1851381299999999
172,83,0.18410357
172,84,0.18497362
172,85,0.18657215
172,86,0.1864896299999999
172,87,0.18673844
172,88,0.1869543399999998
172,89,0.1885227899999999
172,90,0.1876339299999999
172,91,0.1892782399999999
172,92,0.19924144
172,93,0.1986497499999999
172,94,0.18966017
172,95,0.18926626
173,0,0.1963399999999999
173,1,0.18917625
173,2,0.1864080699999999
173,3,0.18554014
173,4,0.1876325699999999
173,5,0.18997484
173,6,0.1876122399999999
173,7,0.19011537
173,8,0.19052976
173,9,0.1883803899999999
173,10,0.18442389
173,11,0.1838648999999998
173,12,0.18419895
173,13,0.18364995
173,14,0.18519046
173,15,0.18363678
173,16,0.18819344
173,17,0.18836672
173,18,0.1876166199999999
173,19,0.18760582
173,20,0.1861418199999999
173,21,0.18771778
173,22,0.1895008199999999
173,23,0.1951883199999999
173,24,0.18972779
173,25,0.1945067
173,26,0.19464971
173,27,0.1959741299999998
173,28,0.19374205
173,29,0.1893986299999999
173,30,0.19431228
173,31,0.19519094
173,32,0.18764901
173,33,0.1914056499999999
173,34,0.1952190899999999
173,35,0.1955975
173,36,0.1971887999999998
173,37,0.19400783
173,38,0.1971887999999998
173,39,0.2001699999999999
173,40,0.1929899999999999
173,41,0.1919799999999999
173,42,0.1991211999999998
173,43,0.2083723999999999
173,44,0.1904785999999998
173,45,0.1959420399999999
173,46,0.2139396399999998
173,47,0.20988283
173,48,0.20425588
173,49,0.20555888
173,50,0.2071915399999999
173,51,0.2056262899999998
173,52,0.2124842999999999
173,53,0.2160165399999999
173,54,0.20841245
173,55,0.20280971
173,56,0.2270891299999999
173,57,0.22090744999999992
173,58,0.2111122799999999
173,59,0.1958264999999999
173,60,0.2126346999999999
173,61,0.2190437699999999
173,62,0.20030191
173,63,0.19171113
173,64,0.1950856299999999
173,65,0.1965268599999998
173,66,0.19183846
173,67,0.18738519
173,68,0.19348117
173,69,0.18876962
173,70,0.1905884399999998
173,71,0.1869778
173,72,0.1876475199999999
173,73,0.1868614799999998
173,74,0.18516306
173,75,0.1817325699999999
173,76,0.18586099
173,77,0.1856707999999998
173,78,0.1847368
173,79,0.18311342
173,80,0.18407916
173,81,0.1838774199999999
173,82,0.18317175
173,83,0.1832361799999999
173,84,0.1834645399999999
173,85,0.18411336
173,86,0.1845023999999999
173,87,0.1858041599999998
173,88,0.1859717099999999
173,89,0.1907312599999999
173,90,0.18987234
173,91,0.1882039
173,92,0.1892527199999999
173,93,0.1886526899999999
173,94,0.1866673999999999
173,95,0.18636847
174,0,0.18790333
174,1,0.1845053799999998
174,2,0.18451306
174,3,0.1736780299999999
174,4,0.18404678
174,5,0.1765881799999999
174,6,0.1745733599999999
174,7,0.17232379
174,8,0.1729755499999999
174,9,0.1722104399999998
174,10,0.17220129
174,11,0.17188838
174,12,0.1731995
174,13,0.1736972999999999
174,14,0.1738487999999998
174,15,0.1745808
174,16,0.1752562799999999
174,17,0.1760665599999999
174,18,0.1769652099999999
174,19,0.17717584
174,20,0.1777368799999999
174,21,0.18352255
174,22,0.1872785099999997
174,23,0.19323426
174,24,0.1848871299999999
174,25,0.19169579
174,26,0.19984538
174,27,0.2011849599999999
174,28,0.1812611999999999
174,29,0.1847649499999999
174,30,0.18822576
174,31,0.1927213499999999
174,32,0.18868699
174,33,0.20291335
174,34,0.19213671
174,35,0.1977619399999998
174,36,0.19461271
174,37,0.1980337199999998
174,38,0.19201094
174,39,0.1935333399999998
174,40,0.19632317
174,41,0.20111909
174,42,0.1881786099999998
174,43,0.1892861199999999
174,44,0.1984092499999999
174,45,0.2075762199999999
174,46,0.2014543899999999
174,47,0.2156849199999999
174,48,0.2077010799999999
174,49,0.2076198799999999
174,50,0.21792161
174,51,0.2036317599999999
174,52,0.2016855399999998
174,53,0.2014874799999998
174,54,0.2023208699999999
174,55,0.20178358
174,56,0.19686009
174,57,0.19423376
174,58,0.2024407
174,59,0.1923854999999999
174,60,0.18994574
174,61,0.18746251
174,62,0.19067762
174,63,0.1879573699999999
174,64,0.1876979899999999
174,65,0.18375616
174,66,0.1919027099999999
174,67,0.18653788
174,68,0.18614729
174,69,0.18443599
174,70,0.18787023
174,71,0.1878989999999999
174,72,0.18677667
174,73,0.18576254
174,74,0.18680594
174,75,0.18644069
174,76,0.1851973999999999
174,77,0.1837321099999999
174,78,0.1859028
174,79,0.1866122899999999
174,80,0.18641035
174,81,0.18629563
174,82,0.18578903
174,83,0.18596387
174,84,0.18619048
174,85,0.18644341
174,86,0.18617521
174,87,0.18652844
174,88,0.1864771699999998
174,89,0.1884855799999999
174,90,0.18952921
174,91,0.1878346699999999
174,92,0.18667783
174,93,0.18668882
174,94,0.1880706399999999
174,95,0.1866272699999999
175,0,0.1806872699999999
175,1,0.17223786
175,2,0.1863820099999999
175,3,0.18476364
175,4,0.17401369
175,5,0.1811326099999999
175,6,0.1782911499999998
175,7,0.18011921
175,8,0.1775854699999999
175,9,0.17895616
175,10,0.1801133699999999
175,11,0.18207339
175,12,0.1834408499999999
175,13,0.1862802699999998
175,14,0.1802985799999999
175,15,0.18536431
175,16,0.1823448599999998
175,17,0.18475012
175,18,0.18262822
175,19,0.18431013
175,20,0.1872975699999998
175,21,0.1895781799999999
175,22,0.1873220599999999
175,23,0.1885247599999999
175,24,0.19334213
175,25,0.1948200599999999
175,26,0.1856595699999998
175,27,0.1915816
175,28,0.2040673199999998
175,29,0.2116362899999999
175,30,0.1931037899999998
175,31,0.1968550099999998
175,32,0.2145905
175,33,0.21044272
175,34,0.19499375
175,35,0.2117074099999999
175,36,0.20583895
175,37,0.23370174000000002
175,38,0.19588687
175,39,0.19688791
175,40,0.2045115199999999
175,41,0.21549879
175,42,0.1953487999999999
175,43,0.2047891099999998
175,44,0.2117337199999999
175,45,0.22593189
175,46,0.20920808
175,47,0.2155531199999999
175,48,0.2274512399999998
175,49,0.23097602999999992
175,50,0.25485937999999975
175,51,0.25017835
175,52,0.2186732199999999
175,53,0.2109680899999998
175,54,0.2190778699999999
175,55,0.21304556
175,56,0.21021202
175,57,0.1993449199999999
175,58,0.2095650199999998
175,59,0.2038929
175,60,0.1900094699999999
175,61,0.18942639
175,62,0.20045015
175,63,0.19738458
175,64,0.1944122199999998
175,65,0.19240827
175,66,0.19648314
175,67,0.1991796499999999
175,68,0.2088102099999998
175,69,0.21675064
175,70,0.19042291
175,71,0.19033086
175,72,0.19287899
175,73,0.1858910899999999
175,74,0.18805289
175,75,0.18890921
175,76,0.18765574
175,77,0.18515669
175,78,0.1874920699999999
175,79,0.18805771
175,80,0.1872185499999999
175,81,0.18570665
175,82,0.18717757
175,83,0.18784628
175,84,0.1877519299999999
175,85,0.1868077
175,86,0.18776905
175,87,0.18855995
175,88,0.18758789
175,89,0.18692781
175,90,0.1868844
175,91,0.18452272
175,92,0.18219986
175,93,0.1819874199999999
175,94,0.1831942899999999
175,95,0.18135898
176,0,0.1675200299999999
176,1,0.16889162
176,2,0.1695614299999999
176,3,0.16872041
176,4,0.16893083
176,5,0.1695678399999998
176,6,0.1709984699999999
176,7,0.17135085
176,8,0.1721822
176,9,0.1736674299999999
176,10,0.1740440699999999
176,11,0.1766866799999999
176,12,0.17786053
176,13,0.1781905599999998
176,14,0.17885895
176,15,0.18086601
176,16,0.1809216
176,17,0.1810033699999998
176,18,0.17744616
176,19,0.18235165
176,20,0.1878362499999999
176,21,0.1881357599999999
176,22,0.18442187
176,23,0.1870162
176,24,0.18829878
176,25,0.19133853
176,26,0.18819937
176,27,0.19045721
176,28,0.19411348
176,29,0.2015185899999998
176,30,0.1937964699999999
176,31,0.19485089
176,32,0.1986553399999999
176,33,0.19963592
176,34,0.1987369199999999
176,35,0.20565904
176,36,0.2068286899999999
176,37,0.20642294
176,38,0.19634131
176,39,0.1996755699999998
176,40,0.20164535
176,41,0.22126865999999992
176,42,0.2018401699999999
176,43,0.20355617
176,44,0.2135757099999999
176,45,0.22382855
176,46,0.2213675299999999
176,47,0.2202937099999999
176,48,0.2439264299999999
176,49,0.23355827999999992
176,50,0.24351504999999982
176,51,0.23028996
176,52,0.2214041299999999
176,53,0.2188686
176,54,0.21585189
176,55,0.2144028999999999
176,56,0.2038884299999999
176,57,0.1963786599999999
176,58,0.2065793899999999
176,59,0.1997767899999999
176,60,0.19580319
176,61,0.2189115099999999
176,62,0.2077373199999999
176,63,0.19968963
176,64,0.19666729
176,65,0.19369672
176,66,0.1952660999999998
176,67,0.22375998
176,68,0.2098515199999999
176,69,0.2189635999999999
176,70,0.20293605
176,71,0.19647865
176,72,0.19748569
176,73,0.1874723499999999
176,74,0.1909860099999999
176,75,0.187393
176,76,0.18645698
176,77,0.18525312
176,78,0.18727784
176,79,0.18646772
176,80,0.1851942899999999
176,81,0.18504276
176,82,0.18462439
176,83,0.1851142299999999
176,84,0.1858174699999999
176,85,0.1848154399999998
176,86,0.1852144599999998
176,87,0.18503626
176,88,0.1843455099999999
176,89,0.18297791
176,90,0.1829212999999999
176,91,0.1827409999999999
176,92,0.17938999
176,93,0.1710237899999999
176,94,0.1847651
176,95,0.1807489699999999
177,0,0.17848
177,1,0.16994673
177,2,0.1791222999999999
177,3,0.18081138
177,4,0.17315028
177,5,0.17285711
177,6,0.1740648099999999
177,7,0.18216124
177,8,0.1823807899999999
177,9,0.1769092399999999
177,10,0.1758231999999999
177,11,0.17851714
177,12,0.18459227
177,13,0.18639749
177,14,0.18642289
177,15,0.18654445
177,16,0.1888831299999999
177,17,0.18791451
177,18,0.1850673899999999
177,19,0.18729064
177,20,0.1933775399999999
177,21,0.1916324899999999
177,22,0.1848241299999999
177,23,0.18856989
177,24,0.1937101899999999
177,25,0.1997775299999999
177,26,0.1909366299999998
177,27,0.19151859
177,28,0.1990869799999998
177,29,0.1950687999999999
177,30,0.22029576999999992
177,31,0.1955714699999998
177,32,0.20607902
177,33,0.2276922299999999
177,34,0.19954291
177,35,0.2062999999999999
177,36,0.2062999999999999
177,37,0.21182072
177,38,0.2102088
177,39,0.2373792099999998
177,40,0.24094182
177,41,0.23204
177,42,0.20619784
177,43,0.2075711999999999
177,44,0.2199299999999999
177,45,0.2255849799999999
177,46,0.23465797000000002
177,47,0.24882732999999987
177,48,0.26
177,49,0.2255454399999999
177,50,0.21834672
177,51,0.2169194099999999
177,52,0.21667361
177,53,0.2089259399999999
177,54,0.26876009
177,55,0.20843624
177,56,0.21823146
177,57,0.23646576
177,58,0.22079692999999992
177,59,0.2141653499999999
177,60,0.23648900999999992
177,61,0.23731350999999992
177,62,0.22517422
177,63,0.26296184
177,64,0.22546416
177,65,0.21573277
177,66,0.2325488099999999
177,67,0.2238392499999999
177,68,0.21830911
177,69,0.1905414
177,70,0.1967977699999999
177,71,0.1973880499999999
177,72,0.18880459
177,73,0.18745503
177,74,0.1961434499999998
177,75,0.1966166899999999
177,76,0.18681739
177,77,0.1872440499999999
177,78,0.18972518
177,79,0.19067098
177,80,0.18798773
177,81,0.18742689
177,82,0.18879857
177,83,0.18889833
177,84,0.18996958
177,85,0.18995451
177,86,0.18787924
177,87,0.18906228
177,88,0.1880987999999999
177,89,0.1901705299999999
177,90,0.1968640799999998
177,91,0.19658706
177,92,0.1901454
177,93,0.18832746
177,94,0.1901052299999999
177,95,0.1898239099999999
178,0,0.18687386
178,1,0.1848404499999999
178,2,0.1880637099999999
178,3,0.1878766699999998
178,4,0.1874762999999999
178,5,0.18552306
178,6,0.1874055499999999
178,7,0.18814385
178,8,0.1884023899999999
178,9,0.1872049
178,10,0.1868427099999998
178,11,0.18518619
178,12,0.1873372799999999
178,13,0.18869889
178,14,0.18699669
178,15,0.1885378199999999
178,16,0.19065645
178,17,0.19073056
178,18,0.1945028799999999
178,19,0.19972227
178,20,0.2021816499999999
178,21,0.2058075899999999
178,22,0.1972307199999999
178,23,0.20289682
178,24,0.2072590299999999
178,25,0.2171144699999999
178,26,0.20805
178,27,0.2130088
178,28,0.2196688
178,29,0.2225928899999999
178,30,0.2136031599999999
178,31,0.22138059000000002
178,32,0.22867297
178,33,0.23395247
178,34,0.21477
178,35,0.2350078299999999
178,36,0.21477
178,37,0.23973975
178,38,0.2126124399999999
178,39,0.24118750000000003
178,40,0.23981
178,41,0.24883889
178,42,0.2103246
178,43,0.2207464299999999
178,44,0.24004119999999982
178,45,0.2969746899999999
178,46,0.21986692
178,47,0.22110136
178,48,0.2213761699999999
178,49,0.22375083999999992
178,50,0.2231856099999999
178,51,0.22584463000000002
178,52,0.2213720499999999
178,53,0.22095599000000002
178,54,0.2391998199999998
178,55,0.2183619199999998
178,56,0.21897812
178,57,0.2098054499999999
178,58,0.21475748
178,59,0.2003093799999999
178,60,0.1966432899999999
178,61,0.1916204899999999
178,62,0.21280905
178,63,0.1977845299999999
178,64,0.1928911999999999
178,65,0.1874750299999999
178,66,0.1987982199999998
178,67,0.21619448
178,68,0.19930224
178,69,0.1854988
178,70,0.21399319
178,71,0.2038016999999999
178,72,0.1933504
178,73,0.21021044
178,74,0.1900344099999999
178,75,0.1902288
178,76,0.1897688
178,77,0.1893956799999999
178,78,0.1901319
178,79,0.1895826599999999
178,80,0.18862892
178,81,0.18783759
178,82,0.1894392
178,83,0.18996023
178,84,0.19053114
178,85,0.1906913199999998
178,86,0.1920530799999999
178,87,0.19296117
178,88,0.1929343
178,89,0.1954160199999999
178,90,0.1957866899999999
178,91,0.19560036
178,92,0.19544076
178,93,0.1929259299999999
178,94,0.19545766
178,95,0.1929401899999999
179,0,0.1901469399999999
179,1,0.18845098
179,2,0.1896422499999999
179,3,0.1899088
179,4,0.1897299999999999
179,5,0.1925018899999999
179,6,0.1906153
179,7,0.1913846599999999
179,8,0.1928508
179,9,0.1948646799999999
179,10,0.19455574
179,11,0.1917979499999999
179,12,0.1946113199999999
179,13,0.1927942699999999
179,14,0.19276592
179,15,0.19144155
179,16,0.19366146
179,17,0.19272807
179,18,0.1964898999999999
179,19,0.19746073
179,20,0.19997309
179,21,0.2047997299999999
179,22,0.19779283
179,23,0.2003438599999999
179,24,0.20395846
179,25,0.20447767
179,26,0.19783639
179,27,0.20111494
179,28,0.2113286299999998
179,29,0.2108058099999999
179,30,0.20376758
179,31,0.2070605499999999
179,32,0.21335915
179,33,0.21726013
179,34,0.20641793
179,35,0.2059083099999999
179,36,0.21767887
179,37,0.2218187499999997
179,38,0.21414632
179,39,0.21408822
179,40,0.2197761999999999
179,41,0.2575972799999998
179,42,0.2071581099999999
179,43,0.2212573999999999
179,44,0.22671147
179,45,0.28455363
179,46,0.23317107
179,47,0.22712378000000003
179,48,0.22738624
179,49,0.22617431000000002
179,50,0.2426055499999998
179,51,0.22688305
179,52,0.2207014099999998
179,53,0.22085004
179,54,0.25172852
179,55,0.22514245000000002
179,56,0.23235378999999992
179,57,0.2103670199999998
179,58,0.2167521999999999
179,59,0.2059639799999998
179,60,0.2018895
179,61,0.2050624999999999
179,62,0.2049903199999999
179,63,0.2007849099999999
179,64,0.195957
179,65,0.20299854
179,66,0.25106854
179,67,0.2056981699999999
179,68,0.1980277099999999
179,69,0.2041929499999999
179,70,0.1947562899999999
179,71,0.19322438
179,72,0.1916520899999998
179,73,0.19641867
179,74,0.19579494
179,75,0.19594417
179,76,0.1953841
179,77,0.1936693799999999
179,78,0.19379636
179,79,0.1934127
179,80,0.1953814499999999
179,81,0.1952539399999999
179,82,0.19499094
179,83,0.1943824799999998
179,84,0.19570705
179,85,0.1956305299999998
179,86,0.19617644
179,87,0.1961780699999999
179,88,0.1967432699999998
179,89,0.19760244
179,90,0.20382071
179,91,0.20125416
179,92,0.20062572
179,93,0.1975333499999998
179,94,0.1971603999999999
179,95,0.19352958
180,0,0.1924206199999999
180,1,0.19790559
180,2,0.1972712999999999
180,3,0.1970663699999999
180,4,0.1948695799999999
180,5,0.1960586199999999
180,6,0.19315244
180,7,0.1947263299999999
180,8,0.19473539
180,9,0.1933980099999999
180,10,0.1948525299999999
180,11,0.1974598599999999
180,12,0.1968599899999999
180,13,0.19453758
180,14,0.19532668
180,15,0.19733416
180,16,0.1986817399999999
180,17,0.19596351
180,18,0.1964825699999999
180,19,0.1976833399999999
180,20,0.1987169599999998
180,21,0.1938806299999998
180,22,0.1936091199999998
180,23,0.19540738
180,24,0.19570771
180,25,0.1944899999999998
180,26,0.19423308
180,27,0.19793254
180,28,0.1985737999999999
180,29,0.19337961
180,30,0.1933509099999999
180,31,0.1966961299999998
180,32,0.1973305
180,33,0.19740744
180,34,0.1975691199999999
180,35,0.19898377
180,36,0.1986182199999999
180,37,0.19800911
180,38,0.1987319
180,39,0.2021103199999999
180,40,0.2034153999999998
180,41,0.195689
180,42,0.19691496
180,43,0.2022197099999998
180,44,0.2117134
180,45,0.21440024
180,46,0.2229940499999998
180,47,0.2144577599999998
180,48,0.2139540899999999
180,49,0.21561185
180,50,0.2230507199999999
180,51,0.2136535699999999
180,52,0.20590097
180,53,0.2249959899999999
180,54,0.2124572499999999
180,55,0.2020867
180,56,0.1967155599999999
180,57,0.2033492999999999
180,58,0.20001638
180,59,0.2013652699999999
180,60,0.197452
180,61,0.19768088
180,62,0.19651633
180,63,0.19396356
180,64,0.19065316
180,65,0.2031842899999999
180,66,0.19230442
180,67,0.19138512
180,68,0.19006286
180,69,0.1905036499999998
180,70,0.1901720499999999
180,71,0.18877456
180,72,0.1884860599999999
180,73,0.19531681
180,74,0.1937782799999998
180,75,0.1919659199999999
180,76,0.18903392
180,77,0.18966828
180,78,0.189611
180,79,0.18904245
180,80,0.18879071
180,81,0.18935383
180,82,0.18977293
180,83,0.1902396999999999
180,84,0.1912198499999998
180,85,0.1950391699999999
180,86,0.1928391599999999
180,87,0.19410296
180,88,0.19325451
180,89,0.1947386299999999
180,90,0.1938259499999998
180,91,0.1897888999999999
180,92,0.18796107
180,93,0.1892992299999999
180,94,0.1873062199999999
180,95,0.1852579899999999
181,0,0.18174788
181,1,0.18390164
181,2,0.1851407199999999
181,3,0.18023883
181,4,0.17673727
181,5,0.17925842
181,6,0.17906951
181,7,0.1799119999999999
181,8,0.17843372
181,9,0.1803179399999999
181,10,0.18143728
181,11,0.1811915899999999
181,12,0.1818678199999999
181,13,0.18209997
181,14,0.1842818199999999
181,15,0.1869967899999998
181,16,0.18887856
181,17,0.18663524
181,18,0.18738909
181,19,0.18788214
181,20,0.18935764
181,21,0.18888101
181,22,0.19170122
181,23,0.1944808499999999
181,24,0.1953175699999998
181,25,0.19221754
181,26,0.1933575899999999
181,27,0.20268958
181,28,0.21957058
181,29,0.1931222499999999
181,30,0.1940105899999999
181,31,0.2077407399999999
181,32,0.20534818
181,33,0.1913235699999999
181,34,0.19407473
181,35,0.1949357899999998
181,36,0.1962016399999999
181,37,0.19402005
181,38,0.20342499
181,39,0.20477684
181,40,0.2125328199999999
181,41,0.1959303899999999
181,42,0.20241518
181,43,0.1984761
181,44,0.25079938
181,45,0.2171160399999999
181,46,0.22645533999999992
181,47,0.27076393
181,48,0.2191022299999999
181,49,0.2230817399999999
181,50,0.23372765999999992
181,51,0.22477023
181,52,0.2196585399999999
181,53,0.2595441799999999
181,54,0.22391397
181,55,0.2130848799999999
181,56,0.20430132
181,57,0.2147999899999998
181,58,0.2085114499999999
181,59,0.2015861799999999
181,60,0.2000275499999999
181,61,0.2055528399999999
181,62,0.2729802
181,63,0.1980407299999998
181,64,0.19404109
181,65,0.20045574
181,66,0.19110046
181,67,0.19194891
181,68,0.18761674
181,69,0.1907045699999999
181,70,0.18889707
181,71,0.18866061
181,72,0.1883540599999999
181,73,0.1895013499999999
181,74,0.18829606
181,75,0.18908369
181,76,0.18666277
181,77,0.18846946
181,78,0.18995525
181,79,0.1895910499999999
181,80,0.18770731
181,81,0.18776718
181,82,0.18716873
181,83,0.1877201799999999
181,84,0.18772579
181,85,0.18861234
181,86,0.1908123399999998
181,87,0.19194935
181,88,0.1915608099999998
181,89,0.19691187
181,90,0.19634588
181,91,0.19110277
181,92,0.18749068
181,93,0.1867426
181,94,0.1861109799999999
181,95,0.18497963
182,0,0.1835310299999999
182,1,0.18556635
182,2,0.1852472
182,3,0.18400183
182,4,0.1823068399999998
182,5,0.18396829
182,6,0.1824934599999998
182,7,0.1825566599999999
182,8,0.18313848
182,9,0.1839573699999999
182,10,0.18152458
182,11,0.18269577
182,12,0.1835849499999998
182,13,0.1828344999999999
182,14,0.18570915
182,15,0.18886365
182,16,0.19060859
182,17,0.1866420399999999
182,18,0.1887143799999999
182,19,0.1907835699999999
182,20,0.1921906599999999
182,21,0.18910293
182,22,0.18966758
182,23,0.20533214
182,24,0.2053708799999999
182,25,0.1895495499999999
182,26,0.1911829899999998
182,27,0.20433378
182,28,0.21749653
182,29,0.19580902
182,30,0.20259686
182,31,0.2185025799999999
182,32,0.2225688599999999
182,33,0.1987847099999999
182,34,0.1976567699999999
182,35,0.2036671399999998
182,36,0.2057992599999999
182,37,0.19895004
182,38,0.20001419
182,39,0.2069603099999999
182,40,0.2063613199999999
182,41,0.2012672999999999
182,42,0.2003576799999999
182,43,0.20897473
182,44,0.22586504
182,45,0.2164282599999999
182,46,0.20610282
182,47,0.2100776399999999
182,48,0.2125372499999999
182,49,0.2235924499999998
182,50,0.2199685199999999
182,51,0.2204498799999998
182,52,0.2091068799999998
182,53,0.2201475499999999
182,54,0.2142979299999998
182,55,0.2084195499999999
182,56,0.2015189799999999
182,57,0.2069925799999999
182,58,0.20139133
182,59,0.19885043
182,60,0.1917660199999999
182,61,0.2023226
182,62,0.19589919
182,63,0.2206154699999999
182,64,0.1956953099999999
182,65,0.19693705
182,66,0.1957554799999999
182,67,0.1896039
182,68,0.18639269
182,69,0.1892189999999999
182,70,0.1876864099999998
182,71,0.18649884
182,72,0.18541483
182,73,0.18748779
182,74,0.1876745199999999
182,75,0.1865638899999999
182,76,0.1847583199999999
182,77,0.1898118899999999
182,78,0.1906203999999998
182,79,0.1909050699999999
182,80,0.18990294
182,81,0.19080449
182,82,0.19081886
182,83,0.18875622
182,84,0.1878416199999999
182,85,0.18940168
182,86,0.18932888
182,87,0.19366205
182,88,0.1877344199999999
182,89,0.18916235
182,90,0.1859550399999999
182,91,0.1854465599999999
182,92,0.18199102
182,93,0.18521967
182,94,0.1844787899999999
182,95,0.1832218799999999
183,0,0.1822226499999999
183,1,0.18197485
183,2,0.1753766299999999
183,3,0.1748101199999999
183,4,0.1744269799999999
183,5,0.17915152
183,6,0.17893817
183,7,0.17979156
183,8,0.1808044699999998
183,9,0.18298015
183,10,0.1807111599999999
183,11,0.18308564
183,12,0.18301636
183,13,0.1833277499999999
183,14,0.18357386
183,15,0.1825878
183,16,0.18372665
183,17,0.17993836
183,18,0.18069193
183,19,0.18484705
183,20,0.1868247999999999
183,21,0.18416243
183,22,0.1848352899999999
183,23,0.18774425
183,24,0.1902740299999999
183,25,0.1845771199999999
183,26,0.18465334
183,27,0.18857527
183,28,0.1942237999999999
183,29,0.18687178
183,30,0.1906646599999999
183,31,0.1949828799999998
183,32,0.1946591
183,33,0.18773889
183,34,0.1938223899999999
183,35,0.19403169
183,36,0.19606884
183,37,0.1878879199999999
183,38,0.1880222
183,39,0.19728581
183,40,0.2065864399999999
183,41,0.18665905
183,42,0.18981056
183,43,0.19636979
183,44,0.2085714199999999
183,45,0.2072526999999999
183,46,0.21450311
183,47,0.22328852000000002
183,48,0.20102588
183,49,0.20551538
183,50,0.1992657099999999
183,51,0.19456457
183,52,0.1974585199999999
183,53,0.2052507599999999
183,54,0.20026083
183,55,0.1946102399999999
183,56,0.19113385
183,57,0.19728346
183,58,0.19424438
183,59,0.19365134
183,60,0.1871076199999999
183,61,0.19078572
183,62,0.18932332
183,63,0.1907804899999998
183,64,0.1872206099999999
183,65,0.1909567699999998
183,66,0.1871648099999999
183,67,0.18722518
183,68,0.1860353599999999
183,69,0.1865231199999999
183,70,0.1859764199999999
183,71,0.1845868499999998
183,72,0.1889283999999998
183,73,0.18712028
183,74,0.1853699699999999
183,75,0.1839594199999999
183,76,0.18631656
183,77,0.18429161
183,78,0.18307415
183,79,0.1839127299999998
183,80,0.18633695
183,81,0.1853013
183,82,0.1836865
183,83,0.1826479399999999
183,84,0.1849120199999999
183,85,0.1864703699999998
183,86,0.18501931
183,87,0.18466825
183,88,0.18519678
183,89,0.1831290299999998
183,90,0.17950178
183,91,0.1783476699999999
183,92,0.18256538
183,93,0.1711121
183,94,0.16966723
183,95,0.1643163799999999
184,0,0.1499939799999998
184,1,0.1499987999999999
184,2,0.16406004
184,3,0.1628962699999999
184,4,0.1630818299999999
184,5,0.1650957299999998
184,6,0.16650393
184,7,0.1675742399999999
184,8,0.16323337
184,9,0.1672470999999999
184,10,0.17035398
184,11,0.16906198
184,12,0.17068805
184,13,0.1722561999999998
184,14,0.1723901699999999
184,15,0.1741839099999998
184,16,0.1741752599999999
184,17,0.17625272
184,18,0.17459639
184,19,0.17446493
184,20,0.1748199099999999
184,21,0.17497363
184,22,0.1769697699999999
184,23,0.1783603999999999
184,24,0.1767751
184,25,0.17731702
184,26,0.18127672
184,27,0.1806786999999998
184,28,0.17924947
184,29,0.1809507099999999
184,30,0.1838633399999999
184,31,0.18436399
184,32,0.1721985699999999
184,33,0.1773248699999999
184,34,0.1843498099999999
184,35,0.1832842199999998
184,36,0.17673271
184,37,0.18164251
184,38,0.1832311399999999
184,39,0.1848548199999999
184,40,0.182394
184,41,0.1846783099999999
184,42,0.19114045
184,43,0.19480506
184,44,0.1818243599999999
184,45,0.18508027
184,46,0.1858693599999999
184,47,0.1849367799999999
184,48,0.18895091
184,49,0.18833723
184,50,0.18684823
184,51,0.18916855
184,52,0.18682471
184,53,0.1906911599999999
184,54,0.186223
184,55,0.1840736899999999
184,56,0.18429777
184,57,0.18333025
184,58,0.1826193499999999
184,59,0.18061549
184,60,0.18411141
184,61,0.18355804
184,62,0.18122266
184,63,0.1760425599999999
184,64,0.187272
184,65,0.1866556699999999
184,66,0.18588752
184,67,0.1836928399999998
184,68,0.1865069899999999
184,69,0.1863512
184,70,0.1864135499999999
184,71,0.1845188999999999
184,72,0.18530668
184,73,0.18545189
184,74,0.18438989
184,75,0.1843932199999998
184,76,0.1868405199999999
184,77,0.18634817
184,78,0.1852181399999999
184,79,0.18463223
184,80,0.18570772
184,81,0.18487022
184,82,0.1847998599999999
184,83,0.1844270699999999
184,84,0.1869197699999999
184,85,0.18690334
184,86,0.18702248
184,87,0.18700054
184,88,0.1879178499999998
184,89,0.18767101
184,90,0.1832844599999999
184,91,0.1772329
184,92,0.1862618899999999
184,93,0.1819835199999999
184,94,0.1712253199999999
184,95,0.1709688399999999
185,0,0.1703912
185,1,0.1733868199999998
185,2,0.1723492299999998
185,3,0.17252717
185,4,0.1719377799999999
185,5,0.1718651
185,6,0.17260741
185,7,0.1721449899999998
185,8,0.1725789
185,9,0.1727121499999999
185,10,0.1736845399999999
185,11,0.17346839
185,12,0.1733891699999999
185,13,0.1747732399999998
185,14,0.1751623
185,15,0.1760527999999999
185,16,0.1759479499999999
185,17,0.17843892
185,18,0.1791209599999999
185,19,0.18235751
185,20,0.1791597699999998
185,21,0.17998917
185,22,0.1847358699999998
185,23,0.1872197499999999
185,24,0.1813802199999999
185,25,0.18339868
185,26,0.1845484599999998
185,27,0.18978835
185,28,0.18180304
185,29,0.18285539
185,30,0.1845618799999999
185,31,0.19362342
185,32,0.1855256799999999
185,33,0.1859439999999998
185,34,0.18754391
185,35,0.19930486
185,36,0.1885427999999999
185,37,0.1905687999999999
185,38,0.1929987999999998
185,39,0.1937488
185,40,0.1924167699999999
185,41,0.19717887
185,42,0.19902334
185,43,0.23558505999999987
185,44,0.1997602299999999
185,45,0.22743769
185,46,0.23337802999999982
185,47,0.2030055899999999
185,48,0.2362453799999998
185,49,0.21866669
185,50,0.2059372199999999
185,51,0.2035702999999999
185,52,0.2134231499999999
185,53,0.2039289499999998
185,54,0.2009738999999999
185,55,0.20324681
185,56,0.21996158
185,57,0.2078765099999999
185,58,0.20565033
185,59,0.19299285
185,60,0.1967641799999999
185,61,0.19098534
185,62,0.18803222
185,63,0.18497267
185,64,0.18832286
185,65,0.19374194
185,66,0.18588082
185,67,0.1848107499999999
185,68,0.1860366199999999
185,69,0.18570048
185,70,0.18444575
185,71,0.1806533
185,72,0.1849068799999999
185,73,0.18491263
185,74,0.1854059299999998
185,75,0.1829021999999999
185,76,0.1837377099999999
185,77,0.18454459
185,78,0.1834665699999998
185,79,0.1830121299999999
185,80,0.18334111
185,81,0.18391008
185,82,0.1844652199999999
185,83,0.18303842
185,84,0.1845334299999999
185,85,0.18484698
185,86,0.18759825
185,87,0.1877901899999999
185,88,0.1955349299999999
185,89,0.19555888
185,90,0.18870339
185,91,0.18819492
185,92,0.18473
185,93,0.18445949
185,94,0.1830911999999999
185,95,0.1817311999999999
186,0,0.1848612499999999
186,1,0.18455019
186,2,0.18531282
186,3,0.18419262
186,4,0.1838127699999999
186,5,0.18270727
186,6,0.18119783
186,7,0.18257719
186,8,0.18301691
186,9,0.18303072
186,10,0.18613785
186,11,0.18468549
186,12,0.18501343
186,13,0.18461431
186,14,0.1845863999999999
186,15,0.1862368399999999
186,16,0.1847371199999999
186,17,0.18756604
186,18,0.1917966299999999
186,19,0.19427697
186,20,0.18434516
186,21,0.1859347199999998
186,22,0.1871418799999999
186,23,0.1899458799999999
186,24,0.18716869
186,25,0.19148959
186,26,0.19402221
186,27,0.20748511
186,28,0.1962507599999998
186,29,0.20328848
186,30,0.2068448399999999
186,31,0.22311878999999993
186,32,0.19707778
186,33,0.1992232099999999
186,34,0.2002882699999999
186,35,0.2129421799999999
186,36,0.1958155399999999
186,37,0.20196426
186,38,0.20272168
186,39,0.2382906299999998
186,40,0.2000699999999998
186,41,0.2027616999999999
186,42,0.21379429
186,43,0.25165179999999976
186,44,0.22219000000000003
186,45,0.2395796999999998
186,46,0.23928999999999992
186,47,0.2507554599999998
186,48,0.23579555
186,49,0.2261772599999999
186,50,0.2189011799999999
186,51,0.21259134
186,52,0.23607293
186,53,0.2130289799999999
186,54,0.2141620599999998
186,55,0.20039507
186,56,0.21159496
186,57,0.20206321
186,58,0.19487943
186,59,0.1925712799999999
186,60,0.2023799199999999
186,61,0.1947343699999999
186,62,0.19867958
186,63,0.1923298999999998
186,64,0.1943374699999999
186,65,0.1937648899999999
186,66,0.1931557499999999
186,67,0.1900651999999999
186,68,0.19343246
186,69,0.19434988
186,70,0.19289033
186,71,0.1904281399999999
186,72,0.19525573
186,73,0.19531867
186,74,0.19228683
186,75,0.19056844
186,76,0.1949986699999999
186,77,0.19362435
186,78,0.19160741
186,79,0.19061313
186,80,0.18933168
186,81,0.1899309299999998
186,82,0.1891839099999999
186,83,0.1901710699999998
186,84,0.18888311
186,85,0.19005694
186,86,0.19054131
186,87,0.1919269799999998
186,88,0.19169095
186,89,0.1888008299999999
186,90,0.18807725
186,91,0.18732463
186,92,0.1918410299999999
186,93,0.18741009
186,94,0.1867896599999998
186,95,0.18442629
187,0,0.1860072799999998
187,1,0.1834466
187,2,0.18675639
187,3,0.1820037399999998
187,4,0.18345749
187,5,0.1866574599999998
187,6,0.1866276399999999
187,7,0.18688669
187,8,0.1875230999999998
187,9,0.1867294599999999
187,10,0.18690449
187,11,0.18697766
187,12,0.1860647599999999
187,13,0.1865914
187,14,0.18688415
187,15,0.18940737
187,16,0.1877739199999999
187,17,0.18955359
187,18,0.19386274
187,19,0.1966221
187,20,0.1908023
187,21,0.1884740099999998
187,22,0.1899862899999999
187,23,0.1939529499999999
187,24,0.19196264
187,25,0.1948782799999999
187,26,0.1944060699999999
187,27,0.1953940799999998
187,28,0.18651343
187,29,0.19033824
187,30,0.19504625
187,31,0.1925396699999998
187,32,0.18790621
187,33,0.1894995899999999
187,34,0.19788711
187,35,0.20942728
187,36,0.19204366
187,37,0.19750354
187,38,0.19583511
187,39,0.20042426
187,40,0.1893210399999998
187,41,0.19587223
187,42,0.19978548
187,43,0.26967712
187,44,0.2027444099999999
187,45,0.2093881799999999
187,46,0.2107392599999999
187,47,0.2051121
187,48,0.21467318
187,49,0.2156259099999999
187,50,0.21545424
187,51,0.2015853199999999
187,52,0.22331907999999992
187,53,0.20852519
187,54,0.20228121
187,55,0.19437078
187,56,0.21640708
187,57,0.2053352099999998
187,58,0.1991640499999999
187,59,0.19403602
187,60,0.20085322
187,61,0.2007029399999998
187,62,0.19776472
187,63,0.1940983799999999
187,64,0.1955230599999999
187,65,0.20423662
187,66,0.2238099999999997
187,67,0.19660764
187,68,0.1972412
187,69,0.1958984099999999
187,70,0.19585726
187,71,0.19343026
187,72,0.1954583299999999
187,73,0.1998006499999998
187,74,0.1953956099999998
187,75,0.1940367999999999
187,76,0.19674898
187,77,0.1938295099999999
187,78,0.19287571
187,79,0.1921603399999999
187,80,0.1931194199999999
187,81,0.19380423
187,82,0.19390492
187,83,0.1922405199999998
187,84,0.19419292
187,85,0.1963878099999998
187,86,0.19828363
187,87,0.1973051499999999
187,88,0.19580023
187,89,0.19764347
187,90,0.19435284
187,91,0.19322343
187,92,0.1943443199999999
187,93,0.19162568
187,94,0.1898990299999998
187,95,0.1890270599999998
188,0,0.1903292399999999
188,1,0.19028058
188,2,0.19095853
188,3,0.19124642
188,4,0.1900820999999999
188,5,0.1901608599999999
188,6,0.1903318799999999
188,7,0.19108598
188,8,0.19130647
188,9,0.19256707
188,10,0.1937511999999999
188,11,0.2000011999999999
188,12,0.1971187999999999
188,13,0.2003995999999999
188,14,0.20168771
188,15,0.1970055799999999
188,16,0.2085940099999998
188,17,0.2151735699999999
188,18,0.1975100699999999
188,19,0.2099640999999999
188,20,0.2194436
188,21,0.23254495
188,22,0.2019004699999999
188,23,0.2170394
188,24,0.2215536499999999
188,25,0.2249742699999999
188,26,0.2033755099999999
188,27,0.2049440499999999
188,28,0.2247242499999997
188,29,0.2386289
188,30,0.2047857899999999
188,31,0.2127366999999999
188,32,0.2340481799999999
188,33,0.2748364799999998
188,34,0.22243960999999993
188,35,0.22386808
188,36,0.22288833
188,37,0.2392946299999998
188,38,0.21817472
188,39,0.22235292999999992
188,40,0.24393548
188,41,0.36561136999999966
188,42,0.47452386
188,43,0.5103775999999998
188,44,0.27661393999999984
188,45,0.26969226999999973
188,46,0.24094543999999982
188,47,0.23863291
188,48,0.2356889999999999
188,49,0.2395053099999999
188,50,0.22970043999999992
188,51,0.2240644299999999
188,52,0.21964883
188,53,0.2122171
188,54,0.22651126000000002
188,55,0.2148869799999999
188,56,0.21015283
188,57,0.20027355
188,58,0.21330906
188,59,0.2061149799999999
188,60,0.20803416
188,61,0.20106675
188,62,0.2196938899999999
188,63,0.2132803899999998
188,64,0.20452982
188,65,0.2013287299999999
188,66,0.2039350899999999
188,67,0.19972642
188,68,0.1994041
188,69,0.19838645
188,70,0.1988170699999999
188,71,0.1991497599999999
188,72,0.19770721
188,73,0.1964159799999999
188,74,0.19918397
188,75,0.19892911
188,76,0.1988865699999999
188,77,0.1972045
188,78,0.1990856899999999
188,79,0.19934208
188,80,0.1992739899999999
188,81,0.1991716699999999
188,82,0.22597883
188,83,0.20211556
188,84,0.20240027
188,85,0.2004311999999999
188,86,0.20003596
188,87,0.19996697
188,88,0.2002892799999999
188,89,0.1995914599999999
188,90,0.19991354
188,91,0.1961241699999999
188,92,0.19410711
188,93,0.19371725
188,94,0.1964671
188,95,0.1967874
189,0,0.1968987799999999
189,1,0.1985930699999999
189,2,0.19948142
189,3,0.19928956
189,4,0.2010826
189,5,0.20180166
189,6,0.2019150799999998
189,7,0.20387294
189,8,0.2026386299999999
189,9,0.20386228
189,10,0.21254968
189,11,0.22193937
189,12,0.22507679
189,13,0.2372642
189,14,0.2170941199999999
189,15,0.22963733
189,16,0.21933064
189,17,0.2307657199999998
189,18,0.24970604
189,19,0.26152657999999984
189,20,0.2272068699999998
189,21,0.2564499299999998
189,22,0.2748505099999998
189,23,0.3294790299999998
189,24,0.2727429
189,25,0.28544
189,26,0.35494327999999964
189,27,0.3411888399999998
189,28,0.27
189,29,0.46485582999999964
189,30,1.0907887
189,31,1.3296663000000002
189,32,1.0916085
189,33,1.13804266
189,34,1.15
189,35,1.1712000000000005
189,36,0.8660476
189,37,1.3498706
189,38,1.15
189,39,1.15
189,40,1.3357379
189,41,1.1500091
189,42,1.1682223999999999
189,43,1.2147173
189,44,1.1843014
189,45,1.1713014
189,46,1.6405259000000003
189,47,1.1700827
189,48,1.1760016
189,49,0.8719159
189,50,0.2848697199999999
189,51,0.2429697199999998
189,52,0.2650253499999998
189,53,0.23943640000000002
189,54,0.24906180000000003
189,55,0.24197775000000002
189,56,0.2496972399999999
189,57,0.2327044499999998
189,58,0.23085396
189,59,0.2223525399999999
189,60,0.2332788099999998
189,61,0.3440139999999998
189,62,0.30935007999999964
189,63,0.21023913
189,64,0.22837738
189,65,0.23513155
189,66,0.2097665999999998
189,67,0.20890614
189,68,0.2185304499999999
189,69,0.2161355099999999
189,70,0.2134348699999999
189,71,0.2154937599999999
189,72,0.23986611
189,73,0.21578597
189,74,0.23164036000000002
189,75,0.23421679999999992
189,76,0.20647432
189,77,0.21931856
189,78,0.22922725000000002
189,79,0.21749633
189,80,0.2383062299999998
189,81,0.24360706000000001
189,82,0.23155266
189,83,0.23423054000000001
189,84,0.23019293
189,85,0.23760509
189,86,0.2171458399999999
189,87,0.2107798799999999
189,88,0.2058930299999999
189,89,0.2095611399999999
189,90,0.20248501
189,91,0.20178192
189,92,0.2040497799999999
189,93,0.20869822
189,94,0.19753457
189,95,0.2033305399999999
190,0,0.2011028299999999
190,1,0.1995136299999998
190,2,0.2047991299999998
190,3,0.2095978399999999
190,4,0.22261306
190,5,0.22539029000000002
190,6,0.22340648
190,7,0.2206804799999997
190,8,0.21483153
190,9,0.2191089399999999
190,10,0.23051214
190,11,0.22528932999999982
190,12,0.2096482499999999
190,13,0.22453415000000002
190,14,0.2284238699999999
190,15,0.2461183999999997
190,16,0.23405574999999992
190,17,0.2236397799999997
190,18,0.23275017
190,19,0.24595581000000002
190,20,0.22570979
190,21,0.24311538000000002
190,22,0.25423834
190,23,0.26219514
190,24,0.21725249
190,25,0.22856637
190,26,0.23798209
190,27,0.24789999999999993
190,28,0.2191411999999999
190,29,0.23308120000000002
190,30,0.23500000000000001
190,31,0.23335800999999992
190,32,0.2518817099999999
190,33,0.26226549
190,34,0.25887543999999985
190,35,0.25250145
190,36,0.23057557999999992
190,37,0.25540876
190,38,0.25956
190,39,0.8366393
190,40,0.72369556
190,41,0.78138794
190,42,1.0184191
190,43,0.9362876
190,44,0.55987646
190,45,0.5422923599999999
190,46,0.9745299999999999
190,47,1.0867162
190,48,0.4197433199999999
190,49,0.3032484699999999
190,50,0.3265479299999998
190,51,0.27555752
190,52,0.32203132999999984
190,53,0.28773079
190,54,0.26858172
190,55,0.22580071
190,56,0.2813752099999999
190,57,0.25744615999999976
190,58,0.25343121
190,59,0.23579678
190,60,0.2147334799999999
190,61,0.26976440999999984
190,62,0.25666329
190,63,0.2157436599999999
190,64,0.22835228999999982
190,65,0.2171068099999999
190,66,0.21903212
190,67,0.2123081299999999
190,68,0.2197051599999999
190,69,0.21989138
190,70,0.2138916699999999
190,71,0.2076887999999999
190,72,0.2030430599999998
190,73,0.2151248999999999
190,74,0.20397281
190,75,0.2005173999999999
190,76,0.20394674
190,77,0.20510412
190,78,0.2022929699999999
190,79,0.20068012
190,80,0.2021970899999999
190,81,0.20359945
190,82,0.2042819899999998
190,83,0.2026731999999998
190,84,0.20660945
190,85,0.20566018
190,86,0.1962504099999999
190,87,0.19364501
190,88,0.1919338099999999
190,89,0.1864201899999999
190,90,0.17771639
190,91,0.1898822299999999
190,92,0.18787497
190,93,0.18655728
190,94,0.1878303299999999
190,95,0.1907498499999999
191,0,0.18321681
191,1,0.1827125299999999
191,2,0.18379565
191,3,0.18618535
191,4,0.18826681
191,5,0.1899022199999999
191,6,0.1897725299999999
191,7,0.18780913
191,8,0.1894560299999998
191,9,0.18942311
191,10,0.19830401
191,11,0.19432688
191,12,0.1901043899999999
191,13,0.1989144099999999
191,14,0.19747137
191,15,0.1998258299999999
191,16,0.1935516599999999
191,17,0.2002889
191,18,0.2067427599999998
191,19,0.20609617
191,20,0.1992128499999998
191,21,0.2037449699999998
191,22,0.21613912
191,23,0.20942574
191,24,0.2031118199999999
191,25,0.2083419299999999
191,26,0.2125246099999999
191,27,0.23554297
191,28,0.2063136099999999
191,29,0.2376207299999998
191,30,0.22789019000000002
191,31,0.2159712299999999
191,32,0.2080945099999999
191,33,0.21008722
191,34,0.2148739399999999
191,35,0.23156000000000002
191,36,0.21302084
191,37,0.21713247
191,38,0.2305608299999999
191,39,0.25011724999999985
191,40,0.33509173999999964
191,41,0.2448967
191,42,0.24464951999999981
191,43,0.24563253999999993
191,44,0.2536967
191,45,0.23145622000000002
191,46,0.2309845
191,47,0.2265767
191,48,0.2403721599999998
191,49,0.22756518
191,50,0.2275851999999999
191,51,0.2145956399999999
191,52,0.24446560999999992
191,53,0.23274058
191,54,0.2232919099999999
191,55,0.23078157000000002
191,56,0.23027267999999992
191,57,0.2210031499999999
191,58,0.2251854199999999
191,59,0.22132854
191,60,0.2179912
191,61,0.21147358
191,62,0.2116145999999999
191,63,0.20171331
191,64,0.21050542
191,65,0.2103614999999999
191,66,0.2060839099999999
191,67,0.20184245
191,68,0.21740909
191,69,0.21129309
191,70,0.2148062499999999
191,71,0.2133426899999999
191,72,0.2117245399999998
191,73,0.20491992
191,74,0.20654972
191,75,0.20331868
191,76,0.2075271799999999
191,77,0.2034009799999997
191,78,0.2025486999999998
191,79,0.2075305399999999
191,80,0.2099220899999999
191,81,0.2140029699999999
191,82,0.21488414
191,83,0.2160943099999999
191,84,0.2132402599999998
191,85,0.21987252
191,86,0.2091706799999998
191,87,0.2105298199999999
191,88,0.21174324
191,89,0.20262373
191,90,0.1945531199999998
191,91,0.19527031
191,92,0.2017141
191,93,0.2010065899999999
191,94,0.1959824599999998
191,95,0.1953751799999999
192,0,0.1998511399999999
192,1,0.2040272
192,2,0.19824123
192,3,0.19923805
192,4,0.19470793
192,5,0.1979619499999998
192,6,0.19986296
192,7,0.20390771
192,8,0.1970251599999999
192,9,0.19977807
192,10,0.2007125
192,11,0.2044645699999999
192,12,0.19986665
192,13,0.20562222
192,14,0.20576501
192,15,0.2105421599999999
192,16,0.20821361
192,17,0.20983563
192,18,0.2083291199999999
192,19,0.2084281399999999
192,20,0.20727679
192,21,0.2092843599999999
192,22,0.22064515999999992
192,23,0.22297839
192,24,0.2104643799999999
192,25,0.22348959
192,26,0.22336052999999992
192,27,0.23380438
192,28,0.2131842
192,29,0.21226234
192,30,0.22186062999999992
192,31,0.21006633
192,32,0.20666403
192,33,0.2189388
192,34,0.2249987999999998
192,35,0.2249987999999998
192,36,0.22638019
192,37,0.23594697
192,38,0.22963953
192,39,0.26575992999999976
192,40,0.23100813
192,41,0.2306413199999999
192,42,0.22988328
192,43,0.23193125
192,44,0.23440652999999992
192,45,0.23611502999999992
192,46,0.22988013999999993
192,47,0.2245870199999999
192,48,0.24291557
192,49,0.22876092
192,50,0.22220946
192,51,0.21264174
192,52,0.23042281
192,53,0.22692934
192,54,0.22145838999999992
192,55,0.2307204399999999
192,56,0.22589514000000002
192,57,0.22683477
192,58,0.2156391499999999
192,59,0.2190190799999999
192,60,0.22752990999999992
192,61,0.21749079
192,62,0.20840118
192,63,0.3201313199999998
192,64,0.25527893
192,65,0.22587059
192,66,0.22336113
192,67,0.2217810499999999
192,68,0.2269177099999999
192,69,0.23581251
192,70,0.2295955199999998
192,71,0.22305002999999993
192,72,0.2353530899999999
192,73,0.2227291599999999
192,74,0.21860499
192,75,0.22729355999999992
192,76,0.22739219000000002
192,77,0.22941512
192,78,0.2311025599999997
192,79,0.22354369
192,80,0.22350296
192,81,0.22636704
192,82,0.22168453000000002
192,83,0.22830999
192,84,0.22639110999999992
192,85,0.2215134999999999
192,86,0.2172557299999999
192,87,0.2181116599999999
192,88,0.238384
192,89,0.2258938899999999
192,90,0.2239148899999999
192,91,0.22020281
192,92,0.23342776
192,93,0.2293416499999998
192,94,0.22247386
192,95,0.2227834799999999
193,0,0.22206287
193,1,0.2216259699999998
193,2,0.21744396
193,3,0.20615534
193,4,0.2200029999999998
193,5,0.2179746199999999
193,6,0.2175291399999999
193,7,0.2171898099999999
193,8,0.2181494399999999
193,9,0.2083858099999999
193,10,0.21022346
193,11,0.21291579
193,12,0.21468942
193,13,0.2152417099999999
193,14,0.21568467
193,15,0.2159989499999998
193,16,0.2235562599999998
193,17,0.2248140399999999
193,18,0.22361071000000002
193,19,0.2184311799999999
193,20,0.2185033499999998
193,21,0.2012567999999999
193,22,0.21175037
193,23,0.2147843199999999
193,24,0.21317634
193,25,0.2167398199999999
193,26,0.22639171
193,27,0.2248159599999999
193,28,0.2106139299999999
193,29,0.22312146000000002
193,30,0.22058154999999982
193,31,0.2189957099999999
193,32,0.1953828699999999
193,33,0.20789601
193,34,0.2339597099999999
193,35,0.22191180000000002
193,36,0.2144050599999999
193,37,0.2124394799999999
193,38,0.22643137
193,39,0.26481602999999976
193,40,0.21935226
193,41,0.23020486999999992
193,42,0.22146271999999992
193,43,0.21868788
193,44,0.2085081299999999
193,45,0.21599261
193,46,0.2079219699999999
193,47,0.21206358
193,48,0.2231014999999997
193,49,0.2199305899999999
193,50,0.21935795
193,51,0.25886595
193,52,0.21115318
193,53,0.2197423299999998
193,54,0.22558669
193,55,0.20495666
193,56,0.2106722499999999
193,57,0.21206323
193,58,0.20547477
193,59,0.20054805
193,60,0.20581032
193,61,0.2053266
193,62,0.2049860799999999
193,63,0.1974112999999999
193,64,0.20393717
193,65,0.20055359
193,66,0.20058905
193,67,0.19884798
193,68,0.19941574
193,69,0.19753391
193,70,0.1997284999999999
193,71,0.1963993299999999
193,72,0.19893773
193,73,0.1980029899999999
193,74,0.19884188
193,75,0.1973237699999999
193,76,0.19929845
193,77,0.1991170899999998
193,78,0.1982486799999999
193,79,0.19902405
193,80,0.1992345499999999
193,81,0.19988076
193,82,0.2007513199999999
193,83,0.2000415299999999
193,84,0.20050391
193,85,0.20055867
193,86,0.1999980799999999
193,87,0.19769071
193,88,0.19765973
193,89,0.1962358099999999
193,90,0.19311996
193,91,0.1912244
193,92,0.1950631099999999
193,93,0.19424017
193,94,0.19195207
193,95,0.19095431
194,0,0.1930136399999999
194,1,0.1934358
194,2,0.19311532
194,3,0.1913089
194,4,0.1913190399999998
194,5,0.19119954
194,6,0.1909855399999999
194,7,0.1899109
194,8,0.18873154
194,9,0.19153225
194,10,0.1926239099999999
194,11,0.19298613
194,12,0.1929048999999999
194,13,0.19475813
194,14,0.19536657
194,15,0.1967302899999999
194,16,0.19732881
194,17,0.19827095
194,18,0.20072446
194,19,0.2000019999999999
194,20,0.19995761
194,21,0.20327216
194,22,0.2048500699999999
194,23,0.2095505199999998
194,24,0.2029745899999999
194,25,0.20339841
194,26,0.2071266
194,27,0.21291695
194,28,0.20387272
194,29,0.2040164899999999
194,30,0.20838425
194,31,0.2221800099999999
194,32,0.20184248
194,33,0.2051154899999999
194,34,0.2147286699999999
194,35,0.2170537799999999
194,36,0.20750362
194,37,0.2171200999999999
194,38,0.23354575000000002
194,39,0.33639779999999964
194,40,0.21754398
194,41,0.2245648099999998
194,42,0.22568123999999992
194,43,0.22525113
194,44,0.22409901000000002
194,45,0.22148872
194,46,0.22488538
194,47,0.2197091
194,48,0.24856921
194,49,0.2290259599999999
194,50,0.2149188299999999
194,51,0.2103885999999999
194,52,0.23497176
194,53,0.23251225
194,54,0.22376813999999992
194,55,0.2027702999999999
194,56,0.22670755
194,57,0.21127759
194,58,0.20422592
194,59,0.2103364199999998
194,60,0.21440035
194,61,0.20409335
194,62,0.2003628
194,63,0.1942124699999998
194,64,0.20425261
194,65,0.2066772899999999
194,66,0.2036316899999999
194,67,0.20094151
194,68,0.2137315699999999
194,69,0.20939616
194,70,0.20885837
194,71,0.20379801
194,72,0.20310935
194,73,0.20028352
194,74,0.20253746
194,75,0.2043013
194,76,0.2021477599999999
194,77,0.2033542499999999
194,78,0.20175929
194,79,0.20367984
194,80,0.2091648599999999
194,81,0.2172104299999999
194,82,0.20961712
194,83,0.21168661
194,84,0.2217657599999999
194,85,0.2253917799999999
194,86,0.2137193499999999
194,87,0.2034346699999999
194,88,0.20987692
194,89,0.1966006299999999
194,90,0.19228291
194,91,0.1912300299999999
194,92,0.1911791399999998
194,93,0.19028437
194,94,0.1900524499999999
194,95,0.1906879499999999
195,0,0.1934796899999999
195,1,0.19228963
195,2,0.19203691
195,3,0.19165912
195,4,0.1905721999999998
195,5,0.1897702799999999
195,6,0.1904855
195,7,0.19291486
195,8,0.1918735099999998
195,9,0.1919019099999999
195,10,0.19284141
195,11,0.19283661
195,12,0.1920905299999999
195,13,0.1921917199999999
195,14,0.19193867
195,15,0.19469556
195,16,0.1892782999999999
195,17,0.19096631
195,18,0.19189511
195,19,0.2059144899999999
195,20,0.19026384
195,21,0.1904129799999998
195,22,0.19193711
195,23,0.1935959
195,24,0.19105885
195,25,0.19180196
195,26,0.19351377
195,27,0.20095068
195,28,0.1918837099999999
195,29,0.19292401
195,30,0.1964556899999999
195,31,0.2152882199999999
195,32,0.19218181
195,33,0.19449141
195,34,0.2002168799999999
195,35,0.20568687
195,36,0.19169105
195,37,0.19774117
195,38,0.2144329999999999
195,39,0.23752523
195,40,0.20862306
195,41,0.2134884799999999
195,42,0.21424874
195,43,0.2110448299999998
195,44,0.2155397899999999
195,45,0.2186683599999999
195,46,0.2137911699999999
195,47,0.20958928
195,48,0.21533526
195,49,0.21135761
195,50,0.2069003099999999
195,51,0.20113101
195,52,0.2101093799999999
195,53,0.20412342
195,54,0.2000550999999999
195,55,0.19400986
195,56,0.2099838
195,57,0.19741036
195,58,0.2000335899999999
195,59,0.19204037
195,60,0.2144047599999999
195,61,0.19709445
195,62,0.1976290299999999
195,63,0.19346942
195,64,0.1943439299999998
195,65,0.1931449199999998
195,66,0.19026192
195,67,0.1896007999999999
195,68,0.1966061399999999
195,69,0.19143643
195,70,0.1895594499999999
195,71,0.1918328399999999
195,72,0.1889262099999999
195,73,0.18945667
195,74,0.1891839099999999
195,75,0.1884553299999999
195,76,0.18906599
195,77,0.18964817
195,78,0.1903066099999999
195,79,0.19083357
195,80,0.1895669899999999
195,81,0.19097187
195,82,0.1926983899999998
195,83,0.19246547
195,84,0.1937400199999999
195,85,0.19497138
195,86,0.19455529
195,87,0.18965874
195,88,0.1950767099999999
195,89,0.1912038399999999
195,90,0.18787446
195,91,0.18720575
195,92,0.18706851
195,93,0.1857337099999998
195,94,0.1842660499999999
195,95,0.17550166
196,0,0.1865424199999999
196,1,0.1870396799999999
196,2,0.1868533699999999
196,3,0.18647885
196,4,0.18835925
196,5,0.1884957899999998
196,6,0.18924063
196,7,0.18827341
196,8,0.18801315
196,9,0.18871891
196,10,0.1895827699999999
196,11,0.1888644999999999
196,12,0.18969845
196,13,0.1902749799999999
196,14,0.19230872
196,15,0.19211851
196,16,0.1907163
196,17,0.19387339
196,18,0.19398315
196,19,0.19586461
196,20,0.1933160499999999
196,21,0.1948278999999999
196,22,0.19919833
196,23,0.22428255
196,24,0.19359788
196,25,0.19321386
196,26,0.1971064999999999
196,27,0.20504914
196,28,0.20318248
196,29,0.22574245
196,30,0.2078891699999999
196,31,0.23083921
196,32,0.19732558
196,33,0.20113313
196,34,0.20642099
196,35,0.20954128
196,36,0.20528267
196,37,0.2087634599999999
196,38,0.2119908399999999
196,39,0.22767708
196,40,0.2169460399999999
196,41,0.2174808999999999
196,42,0.22246607999999993
196,43,0.2123359899999999
196,44,0.2165010399999999
196,45,0.2165015199999999
196,46,0.2105232299999999
196,47,0.20857402
196,48,0.21783448
196,49,0.2030281099999999
196,50,0.20354479
196,51,0.2045100199999999
196,52,0.21347653
196,53,0.21074842
196,54,0.2024621199999999
196,55,0.1994406699999999
196,56,0.2063600699999999
196,57,0.20291419
196,58,0.20776571
196,59,0.19696855
196,60,0.19630738
196,61,0.19201671
196,62,0.19057636
196,63,0.1874008899999999
196,64,0.19214293
196,65,0.19333527
196,66,0.1920298799999999
196,67,0.19078633
196,68,0.19382662
196,69,0.19241929
196,70,0.19241914
196,71,0.19020383
196,72,0.1915238199999999
196,73,0.19241225
196,74,0.1920661899999998
196,75,0.1906080699999999
196,76,0.1920114
196,77,0.1920154899999999
196,78,0.1924252099999999
196,79,0.19229996
196,80,0.1970486099999999
196,81,0.19329267
196,82,0.19472258
196,83,0.19499948
196,84,0.19610864
196,85,0.19543499
196,86,0.1914787
196,87,0.1867300999999999
196,88,0.1923355999999999
196,89,0.1888046399999999
196,90,0.18897458
196,91,0.1877291499999999
196,92,0.1876549499999999
196,93,0.18781266
196,94,0.18830317
196,95,0.18662649
197,0,0.19025818
197,1,0.18985264
197,2,0.18979292
197,3,0.18976847
197,4,0.1907087999999999
197,5,0.1901115099999999
197,6,0.19018
197,7,0.19096594
197,8,0.19361321
197,9,0.1945552399999999
197,10,0.19453
197,11,0.19821331
197,12,0.1926724999999998
197,13,0.1950646899999999
197,14,0.2022805399999999
197,15,0.2043963899999999
197,16,0.19417984
197,17,0.1967131099999998
197,18,0.1999988
197,19,0.20924118
197,20,0.1925189
197,21,0.1943745699999998
197,22,0.19939784
197,23,0.2090198999999999
197,24,0.19574653
197,25,0.1987894899999999
197,26,0.2050399399999999
197,27,0.21706709
197,28,0.20282914
197,29,0.2061051099999999
197,30,0.2140846699999999
197,31,0.22382635999999992
197,32,0.1992517899999999
197,33,0.2101025299999999
197,34,0.21694748
197,35,0.2448787399999999
197,36,0.2019741099999999
197,37,0.2041527699999999
197,38,0.2160124
197,39,0.24616279
197,40,0.2595997299999999
197,41,0.26552942999999984
197,42,0.2312874
197,43,0.2247202899999999
197,44,0.22021325
197,45,0.23953873
197,46,0.2125232699999998
197,47,0.2080008199999999
197,48,0.23508292
197,49,0.21701093
197,50,0.21204635
197,51,0.2077507999999999
197,52,0.2207582599999999
197,53,0.21023523
197,54,0.2050840099999999
197,55,0.20292691
197,56,0.2112385699999999
197,57,0.20422703
197,58,0.2009546499999999
197,59,0.19622796
197,60,0.20246152
197,61,0.2114732899999999
197,62,0.19939404
197,63,0.1958564299999998
197,64,0.20093885
197,65,0.1966393399999998
197,66,0.1923272099999999
197,67,0.1915072399999999
197,68,0.19879915
197,69,0.1967726199999999
197,70,0.19284921
197,71,0.19106965
197,72,0.1938837699999999
197,73,0.1963982999999998
197,74,0.19136648
197,75,0.19128322
197,76,0.19441128
197,77,0.19457443
197,78,0.1946501
197,79,0.1923274499999999
197,80,0.1956474299999999
197,81,0.19244234
197,82,0.1984444999999999
197,83,0.1965260399999999
197,84,0.1962102599999998
197,85,0.1957983999999999
197,86,0.1926226699999998
197,87,0.1875576599999999
197,88,0.1922795099999999
197,89,0.19075313
197,90,0.18867598
197,91,0.1878782999999998
197,92,0.1892593
197,93,0.1885838899999999
197,94,0.1881065799999999
197,95,0.1875334399999999
198,0,0.190269
198,1,0.19247682
198,2,0.19252241
198,3,0.19175
198,4,0.1925960099999999
198,5,0.19325926
198,6,0.19470937
198,7,0.20014318
198,8,0.19374952
198,9,0.19400841
198,10,0.19881398
198,11,0.2018409599999999
198,12,0.19596379
198,13,0.19589201
198,14,0.1991398199999999
198,15,0.20088906
198,16,0.19619118
198,17,0.1982648699999999
198,18,0.20110903
198,19,0.2106823699999999
198,20,0.20237135
198,21,0.2072319899999999
198,22,0.2238828199999999
198,23,0.21718542
198,24,0.2147752999999999
198,25,0.2162302799999998
198,26,0.23096373
198,27,0.23310601
198,28,0.21745482
198,29,0.2276821499999999
198,30,0.23696230999999993
198,31,0.2581032999999999
198,32,0.22984237999999987
198,33,0.23523308
198,34,0.23072491999999992
198,35,0.2612408199999998
198,36,0.2286774699999999
198,37,0.22970566
198,38,0.2306934399999999
198,39,0.23421055999999982
198,40,0.24505698
198,41,0.25095555999999974
198,42,0.23406292999999992
198,43,0.22992336
198,44,0.24215677
198,45,0.2428488
198,46,0.22906878
198,47,0.22856811000000002
198,48,0.2293916799999999
198,49,0.23429380000000002
198,50,0.22109125999999993
198,51,0.20746834
198,52,0.23255772
198,53,0.2231816599999998
198,54,0.20982304
198,55,0.2011141799999999
198,56,0.213719
198,57,0.2079441
198,58,0.2069990099999999
198,59,0.2012560799999999
198,60,0.2210812899999998
198,61,0.20989775
198,62,0.20528453
198,63,0.1980335299999999
198,64,0.22144530999999992
198,65,0.2136608599999999
198,66,0.20423024
198,67,0.1990318499999999
198,68,0.19923825
198,69,0.19903242
198,70,0.19860004
198,71,0.19602635
198,72,0.19696027
198,73,0.19727903
198,74,0.19508341
198,75,0.1940353
198,76,0.20185614
198,77,0.1988065299999999
198,78,0.19698757
198,79,0.19757338
198,80,0.1992669299999999
198,81,0.20362939
198,82,0.22176151000000002
198,83,0.2158605999999999
198,84,0.203347
198,85,0.2046516499999999
198,86,0.20456788
198,87,0.20100035
198,88,0.20154201
198,89,0.2000378899999998
198,90,0.19425873
198,91,0.19451641
198,92,0.215324
198,93,0.20299775
198,94,0.19636686
198,95,0.2026931099999999
199,0,0.1995728499999998
199,1,0.19480835
199,2,0.1954853999999999
199,3,0.19899184
199,4,0.1949296599999999
199,5,0.1963365299999999
199,6,0.1974785599999998
199,7,0.2004656
199,8,0.1959252899999999
199,9,0.2086163499999999
199,10,0.20961432
199,11,0.20977266
199,12,0.2029528099999999
199,13,0.2068542699999999
199,14,0.2115199999999999
199,15,0.2230400599999999
199,16,0.21201978
199,17,0.21477405
199,18,0.2216461599999999
199,19,0.22318032000000002
199,20,0.2214476
199,21,0.2288287099999999
199,22,0.23668983000000002
199,23,0.2654636499999997
199,24,0.2223086
199,25,0.2308519099999999
199,26,0.2519883399999999
199,27,0.25545571
199,28,0.2251712
199,29,0.22000119999999992
199,30,0.2272988
199,31,0.2200299999999998
199,32,0.21397559
199,33,0.2150669899999999
199,34,0.21920577
199,35,0.22187516
199,36,0.2143976
199,37,0.2195031899999999
199,38,0.2344052799999999
199,39,0.23711941
199,40,0.23467909
199,41,0.2345916099999998
199,42,0.2291738999999999
199,43,0.2233343999999999
199,44,0.2244386899999998
199,45,0.2219385099999999
199,46,0.22060928
199,47,0.21820272
199,48,0.23067798999999992
199,49,0.2221591399999999
199,50,0.2161379
199,51,0.20638188
199,52,0.21864671
199,53,0.2141746199999999
199,54,0.20336835
199,55,0.19438753
199,56,0.20289252
199,57,0.2017800099999999
199,58,0.2056441899999999
199,59,0.2009681999999999
199,60,0.1959700599999999
199,61,0.1955588899999999
199,62,0.20533779
199,63,0.20075478
199,64,0.19751992
199,65,0.1947807799999999
199,66,0.20809358
199,67,0.20424736
199,68,0.2019552799999999
199,69,0.20021527
199,70,0.2020257
199,71,0.19790462
199,72,0.19633897
199,73,0.19650029
199,74,0.19738226
199,75,0.19803834
199,76,0.19834425
199,77,0.1994504
199,78,0.2032400899999999
199,79,0.2056434399999999
199,80,0.2070011999999998
199,81,0.20521222
199,82,0.20971092
199,83,0.2140115399999999
199,84,0.20636253
199,85,0.2009539699999999
199,86,0.20247898
199,87,0.2026382099999999
199,88,0.19715568
199,89,0.1957037399999999
199,90,0.1981001099999998
199,91,0.19565093
199,92,0.19614621
199,93,0.19436606
199,94,0.1953196499999999
199,95,0.1953416699999999
200,0,0.19655023
200,1,0.19814972
200,2,0.1944804199999999
200,3,0.1951290799999999
200,4,0.19854291
200,5,0.19624258
200,6,0.1935614999999998
200,7,0.1949952499999999
200,8,0.1965596099999999
200,9,0.20009197
200,10,0.19721012
200,11,0.19866962
200,12,0.2048319799999998
200,13,0.2071499899999999
200,14,0.20276343
200,15,0.20466314
200,16,0.2192868499999999
200,17,0.2110940399999999
200,18,0.19754389
200,19,0.1997087799999999
200,20,0.2130312399999999
200,21,0.2189493099999999
200,22,0.20094293
200,23,0.2050703099999999
200,24,0.2094581599999999
200,25,0.2108155699999999
200,26,0.19593623
200,27,0.2090263799999999
200,28,0.21899649
200,29,0.2299452199999998
200,30,0.2151085099999999
200,31,0.21422748
200,32,0.23163289
200,33,0.23307243000000002
200,34,0.21960995
200,35,0.23358231999999993
200,36,0.23727552999999987
200,37,0.24677306000000002
200,38,0.2267829099999998
200,39,0.22675208
200,40,0.2319552799999999
200,41,0.22552077
200,42,0.22525467000000002
200,43,0.2271578
200,44,0.22436978999999982
200,45,0.21281512
200,46,0.24770509
200,47,0.2266853
200,48,0.22553448
200,49,0.20708796
200,50,0.27335301999999984
200,51,0.2131673499999999
200,52,0.21054694
200,53,0.20718061
200,54,0.21938971
200,55,0.2112105399999999
200,56,0.21465451
200,57,0.20526464
200,58,0.22988031
200,59,0.21450031
200,60,0.2089639499999999
200,61,0.20863816
200,62,0.26237069
200,63,0.19959126
200,64,0.19748398
200,65,0.19800575
200,66,0.1973735699999998
200,67,0.1969011999999999
200,68,0.1959612
200,69,0.20128281
200,70,0.19644098
200,71,0.19736285
200,72,0.1931861299999999
200,73,0.19905528
200,74,0.19689568
200,75,0.2014617
200,76,0.1984512
200,77,0.1962714499999999
200,78,0.1999657499999998
200,79,0.2016257799999999
200,80,0.2013697799999998
200,81,0.20441376
200,82,0.20162183
200,83,0.20163121
200,84,0.1982685299999999
200,85,0.1961547899999999
200,86,0.19374428
200,87,0.19386183
200,88,0.1914709999999999
200,89,0.19280037
200,90,0.1936000699999999
200,91,0.1942211999999999
200,92,0.1914381299999999
200,93,0.1836226399999999
200,94,0.18399184
200,95,0.18869961
201,0,0.1830582699999999
201,1,0.19119822
201,2,0.1922143799999999
201,3,0.1899274499999998
201,4,0.19276097
201,5,0.19403721
201,6,0.18510384
201,7,0.19339812
201,8,0.1927034299999999
201,9,0.1903649899999999
201,10,0.19090725
201,11,0.1908509899999998
201,12,0.19099488
201,13,0.1904126
201,14,0.1900043099999998
201,15,0.1937481699999998
201,16,0.19963824
201,17,0.1911765199999999
201,18,0.19304213
201,19,0.19004229
201,20,0.18858394
201,21,0.19095168
201,22,0.19262141
201,23,0.19385317
201,24,0.19348155
201,25,0.1914485699999999
201,26,0.19195924
201,27,0.1937472599999999
201,28,0.22254760999999992
201,29,0.19289627
201,30,0.19895583
201,31,0.21313277
201,32,0.24993884000000002
201,33,0.21018862
201,34,0.21263377
201,35,0.2123398899999999
201,36,0.22191306000000002
201,37,0.23757935
201,38,0.22154528999999992
201,39,0.24596863
201,40,0.2306990999999999
201,41,0.22848742000000002
201,42,0.22744867
201,43,0.22218796999999982
201,44,0.22226241
201,45,0.23845762
201,46,0.22679111
201,47,0.2154445499999999
201,48,0.2096527799999999
201,49,0.22712932
201,50,0.2216323399999999
201,51,0.20980257
201,52,0.2026811299999999
201,53,0.2149388599999999
201,54,0.2131554
201,55,0.2073845999999999
201,56,0.2016957399999999
201,57,0.2075771699999999
201,58,0.2072902599999999
201,59,0.20256306
201,60,0.19643056
201,61,0.2164483499999999
201,62,0.2041945099999999
201,63,0.2064059899999999
201,64,0.19758828
201,65,0.20166594
201,66,0.1992209399999999
201,67,0.19744105
201,68,0.19601656
201,69,0.20946388
201,70,0.19672217
201,71,0.1952283
201,72,0.1947379099999999
201,73,0.1935006699999999
201,74,0.19299131
201,75,0.19317012
201,76,0.1934804799999999
201,77,0.1953618499999999
201,78,0.1964977799999999
201,79,0.19754531
201,80,0.1999018399999998
201,81,0.19905031
201,82,0.1998364299999999
201,83,0.197327
201,84,0.19370958
201,85,0.1952026699999999
201,86,0.19393652
201,87,0.19272529
201,88,0.19107266
201,89,0.19328602
201,90,0.1930714699999999
201,91,0.19290745
201,92,0.19277526
201,93,0.19387519
201,94,0.1947579999999999
201,95,0.19523613
202,0,0.19498161
202,1,0.19385388
202,2,0.1957299799999998
202,3,0.19905699
202,4,0.19980929
202,5,0.19650195
202,6,0.1964363
202,7,0.19757811
202,8,0.19679833
202,9,0.19912315
202,10,0.20093337
202,11,0.20838927
202,12,0.21041283
202,13,0.20179636
202,14,0.20578748
202,15,0.20681355
202,16,0.2161437399999999
202,17,0.20689765
202,18,0.2101602299999999
202,19,0.2122296199999999
202,20,0.21990679
202,21,0.1976051399999999
202,22,0.2030816599999998
202,23,0.2094921999999998
202,24,0.2230482499999998
202,25,0.2076552999999999
202,26,0.2111267299999999
202,27,0.22641181000000002
202,28,0.23966442000000002
202,29,0.2074653
202,30,0.2139731999999999
202,31,0.21103696
202,32,0.2340977399999998
202,33,0.2057494799999999
202,34,0.21197712
202,35,0.2129596899999999
202,36,0.26722
202,37,0.2292696199999998
202,38,0.23388106
202,39,0.23617104000000003
202,40,0.23371232
202,41,0.2262441599999999
202,42,0.22220117999999991
202,43,0.2163856799999998
202,44,0.21053817
202,45,0.2198955
202,46,0.2141341299999999
202,47,0.20963915
202,48,0.2030594799999999
202,49,0.2073598399999998
202,50,0.2062488099999999
202,51,0.20134092
202,52,0.1962418999999998
202,53,0.20921788
202,54,0.21645444
202,55,0.20054365
202,56,0.2001801
202,57,0.20851888
202,58,0.2054369399999999
202,59,0.20718314
202,60,0.21802464
202,61,0.19848575
202,62,0.19713849
202,63,0.1965291299999998
202,64,0.1947734299999998
202,65,0.1961815199999998
202,66,0.1961423599999999
202,67,0.28149499999999983
202,68,0.19424718
202,69,0.19659745
202,70,0.1955475499999999
202,71,0.19509746
202,72,0.1943367
202,73,0.1963962699999999
202,74,0.19580279
202,75,0.19576701
202,76,0.1957977399999998
202,77,0.1958525299999998
202,78,0.1965414399999999
202,79,0.20503316
202,80,0.20572315
202,81,0.20938081
202,82,0.2064803499999999
202,83,0.2027227699999998
202,84,0.1982301699999999
202,85,0.20429605
202,86,0.19740032
202,87,0.1942495699999999
202,88,0.19473916
202,89,0.1951495099999999
202,90,0.19432349
202,91,0.1937366999999999
202,92,0.1924196799999999
202,93,0.1945945399999999
202,94,0.1920099999999999
202,95,0.19424963
203,0,0.1921298099999999
203,1,0.1942935199999998
203,2,0.19441547
203,3,0.19433317
203,4,0.19218872
203,5,0.19177283
203,6,0.1925409899999999
203,7,0.19461264
203,8,0.1946504
203,9,0.19462234
203,10,0.1949539699999999
203,11,0.1975398599999999
203,12,0.19799663
203,13,0.19631642
203,14,0.1979300999999998
203,15,0.1986412599999999
203,16,0.19900602
203,17,0.2002440399999999
203,18,0.2053124699999998
203,19,0.2077116699999999
203,20,0.2060023999999999
203,21,0.19968842
203,22,0.2015623999999999
203,23,0.2059948899999999
203,24,0.2091775799999999
203,25,0.2010742499999999
203,26,0.20642654
203,27,0.20790903
203,28,0.2077751799999999
203,29,0.2053458399999999
203,30,0.20743644
203,31,0.2115288699999999
203,32,0.22113639
203,33,0.20649328
203,34,0.21017173
203,35,0.2176966199999999
203,36,0.2253474799999999
203,37,0.2269577899999999
203,38,0.22240521
203,39,0.22282585000000002
203,40,0.2160020999999999
203,41,0.21984568
203,42,0.22681411999999992
203,43,0.2147243399999998
203,44,0.2118826899999999
203,45,0.2264073
203,46,0.20998501
203,47,0.20660814
203,48,0.20473591
203,49,0.2092598899999999
203,50,0.2083502099999999
203,51,0.2037385499999999
203,52,0.1978348799999999
203,53,0.2140617799999999
203,54,0.2101324199999999
203,55,0.20484794
203,56,0.1985547099999999
203,57,0.20564199
203,58,0.21274715
203,59,0.1961425799999999
203,60,0.1925364199999999
203,61,0.19853349
203,62,0.19651214
203,63,0.1955378499999999
203,64,0.1944037499999999
203,65,0.1969914799999998
203,66,0.19588352
203,67,0.19508616
203,68,0.19456165
203,69,0.19950887
203,70,0.1987357
203,71,0.19583757
203,72,0.1958888999999999
203,73,0.1971504099999998
203,74,0.19724096
203,75,0.1966876399999998
203,76,0.19634041
203,77,0.19551711
203,78,0.19603987
203,79,0.1967907499999999
203,80,0.19682546
203,81,0.1925942099999999
203,82,0.1935889399999999
203,83,0.1915405399999999
203,84,0.1909850099999999
203,85,0.19244239
203,86,0.19252621
203,87,0.1900153799999999
203,88,0.1885540599999999
203,89,0.1909887999999999
203,90,0.1888098299999999
203,91,0.1900789899999999
203,92,0.1896521399999998
203,93,0.1910150099999999
203,94,0.1907824299999999
203,95,0.19101515
204,0,0.1903891199999999
204,1,0.1908184299999999
204,2,0.19041515
204,3,0.1920911899999999
204,4,0.1913924
204,5,0.1913737399999999
204,6,0.1926280499999999
204,7,0.1960557599999999
204,8,0.1962510899999999
204,9,0.19480148
204,10,0.1950527499999998
204,11,0.1961471799999999
204,12,0.19697245
204,13,0.19467503
204,14,0.19513347
204,15,0.1969877599999999
204,16,0.19786501
204,17,0.19437316
204,18,0.1956380199999999
204,19,0.2005061999999999
204,20,0.2000111799999999
204,21,0.1974313799999999
204,22,0.19754448
204,23,0.20171402
204,24,0.2049128199999999
204,25,0.1956862799999999
204,26,0.19785107
204,27,0.2029809699999999
204,28,0.2062225499999999
204,29,0.1998926099999999
204,30,0.20143817
204,31,0.21026824
204,32,0.22093310000000002
204,33,0.2085929
204,34,0.21366989
204,35,0.22364381000000003
204,36,0.2303598299999999
204,37,0.2240081899999999
204,38,0.2239674099999999
204,39,0.22429003
204,40,0.2163533299999999
204,41,0.22582170999999981
204,42,0.2282066899999999
204,43,0.21939703
204,44,0.2150945399999999
204,45,0.22366550999999993
204,46,0.21980327
204,47,0.2137648399999999
204,48,0.2048952599999999
204,49,0.21862273
204,50,0.23055288999999993
204,51,0.20709711
204,52,0.19848574
204,53,0.2085508599999999
204,54,0.24312234000000002
204,55,0.2078353299999999
204,56,0.19482526
204,57,0.2149756199999999
204,58,0.2044086499999998
204,59,0.19825054
204,60,0.2033172
204,61,0.1982678
204,62,0.19745861
204,63,0.19595867
204,64,0.1946556499999999
204,65,0.19801162
204,66,0.1963605699999999
204,67,0.19500746
204,68,0.19411702
204,69,0.19720679
204,70,0.1945413
204,71,0.19291817
204,72,0.19179173
204,73,0.19701343
204,74,0.19607051
204,75,0.1952047199999998
204,76,0.1942272
204,77,0.1923026599999999
204,78,0.1920818799999999
204,79,0.19393738
204,80,0.1918183799999999
204,81,0.1974304999999999
204,82,0.1941891
204,83,0.19021863
204,84,0.18866955
204,85,0.1971106199999999
204,86,0.18928503
204,87,0.1873636699999999
204,88,0.1854356699999998
204,89,0.1861832199999999
204,90,0.18492765
204,91,0.1760598599999999
204,92,0.17588278
204,93,0.1857206699999999
204,94,0.1809380899999998
204,95,0.1792312499999999
205,0,0.17959982
205,1,0.18450581
205,2,0.1811727999999998
205,3,0.18510112
205,4,0.1850847599999999
205,5,0.18391116
205,6,0.18786973
205,7,0.1892768499999998
205,8,0.18955096
205,9,0.19008025
205,10,0.19390462
205,11,0.1959047899999999
205,12,0.19547045
205,13,0.19001384
205,14,0.19185294
205,15,0.19473737
205,16,0.19880772
205,17,0.1943478099999999
205,18,0.19537
205,19,0.2003188
205,20,0.20329782
205,21,0.1954069199999999
205,22,0.19774577
205,23,0.19864905
205,24,0.19973531
205,25,0.19855003
205,26,0.2002947599999999
205,27,0.20943734
205,28,0.2194200899999999
205,29,0.1990226999999998
205,30,0.20264356
205,31,0.2231169599999999
205,32,0.2232913599999999
205,33,0.2100214199999999
205,34,0.21762319
205,35,0.22747979999999993
205,36,0.23570908
205,37,0.2181873899999999
205,38,0.2149453599999999
205,39,0.2238373
205,40,0.20896889
205,41,0.2168196799999999
205,42,0.2234516
205,43,0.2123053099999998
205,44,0.25245151
205,45,0.2308443599999999
205,46,0.2169157599999999
205,47,0.2106918499999999
205,48,0.202893
205,49,0.2101381099999998
205,50,0.20233861
205,51,0.20111739
205,52,0.19789634
205,53,0.20708078
205,54,0.20923839
205,55,0.2018510099999998
205,56,0.1936620599999998
205,57,0.20118869
205,58,0.20183135
205,59,0.1954499499999999
205,60,0.19165783
205,61,0.19288439
205,62,0.1917663799999999
205,63,0.1912051899999998
205,64,0.19075952
205,65,0.19172385
205,66,0.1920897899999999
205,67,0.20783088
205,68,0.2031260899999999
205,69,0.20434269
205,70,0.1956577399999998
205,71,0.19265569
205,72,0.1933946699999999
205,73,0.19331987
205,74,0.19443507
205,75,0.19419016
205,76,0.19803748
205,77,0.19742458
205,78,0.1998666399999999
205,79,0.2034967099999998
205,80,0.20529912
205,81,0.2169068199999999
205,82,0.2087467999999999
205,83,0.2086250999999999
205,84,0.2022175699999999
205,85,0.20801218
205,86,0.1989102999999999
205,87,0.19951256
205,88,0.2023661699999999
205,89,0.2047888
205,90,0.2050388
205,91,0.19447871
205,92,0.1978810199999999
205,93,0.2001811999999999
205,94,0.20182
205,95,0.1975912
206,0,0.1953769
206,1,0.1985511999999999
206,2,0.1975912
206,3,0.1999975999999998
206,4,0.2025399999999998
206,5,0.2046687999999999
206,6,0.2036676
206,7,0.2041711999999998
206,8,0.2132673299999999
206,9,0.1949799999999999
206,10,0.1937887999999999
206,11,0.1982488
206,12,0.20086457
206,13,0.2001799999999998
206,14,0.2082
206,15,0.2149123999999999
206,16,0.2149087999999999
206,17,0.20355939
206,18,0.2075816999999999
206,19,0.20790402
206,20,0.20857065
206,21,0.1982811999999999
206,22,0.2007784499999998
206,23,0.204118
206,24,0.20288815
206,25,0.19795642
206,26,0.20198396
206,27,0.2086993399999999
206,28,0.2111577499999999
206,29,0.21341163
206,30,0.2147087899999999
206,31,0.2156470499999999
206,32,0.21949911
206,33,0.2110012
206,34,0.2236899999999998
206,35,0.23576423999999988
206,36,0.23662724999999982
206,37,0.2408723999999999
206,38,0.22516314
206,39,0.2254305
206,40,0.21419839
206,41,0.2327302999999998
206,42,0.2192650099999999
206,43,0.21849046
206,44,0.21560688
206,45,0.2264678099999999
206,46,0.2169633199999998
206,47,0.2083594
206,48,0.20574597
206,49,0.22103049
206,50,0.21018845
206,51,0.2071514499999999
206,52,0.20249788
206,53,0.21164022
206,54,0.20823581
206,55,0.1993812199999998
206,56,0.1953282699999999
206,57,0.27520513
206,58,0.2171149799999999
206,59,0.2016235999999999
206,60,0.19768231
206,61,0.2069640599999999
206,62,0.2036590999999999
206,63,0.20123668
206,64,0.19791943
206,65,0.19975025
206,66,0.2003440099999999
206,67,0.19762988
206,68,0.1963496299999998
206,69,0.19774706
206,70,0.1972179299999999
206,71,0.19728806
206,72,0.19699033
206,73,0.19744509
206,74,0.19785966
206,75,0.19944327
206,76,0.20148451
206,77,0.2014230799999999
206,78,0.2039105599999999
206,79,0.2095096099999999
206,80,0.2103808599999999
206,81,0.20997098
206,82,0.2090170499999999
206,83,0.2089075899999999
206,84,0.20729691
206,85,0.1985487999999998
206,86,0.1962027699999999
206,87,0.1931458
206,88,0.19283
206,89,0.19288827
206,90,0.1929278899999999
206,91,0.1927297899999999
206,92,0.1943618799999999
206,93,0.19306985
206,94,0.1937264
206,95,0.19306985
207,0,0.19505977
207,1,0.19656403
207,2,0.19667672
207,3,0.19947098
207,4,0.19920851
207,5,0.1963711999999999
207,6,0.1988899999999999
207,7,0.20174
207,8,0.2022788
207,9,0.20362628
207,10,0.21417269
207,11,0.21791565
207,12,0.2174213999999999
207,13,0.20468187
207,14,0.20957447
207,15,0.22420757
207,16,0.22386040999999993
207,17,0.2057842899999999
207,18,0.21303
207,19,0.21201323
207,20,0.2287089099999999
207,21,0.2184581799999999
207,22,0.22716701999999991
207,23,0.22511108
207,24,0.24373774
207,25,0.22014322
207,26,0.2253356599999999
207,27,0.23118702
207,28,0.24466974
207,29,0.2212190499999999
207,30,0.22958904
207,31,0.2323602299999998
207,32,0.2464299799999999
207,33,0.2242857699999999
207,34,0.23066962
207,35,0.24567185
207,36,0.3311135399999998
207,37,0.24429409
207,38,0.24170211
207,39,0.24509298
207,40,0.23680085999999992
207,41,0.23649247999999992
207,42,0.2323259599999998
207,43,0.2310234799999998
207,44,0.22610356
207,45,0.23954317
207,46,0.23187897
207,47,0.22628169
207,48,0.21537349
207,49,0.22662396999999992
207,50,0.22182463
207,51,0.2143590399999999
207,52,0.20487373
207,53,0.22086196
207,54,0.2141527899999999
207,55,0.2155074699999999
207,56,0.21008247
207,57,0.2312963699999999
207,58,0.30410119999999974
207,59,0.21133215
207,60,0.2043911999999999
207,61,0.2054858299999999
207,62,0.20413228
207,63,0.2004443699999999
207,64,0.19814884
207,65,0.20222207
207,66,0.20063474
207,67,0.19869079
207,68,0.19740565
207,69,0.1979600799999999
207,70,0.1976542399999999
207,71,0.19727533
207,72,0.19753479
207,73,0.1973271799999999
207,74,0.1976321399999999
207,75,0.1972671899999999
207,76,0.1970486899999999
207,77,0.2021180999999999
207,78,0.2062296699999999
207,79,0.20800278
207,80,0.2070321799999999
207,81,0.2100447
207,82,0.2117676399999999
207,83,0.2070427299999999
207,84,0.20537506
207,85,0.2067843399999999
207,86,0.2050936499999998
207,87,0.20131741
207,88,0.1994731599999999
207,89,0.2018355599999998
207,90,0.2011691899999998
207,91,0.2016405
207,92,0.2015503899999999
207,93,0.20829433
207,94,0.2083005
207,95,0.2087727899999999
208,0,0.2084252499999999
208,1,0.2093975199999999
208,2,0.2131557499999999
208,3,0.22195276
208,4,0.22252437
208,5,0.21558
208,6,0.22085902
208,7,0.2186915099999999
208,8,0.22715047000000002
208,9,0.22378546000000002
208,10,0.2319732799999998
208,11,0.23486421
208,12,0.26145112999999975
208,13,0.23240553
208,14,0.24038145000000002
208,15,0.2411657699999998
208,16,0.2400900699999999
208,17,0.22943537
208,18,0.2410987999999998
208,19,0.2455012
208,20,0.26233662
208,21,0.2260957099999998
208,22,0.2389523299999999
208,23,0.26154809999999984
208,24,0.2627440699999999
208,25,0.24844509
208,26,0.25490817
208,27,0.26437789
208,28,0.29948991
208,29,0.27556861
208,30,0.25563481
208,31,0.2441512099999998
208,32,0.30832574
208,33,0.35498843
208,34,0.26789617
208,35,0.5854221999999999
208,36,1.1468
208,37,0.5259394
208,38,0.57347153
208,39,0.5418969399999999
208,40,0.3100098999999997
208,41,0.26700848
208,42,0.25318207999999975
208,43,0.2414725099999999
208,44,0.22521448000000002
208,45,0.24927000000000002
208,46,0.23930771999999992
208,47,0.2359859599999999
208,48,0.2254786599999998
208,49,0.2332392799999999
208,50,0.22558852999999993
208,51,0.2233576899999998
208,52,0.2159288499999999
208,53,0.22764733
208,54,0.2141607999999999
208,55,0.2093332399999999
208,56,0.20560561
208,57,0.22975766
208,58,0.23552736
208,59,0.22147449
208,60,0.2114720199999999
208,61,0.2196511
208,62,0.22198778
208,63,0.21485816
208,64,0.21081206
208,65,0.2128541599999999
208,66,0.21365879
208,67,0.21033711
208,68,0.2085521299999999
208,69,0.2115608099999998
208,70,0.211116
208,71,0.21017802
208,72,0.2084653
208,73,0.2147056799999999
208,74,0.2117173299999999
208,75,0.2143281299999999
208,76,0.21335473
208,77,0.21319447
208,78,0.215
208,79,0.22083413999999993
208,80,0.2219690999999999
208,81,0.2160721799999999
208,82,0.21862583
208,83,0.21046265
208,84,0.2102007199999999
208,85,0.21147652
208,86,0.20697527
208,87,0.2057690599999999
208,88,0.2013888
208,89,0.2080246899999999
208,90,0.20456199
208,91,0.20510507
208,92,0.20321633
208,93,0.2125451199999999
208,94,0.2117935799999999
208,95,0.2096367599999999
209,0,0.2100334599999999
209,1,0.21063793
209,2,0.2212899099999999
209,3,0.2171575399999999
209,4,0.2226868199999997
209,5,0.21881567
209,6,0.22174007999999992
209,7,0.2282776599999999
209,8,0.23709518
209,9,0.22911581
209,10,0.2286822399999999
209,11,0.22887671
209,12,0.24186955000000002
209,13,0.2274528099999998
209,14,0.2340223499999999
209,15,0.2465976399999998
209,16,0.2578512199999998
209,17,0.22530747999999992
209,18,0.2484396599999998
209,19,0.25166732
209,20,0.26490128999999984
209,21,0.23479229999999982
209,22,0.25602678999999984
209,23,0.26593729
209,24,0.34819495999999983
209,25,0.2611682299999999
209,26,0.4851523999999998
209,27,0.4197719999999999
209,28,0.46476223999999966
209,29,0.24500000000000002
209,30,0.25938119999999976
209,31,0.4099487999999998
209,32,0.4599523999999998
209,33,0.2518199999999998
209,34,0.2983787199999999
209,35,0.43982213999999975
209,36,0.37425255999999973
209,37,0.32875374
209,38,0.28387766999999964
209,39,0.28331141999999954
209,40,0.28340372999999974
209,41,0.40940779999999966
209,42,0.40087501999999964
209,43,0.2971431299999999
209,44,0.29489657999999974
209,45,0.46542391999999966
209,46,0.4556829499999999
209,47,0.2753618
209,48,0.24199447999999993
209,49,0.25159478999999985
209,50,0.24649944999999981
209,51,0.23007477
209,52,0.2239980099999999
209,53,0.2553887
209,54,0.2303655999999998
209,55,0.2244878699999999
209,56,0.2161020799999999
209,57,0.21731765
209,58,0.37422730999999954
209,59,0.21815266
209,60,0.21376251
209,61,0.2199463699999999
209,62,0.2183041299999999
209,63,0.2176490099999999
209,64,0.2129832699999999
209,65,0.22544013
209,66,0.2135273499999999
209,67,0.21101634
209,68,0.20674265
209,69,0.20784597
209,70,0.2078282199999999
209,71,0.2077745999999999
209,72,0.2083494299999999
209,73,0.20939184
209,74,0.21020459
209,75,0.2116355399999999
209,76,0.21048962
209,77,0.21304119
209,78,0.2129419599999999
209,79,0.24062785
209,80,0.2188078199999999
209,81,0.21912994
209,82,0.22002585
209,83,0.2214649199999997
209,84,0.2220983799999999
209,85,0.25365375
209,86,0.2113221199999999
209,87,0.2117628399999999
209,88,0.2156427199999999
209,89,0.21044
209,90,0.2098287999999999
209,91,0.2060853
209,92,0.20588582
209,93,0.2071705399999999
209,94,0.2062724899999999
209,95,0.20616188
210,0,0.20640286
210,1,0.2264455399999998
210,2,0.23843781
210,3,0.23408227
210,4,0.2189213099999999
210,5,0.22459601999999992
210,6,0.22396891
210,7,0.22599711000000003
210,8,0.22924417
210,9,0.23170205000000002
210,10,0.24092319999999992
210,11,0.24522481999999993
210,12,0.2589204199999998
210,13,0.2239360299999997
210,14,0.24338753999999987
210,15,0.2541401999999999
210,16,0.2595345299999998
210,17,0.25365234999999975
210,18,0.26593805999999975
210,19,0.27479821999999976
210,20,0.32845115999999974
210,21,0.26687044999999976
210,22,0.26858344
210,23,0.30009788999999976
210,24,0.32675487999999964
210,25,0.2731979099999998
210,26,0.30968289999999976
210,27,0.32100037999999975
210,28,0.29750049
210,29,0.3269191399999999
210,30,0.31705837999999975
210,31,0.37241926999999964
210,32,0.4351324799999998
210,33,0.29149223
210,34,0.32486218
210,35,0.5459267999999999
210,36,0.7197645999999999
210,37,0.34994932999999984
210,38,0.52535498
210,39,0.5033720999999998
210,40,0.4490976999999998
210,41,0.5025516399999999
210,42,0.36919820999999964
210,43,0.24799138
210,44,0.30255626999999974
210,45,0.48378591999999954
210,46,0.39683643
210,47,0.25843845
210,48,0.24931972
210,49,0.25602552
210,50,0.2407557499999999
210,51,0.23610762999999987
210,52,0.22081188999999993
210,53,0.23632309999999992
210,54,0.2287641699999999
210,55,0.22158167999999992
210,56,0.24259988000000002
210,57,0.25330145999999976
210,58,0.26237802
210,59,0.22651249999999992
210,60,0.21416443
210,61,0.2269585699999999
210,62,0.2232739899999999
210,63,0.21824099
210,64,0.22520006
210,65,0.21620951
210,66,0.2132658899999999
210,67,0.2129508699999999
210,68,0.2129722799999998
210,69,0.2131591199999999
210,70,0.21294912
210,71,0.2122043599999999
210,72,0.2116807999999999
210,73,0.2102752199999999
210,74,0.2105366699999999
210,75,0.2105507999999999
210,76,0.2089576799999999
210,77,0.2059299699999998
210,78,0.2045296699999998
210,79,0.2090925199999999
210,80,0.24254040000000002
210,81,0.21127962
210,82,0.2101528799999999
210,83,0.2075832
210,84,0.1988800899999999
210,85,0.2020956599999999
210,86,0.19947249
210,87,0.1959641299999999
210,88,0.1976302299999999
210,89,0.2067614999999999
210,90,0.19619806
210,91,0.19396278
210,92,0.19448212
210,93,0.1963299499999999
210,94,0.1961544699999998
210,95,0.19463151
211,0,0.19352634
211,1,0.1914712499999999
211,2,0.1921865499999999
211,3,0.1906678299999999
211,4,0.19101326
211,5,0.18994703
211,6,0.1907519399999999
211,7,0.1917339299999998
211,8,0.1927240199999998
211,9,0.1932817899999999
211,10,0.19520697
211,11,0.19663647
211,12,0.19917709
211,13,0.19879365
211,14,0.19859203
211,15,0.20060543
211,16,0.2023862899999998
211,17,0.1979524
211,18,0.1985911999999999
211,19,0.20149298
211,20,0.20548666
211,21,0.1990609699999999
211,22,0.2018922499999998
211,23,0.20749567
211,24,0.20710166
211,25,0.20380012
211,26,0.2063990899999999
211,27,0.20712058
211,28,0.2073736
211,29,0.2060572199999999
211,30,0.20636274
211,31,0.2010375
211,32,0.1938789
211,33,0.18893451
211,34,0.19061564
211,35,0.19176189
211,36,0.1983995399999999
211,37,0.2067877099999999
211,38,0.2095311
211,39,0.20849967
211,40,0.20962302
211,41,0.21309609
211,42,0.2074390599999999
211,43,0.2067279
211,44,0.19998673
211,45,0.21743414
211,46,0.21183527
211,47,0.2124670199999999
211,48,0.2097168999999999
211,49,0.2192196099999999
211,50,0.2140429199999998
211,51,0.2111321799999999
211,52,0.20533072
211,53,0.2216343599999999
211,54,0.2068670799999999
211,55,0.2021011299999999
211,56,0.19548556
211,57,0.2068977699999999
211,58,0.2041177499999999
211,59,0.19885141
211,60,0.19722904
211,61,0.2053558999999999
211,62,0.19907896
211,63,0.19357883
211,64,0.19169112
211,65,0.1986483199999999
211,66,0.1956243799999999
211,67,0.1932731
211,68,0.1918763799999999
211,69,0.1943817299999999
211,70,0.1948461599999999
211,71,0.19304441
211,72,0.1929173599999999
211,73,0.19330998
211,74,0.19278807
211,75,0.1928076199999999
211,76,0.19321928
211,77,0.20376279
211,78,0.1995524599999999
211,79,0.2051570599999999
211,80,0.1997935
211,81,0.2010199599999998
211,82,0.2080014399999999
211,83,0.20522579
211,84,0.1931945
211,85,0.1949092899999999
211,86,0.19227782
211,87,0.18836967
211,88,0.17576287
211,89,0.17826327
211,90,0.1776238899999998
211,91,0.1785879499999999
211,92,0.1738574699999999
211,93,0.1794072599999999
211,94,0.1802225199999998
211,95,0.1816319299999998
212,0,0.1795891599999998
212,1,0.18206634
212,2,0.1821796199999999
212,3,0.18150654
212,4,0.1855846099999999
212,5,0.1865560599999999
212,6,0.1914842199999999
212,7,0.1962135699999999
212,8,0.19693296
212,9,0.1926049799999999
212,10,0.19256728
212,11,0.19767514
212,12,0.19846652
212,13,0.19177075
212,14,0.19487724
212,15,0.1987031
212,16,0.21112582
212,17,0.19636075
212,18,0.20806665
212,19,0.22250529
212,20,0.22014483999999993
212,21,0.21161975
212,22,0.21659681
212,23,0.23100542
212,24,0.24462049
212,25,0.21744903
212,26,0.2193618199999998
212,27,0.22721708999999993
212,28,0.23222846
212,29,0.2102429899999998
212,30,0.2059470199999999
212,31,0.21
212,32,0.22525554
212,33,0.21472547
212,34,0.2248381699999998
212,35,0.2295326799999999
212,36,0.26325007999999983
212,37,0.2489306999999998
212,38,0.24870207000000003
212,39,0.23522918
212,40,0.24988598999999992
212,41,0.29340423999999976
212,42,0.2584759999999998
212,43,0.2347504699999999
212,44,0.2358806099999999
212,45,0.26001255999999984
212,46,0.2524729299999998
212,47,0.2451840199999998
212,48,0.23774315999999981
212,49,0.24818154
212,50,0.24140657000000001
212,51,0.2183952999999999
212,52,0.2158008199999999
212,53,0.2288101099999997
212,54,0.2082327999999998
212,55,0.2059849899999999
212,56,0.2039123299999999
212,57,0.2163782299999999
212,58,0.2199884399999999
212,59,0.20747468
212,60,0.20184514
212,61,0.20996899
212,62,0.20596338
212,63,0.2080224299999999
212,64,0.2082647399999999
212,65,0.21072869
212,66,0.2107662099999999
212,67,0.20866125
212,68,0.20354133
212,69,0.21515225
212,70,0.20111025
212,71,0.2009189799999998
212,72,0.19982316
212,73,0.2130755299999999
212,74,0.2123854299999999
212,75,0.21008093
212,76,0.21112519
212,77,0.21432852
212,78,0.2192410199999999
212,79,0.2330290899999999
212,80,0.24219168
212,81,0.21393737
212,82,0.2090709899999999
212,83,0.2092209599999999
212,84,0.2083744599999999
212,85,0.21028405
212,86,0.2064349399999999
212,87,0.19614525
212,88,0.19733936
212,89,0.1992176899999999
212,90,0.19819061
212,91,0.19392545
212,92,0.1934751799999998
212,93,0.19874534
212,94,0.1985538099999998
212,95,0.1989764299999999
213,0,0.1981761699999999
213,1,0.1952358899999999
213,2,0.19884435
213,3,0.19982624
213,4,0.2006892399999999
213,5,0.1923509399999998
213,6,0.20172639
213,7,0.2077683699999999
213,8,0.22309415000000002
213,9,0.2062423699999999
213,10,0.20705862
213,11,0.2119034799999999
213,12,0.2222938799999998
213,13,0.2055866599999999
213,14,0.21031745
213,15,0.23645270999999993
213,16,0.24262008
213,17,0.2115052899999999
213,18,0.2182724499999999
213,19,0.2261724899999998
213,20,0.2371923699999999
213,21,0.2192680099999999
213,22,0.22267731
213,23,0.2266489899999999
213,24,0.23746596
213,25,0.2218187999999999
213,26,0.2239999999999999
213,27,0.24026
213,28,0.25010440999999983
213,29,0.22267583
213,30,0.24406999999999993
213,31,0.2451688
213,32,0.2684660999999998
213,33,0.24787229000000002
213,34,0.2529152899999999
213,35,0.29573267999999964
213,36,0.4657911
213,37,0.3291683799999999
213,38,0.2789191099999999
213,39,0.2643923499999997
213,40,0.25343070999999984
213,41,0.2498579699999999
213,42,0.2541005099999999
213,43,0.2456941499999998
213,44,0.24194326000000002
213,45,0.24306942
213,46,0.23731535
213,47,0.2236955899999998
213,48,0.21723757
213,49,0.2457807599999999
213,50,0.23602754
213,51,0.22962711
213,52,0.22285859
213,53,0.23370514
213,54,0.2247985299999998
213,55,0.21620413
213,56,0.21329445
213,57,0.22238897999999988
213,58,0.21418778
213,59,0.2143272199999998
213,60,0.21055475
213,61,0.22570264999999992
213,62,0.2249924599999998
213,63,0.22069079
213,64,0.2255815599999997
213,65,0.21419469
213,66,0.21005178
213,67,0.2086946599999999
213,68,0.20428058
213,69,0.2052239699999999
213,70,0.20749245
213,71,0.2116683399999999
213,72,0.2077459599999999
213,73,0.20696721
213,74,0.2102504499999999
213,75,0.2058037599999999
213,76,0.21289443
213,77,0.20449962
213,78,0.2097859199999999
213,79,0.22305043
213,80,0.21951684
213,81,0.2126043299999999
213,82,0.2185333699999999
213,83,0.2157151799999999
213,84,0.2160338299999999
213,85,0.21350091
213,86,0.2111335899999999
213,87,0.2015189
213,88,0.1979761499999999
213,89,0.20116749
213,90,0.19928758
213,91,0.1972708499999998
213,92,0.1960715499999999
213,93,0.1983099799999998
213,94,0.19931996
213,95,0.19731787
214,0,0.19723107
214,1,0.1988678299999999
214,2,0.19891566
214,3,0.1990728499999999
214,4,0.2004792699999999
214,5,0.20296071
214,6,0.2044461299999999
214,7,0.2057272899999999
214,8,0.21260347
214,9,0.20048862
214,10,0.2041374799999999
214,11,0.21008172
214,12,0.23166393999999982
214,13,0.2148415
214,14,0.2175501399999999
214,15,0.23375440999999977
214,16,0.2403784799999998
214,17,0.2237968699999999
214,18,0.2222737499999999
214,19,0.23564752000000003
214,20,0.2483689299999999
214,21,0.2224457399999998
214,22,0.22545035
214,23,0.2342719599999998
214,24,0.2563268999999999
214,25,0.22292125999999993
214,26,0.25018129
214,27,0.24796548
214,28,0.2639590199999998
214,29,0.2239798499999999
214,30,0.24747793999999992
214,31,0.24868393000000003
214,32,0.2558735999999999
214,33,0.2503124
214,34,0.2712121199999997
214,35,0.31827715
214,36,0.6679065000000001
214,37,0.3332832499999999
214,38,0.3212568399999999
214,39,0.27328043999999985
214,40,0.25930403
214,41,0.25237911999999985
214,42,0.24447504
214,43,0.2423022699999999
214,44,0.22840743
214,45,0.24758905
214,46,0.2391900499999999
214,47,0.2297810499999999
214,48,0.22131030999999993
214,49,0.22971983999999993
214,50,0.22429344999999992
214,51,0.21439338
214,52,0.20852035
214,53,0.2246035499999999
214,54,0.22100809000000002
214,55,0.21165582
214,56,0.20570427
214,57,0.2123493799999999
214,58,0.2093254999999998
214,59,0.20809492
214,60,0.2057848799999999
214,61,0.20757113
214,62,0.2071173999999999
214,63,0.2063628699999999
214,64,0.20393545
214,65,0.20646755
214,66,0.20587639
214,67,0.2194958199999999
214,68,0.2220591699999999
214,69,0.20723143
214,70,0.2050496
214,71,0.20422827
214,72,0.2039680999999999
214,73,0.2047232
214,74,0.2054010799999999
214,75,0.2058680699999999
214,76,0.2071611099999999
214,77,0.20627932
214,78,0.20673247
214,79,0.20821887
214,80,0.2274873599999999
214,81,0.21031496
214,82,0.2132384299999999
214,83,0.21080568
214,84,0.20821683
214,85,0.2075280299999999
214,86,0.2007834999999999
214,87,0.1956721999999999
214,88,0.19249488
214,89,0.19399592
214,90,0.19374321
214,91,0.19331881
214,92,0.19243885
214,93,0.1931654599999999
214,94,0.1945811999999999
214,95,0.1942199999999999
215,0,0.1950599999999999
215,1,0.1971781199999999
215,2,0.2014633999999999
215,3,0.20271
215,4,0.2030046999999999
215,5,0.2029812
215,6,0.20492
215,7,0.2089987999999999
215,8,0.2110318299999999
215,9,0.2099987999999999
215,10,0.2106881599999999
215,11,0.2175683699999999
215,12,0.2290379
215,13,0.2230266199999997
215,14,0.22459568
215,15,0.22723597999999992
215,16,0.23893043
215,17,0.23196101
215,18,0.23170110000000002
215,19,0.24577835
215,20,0.25054347
215,21,0.24311638
215,22,0.25501392
215,23,0.24484112
215,24,0.2503168399999999
215,25,0.2469198699999999
215,26,0.26055976999999975
215,27,0.24459086
215,28,0.256
215,29,0.24854624
215,30,0.31008263999999974
215,31,0.2466857099999998
215,32,0.2682233999999999
215,33,0.36378493
215,34,1.1273000000000002
215,35,0.52552045
215,36,0.50465988
215,37,0.3277600999999999
215,38,0.288131
215,39,0.2693069699999999
215,40,0.2459511799999999
215,41,0.24537365000000003
215,42,0.23023660999999981
215,43,0.24656648
215,44,0.24097876999999993
215,45,0.23881499999999992
215,46,0.22250223
215,47,0.2309502999999998
215,48,0.2257331899999999
215,49,0.22233875
215,50,0.2099169199999999
215,51,0.22808111
215,52,0.21580295
215,53,0.2117963799999999
215,54,0.2090013
215,55,0.2177289399999999
215,56,0.2095366799999999
215,57,0.2074072699999999
215,58,0.2039250699999999
215,59,0.2075323899999999
215,60,0.2050308699999999
215,61,0.20487221
215,62,0.20802488
215,63,0.2158580799999999
215,64,0.2098837399999999
215,65,0.20561521
215,66,0.2030102
215,67,0.2104128699999999
215,68,0.20953734
215,69,0.2086862099999999
215,70,0.20767759
215,71,0.2092712
215,72,0.21
215,73,0.2121711999999999
215,74,0.21265887
215,75,0.21209846
215,76,0.21594317
215,77,0.21615562
215,78,0.2113891299999999
215,79,0.2197006199999999
215,80,0.2197006199999999
215,81,0.21477352
215,82,0.2228412799999999
215,83,0.2057726
215,84,0.2041025
215,85,0.19796723
215,86,0.19345677
215,87,0.19696351
215,88,0.1945605299999999
215,89,0.19519491
215,90,0.1949177799999999
215,91,0.1972415499999999
215,92,0.19685587
215,93,0.1994730999999999
215,94,0.19709648
215,95,0.2003673799999999
216,0,0.20435177
216,1,0.20395008
216,2,0.2033986299999998
216,3,0.20344057
216,4,0.20559516
216,5,0.20746072
216,6,0.22636759999999992
216,7,0.2077403099999999
216,8,0.2125320999999999
216,9,0.2125320999999999
216,10,0.2125320999999999
216,11,0.2108658299999999
216,12,0.21120006
216,13,0.22622046999999992
216,14,0.2178624599999999
216,15,0.20505431
216,16,0.20076272
216,17,0.2075483799999999
216,18,0.21337903
216,19,0.19675355
216,20,0.19720526
216,21,0.2042609799999999
216,22,0.2069323499999999
216,23,0.1926577
216,24,0.1948633099999999
216,25,0.20133182
216,26,0.2123295999999999
216,27,0.2038843599999999
216,28,0.2042271999999998
216,29,0.2105984199999999
216,30,0.2133662499999999
216,31,0.19674497
216,32,0.2017243699999999
216,33,0.20278782
216,34,0.2128875399999999
216,35,0.2144041599999999
216,36,0.2144218799999999
216,37,0.2135782699999999
216,38,0.2118742299999998
216,39,0.22537744
216,40,0.22539836
216,41,0.2146824899999999
216,42,0.21292618
216,43,0.2285640799999998
216,44,0.22190143999999992
216,45,0.2156213599999999
216,46,0.21251355
216,47,0.2217651699999997
216,48,0.2159512699999999
216,49,0.20425969
216,50,0.20076032
216,51,0.2114395099999998
216,52,0.2039820899999999
216,53,0.20481722
216,54,0.1961885099999999
216,55,0.20356319
216,56,0.20078488
216,57,0.19711745
216,58,0.19767945
216,59,0.2019210099999999
216,60,0.20085807
216,61,0.19880026
216,62,0.19370581
216,63,0.19658258
216,64,0.19643676
216,65,0.1957360999999998
216,66,0.1934554299999999
216,67,0.19513935
216,68,0.1937467899999999
216,69,0.19341521
216,70,0.19257928
216,71,0.19310369
216,72,0.19427829
216,73,0.19729468
216,74,0.19428678
216,75,0.2005525199999999
216,76,0.2038580999999999
216,77,0.2026388
216,78,0.2005460899999999
216,79,0.20255232
216,80,0.2034820699999999
216,81,0.2032822699999999
216,82,0.1982238399999999
216,83,0.19675277
216,84,0.1948762799999999
216,85,0.18791212
216,86,0.18044356
216,87,0.17988734
216,88,0.1803949199999999
216,89,0.18070692
216,90,0.17767579
216,91,0.1814915599999998
216,92,0.18215372
216,93,0.1812917599999998
216,94,0.1829314999999998
216,95,0.1838094799999998
217,0,0.1861538999999999
217,1,0.18750315
217,2,0.1869572399999998
217,3,0.1838408299999999
217,4,0.18468297
217,5,0.18949454
217,6,0.18716837
217,7,0.1862752099999998
217,8,0.18851368
217,9,0.18977088
217,10,0.19250164
217,11,0.1871031199999999
217,12,0.19185006
217,13,0.1959154099999999
217,14,0.19380157
217,15,0.19163153
217,16,0.19328522
217,17,0.19915739
217,18,0.19703571
217,19,0.21217139
217,20,0.21296874
217,21,0.1957488799999999
217,22,0.1965208499999998
217,23,0.1924328199999999
217,24,0.1940315199999999
217,25,0.19559219
217,26,0.1955627
217,27,0.19164064
217,28,0.19484341
217,29,0.19565706
217,30,0.2002996499999999
217,31,0.1954277499999999
217,32,0.19966081
217,33,0.20856827
217,34,0.2220808699999999
217,35,0.2202674299999999
217,36,0.22156714000000002
217,37,0.21796737
217,38,0.21940658
217,39,0.21354846
217,40,0.2137917799999999
217,41,0.2051991399999999
217,42,0.19894439
217,43,0.2056102799999999
217,44,0.19755604
217,45,0.19348105
217,46,0.19220302
217,47,0.20061831
217,48,0.1977126399999999
217,49,0.19655166
217,50,0.1925639499999999
217,51,0.2182723299999998
217,52,0.19385127
217,53,0.1930423199999999
217,54,0.1908680999999999
217,55,0.19594258
217,56,0.1932411799999999
217,57,0.20405731
217,58,0.2071287399999999
217,59,0.19698616
217,60,0.19670429
217,61,0.1937640299999999
217,62,0.1927590299999998
217,63,0.2033911299999999
217,64,0.2022121399999999
217,65,0.19360011
217,66,0.19287189
217,67,0.1942221999999999
217,68,0.19287008
217,69,0.19338272
217,70,0.19182288
217,71,0.1928014399999999
217,72,0.19590188
217,73,0.19420946
217,74,0.21831124
217,75,0.2179212999999999
217,76,0.2571244699999998
217,77,0.26445447
217,78,0.26542918999999976
217,79,0.1999378299999999
217,80,0.19579844
217,81,0.1933643
217,82,0.1898018999999999
217,83,0.1940551199999998
217,84,0.19224393
217,85,0.18953567
217,86,0.1856070599999999
217,87,0.1894477499999998
217,88,0.18830321
217,89,0.18172504
217,90,0.20612237
217,91,0.20341807
217,92,0.1906957099999999
217,93,0.1944021699999999
217,94,0.18643344
217,95,0.18804089
218,0,0.1874315799999999
218,1,0.1856126599999999
218,2,0.1813854599999999
218,3,0.1866401899999999
218,4,0.1888259399999998
218,5,0.1829121999999998
218,6,0.18314407
218,7,0.18213139
218,8,0.18227437
218,9,0.18636365
218,10,0.18849419
218,11,0.18453983
218,12,0.1893861
218,13,0.19260678
218,14,0.1932888799999998
218,15,0.1877955699999999
218,16,0.1882800299999999
218,17,0.19296997
218,18,0.19550998
218,19,0.1874724999999999
218,20,0.18794244
218,21,0.1924502499999999
218,22,0.19279885
218,23,0.1912563099999999
218,24,0.19299655
218,25,0.1923387
218,26,0.19595205
218,27,0.19156578
218,28,0.19259909
218,29,0.19579528
218,30,0.20535708
218,31,0.1929324699999999
218,32,0.2002043599999998
218,33,0.2061922199999999
218,34,0.2269538999999999
218,35,0.20903391
218,36,0.2126794799999999
218,37,0.21213916
218,38,0.2071890699999999
218,39,0.21670619
218,40,0.20954641
218,41,0.20804276
218,42,0.2019939699999999
218,43,0.20883121
218,44,0.20378229
218,45,0.20209752
218,46,0.19805625
218,47,0.2276028099999999
218,48,0.2014563399999999
218,49,0.1970864499999998
218,50,0.19436259
218,51,0.2026558199999999
218,52,0.1996083399999999
218,53,0.1953606199999999
218,54,0.1932516699999999
218,55,0.19980185
218,56,0.19058627
218,57,0.19149145
218,58,0.18987579
218,59,0.20100864
218,60,0.20005211
218,61,0.19457389
218,62,0.18889785
218,63,0.20422397
218,64,0.20258225
218,65,0.1999113099999999
218,66,0.1924717999999999
218,67,0.20296938
218,68,0.2023806999999998
218,69,0.20316903
218,70,0.19118115
218,71,0.19489204
218,72,0.19874249
218,73,0.1955963799999999
218,74,0.19291458
218,75,0.1953823499999999
218,76,0.19528331
218,77,0.19359595
218,78,0.1934750399999999
218,79,0.19998396
218,80,0.19441538
218,81,0.1921478699999999
218,82,0.20347276
218,83,0.19019601
218,84,0.1912008399999999
218,85,0.1820985799999999
218,86,0.1735630999999998
218,87,0.1724175799999999
218,88,0.1693274599999999
218,89,0.1689631499999998
218,90,0.16673029
218,91,0.1708776
218,92,0.1729292899999999
218,93,0.1714243099999998
218,94,0.1692154899999998
218,95,0.1717347399999998
219,0,0.17195027
219,1,0.1720419899999999
219,2,0.1737083499999999
219,3,0.17492556
219,4,0.1761908199999998
219,5,0.1772895099999999
219,6,0.17689997
219,7,0.1764466999999999
219,8,0.1777630899999999
219,9,0.1795056499999999
219,10,0.1786487999999998
219,11,0.1836807299999999
219,12,0.18535221
219,13,0.1886570099999999
219,14,0.19302299
219,15,0.1888295799999998
219,16,0.1925986999999999
219,17,0.1959968999999999
219,18,0.2057719599999999
219,19,0.19419012
219,20,0.1960423399999999
219,21,0.2020456999999998
219,22,0.2075602399999999
219,23,0.20027082
219,24,0.20279845
219,25,0.20882874
219,26,0.2335218999999998
219,27,0.19414077
219,28,0.19765277
219,29,0.21518099
219,30,0.24872857
219,31,0.2025882099999999
219,32,0.2333629899999999
219,33,0.22875999
219,34,0.3212854199999998
219,35,0.2277861999999999
219,36,0.23802621
219,37,0.23797790999999982
219,38,0.2269227
219,39,0.29681641999999964
219,40,0.2437778299999999
219,41,0.2312605599999998
219,42,0.2126423399999998
219,43,0.23722321
219,44,0.2237338799999998
219,45,0.2119624
219,46,0.2062304599999999
219,47,0.2128684499999999
219,48,0.20694147
219,49,0.20436904
219,50,0.1966155199999999
219,51,0.20675199
219,52,0.19784688
219,53,0.2007062099999998
219,54,0.1932700699999999
219,55,0.2020568499999999
219,56,0.1988586499999998
219,57,0.19841785
219,58,0.1950703099999998
219,59,0.1977106599999999
219,60,0.19751962
219,61,0.1973005599999999
219,62,0.19699777
219,63,0.2003205699999999
219,64,0.20003514
219,65,0.19789956
219,66,0.19730485
219,67,0.1984281199999999
219,68,0.1980266799999999
219,69,0.1982449599999998
219,70,0.1974178
219,71,0.1973145399999999
219,72,0.1974597399999998
219,73,0.1980031
219,74,0.1976445899999999
219,75,0.1977182999999999
219,76,0.1989937699999999
219,77,0.20060524
219,78,0.20252097
219,79,0.2028712
219,80,0.2065721099999999
219,81,0.1996936
219,82,0.1969645999999999
219,83,0.2028712
219,84,0.1969211999999999
219,85,0.1926979699999998
219,86,0.1925622499999999
219,87,0.19744553
219,88,0.19748905
219,89,0.2003025
219,90,0.1977721299999999
219,91,0.2003843
219,92,0.20360195
219,93,0.20358365
219,94,0.19880364
219,95,0.19577074
220,0,0.1958274699999999
220,1,0.19610184
220,2,0.19587098
220,3,0.1961298699999999
220,4,0.1967586199999999
220,5,0.19806484
220,6,0.19898164
220,7,0.19688779
220,8,0.19874485
220,9,0.2014625899999998
220,10,0.2025633
220,11,0.1973463599999999
220,12,0.2015683699999998
220,13,0.2080089899999999
220,14,0.22720999999999983
220,15,0.2105099999999999
220,16,0.2162188
220,17,0.2189799999999999
220,18,0.25275386
220,19,0.2126824
220,20,0.2085989799999998
220,21,0.22089271000000002
220,22,0.23054452
220,23,0.21379577
220,24,0.2141881299999999
220,25,0.22556584999999987
220,26,0.2814559999999998
220,27,0.21356144
220,28,0.2297529799999999
220,29,0.24047477999999992
220,30,0.27727457
220,31,0.20878343
220,32,0.21450713
220,33,0.23281104
220,34,0.29563176999999974
220,35,0.24314
220,36,0.22945909
220,37,0.29602945999999963
220,38,0.22235743
220,39,0.2316242299999999
220,40,0.2295
220,41,0.2235499999999999
220,42,0.21143388
220,43,0.23082611
220,44,0.22736174
220,45,0.22630462999999992
220,46,0.2176447899999999
220,47,0.22608917999999992
220,48,0.22112584999999987
220,49,0.2081818799999999
220,50,0.20111482
220,51,0.2121319299999998
220,52,0.20446496
220,53,0.19739752
220,54,0.19530411
220,55,0.2054657299999999
220,56,0.19793713
220,57,0.1993034699999999
220,58,0.2000215399999998
220,59,0.2034718599999999
220,60,0.21174093
220,61,0.20456838
220,62,0.20209741
220,63,0.2064901599999999
220,64,0.20217506
220,65,0.1978586999999999
220,66,0.2000048499999999
220,67,0.1993091
220,68,0.20039229
220,69,0.19981927
220,70,0.1994283
220,71,0.1992248399999999
220,72,0.1991366799999999
220,73,0.19950839
220,74,0.2014433
220,75,0.2003193899999999
220,76,0.20485242
220,77,0.21102552
220,78,0.2101223999999999
220,79,0.20107
220,80,0.2043988
220,81,0.2010788
220,82,0.19847464
220,83,0.1998830799999999
220,84,0.2019326899999998
220,85,0.1961899999999999
220,86,0.19183176
220,87,0.1936278
220,88,0.19261638
220,89,0.19225042
220,90,0.19517681
220,91,0.19747728
220,92,0.19602429
220,93,0.1971911999999999
220,94,0.1962948399999998
220,95,0.19345565
221,0,0.1942399999999999
221,1,0.19743885
221,2,0.19439071
221,3,0.19623323
221,4,0.1998106699999999
221,5,0.2019925399999998
221,6,0.19815004
221,7,0.20132021
221,8,0.19877029
221,9,0.20266016
221,10,0.20471224
221,11,0.2038329299999998
221,12,0.2079150199999999
221,13,0.2112863499999999
221,14,0.23470465
221,15,0.23346262999999992
221,16,0.24113187
221,17,0.24409352999999992
221,18,0.25128728999999983
221,19,0.22541209999999992
221,20,0.2311818999999999
221,21,0.23275154
221,22,0.2407583799999999
221,23,0.23090983
221,24,0.23531388
221,25,0.24513675
221,26,0.267181
221,27,0.2163981099999999
221,28,0.2424469299999998
221,29,0.24482891999999992
221,30,0.25389779999999984
221,31,0.2415629
221,32,0.27760070999999975
221,33,0.26941733999999984
221,34,0.3489096199999999
221,35,0.51802066
221,36,0.51802066
221,37,0.2708883999999999
221,38,0.27736059999999985
221,39,0.26648666
221,40,0.2626756299999998
221,41,0.2493229099999997
221,42,0.23878932
221,43,0.25436159
221,44,0.23965063
221,45,0.24750872999999982
221,46,0.23417545999999992
221,47,0.2998502299999999
221,48,0.24065305
221,49,0.2284687599999999
221,50,0.21081907
221,51,0.2260911999999999
221,52,0.2192972
221,53,0.20757635
221,54,0.20569595
221,55,0.21214339
221,56,0.20059462
221,57,0.19844604
221,58,0.27361970999999985
221,59,0.2030976099999999
221,60,0.2006325399999998
221,61,0.19985956
221,62,0.19715345
221,63,0.20007249
221,64,0.1969352
221,65,0.1952511499999999
221,66,0.1933842199999999
221,67,0.19693057
221,68,0.1960257799999999
221,69,0.19621191
221,70,0.1955882599999999
221,71,0.19481412
221,72,0.19606825
221,73,0.19663501
221,74,0.19625377
221,75,0.1952488
221,76,0.1975318399999999
221,77,0.20112389
221,78,0.2024774499999999
221,79,0.2018242999999999
221,80,0.20333017
221,81,0.20369872
221,82,0.20089245
221,83,0.2054371499999999
221,84,0.2035592499999998
221,85,0.20109741
221,86,0.1984283299999999
221,87,0.20144286
221,88,0.2007109299999998
221,89,0.2011149499999999
221,90,0.2012963999999999
221,91,0.2017222699999999
221,92,0.20370267
221,93,0.2034127599999998
221,94,0.2035131599999999
221,95,0.20143856
222,0,0.20133594
222,1,0.2068010299999998
222,2,0.20807672
222,3,0.20775367
222,4,0.20843565
222,5,0.2102935999999998
222,6,0.2154264799999999
222,7,0.2088038099999999
222,8,0.21474267
222,9,0.2185640499999999
222,10,0.22078543999999992
222,11,0.21586116
222,12,0.22626526
222,13,0.2371182199999999
222,14,0.2491537699999998
222,15,0.22687758
222,16,0.24312239
222,17,0.23467655
222,18,0.24684294999999992
222,19,0.23410418000000002
222,20,0.23728337000000002
222,21,0.24433681999999993
222,22,0.2751380099999998
222,23,0.2336782299999999
222,24,0.23416392
222,25,0.23967428
222,26,0.25460757999999983
222,27,0.2314036899999999
222,28,0.2285375899999997
222,29,0.23441874
222,30,0.24174261
222,31,0.23587934000000002
222,32,0.32173578
222,33,0.2658144099999997
222,34,0.41607152999999963
222,35,0.28818798999999984
222,36,0.24460087
222,37,0.23450173999999982
222,38,0.23406600000000002
222,39,0.25395796999999976
222,40,0.25600641
222,41,0.24923536
222,42,0.26976533999999974
222,43,0.25707143
222,44,0.24024899000000002
222,45,0.23283311999999992
222,46,0.2172056299999999
222,47,0.2192842099999999
222,48,0.21020629
222,49,0.2047385399999998
222,50,0.20316125
222,51,0.21461274
222,52,0.2120583899999999
222,53,0.2081515
222,54,0.19946373
222,55,0.2127038
222,56,0.2095965799999999
222,57,0.20706975
222,58,0.20133893
222,59,0.2128260099999999
222,60,0.20707882
222,61,0.21029756
222,62,0.20905837
222,63,0.2126882
222,64,0.2054113299999999
222,65,0.20153698
222,66,0.20772035
222,67,0.20105904
222,68,0.2008794699999999
222,69,0.1984746799999999
222,70,0.2043626899999999
222,71,0.20146506
222,72,0.2029812099999998
222,73,0.2008658999999999
222,74,0.19889618
222,75,0.19821336
222,76,0.2028688
222,77,0.2021464399999999
222,78,0.2041515299999998
222,79,0.19892845
222,80,0.20212174
222,81,0.2020098599999999
222,82,0.1977796599999999
222,83,0.20531183
222,84,0.19958098
222,85,0.19760536
222,86,0.19398755
222,87,0.1949799999999999
222,88,0.19310365
222,89,0.19160763
222,90,0.1961351199999998
222,91,0.1932211999999999
222,92,0.1922749799999999
222,93,0.1918207999999999
222,94,0.1922749799999999
222,95,0.1938203299999999
223,0,0.1967615199999998
223,1,0.1980251999999999
223,2,0.1980688
223,3,0.1980688
223,4,0.1996813399999999
223,5,0.20538598
223,6,0.2063972399999999
223,7,0.2023722299999999
223,8,0.20400621
223,9,0.2042996399999999
223,10,0.2227006799999999
223,11,0.20629598
223,12,0.20686178
223,13,0.21341
223,14,0.23973975
223,15,0.2086235599999999
223,16,0.22519450999999982
223,17,0.22722991
223,18,0.23387514
223,19,0.2189049599999999
223,20,0.23390459
223,21,0.24077748000000002
223,22,0.23910179
223,23,0.22152756999999992
223,24,0.2271117799999999
223,25,0.229243
223,26,0.25607139999999984
223,27,0.2507125299999998
223,28,0.2587892199999998
223,29,0.22239117
223,30,0.2306235999999999
223,31,0.25999441999999984
223,32,0.3063028999999998
223,33,0.23736817000000002
223,34,0.23859778
223,35,0.23688199000000001
223,36,0.23471242
223,37,0.24213429
223,38,0.24379167999999982
223,39,0.23382011
223,40,0.22353936
223,41,0.23718104999999992
223,42,0.2296865299999998
223,43,0.22435043000000002
223,44,0.20759428
223,45,0.22661959
223,46,0.2173041899999999
223,47,0.2115649899999999
223,48,0.2070750599999999
223,49,0.2186794299999999
223,50,0.2117767499999999
223,51,0.2061786099999999
223,52,0.20440228
223,53,0.20335596
223,54,0.2160278699999999
223,55,0.19958399
223,56,0.1960890499999999
223,57,0.20020068
223,58,0.1958733599999998
223,59,0.20533911
223,60,0.19586978
223,61,0.20048556
223,62,0.19867213
223,63,0.19860362
223,64,0.1959826399999999
223,65,0.20028799
223,66,0.2001483899999999
223,67,0.19791598
223,68,0.1975768399999999
223,69,0.1996059399999998
223,70,0.19665953
223,71,0.1994970599999999
223,72,0.1981590599999998
223,73,0.2012821399999999
223,74,0.1987161199999998
223,75,0.19907991
223,76,0.19873648
223,77,0.2048436499999999
223,78,0.19803217
223,79,0.19755435
223,80,0.1945043399999998
223,81,0.21085583
223,82,0.19212008
223,83,0.2085420499999999
223,84,0.18831546
223,85,0.19360106
223,86,0.1916208499999997
223,87,0.18617174
223,88,0.18601315
223,89,0.1864313599999999
223,90,0.18523585
223,91,0.18582511
223,92,0.18575381
223,93,0.1831195
223,94,0.18632898
223,95,0.1874819199999998
224,0,0.18995135
224,1,0.1844196899999998
224,2,0.1865687
224,3,0.1905437799999998
224,4,0.1942255799999999
224,5,0.1924281099999999
224,6,0.19476289
224,7,0.1974641
224,8,0.20201186
224,9,0.19622448
224,10,0.19655538
224,11,0.20206741
224,12,0.2130217099999999
224,13,0.19807605
224,14,0.20074234
224,15,0.2064644199999999
224,16,0.2111532599999999
224,17,0.198462
224,18,0.2059146399999999
224,19,0.2137548299999999
224,20,0.22650021
224,21,0.2011585399999998
224,22,0.20204458
224,23,0.21659013
224,24,0.2311734
224,25,0.2035712
224,26,0.2181053299999998
224,27,0.22246000000000002
224,28,0.2441799999999998
224,29,0.2070699999999999
224,30,0.2238399999999999
224,31,0.24200771000000001
224,32,0.24213500000000002
224,33,0.2249289299999999
224,34,0.23797031
224,35,0.2257952899999999
224,36,0.2238854599999999
224,37,0.2242030899999999
224,38,0.2226213699999999
224,39,0.21327557
224,40,0.2031382
224,41,0.2153777499999999
224,42,0.20594503
224,43,0.20704034
224,44,0.1998127799999998
224,45,0.20127822
224,46,0.2010169299999999
224,47,0.19889626
224,48,0.1948804099999999
224,49,0.2033529899999999
224,50,0.20100932
224,51,0.19706009
224,52,0.19566426
224,53,0.20216594
224,54,0.19850575
224,55,0.19579005
224,56,0.18874311
224,57,0.19072208
224,58,0.18943319
224,59,0.1909288499999999
224,60,0.18989419
224,61,0.19165025
224,62,0.19119215
224,63,0.19089628
224,64,0.19001856
224,65,0.1908426199999999
224,66,0.1906268699999999
224,67,0.1905344
224,68,0.1894012699999999
224,69,0.19074738
224,70,0.1907903199999999
224,71,0.1907972
224,72,0.19065154
224,73,0.19085304
224,74,0.1918372299999998
224,75,0.19184539
224,76,0.1915458099999999
224,77,0.19098023
224,78,0.1906482599999999
224,79,0.1908306899999998
224,80,0.19364124
224,81,0.19161912
224,82,0.19026861
224,83,0.18945514
224,84,0.1892681699999999
224,85,0.1881436
224,86,0.1852723999999999
224,87,0.1861499999999999
224,88,0.1864803
224,89,0.1871799999999999
224,90,0.18723961
224,91,0.19056377
224,92,0.19030595
224,93,0.19030607
224,94,0.19047361
224,95,0.19087473
225,0,0.19050082
225,1,0.19023934
225,2,0.19065732
225,3,0.19374499
225,4,0.19378837
225,5,0.1997921599999998
225,6,0.211228
225,7,0.19446947
225,8,0.1980571599999999
225,9,0.2118852299999999
225,10,0.2159822199999999
225,11,0.20867733
225,12,0.2063124599999999
225,13,0.2141188999999999
225,14,0.21906346
225,15,0.2036888
225,16,0.2089824
225,17,0.21393915
225,18,0.2174597399999998
225,19,0.1999106999999998
225,20,0.2044751
225,21,0.20926633
225,22,0.20832546
225,23,0.19776198
225,24,0.2035471199999998
225,25,0.20682757
225,26,0.2125336199999999
225,27,0.2017575199999999
225,28,0.20923887
225,29,0.2188037699999999
225,30,0.2441880199999998
225,31,0.21893219
225,32,0.2106903799999999
225,33,0.2080030299999999
225,34,0.2074560299999999
225,35,0.20825827
225,36,0.20623144
225,37,0.20156028
225,38,0.20055451
225,39,0.20532449
225,40,0.2031246899999998
225,41,0.19951238
225,42,0.1954221599999999
225,43,0.2080234899999999
225,44,0.20591679
225,45,0.1963096799999999
225,46,0.1917964899999999
225,47,0.24155237999999993
225,48,0.20247255
225,49,0.2135561399999999
225,50,0.1931388799999999
225,51,0.1922187999999999
225,52,0.19202761
225,53,0.19235596
225,54,0.1939147799999999
225,55,0.1957376799999998
225,56,0.19465263
225,57,0.19278485
225,58,0.19234793
225,59,0.19307035
225,60,0.19187191
225,61,0.1908477499999999
225,62,0.18849
225,63,0.1921621399999999
225,64,0.19175517
225,65,0.1907285899999999
225,66,0.1905658999999999
225,67,0.19123067
225,68,0.19072058
225,69,0.1902762699999998
225,70,0.1904865099999998
225,71,0.1909892699999999
225,72,0.19219811
225,73,0.19232858
225,74,0.1912566
225,75,0.19418859
225,76,0.1941965499999999
225,77,0.1933594599999999
225,78,0.1869140299999997
225,79,0.19542449
225,80,0.19097943
225,81,0.18978419
225,82,0.1884635399999999
225,83,0.18734423
225,84,0.1840911999999999
225,85,0.1835111999999999
225,86,0.1827191999999999
225,87,0.18525908
225,88,0.18287929
225,89,0.1842317799999999
225,90,0.18283266
225,91,0.1846316599999999
225,92,0.18505691
225,93,0.18579724
225,94,0.1854437
225,95,0.19054708
226,0,0.19072601
226,1,0.1923648499999999
226,2,0.19222696
226,3,0.18619338
226,4,0.1905782899999999
226,5,0.1928695299999999
226,6,0.19306647
226,7,0.1920747199999999
226,8,0.1929807899999999
226,9,0.19284152
226,10,0.2050787999999999
226,11,0.1988854399999998
226,12,0.20501743
226,13,0.2132167099999999
226,14,0.2219999999999999
226,15,0.1969951999999997
226,16,0.1958699599999999
226,17,0.20558403
226,18,0.22
226,19,0.19936974
226,20,0.2130906599999998
226,21,0.2127259699999998
226,22,0.21590894
226,23,0.2016233399999999
226,24,0.21213726
226,25,0.2199067999999999
226,26,0.24141978
226,27,0.2051730299999999
226,28,0.2104679699999999
226,29,0.2188309199999999
226,30,0.22925955
226,31,0.2224972399999999
226,32,0.22533688
226,33,0.22215710000000002
226,34,0.2200274999999999
226,35,0.2170665999999999
226,36,0.22048318000000003
226,37,0.21142022
226,38,0.20748313
226,39,0.2169406999999999
226,40,0.2118820599999999
226,41,0.2053782499999999
226,42,0.1985064
226,43,0.2097232299999999
226,44,0.2056163499999999
226,45,0.19596773
226,46,0.1918794399999999
226,47,0.23370342000000002
226,48,0.2120900299999999
226,49,0.19703307
226,50,0.19103793
226,51,0.1964211899999999
226,52,0.19356164
226,53,0.1929449399999999
226,54,0.1916513799999999
226,55,0.1939168499999999
226,56,0.1921041299999999
226,57,0.1902766
226,58,0.1889041099999999
226,59,0.19187552
226,60,0.1910226099999999
226,61,0.1902331899999998
226,62,0.1882766599999999
226,63,0.1895965
226,64,0.1895392599999999
226,65,0.1886902299999999
226,66,0.1878934599999999
226,67,0.1907941199999999
226,68,0.1908830299999999
226,69,0.1908361999999999
226,70,0.19068152
226,71,0.1913006999999999
226,72,0.1930145899999999
226,73,0.1946767199999998
226,74,0.19524681
226,75,0.19723456
226,76,0.20005888
226,77,0.2002359199999999
226,78,0.1948065999999998
226,79,0.19689372
226,80,0.1977012
226,81,0.19206602
226,82,0.1922187999999999
226,83,0.2012035999999999
226,84,0.1997812
226,85,0.19818837
226,86,0.19480199
226,87,0.19552854
226,88,0.1950756099999999
226,89,0.1942838699999998
226,90,0.1939989
226,91,0.19665647
226,92,0.1978201699999999
226,93,0.1973234799999999
226,94,0.19854947
226,95,0.19575994
227,0,0.19633773
227,1,0.19936544
227,2,0.1982627599999999
227,3,0.19425
227,4,0.1948299999999999
227,5,0.2043312
227,6,0.2196088
227,7,0.2098799999999999
227,8,0.2142412
227,9,0.2193126799999999
227,10,0.2306681699999998
227,11,0.21527889
227,12,0.2165200599999999
227,13,0.2179661399999999
227,14,0.2256855199999999
227,15,0.20799577
227,16,0.21423925
227,17,0.2231966599999999
227,18,0.22830233000000003
227,19,0.2015288
227,20,0.2048053199999999
227,21,0.21408
227,22,0.2219799999999997
227,23,0.2123012
227,24,0.21881045
227,25,0.2185599999999999
227,26,0.25018317
227,27,0.2125298099999998
227,28,0.2208152199999999
227,29,0.22283396000000003
227,30,0.23509652
227,31,0.2233207699999998
227,32,0.2209541899999999
227,33,0.2170035199999999
227,34,0.2161803799999999
227,35,0.22367240000000002
227,36,0.2178
227,37,0.2043312
227,38,0.19862727
227,39,0.21310251
227,40,0.25079752
227,41,0.1997275099999998
227,42,0.1948294299999998
227,43,0.2076979599999999
227,44,0.20188292
227,45,0.1993697499999999
227,46,0.19570129
227,47,0.2011679499999999
227,48,0.1942653099999998
227,49,0.1923449499999999
227,50,0.19065684
227,51,0.20281786
227,52,0.20286713
227,53,0.19725396
227,54,0.20016862
227,55,0.20808806
227,56,0.2022029799999999
227,57,0.19958449
227,58,0.1974292799999999
227,59,0.2032367
227,60,0.2022377099999999
227,61,0.19933897
227,62,0.1965206899999998
227,63,0.1961986599999998
227,64,0.19981599
227,65,0.1960077199999998
227,66,0.19461404
227,67,0.19691356
227,68,0.19901779
227,69,0.2013239
227,70,0.2029856899999998
227,71,0.20296653
227,72,0.2044264099999999
227,73,0.2093568999999999
227,74,0.21134576
227,75,0.21777052
227,76,0.22787052
227,77,0.2208613099999999
227,78,0.20884512
227,79,0.2187466699999999
227,80,0.2172555599999999
227,81,0.20412209
227,82,0.2050244199999999
227,83,0.20973766
227,84,0.20321071
227,85,0.2023550699999998
227,86,0.19497208
227,87,0.1999202199999999
227,88,0.1978181199999999
227,89,0.19563552
227,90,0.19430687
227,91,0.19589086
227,92,0.1958859299999999
227,93,0.19467979
227,94,0.1899115499999999
227,95,0.1863593899999999
228,0,0.1869972399999999
228,1,0.19098758
228,2,0.1911350299999999
228,3,0.1884016
228,4,0.19158042
228,5,0.1924656899999999
228,6,0.19205803
228,7,0.1913937299999999
228,8,0.19244898
228,9,0.19585934
228,10,0.19494571
228,11,0.1914397799999999
228,12,0.1932790399999999
228,13,0.1932667299999998
228,14,0.19452988
228,15,0.1922206
228,16,0.1942139099999999
228,17,0.1953793899999999
228,18,0.1968289899999999
228,19,0.1953178699999999
228,20,0.19616
228,21,0.20023565
228,22,0.2091858399999999
228,23,0.1944520699999999
228,24,0.19723369
228,25,0.2048586499999999
228,26,0.2168746799999998
228,27,0.1989447
228,28,0.1997951099999998
228,29,0.2142972299999999
228,30,0.2184394899999999
228,31,0.2190998599999999
228,32,0.21689196
228,33,0.21655084
228,34,0.2155547
228,35,0.2264946099999999
228,36,0.22458808
228,37,0.2196492899999998
228,38,0.20690208
228,39,0.2262999999999998
228,40,0.2156779399999999
228,41,0.2129014599999999
228,42,0.20414306
228,43,0.21715994
228,44,0.212248
228,45,0.2045543999999998
228,46,0.2002159599999999
228,47,0.2039580599999998
228,48,0.2016012199999998
228,49,0.2007744399999999
228,50,0.19565179
228,51,0.1980812499999999
228,52,0.1940629999999999
228,53,0.19153638
228,54,0.19087191
228,55,0.19197248
228,56,0.19128193
228,57,0.1907837099999999
228,58,0.18912797
228,59,0.1910919499999999
228,60,0.18979534
228,61,0.18797234
228,62,0.1909870399999998
228,63,0.1906281999999998
228,64,0.1909606999999999
228,65,0.1890933999999999
228,66,0.18856809
228,67,0.19386813
228,68,0.1931411999999999
228,69,0.1941852
228,70,0.19208132
228,71,0.19305051
228,72,0.1967625399999999
228,73,0.1938095699999999
228,74,0.19298171
228,75,0.19259494
228,76,0.19423273
228,77,0.1938896099999999
228,78,0.1917251499999999
228,79,0.19258079
228,80,0.20644751
228,81,0.19063525
228,82,0.18924039
228,83,0.19282767
228,84,0.1909860899999998
228,85,0.1891585999999999
228,86,0.18465545
228,87,0.1898644499999999
228,88,0.1885537699999999
228,89,0.1850800999999998
228,90,0.17745744
228,91,0.1809155
228,92,0.1804789799999999
228,93,0.17969857
228,94,0.1794652099999999
228,95,0.1794059199999998
229,0,0.17945179
229,1,0.1801733199999998
229,2,0.1793085999999999
229,3,0.17946457
229,4,0.1806578
229,5,0.1822153499999998
229,6,0.18114731
229,7,0.1782019499999998
229,8,0.17609663
229,9,0.1763302799999998
229,10,0.1699999999999999
229,11,0.16371203
229,12,0.1627595099999998
229,13,0.17725482
229,14,0.17747954
229,15,0.1590391099999999
229,16,0.1676468599999999
229,17,0.1771665099999999
229,18,0.17581441
229,19,0.1642085399999999
229,20,0.1665924899999999
229,21,0.1770724099999999
229,22,0.1772246799999998
229,23,0.1712908599999999
229,24,0.18005292
229,25,0.1834764499999999
229,26,0.18921596
229,27,0.1848956199999999
229,28,0.1887128999999999
229,29,0.19065708
229,30,0.1988869899999999
229,31,0.1977217599999998
229,32,0.19602406
229,33,0.19515698
229,34,0.1930624999999998
229,35,0.1936222
229,36,0.19284476
229,37,0.1914590699999997
229,38,0.19076514
229,39,0.1981699999999999
229,40,0.1926299999999999
229,41,0.1906011999999999
229,42,0.1892129399999998
229,43,0.20957631
229,44,0.2024326599999999
229,45,0.1935540399999999
229,46,0.19073325
229,47,0.20150289
229,48,0.1927649499999999
229,49,0.19216258
229,50,0.1883916199999999
229,51,0.19110333
229,52,0.18812376
229,53,0.1872586199999999
229,54,0.1850397099999998
229,55,0.18797771
229,56,0.18809974
229,57,0.18705156
229,58,0.18500587
229,59,0.18867023
229,60,0.1893300799999999
229,61,0.1883759299999998
229,62,0.18530187
229,63,0.1883695499999998
229,64,0.18603804
229,65,0.18557921
229,66,0.1864343199999999
229,67,0.1883067699999999
229,68,0.18992308
229,69,0.1903187499999999
229,70,0.19022524
229,71,0.19051477
229,72,0.1928792099999999
229,73,0.1957391599999999
229,74,0.1949727599999999
229,75,0.19272609
229,76,0.1920082399999998
229,77,0.19193358
229,78,0.1890561399999999
229,79,0.2103206199999999
229,80,0.1961195599999999
229,81,0.1900075199999999
229,82,0.1872524299999998
229,83,0.19227257
229,84,0.19122498
229,85,0.19343791
229,86,0.1926753499999999
229,87,0.1991134899999999
229,88,0.1985847099999998
229,89,0.1983370699999999
229,90,0.20133797
229,91,0.1955805
229,92,0.1945115099999999
229,93,0.19396952
229,94,0.1917536399999999
229,95,0.1863357
230,0,0.18662646
230,1,0.18614403
230,2,0.18603447
230,3,0.18603447
230,4,0.18603447
230,5,0.18888809
230,6,0.1868410399999999
230,7,0.18648734
230,8,0.18786698
230,9,0.18932297
230,10,0.1892606
230,11,0.18944374
230,12,0.1898020799999999
230,13,0.19113689
230,14,0.19541867
230,15,0.1891140699999999
230,16,0.1908137499999999
230,17,0.19320628
230,18,0.1926237799999998
230,19,0.1886790499999999
230,20,0.1892036599999999
230,21,0.1914452799999998
230,22,0.1946356999999999
230,23,0.18922215
230,24,0.1923027199999999
230,25,0.1943023799999998
230,26,0.19978226
230,27,0.19127807
230,28,0.1938826599999999
230,29,0.20496449
230,30,0.2137191199999999
230,31,0.2036324399999998
230,32,0.20205311
230,33,0.20331079
230,34,0.1988213899999999
230,35,0.20056405
230,36,0.1994874499999999
230,37,0.1969249299999998
230,38,0.19353053
230,39,0.19604958
230,40,0.1923653399999998
230,41,0.1908781899999999
230,42,0.1894407899999998
230,43,0.1948986299999999
230,44,0.1932132299999999
230,45,0.19062191
230,46,0.18862771
230,47,0.19120023
230,48,0.1901074799999999
230,49,0.18852109
230,50,0.18552641
230,51,0.1894133199999998
230,52,0.18808326
230,53,0.18678956
230,54,0.1850718499999999
230,55,0.1882348699999999
230,56,0.18854516
230,57,0.18862143
230,58,0.1863947499999998
230,59,0.1887682799999999
230,60,0.1886644099999999
230,61,0.18914227
230,62,0.1888992099999999
230,63,0.1899925199999998
230,64,0.18913874
230,65,0.1892406499999999
230,66,0.1890811399999999
230,67,0.18918518
230,68,0.19019114
230,69,0.1964104799999999
230,70,0.19114739
230,71,0.1947568
230,72,0.1990779799999999
230,73,0.19884007
230,74,0.1971298499999999
230,75,0.19810953
230,76,0.19822269
230,77,0.19925254
230,78,0.1931672799999998
230,79,0.2048881
230,80,0.1980998999999999
230,81,0.19189557
230,82,0.1903444199999999
230,83,0.19506291
230,84,0.20018064
230,85,0.19328061
230,86,0.1927646099999999
230,87,0.1901577499999999
230,88,0.19054321
230,89,0.1885799499999998
230,90,0.18846485
230,91,0.18828959
230,92,0.1885572399999999
230,93,0.18832736
230,94,0.18622031
230,95,0.18642161
231,0,0.1861759
231,1,0.1842129199999999
231,2,0.1780329199999999
231,3,0.1781503299999999
231,4,0.180189
231,5,0.1856617499999999
231,6,0.1804278
231,7,0.1859563699999999
231,8,0.18766684
231,9,0.1883417899999999
231,10,0.18982356
231,11,0.18771886
231,12,0.18924747
231,13,0.19025972
231,14,0.19028751
231,15,0.18859765
231,16,0.18936075
231,17,0.19221815
231,18,0.19482129
231,19,0.1879810499999999
231,20,0.1897280199999998
231,21,0.1906720499999999
231,22,0.1934959799999999
231,23,0.18994676
231,24,0.19026421
231,25,0.1931541699999999
231,26,0.19636325
231,27,0.1904074
231,28,0.19343728
231,29,0.20937849
231,30,0.22860128
231,31,0.20259
231,32,0.2037122099999999
231,33,0.20269017
231,34,0.1969735199999999
231,35,0.2091002099999999
231,36,0.20402543
231,37,0.1981092499999999
231,38,0.1947541599999999
231,39,0.2011598299999999
231,40,0.19285141
231,41,0.18987012
231,42,0.18912075
231,43,0.20074801
231,44,0.19773084
231,45,0.19064334
231,46,0.18894437
231,47,0.19870084
231,48,0.19731456
231,49,0.19112296
231,50,0.18948918
231,51,0.1932235
231,52,0.18774116
231,53,0.18739659
231,54,0.18735211
231,55,0.1914934499999999
231,56,0.1910415399999999
231,57,0.1900735899999999
231,58,0.188627
231,59,0.1902899499999999
231,60,0.18968179
231,61,0.18879456
231,62,0.18775712
231,63,0.18790229
231,64,0.18689688
231,65,0.1868800099999999
231,66,0.1868429199999999
231,67,0.1875181
231,68,0.18890846
231,69,0.1876682199999998
231,70,0.18778301
231,71,0.1885453
231,72,0.1888734199999999
231,73,0.18931787
231,74,0.18785703
231,75,0.18761036
231,76,0.18723645
231,77,0.1875969499999999
231,78,0.1865088899999999
231,79,0.1934296399999999
231,80,0.19140493
231,81,0.18604498
231,82,0.18044857
231,83,0.1857033899999999
231,84,0.1835723999999998
231,85,0.1834685399999999
231,86,0.1847017199999999
231,87,0.18586879
231,88,0.18140852
231,89,0.17702262
231,90,0.1767907199999999
231,91,0.1761670899999999
231,92,0.1762137
231,93,0.17627545
231,94,0.17430563
231,95,0.1763742199999998
232,0,0.17700445
232,1,0.17823872
232,2,0.1765723699999998
232,3,0.17581621
232,4,0.17654843
232,5,0.17685051
232,6,0.17627438
232,7,0.1762861599999998
232,8,0.1766905099999999
232,9,0.1785545499999998
232,10,0.1762628199999999
232,11,0.1741427499999999
232,12,0.1746605999999999
232,13,0.1762689699999998
232,14,0.1750599099999999
232,15,0.17173818
232,16,0.17423605
232,17,0.1781033699999999
232,18,0.17608149
232,19,0.1701672
232,20,0.17263894
232,21,0.1790307099999998
232,22,0.17972188
232,23,0.1744744
232,24,0.17709112
232,25,0.1828339499999999
232,26,0.18876207
232,27,0.1834544399999998
232,28,0.18753393
232,29,0.1975596999999999
232,30,0.20023941
232,31,0.1981821299999999
232,32,0.19856969
232,33,0.2000717399999998
232,34,0.19730565
232,35,0.20147441
232,36,0.1993611999999999
232,37,0.1990551599999999
232,38,0.19494392
232,39,0.1990311899999998
232,40,0.1950324
232,41,0.1930213199999998
232,42,0.1911554399999999
232,43,0.1974512
232,44,0.19768
232,45,0.1944288
232,46,0.1900512
232,47,0.1981862599999999
232,48,0.1967683699999998
232,49,0.1931705999999998
232,50,0.1891530099999999
232,51,0.1979195299999999
232,52,0.19396826
232,53,0.19311382
232,54,0.18677373
232,55,0.1892908899999999
232,56,0.1886847999999999
232,57,0.1876621299999999
232,58,0.1866879399999998
232,59,0.1876101299999999
232,60,0.1872264
232,61,0.18686534
232,62,0.1861651599999998
232,63,0.1871195499999998
232,64,0.18594974
232,65,0.18632838
232,66,0.18467651
232,67,0.1861373299999999
232,68,0.18714856
232,69,0.1865628899999999
232,70,0.1863457399999999
232,71,0.1862044699999999
232,72,0.18698456
232,73,0.1872438399999999
232,74,0.18714456
232,75,0.1907042599999999
232,76,0.19579375
232,77,0.1869642399999999
232,78,0.1860866599999999
232,79,0.1878443199999999
232,80,0.18827839
232,81,0.18268945
232,82,0.17233386
232,83,0.18424356
232,84,0.18337614
232,85,0.17082928
232,86,0.1691025899999998
232,87,0.17060896
232,88,0.1689559399999999
232,89,0.1687401899999999
232,90,0.1693269599999999
232,91,0.16696497
232,92,0.1685958899999998
232,93,0.16967061
232,94,0.1694886399999999
232,95,0.1707063899999999
233,0,0.17115495
233,1,0.17098892
233,2,0.17093188
233,3,0.17086305
233,4,0.1712035699999999
233,5,0.17268506
233,6,0.17060264
233,7,0.1693131499999999
233,8,0.1708182899999999
233,9,0.1748949399999999
233,10,0.1750383399999999
233,11,0.1757732
233,12,0.1779075499999998
233,13,0.1801487999999998
233,14,0.1800438699999998
233,15,0.1776945
233,16,0.18009706
233,17,0.1837801099999998
233,18,0.18594979
233,19,0.17769049
233,20,0.18216026
233,21,0.18472921
233,22,0.1929668199999999
233,23,0.18485521
233,24,0.18663032
233,25,0.20001099
233,26,0.2103027499999999
233,27,0.1899953
233,28,0.19766442
233,29,0.2079540799999999
233,30,0.25806258999999976
233,31,0.2016613599999999
233,32,0.2009947299999999
233,33,0.2205394199999999
233,34,0.2049987999999999
233,35,0.2093259999999999
233,36,0.19987802
233,37,0.1987823999999998
233,38,0.1961687999999999
233,39,0.2018408899999999
233,40,0.1965299999999999
233,41,0.19550191
233,42,0.1918965799999999
233,43,0.1989266199999999
233,44,0.1936637999999998
233,45,0.1929928099999999
233,46,0.1901938699999999
233,47,0.1936661499999999
233,48,0.18939856
233,49,0.18794578
233,50,0.1864578
233,51,0.19444607
233,52,0.19283269
233,53,0.19247234
233,54,0.19088704
233,55,0.1914997499999998
233,56,0.1915268799999999
233,57,0.1894696099999999
233,58,0.1896615299999999
233,59,0.18898157
233,60,0.1887026699999999
233,61,0.1879422899999999
233,62,0.18734868
233,63,0.1880763599999998
233,64,0.1874537199999999
233,65,0.18736466
233,66,0.18687997
233,67,0.18814168
233,68,0.1891135099999999
233,69,0.1893800699999999
233,70,0.1891137199999999
233,71,0.1896376599999999
233,72,0.19067069
233,73,0.1951497999999999
233,74,0.2006347599999999
233,75,0.19060601
233,76,0.1967388399999998
233,77,0.19633871
233,78,0.1916496399999999
233,79,0.1998591399999999
233,80,0.1912676499999999
233,81,0.1877462899999999
233,82,0.18631595
233,83,0.1892419
233,84,0.18789551
233,85,0.18695076
233,86,0.1864208199999999
233,87,0.18890041
233,88,0.18722511
233,89,0.18716659
233,90,0.1829899999999999
233,91,0.1906146699999999
233,92,0.18838201
233,93,0.18676117
233,94,0.1847
233,95,0.1884218799999999
234,0,0.1872379499999999
234,1,0.18569879
234,2,0.18464453
234,3,0.18703232
234,4,0.18812592
234,5,0.1856550899999999
234,6,0.18445145
234,7,0.1872546899999999
234,8,0.18800423
234,9,0.1884982399999999
234,10,0.1885533399999999
234,11,0.18473026
234,12,0.18750593
234,13,0.1917719099999999
234,14,0.1960623499999998
234,15,0.1923614
234,16,0.19566816
234,17,0.20575759
234,18,0.2045021
234,19,0.1909569599999999
234,20,0.19420429
234,21,0.2041595199999999
234,22,0.20485279
234,23,0.1891455699999999
234,24,0.1940056
234,25,0.20909464
234,26,0.22082717
234,27,0.1921522099999999
234,28,0.2024201199999999
234,29,0.2146071799999999
234,30,0.24607674999999982
234,31,0.2081594
234,32,0.2056679599999999
234,33,0.2065471999999999
234,34,0.20439525
234,35,0.2052415799999999
234,36,0.2052376299999999
234,37,0.20444595
234,38,0.20304473
234,39,0.2085584999999999
234,40,0.2020774599999999
234,41,0.19966044
234,42,0.19097671
234,43,0.2016112599999999
234,44,0.1997448099999999
234,45,0.1923654999999999
234,46,0.1900979099999999
234,47,0.19793649
234,48,0.1975407999999999
234,49,0.19399811
234,50,0.1909716099999999
234,51,0.1938307199999999
234,52,0.1916263999999999
234,53,0.1908406299999999
234,54,0.1887431499999999
234,55,0.1927095699999998
234,56,0.1915348399999999
234,57,0.1904884899999999
234,58,0.19148151
234,59,0.1941048499999999
234,60,0.19432428
234,61,0.1925107
234,62,0.18991785
234,63,0.1923889099999998
234,64,0.1921923499999999
234,65,0.1914939899999999
234,66,0.1911538599999999
234,67,0.1904711399999999
234,68,0.19173827
234,69,0.1922822599999999
234,70,0.19326551
234,71,0.1916987799999999
234,72,0.1960796699999999
234,73,0.19963298
234,74,0.2006437999999999
234,75,0.19962768
234,76,0.2000564499999998
234,77,0.1989770899999998
234,78,0.1971551599999998
234,79,0.20376528
234,80,0.19912953
234,81,0.19037271
234,82,0.18823112
234,83,0.18985705
234,84,0.18989559
234,85,0.18928011
234,86,0.1869129
234,87,0.19110699
234,88,0.1904468599999999
234,89,0.1881131299999999
234,90,0.18811629
234,91,0.18824085
234,92,0.18740027
234,93,0.1872298899999999
234,94,0.18678422
234,95,0.18827467
235,0,0.18962354
235,1,0.1883970499999999
235,2,0.18833339
235,3,0.18950981
235,4,0.18992416
235,5,0.19172766
235,6,0.19243921
235,7,0.1906362899999999
235,8,0.19267
235,9,0.1959524
235,10,0.1991657599999998
235,11,0.1932987399999998
235,12,0.19571172
235,13,0.2027851699999999
235,14,0.2046899999999999
235,15,0.1929583
235,16,0.19229942
235,17,0.20427256
235,18,0.21279951
235,19,0.1957276299999999
235,20,0.19767502
235,21,0.2070705799999999
235,22,0.21873662
235,23,0.19269024
235,24,0.1917279999999999
235,25,0.20605909
235,26,0.2378312499999999
235,27,0.1968966699999998
235,28,0.20909417
235,29,0.2196707899999999
235,30,0.2485175299999999
235,31,0.2247909299999998
235,32,0.2141052
235,33,0.21016783
235,34,0.20652795
235,35,0.2122533299999998
235,36,0.2097349899999999
235,37,0.2080743299999999
235,38,0.2005122599999998
235,39,0.2086425499999999
235,40,0.2053736599999999
235,41,0.1981810799999999
235,42,0.1930660599999999
235,43,0.2123053299999999
235,44,0.2043136399999999
235,45,0.2009359799999999
235,46,0.19660628
235,47,0.2159522099999999
235,48,0.1995055
235,49,0.19657159
235,50,0.19144258
235,51,0.19501363
235,52,0.19862097
235,53,0.19434763
235,54,0.1962929199999999
235,55,0.19627497
235,56,0.19630137
235,57,0.1942336299999999
235,58,0.19507542
235,59,0.1945413599999998
235,60,0.194327
235,61,0.1932068999999999
235,62,0.1972113
235,63,0.1945424799999999
235,64,0.19700757
235,65,0.1936756399999999
235,66,0.19381144
235,67,0.1948359699999998
235,68,0.19623294
235,69,0.1962679899999999
235,70,0.1939125
235,71,0.19318341
235,72,0.1962978999999998
235,73,0.19807502
235,74,0.19691134
235,75,0.1976523099999998
235,76,0.1981021099999998
235,77,0.19366581
235,78,0.19443406
235,79,0.19185378
235,80,0.1895607699999999
235,81,0.18924693
235,82,0.1906957699999999
235,83,0.1903139999999999
235,84,0.18745221
235,85,0.1856944099999999
235,86,0.18865519
235,87,0.1883122799999999
235,88,0.1869780399999999
235,89,0.18562243
235,90,0.1889938399999998
235,91,0.18754824
235,92,0.1881672
235,93,0.1880401099999999
235,94,0.1867151999999998
235,95,0.18703086
236,0,0.1870863299999998
236,1,0.1865880699999999
236,2,0.1888333799999999
236,3,0.1897268099999999
236,4,0.1934783199999997
236,5,0.19351102
236,6,0.19273647
236,7,0.1956568199999999
236,8,0.1990858999999999
236,9,0.2027564099999998
236,10,0.19730243
236,11,0.1950353599999999
236,12,0.20392131
236,13,0.2281937499999999
236,14,0.19782296
236,15,0.1958314399999999
236,16,0.2038294199999999
236,17,0.2018199199999999
236,18,0.1937048899999999
236,19,0.1937598899999999
236,20,0.1965325299999999
236,21,0.1958895
236,22,0.1930063299999999
236,23,0.1945414899999999
236,24,0.2051037
236,25,0.2024662499999999
236,26,0.1926138299999999
236,27,0.1942846899999999
236,28,0.2013816999999998
236,29,0.21448214
236,30,0.19784269
236,31,0.19592913
236,32,0.1992901799999999
236,33,0.1945338
236,34,0.19975684
236,35,0.19447342
236,36,0.1936056099999999
236,37,0.19163702
236,38,0.20007581
236,39,0.19486362
236,40,0.18937287
236,41,0.17295069
236,42,0.1957649699999999
236,43,0.19310512
236,44,0.19253792
236,45,0.18839538
236,46,0.1987260599999999
236,47,0.1972472799999998
236,48,0.19292618
236,49,0.1881807699999998
236,50,0.1977048599999999
236,51,0.19444263
236,52,0.1952146
236,53,0.18996435
236,54,0.1916469999999999
236,55,0.19465865
236,56,0.1909890099999999
236,57,0.1893990799999998
236,58,0.1920310699999998
236,59,0.19214017
236,60,0.1918315399999998
236,61,0.1899703499999999
236,62,0.1901991499999999
236,63,0.19000609
236,64,0.19014021
236,65,0.18994187
236,66,0.18994576
236,67,0.19146341
236,68,0.19110667
236,69,0.18932077
236,70,0.1915140099999999
236,71,0.19490293
236,72,0.19760318
236,73,0.19152575
236,74,0.1900859399999999
236,75,0.1900510799999999
236,76,0.19138889
236,77,0.1911537499999999
236,78,0.19650435
236,79,0.1931435799999999
236,80,0.1875490999999998
236,81,0.1799740499999998
236,82,0.1801431499999999
236,83,0.1818215199999999
236,84,0.1741520499999999
236,85,0.17136822
236,86,0.17900644
236,87,0.18050684
236,88,0.17633102
236,89,0.1733038
236,90,0.17411195
236,91,0.17548094
236,92,0.1770994
236,93,0.17656149
236,94,0.1743775099999999
236,95,0.18492245
237,0,0.1890625199999999
237,1,0.19010725
237,2,0.18977106
237,3,0.1911723899999998
237,4,0.1929656099999999
237,5,0.1927250699999999
237,6,0.1925724799999999
237,7,0.1947737199999999
237,8,0.20237046
237,9,0.2001198299999999
237,10,0.1894032499999999
237,11,0.19130905
237,12,0.19643312
237,13,0.1996778399999999
237,14,0.1892459999999998
237,15,0.18991995
237,16,0.1941445399999999
237,17,0.19755549
237,18,0.19031425
237,19,0.19334534
237,20,0.19957215
237,21,0.20313337
237,22,0.1955763499999999
237,23,0.19785967
237,24,0.2000683399999999
237,25,0.2247601599999998
237,26,0.20159354
237,27,0.2109487699999999
237,28,0.21198539
237,29,0.2226936899999998
237,30,0.2197880099999999
237,31,0.2136606399999999
237,32,0.21281875
237,33,0.2107588299999999
237,34,0.2128654999999998
237,35,0.2106865399999999
237,36,0.2097570299999999
237,37,0.20500985
237,38,0.2115592399999999
237,39,0.20421466
237,40,0.20127968
237,41,0.19589588
237,42,0.20002935
237,43,0.19799017
237,44,0.2015416599999999
237,45,0.2010846899999999
237,46,0.1996888
237,47,0.19784752
237,48,0.2015412
237,49,0.20001
237,50,0.1987287999999999
237,51,0.1945607899999999
237,52,0.1995299999999999
237,53,0.1983812
237,54,0.1954148
237,55,0.19426
237,56,0.1962718199999999
237,57,0.1960588
237,58,0.19651784
237,59,0.19480353
237,60,0.1954722299999998
237,61,0.1972707199999999
237,62,0.1942767799999999
237,63,0.1951169999999999
237,64,0.19747771
237,65,0.1977826399999999
237,66,0.19826665
237,67,0.1984100499999999
237,68,0.19514784
237,69,0.1964401899999999
237,70,0.19803489
237,71,0.2007184
237,72,0.19680048
237,73,0.1998993899999999
237,74,0.19845207
237,75,0.1946999799999998
237,76,0.20075424
237,77,0.1964128299999999
237,78,0.19361032
237,79,0.19046055
237,80,0.1909830699999999
237,81,0.18954231
237,82,0.1879181899999999
237,83,0.18582732
237,84,0.18950679
237,85,0.18814646
237,86,0.1886619699999999
237,87,0.1872570999999999
237,88,0.1910812399999999
237,89,0.19286226
237,90,0.1904578999999999
237,91,0.19236914
237,92,0.19038061
237,93,0.18981765
237,94,0.19053987
237,95,0.1911893699999998
238,0,0.19077449
238,1,0.1935624999999999
238,2,0.1942754899999999
238,3,0.19944153
238,4,0.19795775
238,5,0.20008473
238,6,0.2013888
238,7,0.2125881899999999
238,8,0.19819222
238,9,0.19953953
238,10,0.2081133299999999
238,11,0.22010542000000002
238,12,0.20556327
238,13,0.20758119
238,14,0.22632760999999987
238,15,0.22757004
238,16,0.2033391499999998
238,17,0.2120122799999998
238,18,0.23147610999999987
238,19,0.23953428000000002
238,20,0.21038577
238,21,0.21720003
238,22,0.23213646000000002
238,23,0.25068848
238,24,0.2305898399999999
238,25,0.24434869
238,26,0.25241588999999975
238,27,0.41760666
238,28,0.37586043
238,29,0.26790488999999984
238,30,0.25856044
238,31,0.2492306399999998
238,32,0.24591292
238,33,0.24106637999999977
238,34,0.22548775000000001
238,35,0.22287125
238,36,0.22186334999999982
238,37,0.2170268
238,38,0.2151329099999999
238,39,0.20973814
238,40,0.22774583
238,41,0.2159928099999999
238,42,0.2167039399999999
238,43,0.2048715999999999
238,44,0.2124042499999998
238,45,0.21087741
238,46,0.20502286
238,47,0.20173083
238,48,0.21301715
238,49,0.20624372
238,50,0.20379186
238,51,0.20250432
238,52,0.20447627
238,53,0.2016907599999998
238,54,0.2003022599999999
238,55,0.1994145
238,56,0.2014627499999999
238,57,0.2015326899999999
238,58,0.20078231
238,59,0.199026
238,60,0.19950482
238,61,0.2012262199999999
238,62,0.20013796
238,63,0.1984008899999998
238,64,0.20126827
238,65,0.20093164
238,66,0.20069986
238,67,0.20040903
238,68,0.1993682799999999
238,69,0.19933177
238,70,0.2007562199999999
238,71,0.20007383
238,72,0.20126652
238,73,0.20170559
238,74,0.20063301
238,75,0.1984945299999999
238,76,0.2023691199999999
238,77,0.20023556
238,78,0.1967150099999999
238,79,0.19076618
238,80,0.1947939699999999
238,81,0.1940846099999999
238,82,0.19141976
238,83,0.1856857499999999
238,84,0.19409809
238,85,0.19265003
238,86,0.1902203499999999
238,87,0.18961765
238,88,0.1934493
238,89,0.19390943
238,90,0.1936810999999999
238,91,0.1951824899999999
238,92,0.19687016
238,93,0.1989909699999999
238,94,0.1997456499999998
238,95,0.2038835799999999
239,0,0.1955293899999998
239,1,0.1978625299999999
239,2,0.20182281
239,3,0.2039701499999999
239,4,0.1994996599999999
239,5,0.2028418899999998
239,6,0.2060208299999998
239,7,0.20989153
239,8,0.20129959
239,9,0.20555197
239,10,0.2111705999999999
239,11,0.2181741599999999
239,12,0.2052213699999999
239,13,0.2078407699999999
239,14,0.22412300999999993
239,15,0.22527625999999992
239,16,0.2049987999999999
239,17,0.2059712
239,18,0.2071612
239,19,0.2123411999999999
239,20,0.21231196
239,21,0.2180112
239,22,0.22939353999999992
239,23,0.24967635000000002
239,24,0.2351111
239,25,0.23578450999999992
239,26,0.3931626899999999
239,27,0.46100719999999973
239,28,0.23561184
239,29,0.24089987
239,30,0.23749666
239,31,0.2448884399999999
239,32,0.23422647
239,33,0.23000652000000002
239,34,0.22931428
239,35,0.2246145199999999
239,36,0.22870164
239,37,0.2222573099999999
239,38,0.2165837699999999
239,39,0.2064191
239,40,0.22399828000000002
239,41,0.22223332999999992
239,42,0.21138801
239,43,0.20561848
239,44,0.21838489
239,45,0.20892017
239,46,0.2039683699999999
239,47,0.1983512899999999
239,48,0.20867553
239,49,0.20513615
239,50,0.19940283
239,51,0.19495249
239,52,0.2016335
239,53,0.19814072
239,54,0.19646314
239,55,0.1945351599999999
239,56,0.20038379
239,57,0.1982206199999999
239,58,0.1971816499999999
239,59,0.19541932
239,60,0.2024424
239,61,0.20148789
239,62,0.20056952
239,63,0.19595958
239,64,0.19986312
239,65,0.20109093
239,66,0.2002086099999999
239,67,0.19876515
239,68,0.19868235
239,69,0.2002
239,70,0.1989845199999998
239,71,0.1981887999999999
239,72,0.20464
239,73,0.2024650899999999
239,74,0.2015012
239,75,0.19597544
239,76,0.20041369
239,77,0.19665646
239,78,0.1945917299999999
239,79,0.1931037399999999
239,80,0.19293835
239,81,0.19204696
239,82,0.18900902
239,83,0.18734404
239,84,0.1929312499999999
239,85,0.19296071
239,86,0.1943999599999999
239,87,0.18957239
239,88,0.19342307
239,89,0.1938796299999998
239,90,0.19278158
239,91,0.19300788
239,92,0.19402916
239,93,0.1944428299999999
239,94,0.19740762
239,95,0.19971933
240,0,0.1957145299999998
240,1,0.1989515
240,2,0.19902016
240,3,0.20276339
240,4,0.19955
240,5,0.19913
240,6,0.2064011999999999
240,7,0.20635224
240,8,0.19955
240,9,0.20341
240,10,0.2102487999999999
240,11,0.2236948899999999
240,12,0.20442
240,13,0.22212562
240,14,0.2301304499999999
240,15,0.23284425
240,16,0.21155711
240,17,0.2146705099999999
240,18,0.22441006
240,19,0.2323171899999998
240,20,0.20836214
240,21,0.2153532299999999
240,22,0.23077728
240,23,0.24605415
240,24,0.22610451
240,25,0.2430665399999998
240,26,0.4013304599999997
240,27,0.26778654999999985
240,28,0.3138338199999998
240,29,0.32279552
240,30,0.2563148999999999
240,31,0.2413095199999998
240,32,0.24257332
240,33,0.23240133
240,34,0.22961048999999992
240,35,0.22169434000000002
240,36,0.22974671
240,37,0.22476832
240,38,0.2142546
240,39,0.20122726
240,40,0.2191795899999999
240,41,0.2089099999999999
240,42,0.2069730399999998
240,43,0.1997019999999999
240,44,0.2106174599999999
240,45,0.2036027299999999
240,46,0.1988699899999998
240,47,0.1964795799999999
240,48,0.2123155599999999
240,49,0.2024509399999999
240,50,0.1995950599999999
240,51,0.19549415
240,52,0.2074309
240,53,0.20544714
240,54,0.2048362499999998
240,55,0.19966377
240,56,0.2022305599999999
240,57,0.2004606399999999
240,58,0.20016685
240,59,0.19922073
240,60,0.20160237
240,61,0.2009243299999999
240,62,0.20014614
240,63,0.1994162
240,64,0.19993718
240,65,0.2010431499999999
240,66,0.20262736
240,67,0.2007653499999999
240,68,0.1977193099999999
240,69,0.20454023
240,70,0.20456222
240,71,0.2138471099999999
240,72,0.21886065
240,73,0.21904983
240,74,0.23916
240,75,0.2072999999999999
240,76,0.20552798
240,77,0.19760585
240,78,0.19672149
240,79,0.1937720299999999
240,80,0.1961152899999998
240,81,0.1971502399999999
240,82,0.19452307
240,83,0.19388339
240,84,0.1939153499999999
240,85,0.1935555199999999
240,86,0.19378061
240,87,0.1939561699999999
240,88,0.1955442299999999
240,89,0.1954334699999998
240,90,0.1978779999999999
240,91,0.1971482199999999
240,92,0.1954762
240,93,0.19650219
240,94,0.19890663
240,95,0.19898875
241,0,0.1957914899999999
241,1,0.1977757799999999
241,2,0.21016356
241,3,0.2122725399999999
241,4,0.2023502499999999
241,5,0.2113914399999999
241,6,0.21203094
241,7,0.2129592699999999
241,8,0.2032496299999999
241,9,0.2099871599999999
241,10,0.2195519699999998
241,11,0.23483985999999993
241,12,0.21783211
241,13,0.21955701
241,14,0.23448760999999987
241,15,0.23763717999999992
241,16,0.2162953199999999
241,17,0.24214613999999993
241,18,0.2221926799999999
241,19,0.239355
241,20,0.21820166
241,21,0.2239603999999998
241,22,0.23340527000000003
241,23,0.30620546999999954
241,24,0.23589014
241,25,0.25975934
241,26,0.26005756
241,27,0.3676931299999999
241,28,0.27024561
241,29,0.25756652999999985
241,30,0.2997745999999998
241,31,0.25642792999999975
241,32,0.2588455399999998
241,33,0.2416301399999999
241,34,0.24018971000000003
241,35,0.22323226
241,36,0.22693137
241,37,0.2264904599999998
241,38,0.21697296
241,39,0.21683521
241,40,0.21707785
241,41,0.21393641
241,42,0.2157576299999999
241,43,0.20721735
241,44,0.2106944299999998
241,45,0.21361622
241,46,0.19849074
241,47,0.1963648199999999
241,48,0.2062584999999999
241,49,0.2012903699999998
241,50,0.2016692699999999
241,51,0.2010002599999999
241,52,0.2023725499999999
241,53,0.19754949
241,54,0.1960743
241,55,0.1949988699999999
241,56,0.19415627
241,57,0.19393627
241,58,0.1941328199999999
241,59,0.19272724
241,60,0.1952826899999999
241,61,0.19508892
241,62,0.1950563999999999
241,63,0.19409822
241,64,0.1943522899999999
241,65,0.1954472599999999
241,66,0.1952378
241,67,0.19823022
241,68,0.1994642499999999
241,69,0.2023558099999998
241,70,0.2044174
241,71,0.2048712
241,72,0.21783049
241,73,0.2130525399999999
241,74,0.24261548000000002
241,75,0.2171263399999999
241,76,0.2341317499999999
241,77,0.2067392999999999
241,78,0.2077657899999999
241,79,0.19864644
241,80,0.1970279
241,81,0.2053753999999999
241,82,0.1960276499999998
241,83,0.2004165299999999
241,84,0.20285508
241,85,0.1996197999999999
241,86,0.20268411
241,87,0.19971721
241,88,0.20021141
241,89,0.20095678
241,90,0.2010438499999998
241,91,0.1982898399999999
241,92,0.2009451099999999
241,93,0.20875368
241,94,0.20701333
241,95,0.24035986
242,0,0.2096296999999999
242,1,0.21306501
242,2,0.2249088499999999
242,3,0.23198595000000002
242,4,0.20277233
242,5,0.20196422
242,6,0.2036511299999999
242,7,0.20036392
242,8,0.2033879499999999
242,9,0.20505895
242,10,0.2217783099999999
242,11,0.24497194000000003
242,12,0.2103664999999999
242,13,0.2083553199999999
242,14,0.22883963999999993
242,15,0.23660264
242,16,0.20521629
242,17,0.2064943299999999
242,18,0.2163739399999999
242,19,0.2196587799999998
242,20,0.22109167
242,21,0.22375229
242,22,0.24081528
242,23,0.2114906099999998
242,24,0.20503331
242,25,0.2120833499999999
242,26,0.2160255999999999
242,27,0.23673497000000002
242,28,0.23234828999999987
242,29,0.2165413799999999
242,30,0.22016618000000002
242,31,0.2081409299999999
242,32,0.22315509000000003
242,33,0.20641716
242,34,0.2030778399999999
242,35,0.19955939
242,36,0.20666382
242,37,0.20260915
242,38,0.1980974599999999
242,39,0.1941173999999999
242,40,0.20623065
242,41,0.2059399099999999
242,42,0.1975214299999998
242,43,0.19374793
242,44,0.1955940699999999
242,45,0.19443654
242,46,0.19194735
242,47,0.18970108
242,48,0.1968762
242,49,0.1953577099999999
242,50,0.19551148
242,51,0.19483528
242,52,0.2009681999999999
242,53,0.2003736699999999
242,54,0.19597403
242,55,0.19479377
242,56,0.19732016
242,57,0.19645176
242,58,0.1955145199999998
242,59,0.19491258
242,60,0.1968070799999999
242,61,0.1964656899999999
242,62,0.2017382599999999
242,63,0.21332599
242,64,0.1934759999999999
242,65,0.19457754
242,66,0.2004984199999999
242,67,0.2030730399999999
242,68,0.2001917799999999
242,69,0.2009687799999999
242,70,0.2025681999999999
242,71,0.20001009
242,72,0.20151721
242,73,0.1987026199999998
242,74,0.19487894
242,75,0.19101382
242,76,0.19805822
242,77,0.19469305
242,78,0.1926296499999999
242,79,0.1880616399999999
242,80,0.1954881699999999
242,81,0.19434946
242,82,0.1934795799999999
242,83,0.1908161399999998
242,84,0.19304975
242,85,0.19484722
242,86,0.19445929
242,87,0.19423762
242,88,0.19449146
242,89,0.1938324399999999
242,90,0.19231955
242,91,0.18869413
242,92,0.1880566899999999
242,93,0.19217529
242,94,0.1921425499999999
242,95,0.19208223
243,0,0.1877880499999999
243,1,0.18818672
243,2,0.1910282999999999
243,3,0.1875884
243,4,0.1869430799999999
243,5,0.1865611
243,6,0.1875634399999998
243,7,0.1878154199999999
243,8,0.18344163
243,9,0.18512762
243,10,0.1865825299999998
243,11,0.1868451299999998
243,12,0.1831606
243,13,0.1861740899999999
243,14,0.19127474
243,15,0.1945506
243,16,0.1904733499999999
243,17,0.19151663
243,18,0.19458354
243,19,0.20866726
243,20,0.19379142
243,21,0.20219325
243,22,0.20791071
243,23,0.31350734999999974
243,24,0.21397902
243,25,0.2229261499999999
243,26,0.2230188699999999
243,27,0.20455323
243,28,0.2125016
243,29,0.21161104
243,30,0.20437093
243,31,0.2020002399999998
243,32,0.2203760799999999
243,33,0.20444114
243,34,0.20058628
243,35,0.1982905599999999
243,36,0.2070434399999998
243,37,0.2034539199999999
243,38,0.2006392399999998
243,39,0.1959172999999999
243,40,0.2037727999999999
243,41,0.1975260199999998
243,42,0.19852068
243,43,0.19563489
243,44,0.2042273799999999
243,45,0.20207373
243,46,0.19818832
243,47,0.2061317799999999
243,48,0.2126019099999999
243,49,0.21999906
243,50,0.2034302699999998
243,51,0.1958116399999997
243,52,0.20244196
243,53,0.20246903
243,54,0.19822074
243,55,0.19706249
243,56,0.20239297
243,57,0.1987526899999999
243,58,0.19755574
243,59,0.1959837799999998
243,60,0.1952900099999999
243,61,0.19600219
243,62,0.19763268
243,63,0.1966405099999999
243,64,0.19769358
243,65,0.19793502
243,66,0.20292351
243,67,0.20386302
243,68,0.20153007
243,69,0.2077146799999999
243,70,0.2192123799999999
243,71,0.19961003
243,72,0.20373903
243,73,0.2006214
243,74,0.1958289199999999
243,75,0.1947018999999999
243,76,0.19640684
243,77,0.19475485
243,78,0.19537889
243,79,0.1891708
243,80,0.19314229
243,81,0.19313215
243,82,0.19003068
243,83,0.1817759099999999
243,84,0.18930101
243,85,0.18916037
243,86,0.1887109899999999
243,87,0.18200599
243,88,0.18166281
243,89,0.18144564
243,90,0.1825625399999999
243,91,0.18135932
243,92,0.1816652799999999
243,93,0.18240612
243,94,0.18357558
243,95,0.18294356
244,0,0.1837237599999999
244,1,0.18510377
244,2,0.18466859
244,3,0.1848618299999999
244,4,0.1856974299999998
244,5,0.1877416
244,6,0.1914306699999998
244,7,0.19030098
244,8,0.1891332799999999
244,9,0.1907944899999999
244,10,0.19264983
244,11,0.19700549
244,12,0.19745128
244,13,0.2035510099999999
244,14,0.2246898899999998
244,15,0.22112215
244,16,0.19070758
244,17,0.19511548
244,18,0.2083292799999999
244,19,0.2211876899999999
244,20,0.20279226
244,21,0.2121663899999999
244,22,0.23491799
244,23,0.27847871
244,24,0.22437632999999982
244,25,0.22014609999999993
244,26,0.2193369999999999
244,27,0.21916906
244,28,0.2244729899999999
244,29,0.22118332
244,30,0.22269417
244,31,0.2094141199999999
244,32,0.22783583
244,33,0.2180915299999999
244,34,0.2164082199999999
244,35,0.2046127999999999
244,36,0.22220394000000002
244,37,0.21331434
244,38,0.20766836
244,39,0.20218547
244,40,0.2086967599999999
244,41,0.2045146699999999
244,42,0.2024434499999998
244,43,0.19624465
244,44,0.20249052
244,45,0.1987994899999999
244,46,0.1967701899999999
244,47,0.1957117
244,48,0.1978665799999999
244,49,0.19678271
244,50,0.19659047
244,51,0.1955952399999999
244,52,0.19923805
244,53,0.1978771799999999
244,54,0.19659388
244,55,0.1958005599999999
244,56,0.19755693
244,57,0.1969258499999999
244,58,0.1969878399999998
244,59,0.19697285
244,60,0.1969755699999999
244,61,0.19701283
244,62,0.2007758699999999
244,63,0.1988704499999999
244,64,0.19743135
244,65,0.19906485
244,66,0.2024953099999999
244,67,0.20317456
244,68,0.2036025599999999
244,69,0.20279506
244,70,0.20471901
244,71,0.1996220699999999
244,72,0.20187267
244,73,0.1986325799999999
244,74,0.1965441
244,75,0.1930782
244,76,0.1956820199999999
244,77,0.19460871
244,78,0.19322081
244,79,0.18710463
244,80,0.1930220299999999
244,81,0.19248391
244,82,0.1913317199999999
244,83,0.18524646
244,84,0.1857347899999999
244,85,0.18566124
244,86,0.1867415
244,87,0.1866286199999999
244,88,0.18722226
244,89,0.18723995
244,90,0.18808531
244,91,0.18722479
244,92,0.18760926
244,93,0.18830692
244,94,0.19206515
244,95,0.1921017599999999
245,0,0.1914210599999999
245,1,0.1940518199999999
245,2,0.1961436299999999
245,3,0.1971382299999998
245,4,0.1925251699999999
245,5,0.1940918199999998
245,6,0.19844485
245,7,0.2039804699999998
245,8,0.19375
245,9,0.1955892699999999
245,10,0.2014883199999999
245,11,0.2055651899999999
245,12,0.19505809
245,13,0.19701282
245,14,0.19819938
245,15,0.2071173399999999
245,16,0.1966335899999998
245,17,0.2029708999999999
245,18,0.2125440599999999
245,19,0.25201474
245,20,0.20685502
245,21,0.22791724
245,22,0.25942836
245,23,0.23175944
245,24,0.23121086999999987
245,25,0.226067
245,26,0.2220886799999999
245,27,0.2146630399999999
245,28,0.22207247
245,29,0.2196104599999999
245,30,0.21505242
245,31,0.2059954799999999
245,32,0.22005405000000003
245,33,0.2197482499999999
245,34,0.2103842599999998
245,35,0.2074320499999999
245,36,0.22629277
245,37,0.2119498299999999
245,38,0.2138859299999999
245,39,0.20429329
245,40,0.21526979
245,41,0.20867411
245,42,0.20512606
245,43,0.20102638
245,44,0.2000348499999999
245,45,0.1976205899999999
245,46,0.1972081299999997
245,47,0.1955366699999999
245,48,0.19779011
245,49,0.1969672199999999
245,50,0.19644583
245,51,0.1956539699999999
245,52,0.2002543199999999
245,53,0.1989302
245,54,0.19793668
245,55,0.1965984
245,56,0.1995407999999999
245,57,0.19963712
245,58,0.19968473
245,59,0.1988056599999999
245,60,0.19783422
245,61,0.19950847
245,62,0.19944055
245,63,0.19839217
245,64,0.19996606
245,65,0.2002593099999999
245,66,0.2019621
245,67,0.2014585299999998
245,68,0.20115404
245,69,0.2002928599999999
245,70,0.19925972
245,71,0.19656957
245,72,0.19995627
245,73,0.19682425
245,74,0.19424175
245,75,0.18889803
245,76,0.1926775899999999
245,77,0.18851344
245,78,0.18345065
245,79,0.1781145999999999
245,80,0.1884837399999999
245,81,0.18105018
245,82,0.17856251
245,83,0.17731595
245,84,0.1799987999999999
245,85,0.18184994
245,86,0.18436041
245,87,0.18439605
245,88,0.18639962
245,89,0.1873985699999999
245,90,0.1891884
245,91,0.18927475
245,92,0.18795105
245,93,0.1920493399999999
245,94,0.1944806099999998
245,95,0.1945804599999999
246,0,0.1932849799999999
246,1,0.1959995199999999
246,2,0.2018639599999999
246,3,0.21004244
246,4,0.1960338599999999
246,5,0.1965360099999999
246,6,0.2007511999999999
246,7,0.2184499999999999
246,8,0.1955219299999999
246,9,0.19772435
246,10,0.2075305999999999
246,11,0.20779396
246,12,0.19707952
246,13,0.1978794499999999
246,14,0.1996659699999998
246,15,0.2107577
246,16,0.1966891299999999
246,17,0.20024545
246,18,0.21365472
246,19,0.2544432099999999
246,20,0.2167656399999999
246,21,0.23006874000000002
246,22,0.24462624000000002
246,23,0.3898650199999997
246,24,0.2392247199999998
246,25,0.24215136
246,26,0.24251567
246,27,0.2281602899999999
246,28,0.22734803
246,29,0.2228836699999999
246,30,0.22213279
246,31,0.21520397
246,32,0.22213701
246,33,0.2201654699999999
246,34,0.21721679
246,35,0.20494505
246,36,0.22785155999999981
246,37,0.2206266599999999
246,38,0.2121727699999999
246,39,0.20228785
246,40,0.2075478299999998
246,41,0.2001607299999999
246,42,0.1978315999999998
246,43,0.19707583
246,44,0.2013747899999998
246,45,0.2018539499999999
246,46,0.19988704
246,47,0.19710249
246,48,0.20119604
246,49,0.1994622199999999
246,50,0.1984480599999999
246,51,0.1971512
246,52,0.19894878
246,53,0.19890164
246,54,0.19782454
246,55,0.1969201099999999
246,56,0.20057602
246,57,0.1986501199999999
246,58,0.19778167
246,59,0.1969803399999999
246,60,0.1986591399999999
246,61,0.19779546
246,62,0.1974264
246,63,0.19672594
246,64,0.1983796399999999
246,65,0.1987695599999999
246,66,0.1988729399999998
246,67,0.1978089099999999
246,68,0.1972865899999999
246,69,0.19777534
246,70,0.19671961
246,71,0.1955506399999998
246,72,0.20066291
246,73,0.19679775
246,74,0.19220623
246,75,0.1650495199999999
246,76,0.18680185
246,77,0.17239374
246,78,0.16467916
246,79,0.16320017
246,80,0.1726721199999999
246,81,0.16923797
246,82,0.17688322
246,83,0.17301845
246,84,0.1782303099999999
246,85,0.18125407
246,86,0.1831467499999998
246,87,0.18364647
246,88,0.18431727
246,89,0.18660071
246,90,0.19130938
246,91,0.1956925299999999
246,92,0.1918698399999999
246,93,0.1944064999999999
246,94,0.19661597
246,95,0.1986550299999999
247,0,0.19998808
247,1,0.2007837999999999
247,2,0.20454458
247,3,0.2225390199999999
247,4,0.2007328399999999
247,5,0.20021733
247,6,0.2160360699999998
247,7,0.22473797999999992
247,8,0.20815007
247,9,0.20158873
247,10,0.2017018199999999
247,11,0.2054160099999999
247,12,0.2056036299999999
247,13,0.1992310699999999
247,14,0.2060618899999998
247,15,0.2127576199999999
247,16,0.25211181999999965
247,17,0.21390277
247,18,0.2259808
247,19,0.2378864199999999
247,20,0.24533259
247,21,0.22842789
247,22,0.2220180699999997
247,23,0.22374697000000002
247,24,0.21714698
247,25,0.22367214
247,26,0.2204899799999999
247,27,0.2208799599999998
247,28,0.2137351699999999
247,29,0.23653879000000003
247,30,0.2204227899999999
247,31,0.2183072399999998
247,32,0.2051580599999999
247,33,0.2198584499999999
247,34,0.2198441199999999
247,35,0.20989865
247,36,0.20427646
247,37,0.21542297
247,38,0.2117220899999999
247,39,0.2039491699999999
247,40,0.20049666
247,41,0.2144143499999999
247,42,0.2040038199999999
247,43,0.20331974
247,44,0.1996474399999999
247,45,0.2034770399999998
247,46,0.2002158
247,47,0.1985357799999999
247,48,0.19648445
247,49,0.20096816
247,50,0.20013501
247,51,0.19847222
247,52,0.19677037
247,53,0.2003612599999999
247,54,0.2003611099999997
247,55,0.19979913
247,56,0.1981345799999999
247,57,0.20022386
247,58,0.19982979
247,59,0.19971029
247,60,0.19824907
247,61,0.20068017
247,62,0.19983982
247,63,0.20050218
247,64,0.20002254
247,65,0.2028481
247,66,0.20276402
247,67,0.20373449
247,68,0.19782164
247,69,0.2088280599999999
247,70,0.1992157999999999
247,71,0.19530512
247,72,0.1929532
247,73,0.1939021199999999
247,74,0.1919698699999999
247,75,0.19151033
247,76,0.187411
247,77,0.19496642
247,78,0.19406098
247,79,0.19408053
247,80,0.19375506
247,81,0.19640436
247,82,0.1978477899999999
247,83,0.1977665999999999
247,84,0.19754699
247,85,0.19862604
247,86,0.19964263
247,87,0.20312251
247,88,0.2051964
247,89,0.1985260199999998
247,90,0.20190302
247,91,0.2039015299999998
247,92,0.20358486
247,93,0.2014639299999999
247,94,0.20134594
247,95,0.21114454
248,0,0.23816932999999987
248,1,0.20712053
248,2,0.21078186
248,3,0.22748397
248,4,0.24086579
248,5,0.2124489099999998
248,6,0.2168395199999999
248,7,0.2284110299999997
248,8,0.24376118
248,9,0.20961474
248,10,0.2168080399999999
248,11,0.22924972000000002
248,12,0.24057564
248,13,0.21777353
248,14,0.22907182
248,15,0.2374211199999999
248,16,0.27443956
248,17,0.2430142199999998
248,18,0.36387393
248,19,0.29855995
248,20,0.49014279999999966
248,21,0.24479083999999982
248,22,0.24632784999999982
248,23,0.24267345999999992
248,24,0.23186414000000002
248,25,0.23604892000000002
248,26,0.22963975
248,27,0.22897924999999972
248,28,0.2201521199999998
248,29,0.22915340999999992
248,30,0.2295670599999999
248,31,0.2255848299999997
248,32,0.2110889799999999
248,33,0.2332754499999999
248,34,0.2263838999999999
248,35,0.2219736799999998
248,36,0.2061459699999999
248,37,0.2119966599999999
248,38,0.2096988699999999
248,39,0.2070063399999999
248,40,0.20450144
248,41,0.2078092
248,42,0.2060600299999999
248,43,0.2033106599999999
248,44,0.21237472
248,45,0.2075647
248,46,0.19918656
248,47,0.19774756
248,48,0.1963047599999999
248,49,0.19781386
248,50,0.1977860899999998
248,51,0.19726401
248,52,0.1969663999999999
248,53,0.19769187
248,54,0.1982691899999999
248,55,0.19795952
248,56,0.19816082
248,57,0.19791635
248,58,0.19836323
248,59,0.19945504
248,60,0.19830106
248,61,0.20195306
248,62,0.2064049499999999
248,63,0.2086501799999998
248,64,0.22067268999999992
248,65,0.21442518
248,66,0.23273311
248,67,0.2325254999999998
248,68,0.21284224
248,69,0.2290126499999999
248,70,0.21063694
248,71,0.20605614
248,72,0.19723472
248,73,0.2003238399999999
248,74,0.1985162099999999
248,75,0.19781363
248,76,0.1973447699999999
248,77,0.2006565
248,78,0.2008945899999999
248,79,0.2013948599999999
248,80,0.20083254
248,81,0.1986203799999999
248,82,0.2033414699999998
248,83,0.2066815299999999
248,84,0.20597299
248,85,0.20166396
248,86,0.2033505399999998
248,87,0.2091343
248,88,0.2090395699999999
248,89,0.2102427499999999
248,90,0.2144157299999999
248,91,0.2132192999999999
248,92,0.22220008
248,93,0.22
248,94,0.2235231399999997
248,95,0.22646745
249,0,0.2365623999999998
249,1,0.2326112
249,2,0.24165
249,3,0.25449999999999984
249,4,0.28439384
249,5,0.2441570499999999
249,6,0.25205898999999965
249,7,0.26964367
249,8,0.27879617
249,9,0.2949749799999998
249,10,0.28449999999999975
249,11,0.28224989999999983
249,12,0.3261770799999998
249,13,0.2688138
249,14,0.2954624
249,15,0.7616423999999998
249,16,1.16275226
249,17,1.1635
249,18,1.1618
249,19,1.1617000000000002
249,20,1.1549131
249,21,1.1860443999999999
249,22,1.234339
249,23,0.5734849499999999
249,24,0.2819266799999999
249,25,0.26233726
249,26,0.25234990999999973
249,27,0.25130028999999976
249,28,0.23970841
249,29,0.24743494000000002
249,30,0.24153601
249,31,0.2428694099999998
249,32,0.22993919999999993
249,33,0.25141915999999975
249,34,0.2382604899999999
249,35,0.2330721099999998
249,36,0.22316079000000003
249,37,0.22804034999999992
249,38,0.22706027999999992
249,39,0.22131583000000002
249,40,0.2147154
249,41,0.2366917899999997
249,42,0.23111802
249,43,0.2209151699999999
249,44,0.2121061299999999
249,45,0.23410371
249,46,0.22962427
249,47,0.22920808
249,48,0.2175113699999999
249,49,0.2215662399999999
249,50,0.2182587299999999
249,51,0.21433311
249,52,0.2067784399999999
249,53,0.2139866499999999
249,54,0.2118458499999999
249,55,0.21002959
249,56,0.20640707
249,57,0.20511252
249,58,0.2068070299999999
249,59,0.2123686299999999
249,60,0.2113626799999998
249,61,0.2206641699999999
249,62,0.22720131000000002
249,63,0.23560111999999991
249,64,0.25544924999999985
249,65,0.2326652299999998
249,66,0.24342835
249,67,0.2460307099999999
249,68,0.23899963999999987
249,69,0.27378882999999976
249,70,0.23651879
249,71,0.23388326
249,72,0.21418104
249,73,0.2230649099999998
249,74,0.2076712
249,75,0.2000112
249,76,0.19972607
249,77,0.21031459
249,78,0.2098280099999999
249,79,0.2117018799999999
249,80,0.21151823
249,81,0.2107413699999999
249,82,0.2137915
249,83,0.21832679
249,84,0.22363734999999987
249,85,0.22367498
249,86,0.23236651
249,87,0.23643051
249,88,0.24486340999999992
249,89,0.23222132999999992
249,90,0.24012194
249,91,0.2570793299999997
249,92,0.25602848999999983
249,93,0.2401888
249,94,0.2557603199999998
249,95,0.27602170999999975
250,0,0.28417289999999984
250,1,0.2710480599999999
250,2,0.2789882
250,3,0.2900567199999998
250,4,0.33996229999999983
250,5,0.28460909999999984
250,6,0.34219346999999956
250,7,0.32646361999999973
250,8,0.43353012
250,9,0.2895571699999999
250,10,0.33871328999999983
250,11,0.33440132
250,12,0.34271812
250,13,0.3199388699999999
250,14,0.3860309399999998
250,15,0.4712268399999999
250,16,1.2045436
250,17,0.91405273
250,18,1.1937468
250,19,1.1602
250,20,1.1637000000000002
250,21,1.15
250,22,1.15
250,23,0.9982187499999999
250,24,0.3214611999999998
250,25,0.34039933999999983
250,26,0.32288198999999984
250,27,0.30466647
250,28,0.2927634099999997
250,29,0.3018572099999999
250,30,0.2892496299999999
250,31,0.2751636399999998
250,32,0.26661517999999984
250,33,0.27678044999999984
250,34,0.2637207899999999
250,35,0.24787757000000002
250,36,0.2373015899999998
250,37,0.2560511099999999
250,38,0.23913453999999992
250,39,0.23286569999999981
250,40,0.2231639399999998
250,41,0.25933874
250,42,0.25637120999999985
250,43,0.25358225999999984
250,44,0.23132086999999993
250,45,0.25108631999999975
250,46,0.23812819
250,47,0.2303449
250,48,0.2152755499999999
250,49,0.24194677
250,50,0.23468821999999992
250,51,0.2339591
250,52,0.2261913999999999
250,53,0.25755275
250,54,0.25054710999999985
250,55,0.2408003599999999
250,56,0.2283440999999999
250,57,0.24393647999999993
250,58,0.24308176
250,59,0.26040275999999984
250,60,0.24307576
250,61,0.23780088000000002
250,62,0.25922710999999976
250,63,0.26299439
250,64,0.23958661
250,65,0.22841418
250,66,0.23970243
250,67,0.23873464000000003
250,68,0.23797348999999993
250,69,0.26053221999999976
250,70,0.24859504000000002
250,71,0.23904498
250,72,0.2124707699999999
250,73,0.23853789
250,74,0.22737787
250,75,0.22682414999999992
250,76,0.2143134199999999
250,77,0.22257132
250,78,0.2360411999999998
250,79,0.2450105
250,80,0.24289999999999992
250,81,0.26563008
250,82,0.2668869799999998
250,83,0.26837592
250,84,0.2585153499999999
250,85,0.25620405
250,86,0.25865123999999984
250,87,0.26428684
250,88,0.26847531999999985
250,89,0.26856053
250,90,0.2756815699999998
250,91,0.27956892
250,92,0.28840946999999983
250,93,0.2863318599999999
250,94,0.30210552999999973
250,95,0.31743986999999974
251,0,0.39472463999999974
251,1,0.3023841199999999
251,2,0.3554527399999998
251,3,0.36277437999999973
251,4,0.3966594999999997
251,5,0.3597700699999997
251,6,0.37524303999999964
251,7,0.40218226999999973
251,8,0.6913492
251,9,0.36512246999999953
251,10,0.40896984999999964
251,11,0.4614199999999997
251,12,0.5048595999999999
251,13,0.5776974799999999
251,14,0.7484784999999999
251,15,0.8827380000000001
251,16,1.1538454000000005
251,17,0.58090787
251,18,0.5632595499999999
251,19,1.14779956
251,20,1.1422008
251,21,0.5068236
251,22,0.4724111999999999
251,23,0.36585999999999974
251,24,0.3599224499999998
251,25,0.33927072
251,26,0.33852539999999964
251,27,0.29840862
251,28,0.2614938499999999
251,29,0.2634052099999997
251,30,0.2411834899999998
251,31,0.24924446000000003
251,32,0.2229713099999999
251,33,0.26375342
251,34,0.25280935999999976
251,35,0.2407358199999999
251,36,0.2246118299999997
251,37,0.2451560899999999
251,38,0.23225726
251,39,0.21458501
251,40,0.20514868
251,41,0.24486465
251,42,0.2372790299999998
251,43,0.2435581499999999
251,44,0.2290191899999999
251,45,0.2387029699999997
251,46,0.2237942899999998
251,47,0.2220902099999997
251,48,0.2143874599999999
251,49,0.22912766999999992
251,50,0.21503966
251,51,0.2199558599999999
251,52,0.2151687299999999
251,53,0.2080411899999999
251,54,0.20793777
251,55,0.2095302799999999
251,56,0.210366
251,57,0.20926243
251,58,0.21670699
251,59,0.2307862899999998
251,60,0.22648054999999992
251,61,0.22476447000000002
251,62,0.23388506
251,63,0.24374481
251,64,0.24511942
251,65,0.21294442
251,66,0.23257968999999992
251,67,0.26358331999999984
251,68,0.25087629999999983
251,69,0.23537642
251,70,0.22652524999999993
251,71,0.22743512000000002
251,72,0.2082721699999999
251,73,0.21268036
251,74,0.21808723
251,75,0.2187661199999999
251,76,0.2159815699999999
251,77,0.2176068199999999
251,78,0.2154206799999999
251,79,0.21443784
251,80,0.2108746099999998
251,81,0.21816454
251,82,0.2131979899999999
251,83,0.2142550299999999
251,84,0.21290587
251,85,0.2085108699999999
251,86,0.2074349399999999
251,87,0.2049813899999999
251,88,0.21227938
251,89,0.2111551699999999
251,90,0.22119101
251,91,0.21572212
251,92,0.23554424999999993
251,93,0.2186509999999999
251,94,0.22043079000000002
251,95,0.2314993599999999
252,0,0.22652818
252,1,0.2077583599999999
252,2,0.20928654
252,3,0.22329815
252,4,0.2208762899999999
252,5,0.21210039
252,6,0.21703
252,7,0.21703
252,8,0.2180102599999999
252,9,0.2059160899999998
252,10,0.21498855
252,11,0.23106269
252,12,0.22039635999999987
252,13,0.20802387
252,14,0.21097274
252,15,0.23878312999999982
252,16,0.27373077
252,17,0.2229008699999999
252,18,0.24227976999999992
252,19,0.26970264
252,20,0.2810131399999999
252,21,0.26762597
252,22,0.25908215
252,23,0.24770815
252,24,0.24071043
252,25,0.25721253
252,26,0.23523217
252,27,0.22710717
252,28,0.21235173
252,29,0.2271461499999999
252,30,0.22367986999999992
252,31,0.2165004999999999
252,32,0.21137434
252,33,0.225897
252,34,0.22553915
252,35,0.2149818
252,36,0.21200322
252,37,0.2169338499999999
252,38,0.2126248999999999
252,39,0.2086141799999999
252,40,0.20421107
252,41,0.2088475199999999
252,42,0.20613983
252,43,0.2044043999999999
252,44,0.2039949399999999
252,45,0.2071431199999999
252,46,0.20600325
252,47,0.2047343999999999
252,48,0.2025104699999998
252,49,0.2066097999999999
252,50,0.2027266199999998
252,51,0.2014192699999999
252,52,0.1996685599999999
252,53,0.20013983
252,54,0.2000318999999999
252,55,0.19964455
252,56,0.19832615
252,57,0.20010935
252,58,0.2008144899999999
252,59,0.2003913
252,60,0.19939542
252,61,0.20247628
252,62,0.2027176299999999
252,63,0.2062045299999998
252,64,0.2086196599999999
252,65,0.20644952
252,66,0.20513134
252,67,0.2030320699999999
252,68,0.19974065
252,69,0.2049446399999999
252,70,0.20108122
252,71,0.19955912
252,72,0.1938452999999998
252,73,0.19705445
252,74,0.1962048599999997
252,75,0.1860076999999998
252,76,0.18464323
252,77,0.19710897
252,78,0.1966677099999999
252,79,0.1967409799999999
252,80,0.18841575
252,81,0.18818758
252,82,0.1929634199999998
252,83,0.19080209
252,84,0.19043186
252,85,0.1911402799999998
252,86,0.1965020499999999
252,87,0.1989133
252,88,0.2034664399999999
252,89,0.2029977899999999
252,90,0.20672878
252,91,0.20858353
252,92,0.21613005
252,93,0.2060390399999999
252,94,0.2094204899999999
252,95,0.2183777399999999
253,0,0.23608166
253,1,0.2083279799999999
253,2,0.2092441699999999
253,3,0.2139400299999999
253,4,0.2529199999999999
253,5,0.21214418
253,6,0.2143796899999999
253,7,0.24197082
253,8,0.25139804
253,9,0.2158069299999999
253,10,0.22146629999999992
253,11,0.23407229
253,12,0.2431112399999998
253,13,0.21100871
253,14,0.2150431599999999
253,15,0.22874946
253,16,0.3524375199999997
253,17,0.23923622000000003
253,18,0.25800504
253,19,0.33511376999999953
253,20,0.3325615399999998
253,21,0.26035767
253,22,0.26623628
253,23,0.24832976999999992
253,24,0.24326162999999992
253,25,0.2415105399999999
253,26,0.2375697099999999
253,27,0.23158409
253,28,0.2150055199999999
253,29,0.2484389599999999
253,30,0.2374317699999999
253,31,0.2219388999999999
253,32,0.21563174
253,33,0.2385264699999999
253,34,0.2236588199999999
253,35,0.21455638
253,36,0.2099227099999999
253,37,0.21754905
253,38,0.20969642
253,39,0.2096107599999999
253,40,0.2062925199999999
253,41,0.22258802000000003
253,42,0.2114844599999999
253,43,0.21046134
253,44,0.2074745899999999
253,45,0.2122569899999999
253,46,0.20778522
253,47,0.20697795
253,48,0.2046239199999999
253,49,0.20907466
253,50,0.2072090999999999
253,51,0.2051759199999999
253,52,0.2031804799999998
253,53,0.20517763
253,54,0.2051114299999999
253,55,0.20348913
253,56,0.20244893
253,57,0.2067000999999998
253,58,0.2072185
253,59,0.2068893299999999
253,60,0.20468174
253,61,0.20361862
253,62,0.2069866799999999
253,63,0.2037096399999998
253,64,0.2058311
253,65,0.20448483
253,66,0.2041955599999998
253,67,0.20698313
253,68,0.20399988
253,69,0.20582396
253,70,0.20196264
253,71,0.2008216899999998
253,72,0.1942218099999999
253,73,0.1988888899999999
253,74,0.20421897
253,75,0.2078395099999999
253,76,0.2008442999999999
253,77,0.19893831
253,78,0.19917318
253,79,0.2008717099999999
253,80,0.19904359
253,81,0.20280517
253,82,0.20378889
253,83,0.2064267099999999
253,84,0.2111156999999998
253,85,0.2090192699999999
253,86,0.2083728199999999
253,87,0.2003020399999999
253,88,0.2031102399999998
253,89,0.20708494
253,90,0.2119070099999999
253,91,0.2215912999999999
253,92,0.22576049
253,93,0.20826543
253,94,0.2132710599999999
253,95,0.22236293
254,0,0.25180015
254,1,0.2188859199999999
254,2,0.21645386
254,3,0.2391494499999999
254,4,0.23273434
254,5,0.20814221
254,6,0.2143126199999999
254,7,0.24756373
254,8,0.22036905999999992
254,9,0.2100925599999999
254,10,0.21052663
254,11,0.2183019799999999
254,12,0.23163458
254,13,0.2067724299999999
254,14,0.21191616
254,15,0.22844337
254,16,0.25090210999999973
254,17,0.23804207000000002
254,18,0.24410165999999991
254,19,0.2662712199999999
254,20,0.2857351499999998
254,21,0.26847807999999984
254,22,0.26619077999999985
254,23,0.24865887
254,24,0.2296102799999998
254,25,0.23810398000000002
254,26,0.22883319
254,27,0.21913754
254,28,0.2119257199999999
254,29,0.22858956
254,30,0.21957764
254,31,0.21495356
254,32,0.2090723
254,33,0.21511627
254,34,0.21044431
254,35,0.20626133
254,36,0.20176525
254,37,0.2060484799999999
254,38,0.2023069299999998
254,39,0.20046097
254,40,0.1977512
254,41,0.20202096
254,42,0.19873923
254,43,0.2005151599999998
254,44,0.1988122999999998
254,45,0.2002663499999999
254,46,0.19955994
254,47,0.19894034
254,48,0.1979732399999999
254,49,0.1984757399999999
254,50,0.1981107799999999
254,51,0.1978903099999999
254,52,0.1951282599999998
254,53,0.2015578499999999
254,54,0.20087332
254,55,0.19586209
254,56,0.1950371799999999
254,57,0.1926789599999999
254,58,0.1941931699999999
254,59,0.1948259199999999
254,60,0.1954893899999999
254,61,0.1988324599999999
254,62,0.2005828
254,63,0.20255306
254,64,0.20321298
254,65,0.20150514
254,66,0.2035153799999999
254,67,0.20384256
254,68,0.20334642
254,69,0.2053684499999999
254,70,0.20446669
254,71,0.1970631
254,72,0.1822807
254,73,0.19828579
254,74,0.18720103
254,75,0.1783151699999998
254,76,0.1769351499999999
254,77,0.1854868499999999
254,78,0.18322684
254,79,0.1830762699999999
254,80,0.18163542
254,81,0.18450906
254,82,0.18975944
254,83,0.18842959
254,84,0.19105637
254,85,0.19581014
254,86,0.1984647199999999
254,87,0.2003335299999999
254,88,0.2015760899999999
254,89,0.20176347
254,90,0.20334367
254,91,0.2062156299999999
254,92,0.20683272
254,93,0.2058345899999999
254,94,0.2064934099999998
254,95,0.20413862
255,0,0.2312097199999998
255,1,0.2141543199999999
255,2,0.21475982
255,3,0.2258672899999998
255,4,0.23958494
255,5,0.2149710299999999
255,6,0.2166327699999999
255,7,0.24203972999999993
255,8,0.24368013000000002
255,9,0.2132722899999999
255,10,0.21858005
255,11,0.2252431299999997
255,12,0.2493761999999999
255,13,0.2147895299999999
255,14,0.2179394499999999
255,15,0.24178511
255,16,0.2621924
255,17,0.2403729999999998
255,18,0.25936448
255,19,0.26529585
255,20,0.31212061999999974
255,21,0.2625942499999999
255,22,0.2553645299999999
255,23,0.25037962
255,24,0.23831945000000002
255,25,0.25115756999999983
255,26,0.2466090399999998
255,27,0.23092198
255,28,0.21343836
255,29,0.22725151000000002
255,30,0.2198045699999999
255,31,0.2165533999999999
255,32,0.20861574
255,33,0.2230662799999998
255,34,0.2079505099999999
255,35,0.2051388599999999
255,36,0.2096974999999999
255,37,0.20427306
255,38,0.20117753
255,39,0.1994897999999999
255,40,0.2099169599999999
255,41,0.2069398599999999
255,42,0.20502076
255,43,0.2022897599999999
255,44,0.20651543
255,45,0.20468998
255,46,0.20246257
255,47,0.20020098
255,48,0.20243286
255,49,0.20250967
255,50,0.2029551299999999
255,51,0.20210382
255,52,0.20186665
255,53,0.20241767
255,54,0.20265868
255,55,0.20232374
255,56,0.20273062
255,57,0.2031617799999999
255,58,0.20369786
255,59,0.20362346
255,60,0.2045215999999998
255,61,0.2069267799999999
255,62,0.20843388
255,63,0.2114645399999999
255,64,0.2099897499999999
255,65,0.21189871
255,66,0.21332858
255,67,0.2126739
255,68,0.21245539
255,69,0.2079488199999999
255,70,0.20474609
255,71,0.20259409
255,72,0.2021287999999998
255,73,0.2034902499999999
255,74,0.2025402399999999
255,75,0.20025605
255,76,0.20226119
255,77,0.20208251
255,78,0.2012002099999999
255,79,0.19287146
255,80,0.2005582
255,81,0.20174706
255,82,0.20084077
255,83,0.20127846
255,84,0.2019780299999999
255,85,0.20194849
255,86,0.2008631499999999
255,87,0.20416857
255,88,0.20354252
255,89,0.2051981899999999
255,90,0.2066344699999999
255,91,0.2065397299999999
255,92,0.20551671
255,93,0.20580979
255,94,0.2078061999999998
255,95,0.21258569
256,0,0.20423024
256,1,0.20786294
256,2,0.2177130699999999
256,3,0.2163192
256,4,0.20569809
256,5,0.2067685
256,6,0.2156083899999999
256,7,0.2213486399999999
256,8,0.20720803
256,9,0.21148551
256,10,0.2165857299999999
256,11,0.22467394
256,12,0.21053945
256,13,0.2172017899999999
256,14,0.2276559499999999
256,15,0.2525826299999999
256,16,0.22755858999999992
256,17,0.2429628899999999
256,18,0.2433855499999998
256,19,0.24973827
256,20,0.25079971
256,21,0.24608873
256,22,0.24543670999999992
256,23,0.22600847
256,24,0.2343540399999999
256,25,0.22680641999999981
256,26,0.2241290899999999
256,27,0.2115454299999999
256,28,0.2229668799999999
256,29,0.2121574399999999
256,30,0.2114151899999999
256,31,0.2086253299999998
256,32,0.2143990999999999
256,33,0.2117674499999999
256,34,0.2082803
256,35,0.20415086
256,36,0.20869337
256,37,0.2065791099999999
256,38,0.2029162699999999
256,39,0.19804116
256,40,0.20269882
256,41,0.2027305199999998
256,42,0.20230301
256,43,0.2013820399999999
256,44,0.20263006
256,45,0.2016024099999999
256,46,0.20157543
256,47,0.2004309099999999
256,48,0.20229462
256,49,0.2024100399999999
256,50,0.2021940499999999
256,51,0.1999993599999999
256,52,0.20169666
256,53,0.2015313799999999
256,54,0.20156284
256,55,0.2013088899999999
256,56,0.20019786
256,57,0.2016724999999999
256,58,0.2007287999999999
256,59,0.20187878
256,60,0.1991455
256,61,0.2013043099999999
256,62,0.20266203
256,63,0.2034474799999999
256,64,0.20467292
256,65,0.2073840199999999
256,66,0.20830077
256,67,0.2062047
256,68,0.2071375899999999
256,69,0.2064424299999999
256,70,0.20289799
256,71,0.19714143
256,72,0.2022793499999998
256,73,0.20179423
256,74,0.19503729
256,75,0.18856082
256,76,0.2007363699999998
256,77,0.19532945
256,78,0.19871737
256,79,0.1899991899999999
256,80,0.1929963999999999
256,81,0.19356201
256,82,0.1932373199999999
256,83,0.19050345
256,84,0.19233764
256,85,0.1936944899999998
256,86,0.19563574
256,87,0.1984988399999999
256,88,0.1948449
256,89,0.19781788
256,90,0.2012492599999999
256,91,0.20162109
256,92,0.2014623999999999
256,93,0.2023424
256,94,0.2035014799999999
256,95,0.2044180099999999
257,0,0.201572
257,1,0.2027931
257,2,0.20851422
257,3,0.21099245
257,4,0.20107928
257,5,0.20212251
257,6,0.20661205
257,7,0.2089825099999999
257,8,0.1997224
257,9,0.20384158
257,10,0.2062411999999999
257,11,0.2188512
257,12,0.1986703499999999
257,13,0.20554043
257,14,0.22120900000000002
257,15,0.22500404
257,16,0.22617349
257,17,0.22169016
257,18,0.22087843999999993
257,19,0.2412233
257,20,0.2355704499999999
257,21,0.23260097999999987
257,22,0.23588433
257,23,0.22182051
257,24,0.22596136000000003
257,25,0.22614351000000002
257,26,0.22319863999999992
257,27,0.2136699299999999
257,28,0.22348558
257,29,0.2138749999999999
257,30,0.20983789
257,31,0.20591579
257,32,0.2155099999999999
257,33,0.2130330299999999
257,34,0.2043179199999999
257,35,0.20198568
257,36,0.2068828999999999
257,37,0.20578854
257,38,0.20355668
257,39,0.2002344399999999
257,40,0.20602091
257,41,0.20438881
257,42,0.20307788
257,43,0.2011714099999999
257,44,0.20154316
257,45,0.2014501199999999
257,46,0.2005321799999999
257,47,0.1990601099999999
257,48,0.20297788
257,49,0.20310224
257,50,0.2026801899999999
257,51,0.2014503799999999
257,52,0.20206556
257,53,0.20173489
257,54,0.2019593499999999
257,55,0.20174962
257,56,0.20168286
257,57,0.20167851
257,58,0.20166348
257,59,0.20164821
257,60,0.19925594
257,61,0.20356406
257,62,0.2057875799999998
257,63,0.20446
257,64,0.20507847
257,65,0.2054965799999999
257,66,0.2065133499999999
257,67,0.2053473499999999
257,68,0.20989348
257,69,0.20851666
257,70,0.20635504
257,71,0.19169769
257,72,0.2069082999999998
257,73,0.2011953999999998
257,74,0.18686252
257,75,0.18209029
257,76,0.2006778899999998
257,77,0.19069722
257,78,0.19238752
257,79,0.1868189999999999
257,80,0.19047688
257,81,0.1916319699999999
257,82,0.1910987499999999
257,83,0.1904834299999999
257,84,0.18445644
257,85,0.18829998
257,86,0.1851247399999999
257,87,0.18970726
257,88,0.19148655
257,89,0.1936961499999999
257,90,0.19400253
257,91,0.1950156799999998
257,92,0.19657943
257,93,0.1983825399999998
257,94,0.20049099
257,95,0.2006131399999999
258,0,0.1963691
258,1,0.1991275299999998
258,2,0.20099617
258,3,0.2005927299999998
258,4,0.18583787
258,5,0.1940141199999999
258,6,0.2010122899999999
258,7,0.2028038299999999
258,8,0.18892322
258,9,0.1942190399999999
258,10,0.19797128
258,11,0.2075592999999999
258,12,0.18225488
258,13,0.2015533099999999
258,14,0.20512116
258,15,0.21976066
258,16,0.2065765399999999
258,17,0.2126158
258,18,0.22433
258,19,0.2259612
258,20,0.23288742999999992
258,21,0.2337987499999998
258,22,0.2279701699999999
258,23,0.2209684499999999
258,24,0.23707572000000002
258,25,0.23281234999999992
258,26,0.22655108999999982
258,27,0.2107974899999999
258,28,0.21955464
258,29,0.21133111
258,30,0.2090282199999999
258,31,0.2058564699999999
258,32,0.2155785999999999
258,33,0.2146133599999999
258,34,0.20952057
258,35,0.2066227299999999
258,36,0.2084618299999999
258,37,0.2057926799999999
258,38,0.2052639299999999
258,39,0.2019754999999999
258,40,0.2079644699999999
258,41,0.2049833999999999
258,42,0.20579597
258,43,0.2046498699999999
258,44,0.2064704899999999
258,45,0.2063403999999999
258,46,0.20573608
258,47,0.20418469
258,48,0.2050149
258,49,0.2051171
258,50,0.20505389
258,51,0.2041872599999999
258,52,0.20615324
258,53,0.2060134499999999
258,54,0.2056479199999999
258,55,0.2176204799999999
258,56,0.2144231099999999
258,57,0.2091810899999999
258,58,0.2073872299999999
258,59,0.2075581699999999
258,60,0.2054614099999999
258,61,0.2062567199999999
258,62,0.20891284
258,63,0.21058631
258,64,0.2088064999999999
258,65,0.21108193
258,66,0.2122331099999999
258,67,0.20952495
258,68,0.2112018
258,69,0.2087261299999999
258,70,0.20767468
258,71,0.2020297399999999
258,72,0.20952688
258,73,0.20577281
258,74,0.20540861
258,75,0.20207097
258,76,0.20348317
258,77,0.20362599
258,78,0.20283139
258,79,0.1994265199999998
258,80,0.1997423999999999
258,81,0.1975212
258,82,0.1965811999999999
258,83,0.18935535
258,84,0.1875112
258,85,0.1888999999999999
258,86,0.1927981099999999
258,87,0.18964235
258,88,0.1898260499999998
258,89,0.1890154599999998
258,90,0.2012401399999999
258,91,0.20119012
258,92,0.20310698
258,93,0.2022596999999999
258,94,0.2031554599999999
258,95,0.2047027599999999
259,0,0.2080335999999999
259,1,0.2044754299999999
259,2,0.2051277499999998
259,3,0.2145289699999999
259,4,0.2161938
259,5,0.2173493299999999
259,6,0.21477875
259,7,0.22204557
259,8,0.2244853099999999
259,9,0.20081147
259,10,0.2119231899999999
259,11,0.22231883
259,12,0.27404651
259,13,0.2172996499999999
259,14,0.23021726
259,15,0.23893916
259,16,0.22494003999999992
259,17,0.22734275
259,18,0.23194772
259,19,0.2248230399999999
259,20,0.21859562
259,21,0.24354436999999982
259,22,0.22735500999999977
259,23,0.2183454899999999
259,24,0.2107766599999999
259,25,0.21881349
259,26,0.2170805099999999
259,27,0.2078632799999999
259,28,0.20491048
259,29,0.21591628
259,30,0.2123881299999999
259,31,0.2076092
259,32,0.20486832
259,33,0.2174273799999999
259,34,0.21367329
259,35,0.2147827799999999
259,36,0.2058917799999998
259,37,0.2171894499999999
259,38,0.20763397
259,39,0.20812928
259,40,0.20503437
259,41,0.2078965599999999
259,42,0.20673338
259,43,0.2047288099999999
259,44,0.2039200899999999
259,45,0.2041725199999998
259,46,0.2038108299999999
259,47,0.20326098
259,48,0.20204516
259,49,0.2055522699999999
259,50,0.20402464
259,51,0.2035401299999999
259,52,0.2023871099999999
259,53,0.2027287999999999
259,54,0.2034892999999999
259,55,0.2027287999999999
259,56,0.2009612
259,57,0.2034892999999999
259,58,0.2047343199999998
259,59,0.2047343199999998
259,60,0.2047343199999998
259,61,0.2067847099999999
259,62,0.2070985699999999
259,63,0.2089850399999999
259,64,0.20404582
259,65,0.21240693
259,66,0.2043377999999999
259,67,0.2008708499999999
259,68,0.19584567
259,69,0.2022079799999999
259,70,0.19907138
259,71,0.19798582
259,72,0.19531341
259,73,0.20376338
259,74,0.2026949799999998
259,75,0.2016846199999999
259,76,0.1909154199999999
259,77,0.20155494
259,78,0.19267575
259,79,0.1912856599999998
259,80,0.1903685899999999
259,81,0.1918440899999999
259,82,0.1912364299999999
259,83,0.1967011099999999
259,84,0.1910441199999999
259,85,0.18919781
259,86,0.19211637
259,87,0.19585673
259,88,0.1974710499999999
259,89,0.1877388799999998
259,90,0.1889127099999999
259,91,0.1899457499999998
259,92,0.1941519
259,93,0.19064748
259,94,0.1906495699999999
259,95,0.19212916
260,0,0.19090389
260,1,0.1864299999999999
260,2,0.1907862
260,3,0.1987006699999999
260,4,0.20143168
260,5,0.1794399299999998
260,6,0.1815085099999999
260,7,0.1883471599999999
260,8,0.2000136299999998
260,9,0.1813868599999999
260,10,0.19503175
260,11,0.2073767
260,12,0.24865127
260,13,0.20110707
260,14,0.20264198
260,15,0.20535789
260,16,0.2142749099999999
260,17,0.21978429
260,18,0.2227041399999999
260,19,0.2390641799999997
260,20,0.2150896099999998
260,21,0.2193011899999999
260,22,0.2091034199999999
260,23,0.2043842099999999
260,24,0.20084689
260,25,0.2117552299999998
260,26,0.2104963399999999
260,27,0.2065751599999999
260,28,0.20368734
260,29,0.22179896000000002
260,30,0.2128660999999999
260,31,0.20914992
260,32,0.20351222
260,33,0.2212315
260,34,0.2108226
260,35,0.2079046299999999
260,36,0.2046943199999999
260,37,0.2074484499999999
260,38,0.2047053
260,39,0.2030851699999999
260,40,0.2010922799999999
260,41,0.2039677899999999
260,42,0.2028681799999999
260,43,0.2028198
260,44,0.20007511
260,45,0.20098863
260,46,0.20287133
260,47,0.20167759
260,48,0.20005722
260,49,0.20089291
260,50,0.20069733
260,51,0.2007344099999999
260,52,0.1985741099999998
260,53,0.20031107
260,54,0.2010006599999998
260,55,0.20053821
260,56,0.1943303499999999
260,57,0.19784803
260,58,0.20191113
260,59,0.2027454199999999
260,60,0.19975933
260,61,0.21279397
260,62,0.2146098299999999
260,63,0.21635642
260,64,0.2036430399999998
260,65,0.21003576
260,66,0.20828721
260,67,0.19421554
260,68,0.18647697
260,69,0.1874563999999999
260,70,0.18236813
260,71,0.1819419
260,72,0.18857108
260,73,0.1912121699999999
260,74,0.18726467
260,75,0.1889133899999999
260,76,0.17019415
260,77,0.18215715
260,78,0.1811765699999999
260,79,0.1500028899999998
260,80,0.1894574399999999
260,81,0.18934507
260,82,0.1865877799999999
260,83,0.18344345
260,84,0.18299241
260,85,0.1808303299999999
260,86,0.1853603
260,87,0.1831936799999998
260,88,0.18924837
260,89,0.18996599
260,90,0.1878045699999999
260,91,0.1894736999999999
260,92,0.1888103599999999
260,93,0.18983026
260,94,0.1888117299999999
260,95,0.1875742799999999
261,0,0.18554655
261,1,0.1719814899999999
261,2,0.1842346299999999
261,3,0.1818564899999999
261,4,0.18442743
261,5,0.1723622199999999
261,6,0.1846403399999999
261,7,0.19181007
261,8,0.19495503
261,9,0.1845467599999999
261,10,0.1926076399999998
261,11,0.20932117
261,12,0.27541773999999974
261,13,0.2014088599999998
261,14,0.2080176299999999
261,15,0.24086665
261,16,0.2599191599999999
261,17,0.2167992299999999
261,18,0.23046726999999992
261,19,0.2242929499999999
261,20,0.21688015
261,21,0.24471245
261,22,0.22705866
261,23,0.22073093000000002
261,24,0.2103672899999999
261,25,0.2162533999999999
261,26,0.2212776799999999
261,27,0.21338669
261,28,0.20963888
261,29,0.2160307399999999
261,30,0.21309977
261,31,0.2072815999999999
261,32,0.2033988699999999
261,33,0.2060914099999999
261,34,0.20453287
261,35,0.2035731199999998
261,36,0.2006525799999998
261,37,0.20306806
261,38,0.20170717
261,39,0.2020400799999999
261,40,0.19780143
261,41,0.19808211
261,42,0.1978284999999999
261,43,0.1967949499999998
261,44,0.1938242899999999
261,45,0.1956605599999999
261,46,0.1946867799999999
261,47,0.1946695499999998
261,48,0.19417065
261,49,0.1949526099999999
261,50,0.19688891
261,51,0.1961454199999999
261,52,0.1975818299999999
261,53,0.2001226999999999
261,54,0.2014958099999998
261,55,0.2016755599999999
261,56,0.2015092599999998
261,57,0.2021552999999999
261,58,0.2053249799999998
261,59,0.20715281
261,60,0.2077987999999999
261,61,0.2075510199999999
261,62,0.2265452099999998
261,63,0.2195104199999999
261,64,0.21072907
261,65,0.24422309
261,66,0.2089604699999999
261,67,0.20442204
261,68,0.19924331
261,69,0.21209501
261,70,0.20529501
261,71,0.20198804
261,72,0.1954768899999999
261,73,0.1972287899999999
261,74,0.1991316199999999
261,75,0.18808379
261,76,0.1859230799999999
261,77,0.2002873899999999
261,78,0.19507688
261,79,0.18820519
261,80,0.1833050199999999
261,81,0.18839935
261,82,0.1883734499999998
261,83,0.18880966
261,84,0.19022207
261,85,0.1958657099999999
261,86,0.2002456199999999
261,87,0.20249456
261,88,0.2071684299999999
261,89,0.1946279299999999
261,90,0.2019511899999999
261,91,0.20631199
261,92,0.2019692
261,93,0.19392281
261,94,0.19563215
261,95,0.2014871
262,0,0.2037532999999999
262,1,0.19740452
262,2,0.19972781
262,3,0.2016635999999999
262,4,0.2072052899999999
262,5,0.19873063
262,6,0.2070191099999999
262,7,0.2083055799999998
262,8,0.20393152
262,9,0.2072173
262,10,0.2234514499999998
262,11,0.27608392999999964
262,12,0.22294086
262,13,0.23931359999999982
262,14,0.24483142
262,15,0.2717332299999998
262,16,0.2679714799999998
262,17,0.23501913
262,18,0.2465480299999999
262,19,0.23122605
262,20,0.23686052
262,21,0.23523492
262,22,0.2208302999999999
262,23,0.21401572
262,24,0.220681
262,25,0.2203124799999999
262,26,0.21588678
262,27,0.20961689
262,28,0.2186585399999999
262,29,0.21728828
262,30,0.2151938399999998
262,31,0.20676287
262,32,0.2159503599999999
262,33,0.21131993
262,34,0.2069525999999999
262,35,0.20499912
262,36,0.2079568299999999
262,37,0.2070959399999999
262,38,0.20635382
262,39,0.20423568
262,40,0.2068397199999999
262,41,0.2053501999999999
262,42,0.2041350799999998
262,43,0.20210263
262,44,0.2067772199999999
262,45,0.2067900299999999
262,46,0.20487359
262,47,0.20344032
262,48,0.2044221499999998
262,49,0.20412104
262,50,0.2037421799999999
262,51,0.20293938
262,52,0.20413038
262,53,0.20443906
262,54,0.2054874599999999
262,55,0.2044573899999999
262,56,0.2027559599999999
262,57,0.20348981
262,58,0.2060759999999999
262,59,0.20545
262,60,0.20567969
262,61,0.20590545
262,62,0.21046613
262,63,0.20734723
262,64,0.21331929
262,65,0.2097519
262,66,0.2063112799999999
262,67,0.2017985699999999
262,68,0.2073093399999999
262,69,0.20148042
262,70,0.1949917399999998
262,71,0.17961399
262,72,0.20068196
262,73,0.19792129
262,74,0.1874361199999999
262,75,0.17737601
262,76,0.19463139
262,77,0.19972004
262,78,0.1941981299999998
262,79,0.18525811
262,80,0.1858275399999999
262,81,0.1987275199999999
262,82,0.1996979499999999
262,83,0.2021326899999999
262,84,0.20392011
262,85,0.20580192
262,86,0.20777562
262,87,0.20928934
262,88,0.20205211
262,89,0.20525617
262,90,0.2088322899999999
262,91,0.2105525899999999
262,92,0.20979592
262,93,0.2111257399999999
262,94,0.21657526
262,95,0.28550215
263,0,0.2116998699999999
263,1,0.2135129399999999
263,2,0.22461530999999982
263,3,0.26432707
263,4,0.21990098
263,5,0.23337356
263,6,0.30499162
263,7,0.48290555
263,8,0.2342191499999999
263,9,0.2331916499999999
263,10,0.38044206
263,11,0.33329467999999984
263,12,0.33308406
263,13,0.5921494399999999
263,14,1.0030169
263,15,0.4524686999999997
263,16,0.4195704699999999
263,17,0.27638065999999983
263,18,0.26849363999999976
263,19,0.25375901
263,20,0.25330178999999975
263,21,0.24720959
263,22,0.2369526399999999
263,23,0.22720663
263,24,0.24459432
263,25,0.22891227
263,26,0.22906285
263,27,0.21508126
263,28,0.23909433
263,29,0.22763777999999993
263,30,0.2219261499999999
263,31,0.2119763499999999
263,32,0.2229418399999998
263,33,0.21684256
263,34,0.2128579099999999
263,35,0.20826501
263,36,0.22011981
263,37,0.20867618
263,38,0.21203529
263,39,0.2050997699999999
263,40,0.2106527699999998
263,41,0.2062366
263,42,0.2081855699999999
263,43,0.2038405199999998
263,44,0.20826512
263,45,0.2058485199999999
263,46,0.2051045399999999
263,47,0.2032808499999999
263,48,0.2049051299999999
263,49,0.2053678499999998
263,50,0.20407707
263,51,0.2019017399999998
263,52,0.20468782
263,53,0.2047468399999999
263,54,0.2081615399999999
263,55,0.20484807
263,56,0.2046051499999999
263,57,0.2078131799999999
263,58,0.2119752899999999
263,59,0.21351097
263,60,0.2236493899999998
263,61,0.2245535
263,62,0.23251857
263,63,0.2199083299999999
263,64,0.22574745
263,65,0.2098752499999999
263,66,0.21203173
263,67,0.2029496199999998
263,68,0.20394354
263,69,0.19775364
263,70,0.20458672
263,71,0.1968508699999999
263,72,0.20396203
263,73,0.20325629
263,74,0.20372402
263,75,0.2028285199999999
263,76,0.2031477599999999
263,77,0.20545864
263,78,0.20496161
263,79,0.2046668999999999
263,80,0.20443318
263,81,0.204713
263,82,0.20590755
263,83,0.2050985799999999
263,84,0.2046179699999999
263,85,0.20564378
263,86,0.2113624399999999
263,87,0.20820047
263,88,0.2083347699999999
263,89,0.21324278
263,90,0.2205446999999999
263,91,0.25751632999999985
263,92,0.22234798000000003
263,93,0.23441343
263,94,0.25371745
263,95,0.28057533
264,0,0.21988412
264,1,0.23691847000000002
264,2,0.24438650999999992
264,3,0.3094088899999998
264,4,0.2113483199999999
264,5,0.21327574
264,6,0.22707839999999987
264,7,0.27117141999999983
264,8,0.2149705499999999
264,9,0.2183329299999999
264,10,0.2395106499999999
264,11,0.28978362
264,12,0.2600266299999999
264,13,0.27359073
264,14,0.3139562499999998
264,15,0.2615613299999999
264,16,0.25292309999999985
264,17,0.24158412999999992
264,18,0.24080594000000002
264,19,0.2303604499999999
264,20,0.2331149299999998
264,21,0.22480387
264,22,0.22265214000000003
264,23,0.2129538
264,24,0.25012192
264,25,0.22722764999999992
264,26,0.2173305099999999
264,27,0.2092764
264,28,0.22912868
264,29,0.2313482999999998
264,30,0.2110769499999999
264,31,0.2072281299999999
264,32,0.2137743499999999
264,33,0.20696708
264,34,0.2042177
264,35,0.2046952199999999
264,36,0.2091219399999999
264,37,0.20512322
264,38,0.2035921299999999
264,39,0.20179259
264,40,0.20274912
264,41,0.2024511199999999
264,42,0.2017232
264,43,0.2010649399999998
264,44,0.2021079399999999
264,45,0.2011216399999999
264,46,0.20115892
264,47,0.19996316
264,48,0.20197339
264,49,0.20228327
264,50,0.2016837
264,51,0.2010972
264,52,0.20116615
264,53,0.20172362
264,54,0.20205422
264,55,0.20038798
264,56,0.2001288799999999
264,57,0.20384928
264,58,0.20420142
264,59,0.2050695099999999
264,60,0.2030271099999999
264,61,0.20382004
264,62,0.20573184
264,63,0.20631132
264,64,0.2095312799999999
264,65,0.20380433
264,66,0.20219037
264,67,0.19915042
264,68,0.20325703
264,69,0.2016896399999999
264,70,0.2005073
264,71,0.1994340799999999
264,72,0.2017917599999999
264,73,0.2024612
264,74,0.2002046399999999
264,75,0.20209083
264,76,0.20227527
264,77,0.2023035399999999
264,78,0.2026434899999999
264,79,0.20160846
264,80,0.20232674
264,81,0.20258123
264,82,0.20354047
264,83,0.2045642099999998
264,84,0.20271459
264,85,0.20561943
264,86,0.2067576099999999
264,87,0.21683675
264,88,0.20268506
264,89,0.2035787
264,90,0.2115586699999999
264,91,0.2100589999999998
264,92,0.2085652499999999
264,93,0.2208561799999997
264,94,0.2279020199999999
264,95,0.2219754199999999
265,0,0.2102648999999999
265,1,0.2358911
265,2,0.24366444
265,3,0.25375950999999974
265,4,0.2213179199999998
265,5,0.2188725399999999
265,6,0.23209770999999987
265,7,0.2757145999999999
265,8,0.21599478
265,9,0.22270834999999992
265,10,0.24399901999999982
265,11,0.2495498899999998
265,12,0.2268006
265,13,0.23272684000000002
265,14,0.23234237
265,15,0.22781827000000002
265,16,0.24434535999999982
265,17,0.2349521199999999
265,18,0.22620732000000002
265,19,0.2178668999999999
265,20,0.2261354599999997
265,21,0.2101758199999999
265,22,0.2075928899999999
265,23,0.2030828
265,24,0.2164496
265,25,0.2173746899999999
265,26,0.2086312599999999
265,27,0.2048407599999999
265,28,0.22289382
265,29,0.21598588
265,30,0.20759591
265,31,0.20305972
265,32,0.21335072
265,33,0.2052510599999999
265,34,0.2031626199999999
265,35,0.20183798
265,36,0.2124772899999999
265,37,0.20613766
265,38,0.2051435499999999
265,39,0.20498927
265,40,0.20381999
265,41,0.20440916
265,42,0.2039734699999999
265,43,0.2039019799999999
265,44,0.2066013599999999
265,45,0.20619209
265,46,0.2062621399999999
265,47,0.20543318
265,48,0.20541187
265,49,0.2052213399999999
265,50,0.2052711599999999
265,51,0.20541568
265,52,0.20549752
265,53,0.20591751
265,54,0.20693686
265,55,0.20755366
265,56,0.2060030099999999
265,57,0.20672046
265,58,0.21283153
265,59,0.2135570499999999
265,60,0.2102882099999999
265,61,0.21831138
265,62,0.23091920000000002
265,63,0.2199708399999999
265,64,0.23121019
265,65,0.22664187
265,66,0.2091861299999998
265,67,0.20504181
265,68,0.2096143899999999
265,69,0.20786031
265,70,0.20978642
265,71,0.22578856
265,72,0.21269959
265,73,0.21154619
265,74,0.2087920299999998
265,75,0.2044968899999999
265,76,0.20487154
265,77,0.20523016
265,78,0.20919521
265,79,0.2080579299999999
265,80,0.2095348199999999
265,81,0.2119765799999998
265,82,0.21101001
265,83,0.2134589599999999
265,84,0.2121778799999999
265,85,0.2223941099999999
265,86,0.2241881399999999
265,87,0.2499214199999998
265,88,0.21051512
265,89,0.2163628899999999
265,90,0.22571317
265,91,0.24800461
265,92,0.21911973
265,93,0.2321692599999999
265,94,0.23267058
265,95,0.24993395
266,0,0.21963179
266,1,0.2249438899999999
266,2,0.2285185199999998
266,3,0.23776769
266,4,0.2181319799999999
266,5,0.2214838299999999
266,6,0.22745279999999993
266,7,0.22925562000000002
266,8,0.21061515
266,9,0.20993562
266,10,0.2172299999999999
266,11,0.24673512
266,12,0.2218880399999997
266,13,0.22540247
266,14,0.21945156
266,15,0.2167880999999999
266,16,0.22497525999999993
266,17,0.2176644699999999
266,18,0.2115723099999999
266,19,0.2091275799999999
266,20,0.2115903999999999
266,21,0.2091337699999998
266,22,0.2069083499999998
266,23,0.20376924
266,24,0.21036844
266,25,0.2093842199999999
266,26,0.2062494999999999
266,27,0.20405496
266,28,0.21613258
266,29,0.2117300999999999
266,30,0.2087814599999999
266,31,0.2071886399999999
266,32,0.21684756
266,33,0.21116711
266,34,0.20835498
266,35,0.20365917
266,36,0.20715823
266,37,0.2053650099999999
266,38,0.2032102699999999
266,39,0.20090565
266,40,0.2041478599999999
266,41,0.2033543999999999
266,42,0.2023955399999999
266,43,0.2011552199999999
266,44,0.2024676799999999
266,45,0.20278862
266,46,0.2019267899999998
266,47,0.20010236
266,48,0.2021052599999999
266,49,0.2012332599999998
266,50,0.20078651
266,51,0.20082072
266,52,0.2013990599999999
266,53,0.20239028
266,54,0.20203522
266,55,0.20104744
266,56,0.20199646
266,57,0.2025519
266,58,0.2034118399999999
266,59,0.20305689
266,60,0.20098544
266,61,0.2015086999999999
266,62,0.20408922
266,63,0.2011780699999999
266,64,0.2092111599999999
266,65,0.2015864699999999
266,66,0.2005222399999999
266,67,0.19702917
266,68,0.2013331599999999
266,69,0.20140015
266,70,0.20142289
266,71,0.1986498
266,72,0.2032677899999999
266,73,0.2000346
266,74,0.1991023499999999
266,75,0.1989008899999998
266,76,0.1977880399999999
266,77,0.19730689
266,78,0.19360183
266,79,0.1884468199999999
266,80,0.18926428
266,81,0.188848
266,82,0.18935525
266,83,0.1890121099999999
266,84,0.18951748
266,85,0.1912141299999999
266,86,0.19484194
266,87,0.19381897
266,88,0.18957828
266,89,0.1962935099999999
266,90,0.19924366
266,91,0.20081235
266,92,0.1965897199999999
266,93,0.1984393499999999
266,94,0.20183765
266,95,0.20196712
267,0,0.20091319
267,1,0.2011984
267,2,0.2056674299999999
267,3,0.2160487799999998
267,4,0.2011112599999999
267,5,0.20071153
267,6,0.21023538
267,7,0.2126322299999999
267,8,0.20063619
267,9,0.2045902299999999
267,10,0.24273683999999981
267,11,0.24494416
267,12,0.2120993799999999
267,13,0.20962775
267,14,0.2139264
267,15,0.2093515399999999
267,16,0.21532209
267,17,0.21176688
267,18,0.2146911299999999
267,19,0.20409185
267,20,0.2162922799999999
267,21,0.2146666499999999
267,22,0.2082030899999999
267,23,0.20077407
267,24,0.2063498
267,25,0.2122411599999999
267,26,0.20257063
267,27,0.20092566
267,28,0.22045167000000002
267,29,0.2119139099999999
267,30,0.20308499
267,31,0.20103258
267,32,0.20218697
267,33,0.2021860799999999
267,34,0.2005618299999998
267,35,0.19925913
267,36,0.20066221
267,37,0.19986413
267,38,0.19887895
267,39,0.1981273399999999
267,40,0.19936648
267,41,0.199716
267,42,0.19774779
267,43,0.1976101799999998
267,44,0.1988913
267,45,0.1989045299999998
267,46,0.1979848399999999
267,47,0.19707322
267,48,0.1986949999999999
267,49,0.1986444199999999
267,50,0.19861035
267,51,0.1968953499999998
267,52,0.1958045999999999
267,53,0.1965315799999999
267,54,0.1968851199999998
267,55,0.1951144
267,56,0.1964935199999999
267,57,0.19694991
267,58,0.19811642
267,59,0.1976800199999999
267,60,0.20136131
267,61,0.2019271699999999
267,62,0.2018016799999999
267,63,0.1993554499999999
267,64,0.2042163499999999
267,65,0.20170524
267,66,0.19618209
267,67,0.1866296
267,68,0.1983612099999999
267,69,0.19521658
267,70,0.19596321
267,71,0.19059099
267,72,0.19758946
267,73,0.1965527299999997
267,74,0.19859404
267,75,0.1909508799999999
267,76,0.19887891
267,77,0.1999717899999999
267,78,0.1990913799999999
267,79,0.19885793
267,80,0.19886141
267,81,0.1987112699999999
267,82,0.19884943
267,83,0.19871349
267,84,0.2048818099999998
267,85,0.2047479299999998
267,86,0.2053673899999999
267,87,0.1997371199999999
267,88,0.1958894399999998
267,89,0.1988060899999999
267,90,0.19713951
267,91,0.1958078399999999
267,92,0.1913320399999999
267,93,0.1941043399999999
267,94,0.20057489
267,95,0.2003974399999999
268,0,0.19880561
268,1,0.1960781899999999
268,2,0.2003782
268,3,0.1997957999999999
268,4,0.1892283099999999
268,5,0.19142845
268,6,0.2072030299999999
268,7,0.31372029999999984
268,8,0.1888699199999998
268,9,0.1970666599999999
268,10,0.2076177
268,11,0.27082567999999985
268,12,0.2044757499999999
268,13,0.2041458899999998
268,14,0.2027006099999999
268,15,0.20616178
268,16,0.20236537
268,17,0.20177047
268,18,0.19932186
268,19,0.1982153799999998
268,20,0.2093719399999999
268,21,0.20538846
268,22,0.2027122499999999
268,23,0.1982485199999999
268,24,0.2023238799999999
268,25,0.20089054
268,26,0.2001273
268,27,0.19917066
268,28,0.20233757
268,29,0.20200695
268,30,0.20042033
268,31,0.1972648899999999
268,32,0.2010212799999998
268,33,0.1986978099999999
268,34,0.1978033899999999
268,35,0.19684464
268,36,0.19884211
268,37,0.1978645799999999
268,38,0.1983114
268,39,0.19651601
268,40,0.1987282599999999
268,41,0.1977836099999999
268,42,0.19773268
268,43,0.19456935
268,44,0.19675725
268,45,0.1959126999999999
268,46,0.1955826999999998
268,47,0.19463861
268,48,0.1956342999999999
268,49,0.19556125
268,50,0.1953579899999999
268,51,0.19499107
268,52,0.19641091
268,53,0.19731147
268,54,0.1979893399999999
268,55,0.19798836
268,56,0.19966511
268,57,0.20535992
268,58,0.211806
268,59,0.2156032
268,60,0.2125754899999999
268,61,0.21814729
268,62,0.22908968999999987
268,63,0.23542472
268,64,0.2537359499999998
268,65,0.2293565199999998
268,66,0.21074657
268,67,0.19889368
268,68,0.20955991
268,69,0.2094226199999999
268,70,0.20646276
268,71,0.2002533999999998
268,72,0.2032422499999999
268,73,0.20223062
268,74,0.20022487
268,75,0.1998736699999999
268,76,0.19840235
268,77,0.19662886
268,78,0.1948190699999999
268,79,0.19251601
268,80,0.19093545
268,81,0.19364211
268,82,0.19381761
268,83,0.19144059
268,84,0.1904459599999998
268,85,0.1896347399999998
268,86,0.1882676999999999
268,87,0.19080088
268,88,0.18775828
268,89,0.188404
268,90,0.19200069
268,91,0.1919819699999999
268,92,0.1900094699999999
268,93,0.19055313
268,94,0.1910078
268,95,0.19369127
269,0,0.18767934
269,1,0.1881605199999998
269,2,0.19129261
269,3,0.19221058
269,4,0.18364147
269,5,0.1865039299999999
269,6,0.18851948
269,7,0.1938587199999999
269,8,0.18406255
269,9,0.18996844
269,10,0.20049007
269,11,0.21503296
269,12,0.1999951999999999
269,13,0.2003787999999999
269,14,0.2104288
269,15,0.2132488
269,16,0.22899361
269,17,0.20939991
269,18,0.2094589799999998
269,19,0.2093509699999998
269,20,0.2424976
269,21,0.22291502
269,22,0.21412371
269,23,0.2017203
269,24,0.229741
269,25,0.22763731
269,26,0.20922884
269,27,0.2036006999999999
269,28,0.2093999999999999
269,29,0.2044590299999999
269,30,0.20226059
269,31,0.20064498
269,32,0.20492415
269,33,0.20372626
269,34,0.20155333
269,35,0.2010071
269,36,0.20484678
269,37,0.2035749399999999
269,38,0.20268974
269,39,0.2013472699999999
269,40,0.20262351
269,41,0.1991512
269,42,0.2016809799999999
269,43,0.1991794999999998
269,44,0.19879
269,45,0.1974411999999999
269,46,0.2017648499999999
269,47,0.1993593399999998
269,48,0.2005574299999997
269,49,0.2000672799999999
269,50,0.20098145
269,51,0.19999555
269,52,0.20204394
269,53,0.20248174
269,54,0.20245902
269,55,0.2022829
269,56,0.2058169899999999
269,57,0.2072853999999999
269,58,0.2115862499999999
269,59,0.2177803799999998
269,60,0.20377414
269,61,0.2111823099999999
269,62,0.2152216699999999
269,63,0.2118652499999999
269,64,0.2323867599999999
269,65,0.23494985
269,66,0.21873356
269,67,0.2102521899999999
269,68,0.28547239999999974
269,69,0.20417499
269,70,0.2017387999999998
269,71,0.2024487999999999
269,72,0.20860124
269,73,0.1965013099999999
269,74,0.19317847
269,75,0.2011620599999999
269,76,0.1895614599999999
269,77,0.18943932
269,78,0.19283331
269,79,0.1849949
269,80,0.1839225899999998
269,81,0.17781876
269,82,0.17720175
269,83,0.17700936
269,84,0.1770102899999999
269,85,0.1799903199999999
269,86,0.1775089799999999
269,87,0.1818043599999998
269,88,0.16957183
269,89,0.1780621099999999
269,90,0.17865308
269,91,0.18144271
269,92,0.18293757
269,93,0.18333174
269,94,0.18147158
269,95,0.18137797
270,0,0.1661563999999999
270,1,0.1709787999999999
270,2,0.1799088
270,3,0.18503917
270,4,0.1562458999999998
270,5,0.1649942
270,6,0.18251064
270,7,0.18968505
270,8,0.19479881
270,9,0.2003288999999999
270,10,0.2011237099999999
270,11,0.2422024
270,12,0.21
270,13,0.2161524
270,14,0.23093119999999992
270,15,0.4376823999999999
270,16,0.24367239999999993
270,17,0.22645240000000003
270,18,0.2298829099999999
270,19,0.2267723999999999
270,20,0.26593639999999985
270,21,0.22201240000000003
270,22,0.2193403299999999
270,23,0.2042956999999998
270,24,0.2153724
270,25,0.2141358599999999
270,26,0.2141358599999999
270,27,0.21051391
270,28,0.2350205399999998
270,29,0.2220143399999999
270,30,0.2114418499999999
270,31,0.2065444099999999
270,32,0.2135824599999999
270,33,0.20737854
270,34,0.2052403699999999
270,35,0.2045676399999999
270,36,0.2051835099999999
270,37,0.2046178
270,38,0.2046452799999999
270,39,0.20307434
270,40,0.2037909199999999
270,41,0.2030321199999999
270,42,0.20297436
270,43,0.20173841
270,44,0.20295243
270,45,0.2028615099999999
270,46,0.20293276
270,47,0.2025148099999999
270,48,0.2026508
270,49,0.20476892
270,50,0.20472774
270,51,0.2051344799999999
270,52,0.2040555099999999
270,53,0.2050380899999999
270,54,0.2090588699999999
270,55,0.20818598
270,56,0.2037848599999999
270,57,0.20528464
270,58,0.2084685899999999
270,59,0.2085638899999999
270,60,0.2027065799999998
270,61,0.20435317
270,62,0.2051587899999999
270,63,0.2054750299999999
270,64,0.21211142
270,65,0.2085435
270,66,0.20487979
270,67,0.19831324
270,68,0.22234462000000002
270,69,0.2111427599999999
270,70,0.2026196399999999
270,71,0.1926969399999999
270,72,0.1978096899999999
270,73,0.1960422799999999
270,74,0.19554573
270,75,0.1940194
270,76,0.1956546499999999
270,77,0.19641302
270,78,0.1941100899999999
270,79,0.1957608599999999
270,80,0.1912731799999999
270,81,0.19031723
270,82,0.1932779099999998
270,83,0.19154864
270,84,0.18772397
270,85,0.1919802899999998
270,86,0.19093674
270,87,0.1913845299999998
270,88,0.1950598899999999
270,89,0.19367465
270,90,0.1924493899999998
270,91,0.1935703599999998
270,92,0.19241813
270,93,0.1930155699999998
270,94,0.19354055
270,95,0.1915263999999999
271,0,0.1892655399999999
271,1,0.18975047
271,2,0.19248278
271,3,0.2028003399999999
271,4,0.18671866
271,5,0.18757091
271,6,0.1942631599999999
271,7,0.20547478
271,8,0.18822671
271,9,0.2010301599999999
271,10,0.21071698
271,11,0.22586006999999977
271,12,0.2048636399999999
271,13,0.2064319399999999
271,14,0.2072664899999998
271,15,0.23153599
271,16,0.2064072499999999
271,17,0.2084721799999999
271,18,0.2100762699999999
271,19,0.21240018
271,20,0.21601968
271,21,0.2134954399999999
271,22,0.2083373899999999
271,23,0.2037498999999999
271,24,0.20683509
271,25,0.2082949899999999
271,26,0.2046673899999999
271,27,0.2058354499999999
271,28,0.23598698999999992
271,29,0.22634104000000002
271,30,0.2196122199999998
271,31,0.2101765899999998
271,32,0.2312502599999999
271,33,0.2200827
271,34,0.2162196699999999
271,35,0.20825912
271,36,0.21894692
271,37,0.2096524
271,38,0.20814109
271,39,0.2050484699999999
271,40,0.2064726399999999
271,41,0.21078618
271,42,0.21112165
271,43,0.2040408499999998
271,44,0.20632049
271,45,0.20618393
271,46,0.20519577
271,47,0.2045365099999999
271,48,0.2049731699999999
271,49,0.2052917699999999
271,50,0.2051989199999999
271,51,0.2042774299999999
271,52,0.2057742
271,53,0.2107945
271,54,0.21040941
271,55,0.21047457
271,56,0.2068141999999999
271,57,0.2089840499999999
271,58,0.2127832499999999
271,59,0.2142559899999999
271,60,0.2066715499999999
271,61,0.2121645699999998
271,62,0.2131059699999999
271,63,0.20900357
271,64,0.23214457000000002
271,65,0.2170135299999999
271,66,0.2069939599999999
271,67,0.1953227099999999
271,68,0.2131056599999999
271,69,0.2035256299999999
271,70,0.20235915
271,71,0.20080335
271,72,0.2025704399999999
271,73,0.20371877
271,74,0.19375174
271,75,0.19680087
271,76,0.19423706
271,77,0.18671355
271,78,0.19433685
271,79,0.1921622
271,80,0.19208867
271,81,0.1944596999999999
271,82,0.18649374
271,83,0.1859860499999999
271,84,0.18980896
271,85,0.1954605499999999
271,86,0.1988506899999998
271,87,0.1953710499999999
271,88,0.19685826
271,89,0.19894733
271,90,0.20055461
271,91,0.2023517999999999
271,92,0.2053663299999999
271,93,0.19736957
271,94,0.19635359
271,95,0.2033307399999999
272,0,0.1943589899999999
272,1,0.1976957599999998
272,2,0.19599019
272,3,0.2006886599999999
272,4,0.1894261699999999
272,5,0.1918369799999999
272,6,0.20169319
272,7,0.2045554299999999
272,8,0.18890245
272,9,0.20177506
272,10,0.2067823999999999
272,11,0.2595522299999997
272,12,0.22207461999999992
272,13,0.22644475
272,14,0.23551524
272,15,0.2263264199999999
272,16,0.2310367799999998
272,17,0.23052609
272,18,0.22672235
272,19,0.21279467
272,20,0.2360996
272,21,0.23438621
272,22,0.2217364299999999
272,23,0.21028692
272,24,0.2316810799999999
272,25,0.23173396
272,26,0.22458371000000002
272,27,0.2081547799999999
272,28,0.23077137
272,29,0.2290910699999998
272,30,0.21804957
272,31,0.2067916099999999
272,32,0.2135368
272,33,0.2128455
272,34,0.20909079
272,35,0.20838758
272,36,0.2079556699999999
272,37,0.20529329
272,38,0.20567296
272,39,0.2040125499999999
272,40,0.20850686
272,41,0.21029723
272,42,0.2082649299999999
272,43,0.2059540299999999
272,44,0.2131805299999999
272,45,0.2089153
272,46,0.2080964199999999
272,47,0.20713381
272,48,0.2126039099999999
272,49,0.2088086099999999
272,50,0.20872178
272,51,0.20853486
272,52,0.2098170499999999
272,53,0.21234522
272,54,0.2100273299999999
272,55,0.2080609199999999
272,56,0.2125615199999999
272,57,0.2172785699999999
272,58,0.2140015099999999
272,59,0.21659694
272,60,0.2261045899999999
272,61,0.2434500199999999
272,62,0.25251199999999985
272,63,0.22554317999999982
272,64,0.23790742
272,65,0.22953147999999993
272,66,0.2096677099999999
272,67,0.20651872
272,68,0.2145861399999999
272,69,0.2122923499999998
272,70,0.2042701999999999
272,71,0.1968655199999999
272,72,0.2021569599999998
272,73,0.20348214
272,74,0.1993598
272,75,0.1994707899999999
272,76,0.20125368
272,77,0.2012504699999999
272,78,0.20111292
272,79,0.19208453
272,80,0.2021458299999999
272,81,0.2072142199999999
272,82,0.2059776999999999
272,83,0.20703484
272,84,0.20200399
272,85,0.2104129099999999
272,86,0.2086580599999999
272,87,0.2114337099999998
272,88,0.20707217
272,89,0.2101189899999999
272,90,0.2127234399999998
272,91,0.2159337499999999
272,92,0.38756316
272,93,0.3752728599999998
272,94,0.24282879
272,95,0.21428666
273,0,0.22576422999999993
273,1,0.2301318999999998
273,2,0.22684586999999992
273,3,0.20475165
273,4,0.2142341999999999
273,5,0.23568049
273,6,0.23334678
273,7,0.2119084299999999
273,8,0.22903861
273,9,0.24312629
273,10,0.27712435999999985
273,11,0.2327867499999999
273,12,0.23998963999999992
273,13,0.34409714
273,14,0.25056592
273,15,0.26835272
273,16,0.2381154799999999
273,17,0.23941941000000003
273,18,0.22743019
273,19,0.23781843
273,20,0.23313346999999982
273,21,0.22852020999999992
273,22,0.22014143
273,23,0.2399987099999998
273,24,0.22735879
273,25,0.22221295
273,26,0.2127072699999999
273,27,0.22886589999999982
273,28,0.2228035699999998
273,29,0.2158322899999999
273,30,0.2111367899999998
273,31,0.21898835
273,32,0.21393219
273,33,0.20877915
273,34,0.20531363
273,35,0.2116794699999999
273,36,0.20688455
273,37,0.20698022
273,38,0.2049618
273,39,0.2076663299999999
273,40,0.20685784
273,41,0.2063043899999999
273,42,0.2096891199999999
273,43,0.2142854699999999
273,44,0.21317265
273,45,0.21303602
273,46,0.2068078999999998
273,47,0.21230089
273,48,0.21314196
273,49,0.2132414199999998
273,50,0.21062181
273,51,0.21394706
273,52,0.21371835
273,53,0.2133549799999999
273,54,0.21037545
273,55,0.21381723
273,56,0.2123749899999999
273,57,0.2155807699999999
273,58,0.2120852599999998
273,59,0.20749509
273,60,0.2079453799999999
273,61,0.2107268
273,62,0.2111989799999999
273,63,0.22159811999999993
273,64,0.21534024
273,65,0.2105730499999999
273,66,0.2048242499999999
273,67,0.2133090799999999
273,68,0.2042924499999999
273,69,0.2026300699999999
273,70,0.20137504
273,71,0.20412052
273,72,0.2036397399999999
273,73,0.20032253
273,74,0.18661975
273,75,0.19289246
273,76,0.1941285799999999
273,77,0.2037284
273,78,0.1996489699999999
273,79,0.1943533699999998
273,80,0.19487052
273,81,0.19613552
273,82,0.19609902
273,83,0.2018265199999999
273,84,0.2028277599999999
273,85,0.20098957
273,86,0.2012264699999999
273,87,0.2030709299999999
273,88,0.2037734999999998
273,89,0.2055803299999999
273,90,0.20772886
273,91,0.20282355
273,92,0.2048811999999999
273,93,0.2169555
273,94,0.22540107
273,95,0.2097293499999999
274,0,0.2113399799999999
274,1,0.2160968399999999
274,2,0.22466455999999982
274,3,0.2054407399999999
274,4,0.20666482
274,5,0.2245344799999999
274,6,0.2404809999999998
274,7,0.2102375899999999
274,8,0.2241315699999998
274,9,0.24258999
274,10,0.25433492999999985
274,11,0.32249397
274,12,0.24896039
274,13,0.24645775
274,14,0.24350892999999987
274,15,0.29994867999999963
274,16,0.25874432999999974
274,17,0.25558687999999985
274,18,0.23763835000000003
274,19,0.23604140999999992
274,20,0.2359223
274,21,0.23099793999999987
274,22,0.22968091999999982
274,23,0.22965118999999992
274,24,0.22942802999999992
274,25,0.2269436699999999
274,26,0.2222503499999998
274,27,0.2311634
274,28,0.22558669
274,29,0.2222902999999998
274,30,0.2112165499999999
274,31,0.22331493
274,32,0.2202237899999999
274,33,0.2104939099999999
274,34,0.2062611499999999
274,35,0.22462379000000002
274,36,0.2171837499999999
274,37,0.21304397
274,38,0.2110283499999999
274,39,0.2174043899999999
274,40,0.21245079
274,41,0.2106834
274,42,0.2063967599999999
274,43,0.20870581
274,44,0.20856927
274,45,0.2075075799999998
274,46,0.2059557799999999
274,47,0.21000923
274,48,0.20981792
274,49,0.2074548199999999
274,50,0.20412347
274,51,0.2089969499999999
274,52,0.2065445599999998
274,53,0.2087919899999999
274,54,0.20657504
274,55,0.20730635
274,56,0.2062777599999999
274,57,0.2075346699999999
274,58,0.20501544
274,59,0.2079956399999999
274,60,0.20759834
274,61,0.2118106599999999
274,62,0.20734
274,63,0.2174940799999999
274,64,0.21684977
274,65,0.20676983
274,66,0.1977539799999998
274,67,0.20432105
274,68,0.2010059
274,69,0.1974153
274,70,0.18397802
274,71,0.19442971
274,72,0.1903995299999999
274,73,0.19232242
274,74,0.18043515
274,75,0.1891999699999999
274,76,0.19161965
274,77,0.1904275599999999
274,78,0.19206425
274,79,0.19028161
274,80,0.1932881099999999
274,81,0.19765348
274,82,0.19718347
274,83,0.20179452
274,84,0.2032689099999998
274,85,0.2057188999999999
274,86,0.2046084699999999
274,87,0.2055542299999999
274,88,0.2066897499999999
274,89,0.21462349
274,90,0.2122916899999999
274,91,0.2061064899999999
274,92,0.20656427
274,93,0.2127898799999998
274,94,0.2213584499999999
274,95,0.2059807699999999
275,0,0.20809781
275,1,0.22774208999999992
275,2,0.22667655
275,3,0.2087288799999999
275,4,0.21411781
275,5,0.22209980999999993
275,6,0.26973017
275,7,0.20659223
275,8,0.23328277
275,9,0.24518047
275,10,0.46786377
275,11,0.3717859299999998
275,12,0.5266266
275,13,0.5448431
275,14,0.30038416
275,15,0.32572599999999974
275,16,0.2577761399999998
275,17,0.24996854
275,18,0.22995531
275,19,0.24680197
275,20,0.24130439
275,21,0.23212849
275,22,0.2224456799999999
275,23,0.2340703699999999
275,24,0.23064702
275,25,0.22730722
275,26,0.2169989
275,27,0.23004473
275,28,0.22737573000000003
275,29,0.22563216
275,30,0.2103430299999999
275,31,0.23470475
275,32,0.22104815000000003
275,33,0.21438009
275,34,0.20730315
275,35,0.21900091
275,36,0.20949842
275,37,0.2100929299999999
275,38,0.2048534699999999
275,39,0.2101451799999999
275,40,0.21156761
275,41,0.2076083199999999
275,42,0.20466877
275,43,0.20720041
275,44,0.2076201399999999
275,45,0.2076701399999999
275,46,0.2057879099999998
275,47,0.20945239
275,48,0.2101300699999999
275,49,0.2086922799999999
275,50,0.20675615
275,51,0.2117886
275,52,0.2147411299999999
275,53,0.21639891
275,54,0.2145205999999999
275,55,0.21223866
275,56,0.21537757
275,57,0.22249911000000003
275,58,0.23508246000000002
275,59,0.2235438699999999
275,60,0.23239764
275,61,0.2404707699999998
275,62,0.2477894699999997
275,63,0.24377379000000002
275,64,0.24772260999999982
275,65,0.2225945999999999
275,66,0.2109509899999999
275,67,0.24424294
275,68,0.23370934000000002
275,69,0.22994096999999983
275,70,0.2167820999999999
275,71,0.24929706999999993
275,72,0.22499232
275,73,0.219831
275,74,0.2140200799999999
275,75,0.22179944
275,76,0.22577523000000002
275,77,0.22514240999999982
275,78,0.21230937
275,79,0.21720282
275,80,0.2161944199999999
275,81,0.2197397099999999
275,82,0.21392744
275,83,0.2121416499999999
275,84,0.2172585799999999
275,85,0.22240237
275,86,0.2246240699999997
275,87,0.2230369199999999
275,88,0.2200359199999999
275,89,0.2214254399999999
275,90,0.2244333499999999
275,91,0.21975966
275,92,0.2208348999999998
275,93,0.23187227000000002
275,94,0.2435072899999999
275,95,0.23451309
276,0,0.23769723
276,1,0.23845197999999992
276,2,0.2433472999999999
276,3,0.245183
276,4,0.24125939999999987
276,5,0.24971342
276,6,0.25021638999999984
276,7,0.24764097999999993
276,8,0.2543370899999998
276,9,0.4940578299999999
276,10,0.26865293999999984
276,11,0.30536204999999983
276,12,0.2783865999999998
276,13,0.3271260799999999
276,14,0.27955708
276,15,0.26902828999999984
276,16,0.2684541899999999
276,17,0.2599791699999999
276,18,0.24868651
276,19,0.2505808399999999
276,20,0.25139383999999976
276,21,0.2408781
276,22,0.2263522399999999
276,23,0.25377536
276,24,0.24684354999999983
276,25,0.23673903999999993
276,26,0.22346501
276,27,0.2369720199999998
276,28,0.2305014199999997
276,29,0.22282213999999992
276,30,0.21135716
276,31,0.25453000999999975
276,32,0.22951059999999993
276,33,0.21415788
276,34,0.2056961799999999
276,35,0.2226919299999999
276,36,0.2093481099999999
276,37,0.2091683499999999
276,38,0.2047259399999999
276,39,0.20975331
276,40,0.20959543
276,41,0.20763357
276,42,0.20763894
276,43,0.2096923399999999
276,44,0.2102396299999999
276,45,0.2081032
276,46,0.2076830499999999
276,47,0.20602752
276,48,0.2059616699999999
276,49,0.20570774
276,50,0.20672531
276,51,0.2069721199999999
276,52,0.20675849
276,53,0.20923055
276,54,0.2104285299999999
276,55,0.2067847199999999
276,56,0.2104128699999999
276,57,0.21841854
276,58,0.22917443
276,59,0.2191458299999999
276,60,0.22959120000000002
276,61,0.2312212
276,62,0.2183523999999999
276,63,0.25505239999999985
276,64,0.2491824
276,65,0.2155311999999999
276,66,0.20962423
276,67,0.24588065
276,68,0.2380688599999999
276,69,0.2178207899999999
276,70,0.21162011
276,71,0.21313136
276,72,0.21269747
276,73,0.21065971
276,74,0.2061972899999999
276,75,0.20958847
276,76,0.2111017999999999
276,77,0.20957755
276,78,0.20583345
276,79,0.2115326599999999
276,80,0.21149519
276,81,0.2095067299999999
276,82,0.2084026599999998
276,83,0.20943419
276,84,0.2081351299999999
276,85,0.2085124199999999
276,86,0.20818396
276,87,0.2065720399999999
276,88,0.2069979299999998
276,89,0.2082314799999998
276,90,0.2067836599999999
276,91,0.20650274
276,92,0.2069951999999998
276,93,0.2082330899999999
276,94,0.2084994299999999
276,95,0.2071035199999999
277,0,0.20872415
277,1,0.21391795
277,2,0.24401878000000002
277,3,0.2078386499999999
277,4,0.2099152399999999
277,5,0.22422392
277,6,0.2385027499999999
277,7,0.2156556399999999
277,8,0.22817780000000001
277,9,0.24708654
277,10,0.29172319
277,11,0.23434151
277,12,0.24559855
277,13,0.24842513000000002
277,14,0.24840344
277,15,0.26296622999999975
277,16,0.25333914
277,17,0.24666693999999992
277,18,0.23934882999999987
277,19,0.2528294499999999
277,20,0.25024972999999984
277,21,0.23398032
277,22,0.2258027
277,23,0.2483616199999998
277,24,0.23150233
277,25,0.22211593
277,26,0.2147076399999999
277,27,0.24499220000000002
277,28,0.22390417999999992
277,29,0.2111546399999999
277,30,0.20616942
277,31,0.23106319999999977
277,32,0.22570913
277,33,0.22027955000000002
277,34,0.20620179
277,35,0.21526472
277,36,0.2197798399999999
277,37,0.2056828399999999
277,38,0.2110852499999999
277,39,0.20671114
277,40,0.2062963999999998
277,41,0.20358371
277,42,0.20403525
277,43,0.20374279
277,44,0.2037011799999999
277,45,0.20347228
277,46,0.20406427
277,47,0.20402021
277,48,0.20401513
277,49,0.2040618
277,50,0.20614226
277,51,0.20732503
277,52,0.2077247499999999
277,53,0.2083886099999999
277,54,0.20585425
277,55,0.2062188599999999
277,56,0.20831596
277,57,0.21554494
277,58,0.20881426
277,59,0.21289152
277,60,0.21955919
277,61,0.2203927999999998
277,62,0.23102477000000002
277,63,0.25928182
277,64,0.21508838
277,65,0.26929979999999976
277,66,0.24130822999999982
277,67,0.2177175499999999
277,68,0.22465715
277,69,0.22475983000000002
277,70,0.2274647899999999
277,71,0.2277694299999999
277,72,0.22706994
277,73,0.2162864199999999
277,74,0.2213824999999999
277,75,0.20774725
277,76,0.2065288499999999
277,77,0.2062579299999999
277,78,0.21002077
277,79,0.2068702999999999
277,80,0.2094512999999999
277,81,0.2107673799999999
277,82,0.2151593299999999
277,83,0.2118055499999999
277,84,0.21897669
277,85,0.26640719999999984
277,86,0.22509492
277,87,0.21962737
277,88,0.2230174499999998
277,89,0.22547036
277,90,0.2121119299999999
277,91,0.21103818
277,92,0.21322095
277,93,0.21306971
277,94,0.2127651199999999
277,95,0.21307658
278,0,0.2600460099999998
278,1,0.24101596
278,2,0.20291575
278,3,0.2060846499999999
278,4,0.2099177699999999
278,5,0.2405652999999999
278,6,0.2064410499999999
278,7,0.2209919299999998
278,8,0.23063851
278,9,0.27804257
278,10,0.22481526999999993
278,11,0.23157646
278,12,0.24851408
278,13,0.23958379
278,14,0.2580962299999999
278,15,0.23991442
278,16,0.23832211
278,17,0.2301252699999999
278,18,0.27417479999999983
278,19,0.2447722099999999
278,20,0.23068064000000002
278,21,0.22460876
278,22,0.24273102
278,23,0.2314956799999999
278,24,0.23045298
278,25,0.21417276
278,26,0.23479509
278,27,0.22909429
278,28,0.22269513
278,29,0.21058632
278,30,0.22750225999999982
278,31,0.21797954
278,32,0.2123232699999999
278,33,0.2072094199999999
278,34,0.22315858000000002
278,35,0.21064443
278,36,0.20991493
278,37,0.20586668
278,38,0.2097639999999999
278,39,0.2093356499999999
278,40,0.2082252399999999
278,41,0.2067234999999999
278,42,0.20688636
278,43,0.20635429
278,44,0.2060653899999999
278,45,0.20761748
278,46,0.2082459099999999
278,47,0.2083538999999999
278,48,0.20842628
278,49,0.2088504299999999
278,50,0.20945548
278,51,0.21327126
278,52,0.21473835
278,53,0.2183874699999999
278,54,0.2098605999999999
278,55,0.21435525
278,56,0.23
278,57,0.22798148
278,58,0.2138763
278,59,0.22008149000000002
278,60,0.2344594999999999
278,61,0.23358457000000002
278,62,0.24490101
278,63,0.25695714999999975
278,64,0.2281283199999999
278,65,0.2117047299999999
278,66,0.2354285699999998
278,67,0.2174420799999999
278,68,0.23293234999999993
278,69,0.2150040899999999
278,70,0.24459634
278,71,0.2196774199999999
278,72,0.2155540899999999
278,73,0.2091521999999999
278,74,0.24353372999999992
278,75,0.22783853
278,76,0.2362447399999997
278,77,0.2185964799999999
278,78,0.2138833399999999
278,79,0.21304204
278,80,0.2092648399999999
278,81,0.21318714
278,82,0.20880077
278,83,0.20765861
278,84,0.20413911
278,85,0.20243125
278,86,0.2049763499999999
278,87,0.2044002899999999
278,88,0.20343286
278,89,0.20137422
278,90,0.2016784999999999
278,91,0.2022449899999999
278,92,0.2037949599999998
278,93,0.20806058
278,94,0.2022824999999999
278,95,0.2015003699999999
279,0,0.2021000099999998
279,1,0.2054242899999999
279,2,0.1952299999999999
279,3,0.20303
279,4,0.2042387999999998
279,5,0.2089987999999999
279,6,0.2043019499999999
279,7,0.2055699999999999
279,8,0.2112006199999999
279,9,0.3117870799999999
279,10,0.2235623999999999
279,11,0.2245323
279,12,0.2254654
279,13,0.2542824
279,14,0.24809240000000002
279,15,0.22800078999999981
279,16,0.22500119999999987
279,17,0.2237924299999998
279,18,0.22500119999999987
279,19,0.22265759999999993
279,20,0.2193411999999999
279,21,0.2158212799999999
279,22,0.22500119999999987
279,23,0.2198999999999999
279,24,0.2137686999999999
279,25,0.2120959999999999
279,26,0.2300888
279,27,0.21850386
279,28,0.2100911999999999
279,29,0.2062712
279,30,0.2063699999999998
279,31,0.2061799999999999
279,32,0.2045088
279,33,0.2043588
279,34,0.2213771999999998
279,35,0.21613691
279,36,0.2140319499999999
279,37,0.20823771
279,38,0.2153253799999999
279,39,0.2159936999999999
279,40,0.2093170799999998
279,41,0.20442715
279,42,0.2105039699999999
279,43,0.2078647099999999
279,44,0.2068404499999999
279,45,0.2056239299999999
279,46,0.20353545
279,47,0.20377
279,48,0.2040481399999999
279,49,0.20463807
279,50,0.2050157299999999
279,51,0.2083312799999999
279,52,0.2117837699999999
279,53,0.21304952
279,54,0.2065512
279,55,0.20997326
279,56,0.2149101299999999
279,57,0.2147904199999999
279,58,0.2027811999999999
279,59,0.2065523999999998
279,60,0.2149599999999999
279,61,0.2131211999999999
279,62,0.2050111999999999
279,63,0.2132611999999999
279,64,0.2032688
279,65,0.19726394
279,66,0.22580882
279,67,0.22152745
279,68,0.2315763399999999
279,69,0.2114311999999999
279,70,0.23826329999999982
279,71,0.2133284899999999
279,72,0.2134876
279,73,0.20456
279,74,0.21117596
279,75,0.22605646
279,76,0.22500904000000002
279,77,0.21898357
279,78,0.21895878
279,79,0.21003237
279,80,0.2074672399999998
279,81,0.19582377
279,82,0.20401753
279,83,0.20299806
279,84,0.2000895
279,85,0.1998084399999999
279,86,0.20136483
279,87,0.20529307
279,88,0.2047114
279,89,0.2015995899999999
279,90,0.2034183799999999
279,91,0.2061845699999999
279,92,0.20388423
279,93,0.2039281099999998
279,94,0.20672789
279,95,0.2001899399999999
280,0,0.2028910399999998
280,1,0.2108063499999999
280,2,0.1934859599999999
280,3,0.19787572
280,4,0.1991499
280,5,0.20268539
280,6,0.1872787999999998
280,7,0.19765
280,8,0.2084099999999999
280,9,0.2313988
280,10,0.2099657399999999
280,11,0.2103812
280,12,0.2150011999999999
280,13,0.2198487999999999
280,14,0.2170911999999999
280,15,0.2126551499999998
280,16,0.2082337899999999
280,17,0.20728911
280,18,0.2126987299999999
280,19,0.20674298
280,20,0.20493986
280,21,0.20442306
280,22,0.20752637
280,23,0.20492308
280,24,0.2049699999999999
280,25,0.2043599999999999
280,26,0.2212106699999998
280,27,0.2138752799999999
280,28,0.20725906
280,29,0.2042599999999998
280,30,0.2155986799999999
280,31,0.21254434
280,32,0.2126687299999999
280,33,0.20281327
280,34,0.20572203
280,35,0.20485528
280,36,0.20481731
280,37,0.19906218
280,38,0.20635091
280,39,0.20544836
280,40,0.2034611999999999
280,41,0.2014212
280,42,0.2056811999999999
280,43,0.2049173799999999
280,44,0.2036512
280,45,0.1982412
280,46,0.2043599999999999
280,47,0.2042324
280,48,0.2043599999999999
280,49,0.20167442
280,50,0.2041035999999998
280,51,0.20391074
280,52,0.2033188
280,53,0.2018863599999999
280,54,0.20114579
280,55,0.2020611999999998
280,56,0.20356243
280,57,0.2047
280,58,0.2035912
280,59,0.2050012
280,60,0.20801413
280,61,0.2091208
280,62,0.2076299999999999
280,63,0.20481883
280,64,0.2038075299999999
280,65,0.2050301799999999
280,66,0.20650253
280,67,0.20627293
280,68,0.2001732099999999
280,69,0.19279137
280,70,0.19284386
280,71,0.1971656799999999
280,72,0.194566
280,73,0.19126875
280,74,0.19233719
280,75,0.1903559999999998
280,76,0.18908218
280,77,0.1883712
280,78,0.1841485
280,79,0.18190875
280,80,0.18044746
280,81,0.1804798599999998
280,82,0.18002125
280,83,0.17706152
280,84,0.17462803
280,85,0.17459652
280,86,0.16957323
280,87,0.14999197
280,88,0.15995154
280,89,0.16550349
280,90,0.1667023299999999
280,91,0.16584543
280,92,0.17897936
280,93,0.18078553
280,94,0.1655093799999999
280,95,0.1666162999999999
281,0,0.1782723499999998
281,1,0.18209621
281,2,0.1499899999999999
281,3,0.1499971399999998
281,4,0.18516942
281,5,0.1928239699999999
281,6,0.1703787899999999
281,7,0.19153
281,8,0.2144858399999999
281,9,0.27269624999999975
281,10,0.21529283
281,11,0.22514150000000002
281,12,0.22455929
281,13,0.23217154999999992
281,14,0.2570493899999998
281,15,0.22398536
281,16,0.2197368599999999
281,17,0.2184211999999999
281,18,0.2214559699999998
281,19,0.21917359
281,20,0.2192790399999999
281,21,0.21648445
281,22,0.2207089999999999
281,23,0.2051902499999998
281,24,0.2059060999999999
281,25,0.20529602
281,26,0.20574998
281,27,0.20578669
281,28,0.20503749
281,29,0.20129605
281,30,0.2095377199999999
281,31,0.2060224
281,32,0.2056742199999998
281,33,0.2003087999999999
281,34,0.20618612
281,35,0.2048187999999999
281,36,0.2048187999999999
281,37,0.1980887999999999
281,38,0.20464931
281,39,0.20307
281,40,0.2039911999999999
281,41,0.20306053
281,42,0.20479526
281,43,0.20545095
281,44,0.2056712899999999
281,45,0.2046900999999999
281,46,0.20830962
281,47,0.2082912599999999
281,48,0.20828601
281,49,0.2071133999999999
281,50,0.21042801
281,51,0.2098663499999999
281,52,0.20764269
281,53,0.2061917599999999
281,54,0.2061137999999999
281,55,0.20573595
281,56,0.20635192
281,57,0.2056362199999999
281,58,0.2072307799999999
281,59,0.21090376
281,60,0.2092790299999999
281,61,0.2180829799999999
281,62,0.23089974
281,63,0.22419387
281,64,0.2133669299999999
281,65,0.2096997099999999
281,66,0.23002767
281,67,0.20760204
281,68,0.19385728
281,69,0.19614636
281,70,0.2021731699999999
281,71,0.19964373
281,72,0.19143442
281,73,0.18623088
281,74,0.1916685099999999
281,75,0.18788783
281,76,0.1825260999999998
281,77,0.1775290199999998
281,78,0.1872814199999999
281,79,0.18453364
281,80,0.1817152199999999
281,81,0.1856138499999998
281,82,0.1868136499999998
281,83,0.18539605
281,84,0.1795507
281,85,0.18024851
281,86,0.18291785
281,87,0.18064538
281,88,0.17645992
281,89,0.1766623499999999
281,90,0.1766585699999999
281,91,0.1649618399999999
281,92,0.1692309899999998
281,93,0.1859072199999999
281,94,0.1715464099999999
281,95,0.1500124199999999
282,0,0.17043362
282,1,0.1779711999999998
282,2,0.1499899999999999
282,3,0.1500084299999998
282,4,0.1827162699999999
282,5,0.19833456
282,6,0.18052511
282,7,0.1915822999999999
282,8,0.2150011999999999
282,9,0.27033437999999965
282,10,0.22066480000000002
282,11,0.2123023999999999
282,12,0.22060722000000002
282,13,0.232
282,14,0.2303011999999999
282,15,0.2122701699999999
282,16,0.2154024
282,17,0.21061
282,18,0.2141765099999998
282,19,0.2182587999999999
282,20,0.2152780199999998
282,21,0.2109811999999999
282,22,0.23004
282,23,0.22715402999999992
282,24,0.21836281
282,25,0.21141182
282,26,0.2100399999999999
282,27,0.2076189399999999
282,28,0.2059799999999998
282,29,0.1986411999999999
282,30,0.20389791
282,31,0.2001926799999999
282,32,0.2030688
282,33,0.19869907
282,34,0.20982328
282,35,0.2037846499999999
282,36,0.20447862
282,37,0.1979904299999999
282,38,0.2007899999999998
282,39,0.2007922899999999
282,40,0.2007899999999998
282,41,0.20079457
282,42,0.2018688599999999
282,43,0.20203
282,44,0.2007899999999998
282,45,0.19935911
282,46,0.19960513
282,47,0.1984373999999999
282,48,0.1986888
282,49,0.2002798199999998
282,50,0.2025854599999999
282,51,0.2043023999999999
282,52,0.2045267699999998
282,53,0.2052987999999999
282,54,0.2106511999999999
282,55,0.2161935999999999
282,56,0.2196
282,57,0.2235087999999997
282,58,0.2173699999999999
282,59,0.2183699999999999
282,60,0.22618999999999992
282,61,0.2177299999999999
282,62,0.23079175999999982
282,63,0.2307836
282,64,0.22450416999999992
282,65,0.2113282699999999
282,66,0.29819315999999974
282,67,0.2312090199999999
282,68,0.22228172
282,69,0.22240827999999987
282,70,0.27549104999999985
282,71,0.28007985999999974
282,72,0.21227615
282,73,0.23535822999999992
282,74,0.2247484
282,75,0.22107268
282,76,0.2027511399999998
282,77,0.20296016
282,78,0.2002811099999999
282,79,0.20360788
282,80,0.2019046099999999
282,81,0.2083461899999999
282,82,0.2067416299999999
282,83,0.20340374
282,84,0.20172729
282,85,0.20056635
282,86,0.2037645899999999
282,87,0.2068913399999999
282,88,0.20777848
282,89,0.2052251899999999
282,90,0.2040953399999999
282,91,0.20621038
282,92,0.20419466
282,93,0.2135435
282,94,0.2042105099999999
282,95,0.2065059
283,0,0.2156482599999999
283,1,0.25660779
283,2,0.2019700499999999
283,3,0.20307714
283,4,0.2255408999999999
283,5,0.2321850599999998
283,6,0.1933728399999999
283,7,0.1944255599999998
283,8,0.23507922
283,9,0.4166490999999998
283,10,0.23588571
283,11,0.2559081999999999
283,12,0.22649791
283,13,0.24481783
283,14,0.2379323999999999
283,15,0.2449523999999997
283,16,0.23013020999999992
283,17,0.21511401
283,18,0.22834508
283,19,0.22161619000000002
283,20,0.2181850799999999
283,21,0.2070128299999999
283,22,0.22999959
283,23,0.22990249999999993
283,24,0.2250354099999999
283,25,0.2092183299999999
283,26,0.22445595
283,27,0.2143725899999999
283,28,0.20814332
283,29,0.2043910599999999
283,30,0.2189555399999999
283,31,0.2155727499999999
283,32,0.20431667
283,33,0.2005199899999999
283,34,0.20879634
283,35,0.2054524199999998
283,36,0.20678833
283,37,0.2040249099999999
283,38,0.2101767899999999
283,39,0.2085764699999999
283,40,0.20776502
283,41,0.20310753
283,42,0.20525663
283,43,0.2033739799999999
283,44,0.2033612299999999
283,45,0.201544
283,46,0.20163
283,47,0.2017894099999999
283,48,0.2023704199999999
283,49,0.20157001
283,50,0.20278551
283,51,0.20161271
283,52,0.2066698999999998
283,53,0.20400932
283,54,0.2008599999999999
283,55,0.2039187999999999
283,56,0.2079511999999999
283,57,0.21266
283,58,0.20353944
283,59,0.2047199999999999
283,60,0.2136688
283,61,0.21676872
283,62,0.2425423999999999
283,63,0.23277299999999992
283,64,0.2220911999999999
283,65,0.2070882399999999
283,66,0.27451391999999974
283,67,0.21253681
283,68,0.2093055299999998
283,69,0.2245233099999999
283,70,0.2169501999999999
283,71,0.2177012699999999
283,72,0.2107828099999999
283,73,0.21598547
283,74,0.2241598499999999
283,75,0.226548
283,76,0.22664856000000003
283,77,0.24642287999999993
283,78,0.2258785
283,79,0.22097170000000002
283,80,0.21762325
283,81,0.2177655899999999
283,82,0.2157385
283,83,0.20174134
283,84,0.21576883
283,85,0.20970814
283,86,0.2156872899999999
283,87,0.2154656999999999
283,88,0.2046950899999998
283,89,0.2120126899999999
283,90,0.20532973
283,91,0.2046424899999999
283,92,0.2027351099999998
283,93,0.2102702099999999
283,94,0.20335965
283,95,0.2079356299999999
284,0,0.2137213299999999
284,1,0.22145215999999993
284,2,0.1996685799999999
284,3,0.21411106
284,4,0.30392173999999983
284,5,0.42950849999999974
284,6,0.2193931099999999
284,7,0.20881781
284,8,0.2360551199999998
284,9,0.4600978999999997
284,10,0.23323677
284,11,0.23311128
284,12,0.2268068399999997
284,13,0.24000176999999992
284,14,0.2633826
284,15,0.26115285
284,16,0.23878038999999981
284,17,0.2251133199999998
284,18,0.21815736
284,19,0.2067630299999999
284,20,0.2055807499999999
284,21,0.20791632
284,22,0.2113853299999999
284,23,0.21312345
284,24,0.21486507
284,25,0.2146119299999999
284,26,0.2210656399999997
284,27,0.2174809599999999
284,28,0.2194476899999999
284,29,0.21634899
284,30,0.22748938999999987
284,31,0.21953534
284,32,0.2145336
284,33,0.2121128
284,34,0.21717545
284,35,0.21587208
284,36,0.21191609
284,37,0.2103500999999999
284,38,0.2171468399999999
284,39,0.2173402099999999
284,40,0.2134721
284,41,0.2108558599999999
284,42,0.21087651
284,43,0.2093109699999999
284,44,0.20915239
284,45,0.20834411
284,46,0.2058712399999999
284,47,0.2084711599999998
284,48,0.20544072
284,49,0.20324902
284,50,0.20715206
284,51,0.21129413
284,52,0.2135457499999999
284,53,0.22397957
284,54,0.2079878899999999
284,55,0.21798851
284,56,0.22029316000000002
284,57,0.2258027699999999
284,58,0.2180445499999999
284,59,0.23276598
284,60,0.23294712999999992
284,61,0.231
284,62,0.23669167
284,63,0.23109501000000002
284,64,0.21318445
284,65,0.2034803799999999
284,66,0.21807363
284,67,0.2234368199999999
284,68,0.2209349699999997
284,69,0.21625211
284,70,0.2313745699999998
284,71,0.22228689
284,72,0.2441206899999999
284,73,0.24167904999999992
284,74,0.2525532899999998
284,75,0.23599159
284,76,0.23605443
284,77,0.2289182
284,78,0.24632923999999992
284,79,0.2287449
284,80,0.2257403599999999
284,81,0.2158668199999999
284,82,0.24021676
284,83,0.33442119999999975
284,84,0.26110239
284,85,0.21461775
284,86,0.2427967599999998
284,87,0.22532195000000002
284,88,0.2290624799999997
284,89,0.2161017999999999
284,90,0.2179211499999999
284,91,0.22171327999999987
284,92,0.24614402999999987
284,93,0.22503009999999993
284,94,0.20716072
284,95,0.21426482
285,0,0.22871452
285,1,0.23675229
285,2,0.2169629199999999
285,3,0.22051436
285,4,0.23043808000000002
285,5,0.2733384099999999
285,6,0.1976336699999999
285,7,0.2026928
285,8,0.2193088
285,9,0.2837565799999999
285,10,0.2112025
285,11,0.21677168
285,12,0.22206204
285,13,0.2318199999999999
285,14,0.24928344
285,15,0.23342307999999992
285,16,0.23187608
285,17,0.2293668599999998
285,18,0.23507493999999982
285,19,0.23133750999999977
285,20,0.2231697499999998
285,21,0.20846726
285,22,0.24520274999999978
285,23,0.2191769999999999
285,24,0.22105899999999992
285,25,0.2133855599999999
285,26,0.2359460799999998
285,27,0.2431303299999998
285,28,0.2352772599999999
285,29,0.21108974
285,30,0.23087601
285,31,0.22546263000000002
285,32,0.2157191299999999
285,33,0.2122616
285,34,0.2135954099999999
285,35,0.2099675899999999
285,36,0.20152003
285,37,0.2012139499999999
285,38,0.20993407
285,39,0.2085796899999999
285,40,0.2026878299999999
285,41,0.2005950999999999
285,42,0.2048391499999998
285,43,0.2048391499999998
285,44,0.2030487799999999
285,45,0.2013442099999998
285,46,0.2028475099999999
285,47,0.2027139299999999
285,48,0.2012245199999999
285,49,0.1998985699999998
285,50,0.2075224799999999
285,51,0.20315668
285,52,0.2053718999999998
285,53,0.20528495
285,54,0.20358755
285,55,0.20753816
285,56,0.21161684
285,57,0.21196661
285,58,0.2155425899999999
285,59,0.23261128
285,60,0.2300099999999999
285,61,0.24000000000000002
285,62,0.2341723999999998
285,63,0.2508857
285,64,0.23167501
285,65,0.23232389
285,66,0.38998827999999974
285,67,0.22448315999999982
285,68,0.23374448
285,69,0.2145257199999999
285,70,0.20790408
285,71,0.20230046
285,72,0.2014735799999999
285,73,0.20123605
285,74,0.2105078199999999
285,75,0.20352322
285,76,0.1986499599999999
285,77,0.19461607
285,78,0.20165235
285,79,0.2002762099999999
285,80,0.1959907599999999
285,81,0.1904007999999997
285,82,0.1999587
285,83,0.19847828
285,84,0.1984099
285,85,0.1950029199999998
285,86,0.18507629
285,87,0.2005836099999999
285,88,0.19768426
285,89,0.19983599
285,90,0.1999067
285,91,0.1975863099999999
285,92,0.20105325
285,93,0.20274264
285,94,0.2058228999999999
285,95,0.20194931
286,0,0.2147729099999999
286,1,0.22732254999999993
286,2,0.2170049899999999
286,3,0.2064967399999999
286,4,0.2135160499999999
286,5,0.22055730999999992
286,6,0.20251091
286,7,0.2072428299999998
286,8,0.23579544
286,9,0.24951808
286,10,0.2255331699999998
286,11,0.22619711
286,12,0.2338682599999999
286,13,0.26470052
286,14,0.25336767999999965
286,15,0.2534306399999998
286,16,0.2388411699999999
286,17,0.2329381699999998
286,18,0.24583554
286,19,0.24517799999999992
286,20,0.24333648
286,21,0.2362250899999999
286,22,0.24623935
286,23,0.23343434999999982
286,24,0.23303382999999991
286,25,0.2286397599999999
286,26,0.2360046099999998
286,27,0.22717484000000002
286,28,0.22059436000000002
286,29,0.2180384
286,30,0.2237579199999998
286,31,0.2182809999999999
286,32,0.2164913299999999
286,33,0.21953835
286,34,0.22795592
286,35,0.2259801099999997
286,36,0.22503034000000002
286,37,0.2242447699999999
286,38,0.22487680000000002
286,39,0.20860357
286,40,0.2079587799999999
286,41,0.20806391
286,42,0.2065313799999999
286,43,0.20535546
286,44,0.2069505499999999
286,45,0.20475244
286,46,0.2056415999999999
286,47,0.20476378
286,48,0.2095062899999999
286,49,0.2092344699999999
286,50,0.20908462
286,51,0.2128151999999999
286,52,0.20984781
286,53,0.21413337
286,54,0.2379472999999999
286,55,0.23695596
286,56,0.21435394
286,57,0.22398391999999992
286,58,0.22779421000000002
286,59,0.2316140799999998
286,60,0.23916125000000002
286,61,0.3359987999999998
286,62,0.2313786999999999
286,63,0.21791589
286,64,0.2221289599999999
286,65,0.34119314999999983
286,66,0.2079343599999999
286,67,0.20242408
286,68,0.21996204
286,69,0.2214467399999999
286,70,0.2098367599999999
286,71,0.2102325099999999
286,72,0.2161019599999999
286,73,0.21103501
286,74,0.2043181899999999
286,75,0.1959706199999999
286,76,0.2058392
286,77,0.21203101
286,78,0.2042360299999999
286,79,0.1985467
286,80,0.2021589099999998
286,81,0.1978572499999999
286,82,0.19818824
286,83,0.2019499899999999
286,84,0.19969345
286,85,0.19683372
286,86,0.1972569799999999
286,87,0.19665
286,88,0.1968962999999998
286,89,0.19713042
286,90,0.2106728699999999
286,91,0.2052881
286,92,0.20938509
286,93,0.21030119
286,94,0.21609909
286,95,0.2193452
287,0,0.1903446
287,1,0.19867978
287,2,0.21898772
287,3,0.22064951000000002
287,4,0.2094258899999999
287,5,0.22407026
287,6,0.2380249799999998
287,7,0.27106701
287,8,0.24460412
287,9,0.24668092
287,10,0.23552883
287,11,0.35202807999999963
287,12,0.2653691699999998
287,13,0.24801204000000002
287,14,0.2425047299999998
287,15,0.2288606
287,16,0.23569262
287,17,0.23490312
287,18,0.2347812499999998
287,19,0.23594883000000003
287,20,0.24292346
287,21,0.23855206999999992
287,22,0.2347449499999998
287,23,0.23352364
287,24,0.23349376000000002
287,25,0.23396068
287,26,0.23251270999999982
287,27,0.23101949000000002
287,28,0.23446418
287,29,0.2285807999999999
287,30,0.23566604
287,31,0.2172143799999999
287,32,0.22588088999999992
287,33,0.22182695
287,34,0.22200904000000002
287,35,0.20976459
287,36,0.2227565
287,37,0.2159244699999999
287,38,0.2190769299999999
287,39,0.2132048999999999
287,40,0.2249319199999997
287,41,0.2228745899999999
287,42,0.21633016
287,43,0.21261431
287,44,0.21670323
287,45,0.2159121899999999
287,46,0.2135330299999998
287,47,0.2081330099999999
287,48,0.2159003799999999
287,49,0.2198284099999999
287,50,0.2210190799999999
287,51,0.22461202
287,52,0.22759866999999992
287,53,0.24694479
287,54,0.22993650000000002
287,55,0.23494117
287,56,0.22593762999999992
287,57,0.23323862999999992
287,58,0.2332538399999999
287,59,0.22944482000000002
287,60,0.23319673999999987
287,61,0.2305170399999998
287,62,0.2270248699999999
287,63,0.2102264399999999
287,64,0.22286618
287,65,0.2195734299999999
287,66,0.21431113
287,67,0.19824099
287,68,0.21777143
287,69,0.2016099999999999
287,70,0.2183140099999999
287,71,0.20461121
287,72,0.2183746499999999
287,73,0.2147782499999999
287,74,0.2002300099999999
287,75,0.19788401
287,76,0.20205784
287,77,0.1983353299999999
287,78,0.1974939099999999
287,79,0.19864955
287,80,0.20054346
287,81,0.20147462
287,82,0.20548379
287,83,0.19822001
287,84,0.2038506
287,85,0.20454713
287,86,0.20306551
287,87,0.20188635
287,88,0.1981856399999998
287,89,0.2021146399999999
287,90,0.2061370699999999
287,91,0.2101525699999999
287,92,0.20600147
287,93,0.20536437
287,94,0.20830741
287,95,0.2204841799999999
288,0,0.2001946099999999
288,1,0.20540939
288,2,0.23004045999999992
288,3,0.24621500999999993
288,4,0.2055074899999999
288,5,0.22038022
288,6,0.2448823999999998
288,7,0.2492723999999998
288,8,0.2954999999999999
288,9,0.2701998999999998
288,10,0.28174999999999983
288,11,0.25507119999999983
288,12,0.24995417
288,13,0.2472908
288,14,0.24108291
288,15,0.23003305
288,16,0.2365428899999998
288,17,0.23511474000000002
288,18,0.23184186999999992
288,19,0.23004938
288,20,0.2309915299999998
288,21,0.23040770000000002
288,22,0.22847753
288,23,0.22100493000000002
288,24,0.22079206999999992
288,25,0.2236738499999997
288,26,0.2132809399999999
288,27,0.2077411999999999
288,28,0.2255260099999998
288,29,0.22192175
288,30,0.2119858999999999
288,31,0.2062699999999999
288,32,0.20848174
288,33,0.20566915
288,34,0.2052792
288,35,0.20346704
288,36,0.2074478199999999
288,37,0.2064578799999999
288,38,0.20522436
288,39,0.20397594
288,40,0.2057228999999999
288,41,0.2057343899999998
288,42,0.2055011699999999
288,43,0.204321
288,44,0.2061065899999999
288,45,0.20504212
288,46,0.2056789399999999
288,47,0.20534264
288,48,0.20469476
288,49,0.20520887
288,50,0.2061265
288,51,0.2055814299999999
288,52,0.20709955
288,53,0.20775014
288,54,0.20908578
288,55,0.2083537299999999
288,56,0.20549472
288,57,0.20768782
288,58,0.2094781
288,59,0.2088650099999998
288,60,0.2136706599999999
288,61,0.2165852599999999
288,62,0.21477527
288,63,0.20929692
288,64,0.2133118
288,65,0.21656819
288,66,0.2116859899999998
288,67,0.2065779499999999
288,68,0.2121073399999999
288,69,0.23063125999999992
288,70,0.23090741
288,71,0.2031950599999999
288,72,0.2478760799999998
288,73,0.2264336799999999
288,74,0.24890203000000002
288,75,0.2496596599999998
288,76,0.22392082
288,77,0.2183587099999999
288,78,0.19847311
288,79,0.19731318
288,80,0.23418872999999982
288,81,0.22786546
288,82,0.22128774999999992
288,83,0.20973962
288,84,0.2075555999999999
288,85,0.19174257
288,86,0.2144790899999999
288,87,0.1906819099999999
288,88,0.20244339
288,89,0.19807376
288,90,0.2070369
288,91,0.2127495099999999
288,92,0.19946199
288,93,0.2148320899999999
288,94,0.24325043999999987
288,95,0.2478901599999999
289,0,0.1976474199999999
289,1,0.21425027
289,2,0.22649367
289,3,0.22991258
289,4,0.204285
289,5,0.2101847999999999
289,6,0.22267207000000003
289,7,0.26912448
289,8,0.23539495000000002
289,9,0.2269185499999998
289,10,0.23361932
289,11,0.2744911999999998
289,12,0.2342405199999998
289,13,0.2288166699999998
289,14,0.22683877
289,15,0.21497671
289,16,0.22651645
289,17,0.2200585199999999
289,18,0.2106412
289,19,0.2060400399999999
289,20,0.21197026
289,21,0.2108719399999999
289,22,0.20739775
289,23,0.20396783
289,24,0.20541387
289,25,0.2039448999999999
289,26,0.2006045099999999
289,27,0.1998244599999999
289,28,0.2006427
289,29,0.19978252
289,30,0.20038375
289,31,0.1975724799999999
289,32,0.1991331999999999
289,33,0.1976289699999999
289,34,0.19692549
289,35,0.1961654399999998
289,36,0.2000359
289,37,0.19943629
289,38,0.19817437
289,39,0.19686773
289,40,0.1992844599999998
289,41,0.1980756099999999
289,42,0.1979007799999999
289,43,0.1944016999999999
289,44,0.1962697799999999
289,45,0.19559951
289,46,0.1954571499999998
289,47,0.1944345499999999
289,48,0.2000961599999999
289,49,0.1997048099999999
289,50,0.1984866499999999
289,51,0.1984866499999999
289,52,0.20547668
289,53,0.21080516
289,54,0.2112399999999999
289,55,0.2258588
289,56,0.21841859
289,57,0.22710119999999992
289,58,0.2219999999999999
289,59,0.2116087999999999
289,60,0.23290380000000002
289,61,0.25689878
289,62,0.2150712
289,63,0.2053206699999999
289,64,0.2239495899999999
289,65,0.20854377
289,66,0.1966206899999999
289,67,0.2018778199999999
289,68,0.20913947
289,69,0.20544604
289,70,0.2029222199999999
289,71,0.20177
289,72,0.2175611599999999
289,73,0.20761331
289,74,0.2052515999999999
289,75,0.2024551
289,76,0.21260721
289,77,0.2091461499999999
289,78,0.20050592
289,79,0.20002469
289,80,0.20099865
289,81,0.2059963799999999
289,82,0.20843138
289,83,0.2092945299999999
289,84,0.2099793999999999
289,85,0.2240473199999999
289,86,0.2207741599999998
289,87,0.22716454
289,88,0.22206034
289,89,0.24084101
289,90,0.2454594999999998
289,91,0.26253236
289,92,0.22854853
289,93,0.2286804099999998
289,94,0.2238028
289,95,0.3474027599999999
290,0,0.19916052
290,1,0.2092319899999999
290,2,0.2110906199999999
290,3,0.23876963999999992
290,4,0.1849964
290,5,0.1983324999999999
290,6,0.2100623999999999
290,7,0.24648119999999982
290,8,0.2150307699999999
290,9,0.2198588
290,10,0.22535288
290,11,0.25660700999999975
290,12,0.2533123599999999
290,13,0.23703947
290,14,0.22872421
290,15,0.2168152199999999
290,16,0.22638485
290,17,0.22828898
290,18,0.2184713999999999
290,19,0.21271736
290,20,0.2196823
290,21,0.21937636
290,22,0.21685357
290,23,0.2121929
290,24,0.2120399999999999
290,25,0.2072473799999999
290,26,0.2052106
290,27,0.2029598199999999
290,28,0.20796572
290,29,0.2070414599999999
290,30,0.2058537899999999
290,31,0.2035668699999999
290,32,0.2052117799999999
290,33,0.20277933
290,34,0.2030967699999999
290,35,0.2020927099999997
290,36,0.20353451
290,37,0.20399469
290,38,0.2030754
290,39,0.2026548499999998
290,40,0.20395639
290,41,0.2047420699999998
290,42,0.20529137
290,43,0.20277237
290,44,0.2030509399999999
290,45,0.20385214
290,46,0.20391874
290,47,0.2043561799999999
290,48,0.2041190999999998
290,49,0.2063108699999999
290,50,0.2190445899999999
290,51,0.2214386099999999
290,52,0.21430964
290,53,0.22221015000000002
290,54,0.22845388000000003
290,55,0.2302605
290,56,0.2223634199999999
290,57,0.2299442899999999
290,58,0.23500000000000001
290,59,0.24874086999999992
290,60,0.22970178
290,61,0.3283252899999999
290,62,0.23996235000000002
290,63,0.2122485999999999
290,64,0.23044395999999992
290,65,0.23295128
290,66,0.2087330499999999
290,67,0.2052240899999998
290,68,0.22210389
290,69,0.21840967
290,70,0.22265613999999992
290,71,0.2138347199999999
290,72,0.23935642
290,73,0.1997572899999999
290,74,0.19987953
290,75,0.20709933
290,76,0.21559309
290,77,0.24960299
290,78,0.22912258
290,79,0.2227385499999999
290,80,0.22161088999999992
290,81,0.21844117
290,82,0.21647707
290,83,0.208694
290,84,0.21253392
290,85,0.21452274
290,86,0.2134970799999999
290,87,0.2052501
290,88,0.1984887799999999
290,89,0.21271846
290,90,0.21381354
290,91,0.23901635000000002
290,92,0.21761692
290,93,0.2182015899999999
290,94,0.2219273699999997
290,95,0.28619404999999976
291,0,0.20307605
291,1,0.2073376999999999
291,2,0.2266022599999998
291,3,0.23432074
291,4,0.20153997
291,5,0.2058541299999998
291,6,0.2212335999999999
291,7,0.24741887999999992
291,8,0.2226902199999999
291,9,0.23327197000000002
291,10,0.23857965
291,11,0.27915736
291,12,0.24829062
291,13,0.24635380999999992
291,14,0.23375453
291,15,0.22135348000000002
291,16,0.22819293
291,17,0.2248625
291,18,0.2199458199999998
291,19,0.2197920199999999
291,20,0.22459727
291,21,0.2231175999999999
291,22,0.2126516199999999
291,23,0.21053785
291,24,0.21774669
291,25,0.2121162999999999
291,26,0.21024447
291,27,0.20564763
291,28,0.21081823
291,29,0.2064010399999999
291,30,0.2042724999999999
291,31,0.20250474
291,32,0.2067413099999999
291,33,0.20458992
291,34,0.20421508
291,35,0.20035339
291,36,0.2027535099999998
291,37,0.20205807
291,38,0.20099331
291,39,0.2005629099999999
291,40,0.20227075
291,41,0.2020650199999999
291,42,0.2017378199999999
291,43,0.20169144
291,44,0.2029131499999999
291,45,0.20327826
291,46,0.20360163
291,47,0.2022792699999999
291,48,0.2016503399999999
291,49,0.2020406099999999
291,50,0.2039952
291,51,0.2074904099999999
291,52,0.2083811099999999
291,53,0.2148598899999998
291,54,0.2198217599999999
291,55,0.22362578000000002
291,56,0.20852531
291,57,0.21516947
291,58,0.2312776399999998
291,59,0.23365744000000002
291,60,0.22300119999999993
291,61,0.43673519999999966
291,62,0.2159525799999999
291,63,0.2001762299999999
291,64,0.21392005
291,65,0.2142684399999999
291,66,0.2067181199999999
291,67,0.19578123
291,68,0.2071048999999999
291,69,0.2047613699999998
291,70,0.2131854299999999
291,71,0.21109891
291,72,0.23133536000000002
291,73,0.2190587399999999
291,74,0.21063656
291,75,0.2070106699999999
291,76,0.20831157
291,77,0.2058536
291,78,0.20580331
291,79,0.1938378799999999
291,80,0.2112327699999999
291,81,0.21269348
291,82,0.2125772799999999
291,83,0.20943967
291,84,0.21786807
291,85,0.2184606899999999
291,86,0.22993883
291,87,0.22273245
291,88,0.2184773599999999
291,89,0.21877643
291,90,0.2226139499999998
291,91,0.21750956
291,92,0.21248829
291,93,0.2144785199999999
291,94,0.2437010899999997
291,95,0.2232905399999999
292,0,0.22191513999999993
292,1,0.2220193999999999
292,2,0.22932849000000002
292,3,0.2511283599999997
292,4,0.20926628
292,5,0.2241251
292,6,0.23829873999999981
292,7,0.2449810299999999
292,8,0.2241358799999997
292,9,0.23271223999999982
292,10,0.23232169
292,11,0.4844606299999997
292,12,0.2710253899999999
292,13,0.23986788
292,14,0.23114328999999992
292,15,0.22066606000000002
292,16,0.23061
292,17,0.2220129199999998
292,18,0.2191840599999999
292,19,0.21462223
292,20,0.22434124000000003
292,21,0.2189616099999999
292,22,0.2134200299999999
292,23,0.2073758999999999
292,24,0.22313767999999992
292,25,0.21683627
292,26,0.2115756299999999
292,27,0.2051020599999999
292,28,0.2189606899999999
292,29,0.2152772299999999
292,30,0.2116773599999999
292,31,0.20650332
292,32,0.2184363999999999
292,33,0.2154446099999999
292,34,0.21027783
292,35,0.2080892999999999
292,36,0.21078654
292,37,0.2097424899999999
292,38,0.2087394299999999
292,39,0.20538862
292,40,0.20761351
292,41,0.20598017
292,42,0.20546767
292,43,0.20526392
292,44,0.2078306399999999
292,45,0.2075504299999999
292,46,0.20791387
292,47,0.20597141
292,48,0.20768298
292,49,0.2101941199999999
292,50,0.21199767
292,51,0.2112966899999999
292,52,0.2058250399999999
292,53,0.2109155399999999
292,54,0.2144584
292,55,0.21662314
292,56,0.21637077
292,57,0.22229943
292,58,0.23049376000000002
292,59,0.24171152999999992
292,60,0.23235133
292,61,0.2805546699999998
292,62,0.2200202399999999
292,63,0.2077581399999999
292,64,0.2184481599999999
292,65,0.20979077
292,66,0.2088027999999999
292,67,0.20759413
292,68,0.2206232699999999
292,69,0.2101055999999999
292,70,0.209886
292,71,0.2162923799999999
292,72,0.22898401
292,73,0.2387094
292,74,0.22206525000000002
292,75,0.2176879299999999
292,76,0.23764779
292,77,0.2334149199999999
292,78,0.23020999
292,79,0.2194083899999999
292,80,0.219388
292,81,0.21696688
292,82,0.21964276
292,83,0.20606195
292,84,0.2082345599999999
292,85,0.2082959899999999
292,86,0.2068876399999999
292,87,0.20715581
292,88,0.21152973
292,89,0.2118154899999998
292,90,0.2116586299999999
292,91,0.2294551499999998
292,92,0.22960631
292,93,0.22099728999999987
292,94,0.23266116
292,95,0.2349509599999999
293,0,0.2192486699999999
293,1,0.2169096599999999
293,2,0.22996999999999992
293,3,0.2384335399999998
293,4,0.2075711999999999
293,5,0.22037120000000002
293,6,0.2353524
293,7,0.2415512
293,8,0.23103027
293,9,0.24772646
293,10,0.27977660999999976
293,11,0.25896991
293,12,0.44288269999999974
293,13,0.2397222099999999
293,14,0.23293398
293,15,0.22669166999999993
293,16,0.2402778799999998
293,17,0.2353959799999998
293,18,0.2310562299999999
293,19,0.23095086
293,20,0.23603847000000003
293,21,0.23244418000000003
293,22,0.2311233499999998
293,23,0.2193089399999999
293,24,0.22466643
293,25,0.22244619000000002
293,26,0.21774844
293,27,0.2151693499999999
293,28,0.20916979
293,29,0.2113427599999998
293,30,0.20880025
293,31,0.2058700299999999
293,32,0.20169124
293,33,0.1996899
293,34,0.1986610299999999
293,35,0.19678945
293,36,0.19956218
293,37,0.1982671899999999
293,38,0.1981532
293,39,0.19720519
293,40,0.19959371
293,41,0.1994880799999999
293,42,0.1989936199999999
293,43,0.19759045
293,44,0.1989276499999999
293,45,0.19822029
293,46,0.1968915299999999
293,47,0.1970412
293,48,0.2004965699999999
293,49,0.2024851799999999
293,50,0.2012102399999999
293,51,0.2038518
293,52,0.21021914
293,53,0.21386211
293,54,0.21427836
293,55,0.22302000000000002
293,56,0.20605472
293,57,0.21408591
293,58,0.22300119999999993
293,59,0.22106240000000002
293,60,0.2060699999999999
293,61,0.2189241099999999
293,62,0.20825373
293,63,0.1981712
293,64,0.20546233
293,65,0.20304448
293,66,0.20010481
293,67,0.1968529199999999
293,68,0.20141899
293,69,0.2004783299999999
293,70,0.19427383
293,71,0.2128647299999999
293,72,0.22636567
293,73,0.2187798299999999
293,74,0.2211299299999999
293,75,0.2091844299999999
293,76,0.23103586
293,77,0.23571493000000002
293,78,0.2320487799999997
293,79,0.2302569999999999
293,80,0.2330938599999999
293,81,0.2326980399999999
293,82,0.23407934
293,83,0.21767708
293,84,0.2135280399999999
293,85,0.20913642
293,86,0.2111045899999999
293,87,0.2088165199999999
293,88,0.2127736599999999
293,89,0.2138554
293,90,0.2205606199999999
293,91,0.21442148
293,92,0.20510492
293,93,0.2093631499999998
293,94,0.2046752899999999
293,95,0.2113315499999999
294,0,0.1994716
294,1,0.2027081
294,2,0.2037762599999999
294,3,0.22585749000000002
294,4,0.1929147999999998
294,5,0.1961050299999999
294,6,0.22211655
294,7,0.2501584
294,8,0.2154187199999999
294,9,0.22399655
294,10,0.22355414999999992
294,11,0.24026291000000002
294,12,0.25979507999999985
294,13,0.2273999799999998
294,14,0.2149240599999999
294,15,0.2119616299999999
294,16,0.2198297599999998
294,17,0.21589323
294,18,0.2073425599999999
294,19,0.20706913
294,20,0.20682439
294,21,0.20689206
294,22,0.19934975
294,23,0.1987275599999998
294,24,0.20326033
294,25,0.2019661499999999
294,26,0.2000047999999999
294,27,0.1978947999999998
294,28,0.20465234
294,29,0.20411102
294,30,0.19797649
294,31,0.19525332
294,32,0.2059153699999999
294,33,0.2117124799999999
294,34,0.20544426
294,35,0.2012883399999999
294,36,0.20941722
294,37,0.2117997099999999
294,38,0.2100843999999999
294,39,0.20618567
294,40,0.2029752599999999
294,41,0.20124955
294,42,0.20127627
294,43,0.20122323
294,44,0.20169119
294,45,0.20384507
294,46,0.20123783
294,47,0.2012656599999999
294,48,0.20069459
294,49,0.20093838
294,50,0.2024028599999999
294,51,0.2062953599999999
294,52,0.20217353
294,53,0.20297734
294,54,0.2121738299999999
294,55,0.21146334
294,56,0.2038572399999999
294,57,0.20773258
294,58,0.2113174199999999
294,59,0.2171037599999999
294,60,0.21506033
294,61,0.2226183199999999
294,62,0.2162576399999999
294,63,0.21262387
294,64,0.21642255
294,65,0.2109880499999999
294,66,0.20990264
294,67,0.2092912999999999
294,68,0.2076297399999999
294,69,0.21086037
294,70,0.20086827
294,71,0.21281412
294,72,0.2430555
294,73,0.21049703
294,74,0.2077715799999999
294,75,0.2062113999999998
294,76,0.20018044
294,77,0.20026399
294,78,0.1992422
294,79,0.1921352199999998
294,80,0.19925576
294,81,0.19521927
294,82,0.19492645
294,83,0.1864765099999999
294,84,0.1950000599999999
294,85,0.20187204
294,86,0.2007716699999999
294,87,0.19861799
294,88,0.1954766
294,89,0.1967886399999999
294,90,0.20425646
294,91,0.19453699
294,92,0.2003322099999999
294,93,0.2071203499999999
294,94,0.21605707
294,95,0.2571256399999998
295,0,0.1996788899999998
295,1,0.2104028499999999
295,2,0.2413720699999999
295,3,0.3475788699999999
295,4,0.21310472
295,5,0.2220385499999998
295,6,0.22818858
295,7,0.24787964999999992
295,8,0.2317899999999998
295,9,0.23111
295,10,0.23111
295,11,0.23190360000000002
295,12,0.23475734
295,13,0.22442894
295,14,0.2210483899999999
295,15,0.2149978299999999
295,16,0.22241430999999992
295,17,0.2182949799999999
295,18,0.22546794
295,19,0.2108241199999999
295,20,0.23263824000000002
295,21,0.2161993099999999
295,22,0.2161205799999999
295,23,0.2078831599999999
295,24,0.2125046099999999
295,25,0.2171537499999999
295,26,0.2041304899999998
295,27,0.20113914
295,28,0.2088333999999999
295,29,0.21021783
295,30,0.20836011
295,31,0.2075844299999999
295,32,0.2232480599999999
295,33,0.23036954
295,34,0.22633403
295,35,0.21852347
295,36,0.2153882499999999
295,37,0.2214843899999999
295,38,0.2155639899999999
295,39,0.21365726
295,40,0.2199444499999999
295,41,0.21321139
295,42,0.2025220699999999
295,43,0.20022248
295,44,0.2025802
295,45,0.1996358899999999
295,46,0.2010288199999998
295,47,0.19958897
295,48,0.2012907
295,49,0.20112971
295,50,0.20051119
295,51,0.19713
295,52,0.2008821099999999
295,53,0.2002921099999999
295,54,0.1984866499999999
295,55,0.1982736
295,56,0.20035816
295,57,0.2022271599999999
295,58,0.20288736
295,59,0.2027988299999999
295,60,0.2067200199999999
295,61,0.20326744
295,62,0.2005281999999999
295,63,0.1996036999999999
295,64,0.2054241899999999
295,65,0.19660629
295,66,0.1910938199999998
295,67,0.20735256
295,68,0.21523781
295,69,0.21843547
295,70,0.22028173999999992
295,71,0.23741777
295,72,0.24584493999999993
295,73,0.2476725599999999
295,74,0.23335838
295,75,0.23645702999999987
295,76,0.20813472
295,77,0.24084884999999992
295,78,0.24655618999999981
295,79,0.25160866999999976
295,80,0.24707484
295,81,0.2460299299999998
295,82,0.2480156599999999
295,83,0.24493032
295,84,0.24009137
295,85,0.2466288799999999
295,86,0.24762904
295,87,0.24727046
295,88,0.25836042999999975
295,89,0.2694989
295,90,0.25260866999999976
295,91,0.27402068
295,92,0.25037442
295,93,0.24990079
295,94,0.3569556999999999
295,95,0.24901125
296,0,0.2059469099999999
296,1,0.19796391
296,2,0.2340894099999998
296,3,0.4309693999999997
296,4,0.2077367
296,5,0.22180503999999993
296,6,0.23261014
296,7,0.288826
296,8,0.23782684
296,9,0.2507994299999998
296,10,0.2631941099999999
296,11,0.25167848999999975
296,12,0.27249767999999974
296,13,0.2346544899999999
296,14,0.2313459799999998
296,15,0.22702589999999992
296,16,0.2268650799999998
296,17,0.22523669
296,18,0.22575021999999992
296,19,0.22124000000000002
296,20,0.22788347
296,21,0.22635751
296,22,0.21866386
296,23,0.21214691
296,24,0.22317071000000002
296,25,0.2207434499999997
296,26,0.21324763
296,27,0.2057147
296,28,0.2136949699999999
296,29,0.2112521799999999
296,30,0.20568865
296,31,0.20184079
296,32,0.2140128299999998
296,33,0.2127879499999999
296,34,0.21000575
296,35,0.20372758
296,36,0.2063781499999999
296,37,0.2066630699999999
296,38,0.2064589
296,39,0.21283932
296,40,0.2077057
296,41,0.2070138699999998
296,42,0.2068039199999999
296,43,0.21042106
296,44,0.2068378799999999
296,45,0.20615587
296,46,0.2062225499999999
296,47,0.2106309599999999
296,48,0.2071041599999999
296,49,0.2113338499999998
296,50,0.2162978599999999
296,51,0.2112900599999999
296,52,0.22088642
296,53,0.2208185899999999
296,54,0.22800783
296,55,0.23451292999999981
296,56,0.22315559999999993
296,57,0.2364478999999999
296,58,0.2364604
296,59,0.24762168999999992
296,60,0.23384308
296,61,0.23029495000000003
296,62,0.23272023
296,63,0.21002999
296,64,0.262
296,65,0.22184997999999992
296,66,0.2109011999999999
296,67,0.2129221899999999
296,68,0.23483987999999992
296,69,0.22887823
296,70,0.2145524899999999
296,71,0.2119765499999999
296,72,0.2186777399999999
296,73,0.2076316999999999
296,74,0.20530684
296,75,0.203647
296,76,0.2061297799999999
296,77,0.2045101299999999
296,78,0.20231577
296,79,0.2012257699999998
296,80,0.2042343
296,81,0.2007251099999999
296,82,0.20096137
296,83,0.19557206
296,84,0.1975179199999999
296,85,0.1987648199999999
296,86,0.1965864699999999
296,87,0.18901266
296,88,0.19583796
296,89,0.20122378
296,90,0.2010425499999999
296,91,0.20120118
296,92,0.20097387
296,93,0.2039163699999999
296,94,0.2020786499999999
296,95,0.20083352
297,0,0.18981512
297,1,0.1945337099999999
297,2,0.20103887
297,3,0.2183009699999999
297,4,0.2052099999999999
297,5,0.2065
297,6,0.22200119999999993
297,7,0.2663671799999999
297,8,0.22219623000000002
297,9,0.24656187999999993
297,10,0.23327106
297,11,0.2802012999999999
297,12,0.226262
297,13,0.2235128499999999
297,14,0.2240081099999999
297,15,0.22257447
297,16,0.22229526000000002
297,17,0.22272898
297,18,0.2179131899999999
297,19,0.21128511
297,20,0.22518211000000002
297,21,0.22503789999999982
297,22,0.2167379699999999
297,23,0.2154329699999999
297,24,0.2202951199999997
297,25,0.2170014199999999
297,26,0.21134433
297,27,0.2046296199999999
297,28,0.20492652
297,29,0.2026885199999999
297,30,0.20013712
297,31,0.1989575099999999
297,32,0.20413747
297,33,0.20257107
297,34,0.20453189
297,35,0.20224722
297,36,0.2049962899999998
297,37,0.2051614199999999
297,38,0.2045634999999999
297,39,0.20493149
297,40,0.2047324999999999
297,41,0.20494471
297,42,0.2014236
297,43,0.2012935999999999
297,44,0.20505948
297,45,0.2050913499999999
297,46,0.20318236
297,47,0.2026135999999999
297,48,0.2059671499999998
297,49,0.20628747
297,50,0.2054703799999999
297,51,0.2069412
297,52,0.2113314999999999
297,53,0.2153722599999999
297,54,0.2183923999999998
297,55,0.2303435699999998
297,56,0.21946974
297,57,0.24206929000000002
297,58,0.2260499999999999
297,59,0.2266411999999999
297,60,0.23359429
297,61,0.32300892999999964
297,62,0.23598497999999993
297,63,0.20858463
297,64,0.2328128699999998
297,65,0.2236505799999999
297,66,0.2106008899999999
297,67,0.20147619
297,68,0.2027587299999998
297,69,0.2027289099999999
297,70,0.20062388
297,71,0.2003312099999999
297,72,0.1998855699999999
297,73,0.2026885
297,74,0.19503901
297,75,0.19292396
297,76,0.19630537
297,77,0.19567378
297,78,0.19291146
297,79,0.19244861
297,80,0.1854228299999999
297,81,0.1967975099999999
297,82,0.1944805799999999
297,83,0.19713849
297,84,0.19736471
297,85,0.19271512
297,86,0.19211632
297,87,0.1915893899999999
297,88,0.1930039
297,89,0.1925843599999999
297,90,0.18982047
297,91,0.17503762
297,92,0.1922211899999999
297,93,0.1979543299999999
297,94,0.20637138
297,95,0.2082953699999999
298,0,0.1983291899999999
298,1,0.19859424
298,2,0.22552437
298,3,0.2401485999999999
298,4,0.20561378
298,5,0.21110911
298,6,0.2309221499999999
298,7,0.29321317
298,8,0.2338342999999999
298,9,0.25137337999999976
298,10,0.25122615999999975
298,11,0.27399624
298,12,0.2461418699999999
298,13,0.24237319999999982
298,14,0.2351721099999999
298,15,0.22782251
298,16,0.2373592799999998
298,17,0.23040138000000002
298,18,0.22986151000000002
298,19,0.2271064699999998
298,20,0.23016947000000001
298,21,0.22756241000000002
298,22,0.23126033999999981
298,23,0.22366522000000003
298,24,0.23428739
298,25,0.2232506599999999
298,26,0.2190719599999999
298,27,0.21405
298,28,0.22666329999999993
298,29,0.2165788
298,30,0.2186632499999999
298,31,0.2143562799999999
298,32,0.2114153299999999
298,33,0.2086664999999999
298,34,0.2107022599999999
298,35,0.2048061699999999
298,36,0.2133938
298,37,0.21406
298,38,0.20831753
298,39,0.2058988
298,40,0.20793086
298,41,0.20788678
298,42,0.2056584
298,43,0.2026735199999998
298,44,0.20465392
298,45,0.20413185
298,46,0.2040632999999999
298,47,0.2038338899999999
298,48,0.20371132
298,49,0.20686393
298,50,0.2093803099999999
298,51,0.2148946899999999
298,52,0.2119410799999999
298,53,0.22631798
298,54,0.2194710899999999
298,55,0.22862203
298,56,0.21305285
298,57,0.21737609
298,58,0.22283555000000002
298,59,0.22978607999999992
298,60,0.23820460000000002
298,61,0.3106177999999997
298,62,0.2546674099999999
298,63,0.21649638
298,64,0.26663959999999975
298,65,0.22551206999999981
298,66,0.2118703699999999
298,67,0.20102851
298,68,0.20592183
298,69,0.20308982
298,70,0.1954141
298,71,0.19253158
298,72,0.1977787299999999
298,73,0.1989993099999999
298,74,0.19656278
298,75,0.1923812899999999
298,76,0.19179274
298,77,0.19119038
298,78,0.1887232199999998
298,79,0.18455095
298,80,0.19148062
298,81,0.19157643
298,82,0.19180468
298,83,0.1900004599999999
298,84,0.19150764
298,85,0.19163873
298,86,0.1890204299999999
298,87,0.18474814
298,88,0.1833073999999999
298,89,0.18482895
298,90,0.18857759
298,91,0.18552925
298,92,0.18026566
298,93,0.18457073
298,94,0.19628006
298,95,0.2023607699999999
299,0,0.17045735
299,1,0.18595773
299,2,0.2050770399999998
299,3,0.22707487
299,4,0.21209116
299,5,0.22811911999999993
299,6,0.24312704
299,7,0.3114287299999998
299,8,0.2367888499999999
299,9,0.2509237999999999
299,10,0.26904286
299,11,0.31208446
299,12,0.24605375999999993
299,13,0.24156925999999992
299,14,0.23545496000000002
299,15,0.2283585499999999
299,16,0.24939166999999982
299,17,0.25085353
299,18,0.24176792
299,19,0.23588045
299,20,0.25631605999999973
299,21,0.24370772
299,22,0.23592633999999982
299,23,0.22111729
299,24,0.2308026399999998
299,25,0.22704665999999982
299,26,0.2256809599999999
299,27,0.21751847
299,28,0.2237576799999997
299,29,0.2152504999999999
299,30,0.2095633599999999
299,31,0.2076843
299,32,0.2145061999999999
299,33,0.20966725
299,34,0.20968856
299,35,0.20902209
299,36,0.2109872199999999
299,37,0.21042448
299,38,0.21088499
299,39,0.20809754
299,40,0.20974197
299,41,0.20806918
299,42,0.20846002
299,43,0.2073089599999999
299,44,0.2088034899999999
299,45,0.2081302199999999
299,46,0.20826978
299,47,0.2083171999999999
299,48,0.2083208399999999
299,49,0.21215957
299,50,0.21327415
299,51,0.2116622199999999
299,52,0.2101713399999999
299,53,0.2168540099999999
299,54,0.2297904199999999
299,55,0.2243215499999999
299,56,0.22043568
299,57,0.2327924699999999
299,58,0.23967036
299,59,0.25874562
299,60,0.25164193999999984
299,61,0.27888782999999984
299,62,0.2264210599999998
299,63,0.2097283199999999
299,64,0.2326646499999999
299,65,0.22553798
299,66,0.21069103
299,67,0.2074519999999998
299,68,0.21701082
299,69,0.21407083
299,70,0.2078399299999999
299,71,0.2009713199999999
299,72,0.209753
299,73,0.2031894099999999
299,74,0.2020621599999999
299,75,0.1965392799999999
299,76,0.2043755599999999
299,77,0.20318601
299,78,0.20172334
299,79,0.20388075
299,80,0.20266576
299,81,0.2055002299999999
299,82,0.2049836399999999
299,83,0.2054001999999999
299,84,0.20734243
299,85,0.2074736199999998
299,86,0.20923286
299,87,0.21047459
299,88,0.2033712
299,89,0.20398663
299,90,0.20711501
299,91,0.20939032
299,92,0.20506391
299,93,0.2073085499999999
299,94,0.2053480899999999
299,95,0.2017360699999999
300,0,0.20505625
300,1,0.2075013
300,2,0.2180956299999999
300,3,0.20906448
300,4,0.2243236699999999
300,5,0.25553952999999974
300,6,0.27057578999999976
300,7,0.2944384899999999
300,8,0.38445485999999973
300,9,0.24449884000000002
300,10,0.29144603999999974
300,11,0.29608652999999974
300,12,0.2494143
300,13,0.25005509999999975
300,14,0.22728717
300,15,0.2429013999999999
300,16,0.22823415
300,17,0.22539267
300,18,0.2238097399999999
300,19,0.23809956000000002
300,20,0.2272351299999998
300,21,0.22754148999999982
300,22,0.2171444699999999
300,23,0.22098083
300,24,0.2206648299999999
300,25,0.2167720699999999
300,26,0.2086705499999999
300,27,0.21612678
300,28,0.2096459899999999
300,29,0.2071366799999998
300,30,0.2054551
300,31,0.2088474199999999
300,32,0.2054627299999999
300,33,0.20514938
300,34,0.20315262
300,35,0.20618808
300,36,0.2055925799999998
300,37,0.20494937
300,38,0.20353209
300,39,0.2056153999999999
300,40,0.2057534399999999
300,41,0.2052956599999998
300,42,0.2034520699999999
300,43,0.20417137
300,44,0.2039407399999999
300,45,0.2038822599999999
300,46,0.20283175
300,47,0.20607723
300,48,0.2061755799999998
300,49,0.2064327899999999
300,50,0.2062108399999999
300,51,0.2058316899999999
300,52,0.2062356299999999
300,53,0.2077282399999999
300,54,0.2115940999999999
300,55,0.2131369699999999
300,56,0.22753168999999981
300,57,0.22552135999999992
300,58,0.22819139000000002
300,59,0.24099874000000002
300,60,0.2651002299999998
300,61,0.23379087
300,62,0.21113693
300,63,0.2211156599999999
300,64,0.21253549
300,65,0.20609543
300,66,0.20296582
300,67,0.2078331799999999
300,68,0.2053121399999999
300,69,0.20321674
300,70,0.20144932
300,71,0.2042328099999999
300,72,0.2020393699999998
300,73,0.2018577099999998
300,74,0.1986855199999999
300,75,0.20387228
300,76,0.2034636999999998
300,77,0.20220466
300,78,0.2014572
300,79,0.20197547
300,80,0.20157025
300,81,0.2014880099999999
300,82,0.20060633
300,83,0.20297782
300,84,0.2034642499999999
300,85,0.20282306
300,86,0.2014362799999998
300,87,0.2034615899999998
300,88,0.2035094399999999
300,89,0.2039064
300,90,0.20555595
300,91,0.20293263
300,92,0.2044286399999999
300,93,0.2156754699999999
300,94,0.2148967
300,95,0.20378993
301,0,0.2060214
301,1,0.2262647999999999
301,2,0.2561932999999996
301,3,0.22443775000000002
301,4,0.24497987000000002
301,5,0.2557477699999998
301,6,0.41364657999999965
301,7,0.2400555899999999
301,8,0.24466237999999987
301,9,0.24350552
301,10,0.23780027
301,11,0.24312459
301,12,0.23109364000000002
301,13,0.2182903799999999
301,14,0.21384317
301,15,0.23109064999999981
301,16,0.22992853
301,17,0.22601189000000002
301,18,0.22537534
301,19,0.2298605499999998
301,20,0.2273103599999999
301,21,0.22622298
301,22,0.2196079899999999
301,23,0.24094824
301,24,0.24005627999999993
301,25,0.21993949
301,26,0.2117067199999999
301,27,0.22566041
301,28,0.22408303
301,29,0.2180961699999999
301,30,0.20852672
301,31,0.2191024399999999
301,32,0.2159995499999999
301,33,0.2156258999999999
301,34,0.2044730399999999
301,35,0.2195123699999999
301,36,0.2140208599999999
301,37,0.2109706599999999
301,38,0.2051094399999999
301,39,0.2078353
301,40,0.2070428399999999
301,41,0.20466383
301,42,0.20217506
301,43,0.20348082
301,44,0.2035034199999999
301,45,0.2034204599999998
301,46,0.2024819699999999
301,47,0.2062302899999999
301,48,0.20636004
301,49,0.20610813
301,50,0.20497482
301,51,0.2054854699999999
301,52,0.20768454
301,53,0.2117858399999999
301,54,0.2097498999999998
301,55,0.20696914
301,56,0.21008473
301,57,0.21163926
301,58,0.2087216499999999
301,59,0.2099897799999999
301,60,0.2108995599999999
301,61,0.2061932699999999
301,62,0.20139779
301,63,0.2064445299999999
301,64,0.2018627199999999
301,65,0.1983379799999998
301,66,0.19097113
301,67,0.20227609
301,68,0.20165648
301,69,0.20026169
301,70,0.1837063599999999
301,71,0.1990865799999999
301,72,0.20027839
301,73,0.19938904
301,74,0.18429545
301,75,0.20008647
301,76,0.1998746999999999
301,77,0.20231226
301,78,0.1927729199999999
301,79,0.1980656199999998
301,80,0.19129998
301,81,0.1876350799999999
301,82,0.1833033099999998
301,83,0.1888899699999999
301,84,0.1893208499999999
301,85,0.19413992
301,86,0.1960324699999999
301,87,0.18907675
301,88,0.1881215299999999
301,89,0.19404923
301,90,0.1961855
301,91,0.19950714
301,92,0.20109706
301,93,0.2013212199999998
301,94,0.20256479
301,95,0.18952029
302,0,0.19575338
302,1,0.2090851299999999
302,2,0.24364275
302,3,0.20284937
302,4,0.2116914899999999
302,5,0.23080519000000002
302,6,0.23714753000000002
302,7,0.22081051
302,8,0.22955308999999982
302,9,0.2267252799999999
302,10,0.23240481999999982
302,11,0.2364529399999998
302,12,0.23488436999999981
302,13,0.22507447
302,14,0.20870465
302,15,0.2236379399999999
302,16,0.2201271799999999
302,17,0.2118221499999999
302,18,0.2146558999999999
302,19,0.21826187
302,20,0.21109771
302,21,0.2117671699999999
302,22,0.20498681
302,23,0.2050427199999999
302,24,0.2042250099999999
302,25,0.20291919
302,26,0.20145515
302,27,0.20451801
302,28,0.2041416399999999
302,29,0.2035122399999999
302,30,0.20100391
302,31,0.2071251399999999
302,32,0.20429914
302,33,0.2060161999999999
302,34,0.2010049099999999
302,35,0.2070501199999999
302,36,0.20490494
302,37,0.2066845199999999
302,38,0.20124785
302,39,0.2053464699999999
302,40,0.2032961399999999
302,41,0.2011231299999999
302,42,0.19991828
302,43,0.20134151
302,44,0.2013549899999999
302,45,0.20049653
302,46,0.19944767
302,47,0.2010842399999998
302,48,0.20070451
302,49,0.20096
302,50,0.1993199999999998
302,51,0.202173
302,52,0.20268052
302,53,0.20260587
302,54,0.2022960899999999
302,55,0.20542048
302,56,0.20744258
302,57,0.2071966099999999
302,58,0.20708637
302,59,0.2100658799999999
302,60,0.2110647799999999
302,61,0.2073761399999999
302,62,0.20410044
302,63,0.20677921
302,64,0.2003305699999999
302,65,0.19609521
302,66,0.19362651
302,67,0.2057174799999999
302,68,0.20520522
302,69,0.2052425899999999
302,70,0.19625583
302,71,0.20655725
302,72,0.2056321299999998
302,73,0.20490202
302,74,0.19151265
302,75,0.19935537
302,76,0.2027116699999999
302,77,0.20259299
302,78,0.2034514399999999
302,79,0.1983189
302,80,0.1948131899999998
302,81,0.19448382
302,82,0.19001774
302,83,0.19000118
302,84,0.19055901
302,85,0.19052227
302,86,0.1902112299999999
302,87,0.19306563
302,88,0.1931591
302,89,0.19801656
302,90,0.19678678
302,91,0.19873474
302,92,0.20205528
302,93,0.2026680099999999
302,94,0.20261057
302,95,0.19169958
303,0,0.19344571
303,1,0.2223315599999999
303,2,0.2460255299999999
303,3,0.2008587199999999
303,4,0.2041702799999999
303,5,0.22253367
303,6,0.23495397999999992
303,7,0.21529262
303,8,0.2208805499999997
303,9,0.2230800399999999
303,10,0.2201352999999999
303,11,0.23135093999999992
303,12,0.22027684
303,13,0.2133068099999999
303,14,0.2001452099999999
303,15,0.20110612
303,16,0.20077143
303,17,0.2010060899999999
303,18,0.20058834
303,19,0.20301769
303,20,0.20223984
303,21,0.20134738
303,22,0.20156066
303,23,0.20424991
303,24,0.2020683899999999
303,25,0.20139118
303,26,0.2001272699999999
303,27,0.20190773
303,28,0.2018197399999998
303,29,0.2016203899999999
303,30,0.201338
303,31,0.20596672
303,32,0.2056927299999998
303,33,0.20631801
303,34,0.2021212
303,35,0.2057505299999999
303,36,0.20548579
303,37,0.2049137699999999
303,38,0.2040599599999999
303,39,0.20575342
303,40,0.20581932
303,41,0.2053678
303,42,0.20399366
303,43,0.20510607
303,44,0.2049842299999999
303,45,0.20484004
303,46,0.2047379799999999
303,47,0.20522527
303,48,0.2055008099999999
303,49,0.20973708
303,50,0.20857049
303,51,0.20882387
303,52,0.2118771099999999
303,53,0.21963765
303,54,0.2232713599999999
303,55,0.21170517
303,56,0.2238068899999999
303,57,0.22754495
303,58,0.23121719
303,59,0.22356141999999993
303,60,0.22604704
303,61,0.21932622
303,62,0.2113340699999999
303,63,0.2326536499999999
303,64,0.21473809
303,65,0.20726738
303,66,0.20110037
303,67,0.2036406399999999
303,68,0.2042870199999999
303,69,0.20242664
303,70,0.2022594999999999
303,71,0.2032524799999999
303,72,0.20272265
303,73,0.20309551
303,74,0.2039801799999999
303,75,0.2052406299999999
303,76,0.20847828
303,77,0.20779045
303,78,0.2104871999999999
303,79,0.21210651
303,80,0.2104921
303,81,0.2086142999999999
303,82,0.20699223
303,83,0.2100203299999999
303,84,0.2075492899999998
303,85,0.20961322
303,86,0.2081884399999999
303,87,0.2082867699999999
303,88,0.2084109499999999
303,89,0.22909918999999992
303,90,0.22294266
303,91,0.21547021
303,92,0.2188752
303,93,0.22626654
303,94,0.22890070999999992
303,95,0.21707468
304,0,0.21701018
304,1,0.23333287
304,2,0.25798685
304,3,0.21844744
304,4,0.22582023999999992
304,5,0.2341911999999999
304,6,0.2499386999999997
304,7,0.23343728
304,8,0.27329501
304,9,0.27349108
304,10,0.26889554999999976
304,11,0.24500457
304,12,0.24038455
304,13,0.23603464999999987
304,14,0.22362984
304,15,0.2284107999999999
304,16,0.22570859000000001
304,17,0.2225536499999999
304,18,0.21723757
304,19,0.2239216199999999
304,20,0.2192051599999999
304,21,0.21921094
304,22,0.21417111
304,23,0.2288873499999999
304,24,0.22350271000000002
304,25,0.2158895199999999
304,26,0.2106258499999999
304,27,0.22234487
304,28,0.21159498
304,29,0.2093122399999999
304,30,0.20607224
304,31,0.21035355
304,32,0.2060400799999999
304,33,0.2052899799999999
304,34,0.2031581
304,35,0.2053192499999999
304,36,0.20518166
304,37,0.20359488
304,38,0.20300168
304,39,0.2016911999999999
304,40,0.20353545
304,41,0.2027949799999999
304,42,0.1998124
304,43,0.2022063699999998
304,44,0.2018008399999999
304,45,0.2017672999999999
304,46,0.20156372
304,47,0.20365093
304,48,0.20324796
304,49,0.2032894499999999
304,50,0.2024135899999999
304,51,0.20186109
304,52,0.2053799999999999
304,53,0.2106510999999999
304,54,0.2100934299999998
304,55,0.2067536999999999
304,56,0.2102210199999999
304,57,0.22066396000000002
304,58,0.2201031799999997
304,59,0.21974289
304,60,0.2187146099999999
304,61,0.21898245
304,62,0.2074099999999999
304,63,0.24464
304,64,0.22
304,65,0.2078024
304,66,0.1960647199999998
304,67,0.20834618
304,68,0.20288493
304,69,0.20208346
304,70,0.19517736
304,71,0.2018810799999999
304,72,0.20145395
304,73,0.2012103199999998
304,74,0.1968656999999999
304,75,0.2037770999999999
304,76,0.2055932999999999
304,77,0.2037331799999999
304,78,0.19584205
304,79,0.2053415499999999
304,80,0.20480542
304,81,0.20228698
304,82,0.20230945
304,83,0.2029729999999999
304,84,0.2023264399999998
304,85,0.2026352899999998
304,86,0.20306172
304,87,0.1913409
304,88,0.19191376
304,89,0.19195518
304,90,0.1931891499999999
304,91,0.1964340199999999
304,92,0.19146742
304,93,0.2011962099999999
304,94,0.2001902599999999
304,95,0.1985460199999999
305,0,0.2005022099999999
305,1,0.20565376
305,2,0.22340326000000002
305,3,0.2068882299999999
305,4,0.2175467099999999
305,5,0.24530672
305,6,0.4581851499999998
305,7,0.2529639
305,8,0.24417766999999987
305,9,0.2512405999999999
305,10,0.25216841
305,11,0.25356084
305,12,0.24006805
305,13,0.24196933
305,14,0.22712541
305,15,0.23049798000000002
305,16,0.23118575
305,17,0.22199638000000002
305,18,0.2177298899999999
305,19,0.2187832999999998
305,20,0.2160677299999998
305,21,0.2113197899999999
305,22,0.2121409499999998
305,23,0.23361663000000002
305,24,0.22313491999999982
305,25,0.2180195999999999
305,26,0.2098272
305,27,0.22369261
305,28,0.2127757699999999
305,29,0.20896251
305,30,0.2064675
305,31,0.2088707199999999
305,32,0.2058523599999999
305,33,0.2056086999999999
305,34,0.20218977
305,35,0.20631
305,36,0.2054011999999999
305,37,0.2041588
305,38,0.20174134
305,39,0.2033424
305,40,0.2024224
305,41,0.20174134
305,42,0.1997112
305,43,0.20106426
305,44,0.2006421099999999
305,45,0.2009712
305,46,0.19990507
305,47,0.20106426
305,48,0.2015727
305,49,0.2024288
305,50,0.2033001499999999
305,51,0.2059611999999999
305,52,0.20826999
305,53,0.2165987999999999
305,54,0.22
305,55,0.2097888
305,56,0.22
305,57,0.2215899999999997
305,58,0.2397672599999999
305,59,0.21893995
305,60,0.3495695499999998
305,61,0.22115433999999992
305,62,0.22424335999999992
305,63,0.26993698
305,64,0.22473457
305,65,0.2090251099999999
305,66,0.2032652199999998
305,67,0.2068418199999999
305,68,0.2052193299999999
305,69,0.2026315999999999
305,70,0.2004328999999998
305,71,0.2056684199999998
305,72,0.20002254
305,73,0.1998151799999999
305,74,0.1988524799999998
305,75,0.20018284
305,76,0.20174338
305,77,0.2016411
305,78,0.19645207
305,79,0.19643393
305,80,0.1960737899999998
305,81,0.19456317
305,82,0.19130386
305,83,0.19338557
305,84,0.1921485599999999
305,85,0.19116032
305,86,0.2007334699999998
305,87,0.2010600099999999
305,88,0.2055570099999999
305,89,0.20342859
305,90,0.2041098199999998
305,91,0.20354892
305,92,0.20524766
305,93,0.20565244
305,94,0.21834292
305,95,0.1985135099999999
306,0,0.20441006
306,1,0.2183773
306,2,0.253239
306,3,0.2088486
306,4,0.2289141699999999
306,5,0.23490450999999993
306,6,0.27851662
306,7,0.23657208999999987
306,8,0.2493569799999998
306,9,0.25285663999999974
306,10,0.25241824999999984
306,11,0.2563219699999999
306,12,0.23924473
306,13,0.2374610699999998
306,14,0.2213097199999999
306,15,0.23418297000000002
306,16,0.2334195299999999
306,17,0.2266593699999999
306,18,0.2236106999999999
306,19,0.2233931599999999
306,20,0.2149353
306,21,0.21851414
306,22,0.2195389499999999
306,23,0.2329004099999998
306,24,0.2176465799999999
306,25,0.2116726199999999
306,26,0.2065293299999999
306,27,0.2192189999999998
306,28,0.21386869
306,29,0.20578152
306,30,0.2041588
306,31,0.206278
306,32,0.2055772199999999
306,33,0.2051821199999998
306,34,0.20337918
306,35,0.2070582399999999
306,36,0.2062044999999999
306,37,0.2049041699999998
306,38,0.20289593
306,39,0.20309594
306,40,0.2021924
306,41,0.20164146
306,42,0.2003460499999998
306,43,0.2035161199999999
306,44,0.2022853599999998
306,45,0.2028585799999999
306,46,0.2034337099999999
306,47,0.20398536
306,48,0.20422843
306,49,0.2052986199999999
306,50,0.2258639199999999
306,51,0.21604521
306,52,0.2158638699999999
306,53,0.2342656399999998
306,54,0.23497502
306,55,0.2153371899999999
306,56,0.22734238999999992
306,57,0.2293005
306,58,0.2360922599999998
306,59,0.24208327
306,60,0.25390466
306,61,0.24404434
306,62,0.23166021
306,63,0.21792277
306,64,0.22096184999999982
306,65,0.2039225399999999
306,66,0.1988942
306,67,0.2043734299999999
306,68,0.2086668199999999
306,69,0.20571481
306,70,0.20148211
306,71,0.205118
306,72,0.2034959
306,73,0.20086571
306,74,0.2240153499999998
306,75,0.20603295
306,76,0.2087874999999999
306,77,0.21103901
306,78,0.21010994
306,79,0.2115336099999999
306,80,0.20104458
306,81,0.2026139299999998
306,82,0.2000027199999998
306,83,0.19842748
306,84,0.1948966899999999
306,85,0.1981849299999999
306,86,0.19610416
306,87,0.19481697
306,88,0.1915544299999998
306,89,0.20127545
306,90,0.19214401
306,91,0.1944746199999999
306,92,0.2017871799999999
306,93,0.2025374199999999
306,94,0.20504872
306,95,0.19712651
307,0,0.20420288
307,1,0.22135259
307,2,0.2425327899999998
307,3,0.2005105099999999
307,4,0.21671558
307,5,0.25568113999999975
307,6,0.32999977
307,7,0.23247380999999992
307,8,0.26741662
307,9,0.2399813399999999
307,10,0.23676251
307,11,0.22597346
307,12,0.22288880000000003
307,13,0.21432076
307,14,0.2101003299999999
307,15,0.21707052
307,16,0.2124847799999999
307,17,0.21682579
307,18,0.209777
307,19,0.21846288
307,20,0.2136517799999999
307,21,0.2055006399999999
307,22,0.20201758
307,23,0.19973991
307,24,0.19929322
307,25,0.1986597
307,26,0.19846527
307,27,0.19636614
307,28,0.1945936199999999
307,29,0.19449553
307,30,0.1935296799999999
307,31,0.1993858299999999
307,32,0.19547076
307,33,0.19637335
307,34,0.1966610099999998
307,35,0.19670344
307,36,0.19596101
307,37,0.19560099
307,38,0.1950742899999999
307,39,0.19641849
307,40,0.19618457
307,41,0.19640092
307,42,0.1954474499999999
307,43,0.1965008099999998
307,44,0.1968418999999999
307,45,0.19696996
307,46,0.19708767
307,47,0.19677244
307,48,0.1985978
307,49,0.19874173
307,50,0.2006233799999999
307,51,0.20239612
307,52,0.2050002299999999
307,53,0.2098055499999999
307,54,0.2138029199999999
307,55,0.21139338
307,56,0.2223392199999998
307,57,0.2243632999999999
307,58,0.2291349699999999
307,59,0.2193321999999999
307,60,0.24506272999999992
307,61,0.2178726499999999
307,62,0.20609075
307,63,0.22522318
307,64,0.2167364
307,65,0.1988376
307,66,0.1983325499999998
307,67,0.2045394499999999
307,68,0.20371907
307,69,0.1998910699999999
307,70,0.19598985
307,71,0.2003613699999999
307,72,0.19728093
307,73,0.1912680199999999
307,74,0.1850642999999999
307,75,0.1950083499999998
307,76,0.19569055
307,77,0.1976459499999999
307,78,0.19186461
307,79,0.19637773
307,80,0.1964420699999998
307,81,0.19596774
307,82,0.1895116899999999
307,83,0.1862352899999998
307,84,0.18646794
307,85,0.1873864
307,86,0.19099786
307,87,0.1956802799999999
307,88,0.19692581
307,89,0.19691635
307,90,0.19753958
307,91,0.1956542299999999
307,92,0.19654404
307,93,0.2034959599999999
307,94,0.2057899899999999
307,95,0.1709926699999999
308,0,0.1958292199999999
308,1,0.2248074199999999
308,2,0.27027159
308,3,0.20053966
308,4,0.2074818
308,5,0.23530463
308,6,0.2535421999999997
308,7,0.23327966000000003
308,8,0.22620033999999992
308,9,0.23884501
308,10,0.2166226
308,11,0.2366122199999999
308,12,0.23004085999999982
308,13,0.22497324999999982
308,14,0.20844274
308,15,0.2204802699999999
308,16,0.21487931
308,17,0.2116310199999999
308,18,0.2090718399999999
308,19,0.2122544899999998
308,20,0.21200518
308,21,0.20745285
308,22,0.20235144
308,23,0.20954048
308,24,0.21202641
308,25,0.20630088
308,26,0.20318231
308,27,0.20913468
308,28,0.2055226299999999
308,29,0.2030984299999998
308,30,0.20169747
308,31,0.2021814499999999
308,32,0.20373075
308,33,0.2016054599999999
308,34,0.19922575
308,35,0.2030408199999999
308,36,0.20166654
308,37,0.2012322199999999
308,38,0.1986874599999999
308,39,0.20254895
308,40,0.20218949
308,41,0.20118908
308,42,0.1997334299999999
308,43,0.2017912699999999
308,44,0.20175189
308,45,0.20056949
308,46,0.19945636
308,47,0.200712
308,48,0.20072046
308,49,0.2005676799999998
308,50,0.2001792799999999
308,51,0.20117519
308,52,0.2031783
308,53,0.2058174699999999
308,54,0.20411115
308,55,0.20291237
308,56,0.20585334
308,57,0.21195538
308,58,0.21294444
308,59,0.21498546
308,60,0.23490956999999993
308,61,0.2203650999999999
308,62,0.20634776
308,63,0.2094598299999999
308,64,0.2088890799999999
308,65,0.2050603399999999
308,66,0.1877383199999999
308,67,0.19716189
308,68,0.2017793499999998
308,69,0.19906613
308,70,0.1951252599999999
308,71,0.2077575599999999
308,72,0.2091646499999999
308,73,0.2010925199999998
308,74,0.19130368
308,75,0.19424626
308,76,0.19285644
308,77,0.19702115
308,78,0.19510919
308,79,0.1919329399999998
308,80,0.19257694
308,81,0.18903909
308,82,0.18847982
308,83,0.1925623699999999
308,84,0.19444738
308,85,0.18686118
308,86,0.1881949799999999
308,87,0.1798714899999999
308,88,0.1793495199999999
308,89,0.18407813
308,90,0.18509591
308,91,0.1823268499999999
308,92,0.1837698799999998
308,93,0.18734982
308,94,0.18724039
308,95,0.17808105
309,0,0.18501726
309,1,0.2019979
309,2,0.2128382499999999
309,3,0.19865637
309,4,0.20302499
309,5,0.22227518
309,6,0.2319146599999999
309,7,0.23769664
309,8,0.2348119899999999
309,9,0.2191897099999999
309,10,0.21912504
309,11,0.23036547
309,12,0.2201644899999999
309,13,0.22245552
309,14,0.2118520499999999
309,15,0.2186736199999999
309,16,0.2170397899999999
309,17,0.2238172199999999
309,18,0.21227806
309,19,0.21831023
309,20,0.2059100899999998
309,21,0.2052836999999999
309,22,0.20314659
309,23,0.20581637
309,24,0.2049654199999999
309,25,0.2015214099999999
309,26,0.20151533
309,27,0.20091839
309,28,0.20002258
309,29,0.2010099099999999
309,30,0.197789
309,31,0.20285785
309,32,0.20169908
309,33,0.2015989299999999
309,34,0.2003821099999999
309,35,0.2013613999999999
309,36,0.20027602
309,37,0.1993429399999998
309,38,0.1982787399999999
309,39,0.2002387299999999
309,40,0.1970723899999999
309,41,0.19740095
309,42,0.2009167899999999
309,43,0.2020621
309,44,0.2005578199999998
309,45,0.19788738
309,46,0.19768676
309,47,0.1992022799999999
309,48,0.19926836
309,49,0.197498
309,50,0.1979000699999999
309,51,0.1986979999999999
309,52,0.1995674
309,53,0.19845487
309,54,0.1983744299999999
309,55,0.1990658899999999
309,56,0.20031756
309,57,0.1991776799999999
309,58,0.2000178799999999
309,59,0.20017108
309,60,0.1997494
309,61,0.19718115
309,62,0.20541103
309,63,0.2026038
309,64,0.19637007
309,65,0.19710905
309,66,0.20579534
309,67,0.19951161
309,68,0.19858203
309,69,0.18199814
309,70,0.20575732
309,71,0.18787852
309,72,0.18792152
309,73,0.1855654199999999
309,74,0.1929594399999999
309,75,0.19097935
309,76,0.1601771
309,77,0.1499894999999998
309,78,0.16979771
309,79,0.1694153699999998
309,80,0.1650715799999999
309,81,0.15
309,82,0.1650793199999999
309,83,0.15
309,84,0.1499899399999999
309,85,0.1583461599999999
309,86,0.1664588699999999
309,87,0.17077926
309,88,0.18457379
309,89,0.1806981299999999
309,90,0.1731886299999999
309,91,0.1834063
309,92,0.18823602
309,93,0.2067066199999999
309,94,0.18969368
309,95,0.2226363599999999
310,0,0.22979248
310,1,0.27379374999999984
310,2,0.20221803
310,3,0.20634442
310,4,0.24213472
310,5,0.28720979999999974
310,6,0.24322111999999987
310,7,0.2868956899999999
310,8,0.29319609999999974
310,9,0.22644255
310,10,0.2318442299999999
310,11,0.23435204
310,12,0.2340716899999998
310,13,0.22311713000000002
310,14,0.23246774
310,15,0.2239012299999998
310,16,0.2227735599999999
310,17,0.22062838999999992
310,18,0.22340912
310,19,0.22290184
310,20,0.2199179
310,21,0.21719484
310,22,0.2178028699999999
310,23,0.21190112
310,24,0.20920722
310,25,0.20174674
310,26,0.20356248
310,27,0.20247636
310,28,0.20093259
310,29,0.1992371199999999
310,30,0.20124933
310,31,0.2023786699999999
310,32,0.1996026299999999
310,33,0.1981137299999999
310,34,0.20030863
310,35,0.1983211099999999
310,36,0.2009613499999999
310,37,0.1980241499999999
310,38,0.20078951
310,39,0.20110076
310,40,0.2009872299999999
310,41,0.20213775
310,42,0.2058679299999999
310,43,0.2072621499999999
310,44,0.2073983399999999
310,45,0.20755147
310,46,0.2092132999999998
310,47,0.2172982499999999
310,48,0.2120948799999999
310,49,0.21186674
310,50,0.22293508999999992
310,51,0.22907416
310,52,0.23191275000000003
310,53,0.22456498
310,54,0.23066896
310,55,0.2332396099999999
310,56,0.2388592199999999
310,57,0.27118102
310,58,0.24160149
310,59,0.24557041999999982
310,60,0.23597052999999993
310,61,0.2286899999999998
310,62,0.24350785
310,63,0.2302124
310,64,0.2150011999999999
310,65,0.20832124
310,66,0.22566382999999993
310,67,0.2112528299999999
310,68,0.21285166
310,69,0.1988308999999999
310,70,0.19977028
310,71,0.1994611899999999
310,72,0.1977307799999999
310,73,0.1941075599999999
310,74,0.1892332399999998
310,75,0.19134109
310,76,0.1891215299999999
310,77,0.18745652
310,78,0.18895483
310,79,0.1883795699999998
310,80,0.1875830199999999
310,81,0.18599798
310,82,0.1873546899999999
310,83,0.18734833
310,84,0.18754966
310,85,0.1899714299999998
310,86,0.19114815
310,87,0.1901686
310,88,0.1900728999999999
310,89,0.1918147699999999
310,90,0.18700363
310,91,0.19542035
310,92,0.19509953
310,93,0.2040837399999999
310,94,0.18924356
310,95,0.20090578
311,0,0.21645449
311,1,0.26772708999999983
311,2,0.2141878499999998
311,3,0.23642412999999982
311,4,0.23923955
311,5,0.2512638199999999
311,6,0.2339588
311,7,0.5403439999999999
311,8,0.3881934699999998
311,9,0.2392696799999999
311,10,0.24156780000000003
311,11,0.23034081999999992
311,12,0.21626002
311,13,0.2151860699999999
311,14,0.23070090000000001
311,15,0.20914106
311,16,0.2142437099999999
311,17,0.20220422
311,18,0.21109364
311,19,0.23061466
311,20,0.21210905
311,21,0.2070668399999999
311,22,0.2173793
311,23,0.2151617799999998
311,24,0.21442518
311,25,0.208887
311,26,0.21684092
311,27,0.2129582699999999
311,28,0.2094340599999999
311,29,0.20122581
311,30,0.2096980799999999
311,31,0.2061194599999999
311,32,0.20439361
311,33,0.20084467
311,34,0.20792703
311,35,0.2044654399999999
311,36,0.2052454799999999
311,37,0.2027495299999999
311,38,0.2033401799999997
311,39,0.2025919099999999
311,40,0.2038007599999998
311,41,0.20100961
311,42,0.2008730699999999
311,43,0.2008183399999999
311,44,0.2008783099999999
311,45,0.19985115
311,46,0.19910268
311,47,0.1991265999999999
311,48,0.19962195
311,49,0.20009764
311,50,0.2010388599999999
311,51,0.2022640299999999
311,52,0.2031746399999999
311,53,0.20385081
311,54,0.2037297299999998
311,55,0.20574113
311,56,0.21157826
311,57,0.2152377399999999
311,58,0.20715108
311,59,0.20851944
311,60,0.2088511499999999
311,61,0.2051741899999999
311,62,0.2201642499999998
311,63,0.2205215199999999
311,64,0.2088335899999999
311,65,0.2053422899999999
311,66,0.21671841
311,67,0.20685676
311,68,0.20552584
311,69,0.1995453199999998
311,70,0.2065159499999999
311,71,0.2101526199999999
311,72,0.2033074799999999
311,73,0.1965312
311,74,0.2051400199999999
311,75,0.2018399599999999
311,76,0.2057849699999999
311,77,0.2016588
311,78,0.2074599999999999
311,79,0.2014688
311,80,0.20077446
311,81,0.20048
311,82,0.2072396299999999
311,83,0.2049272399999999
311,84,0.20450524
311,85,0.19909743
311,86,0.19900371
311,87,0.19891102
311,88,0.1990919599999999
311,89,0.1975395299999999
311,90,0.1982953
311,91,0.2057356299999999
311,92,0.2132732699999998
311,93,0.21191953
311,94,0.19384595
311,95,0.2031699599999999
312,0,0.2199028599999999
312,1,0.2434379799999998
312,2,0.20565423
312,3,0.22584627
312,4,0.2457551099999998
312,5,0.2520424
312,6,0.21868631
312,7,0.23408631
312,8,0.25124614
312,9,0.24924017
312,10,0.23920665
312,11,0.24412595
312,12,0.2364786599999998
312,13,0.23068661999999981
312,14,0.23512570000000002
312,15,0.23835487000000002
312,16,0.2345130399999998
312,17,0.2279840899999999
312,18,0.2248853399999999
312,19,0.22097196
312,20,0.2161226799999999
312,21,0.2131192499999999
312,22,0.2180827099999999
312,23,0.21442622
312,24,0.21042412
312,25,0.2070656099999999
312,26,0.2132436499999999
312,27,0.21075396
312,28,0.20800839
312,29,0.20313899
312,30,0.20275978
312,31,0.20091388
312,32,0.20166949
312,33,0.19863537
312,34,0.20023272
312,35,0.19937359
312,36,0.19858204
312,37,0.19581635
312,38,0.20085587
312,39,0.20023499
312,40,0.1993309399999999
312,41,0.19837957
312,42,0.20026515
312,43,0.20031479
312,44,0.20000967
312,45,0.19842068
312,46,0.1984558599999999
312,47,0.19827611
312,48,0.19865602
312,49,0.1981635599999999
312,50,0.19837917
312,51,0.1985880899999999
312,52,0.2000125799999999
312,53,0.20008185
312,54,0.2030731199999998
312,55,0.2096648499999999
312,56,0.21639201
312,57,0.21621837
312,58,0.21567048
312,59,0.2138913999999999
312,60,0.21111949
312,61,0.2040058899999999
312,62,0.21811338
312,63,0.29037356999999964
312,64,0.20345224
312,65,0.19613326
312,66,0.2028823999999999
312,67,0.2010288
312,68,0.1965176599999999
312,69,0.20021038
312,70,0.22631028
312,71,0.19957548
312,72,0.19969639
312,73,0.19670576
312,74,0.2000231999999999
312,75,0.19909546
312,76,0.19968288
312,77,0.19487761
312,78,0.19833301
312,79,0.1991059599999999
312,80,0.1988014
312,81,0.19467463
312,82,0.19913645
312,83,0.19829868
312,84,0.1969677099999999
312,85,0.19239254
312,86,0.19692114
312,87,0.1985500699999999
312,88,0.2003295
312,89,0.1983724899999999
312,90,0.1964647699999999
312,91,0.19738323
312,92,0.19919134
312,93,0.20157606
312,94,0.1817729099999999
312,95,0.19322934
313,0,0.20284755
313,1,0.2202111999999999
313,2,0.19975605
313,3,0.20208314
313,4,0.22099253
313,5,0.26591469999999984
313,6,0.2292812199999998
313,7,0.23952126999999993
313,8,0.2474464399999999
313,9,0.21996912
313,10,0.22159652
313,11,0.2217703799999999
313,12,0.2217676599999999
313,13,0.2063145499999999
313,14,0.22146184
313,15,0.21119379
313,16,0.2082011699999998
313,17,0.2109994999999999
313,18,0.22344239000000002
313,19,0.21252532
313,20,0.20462895
313,21,0.20176207
313,22,0.22419195
313,23,0.21173356
313,24,0.2113787899999999
313,25,0.2058833
313,26,0.2126624999999999
313,27,0.20897958
313,28,0.2030141299999999
313,29,0.2009927399999999
313,30,0.20419867
313,31,0.2041218099999999
313,32,0.20306378
313,33,0.20276668
313,34,0.2032593099999999
313,35,0.2014473399999999
313,36,0.2006997599999999
313,37,0.1992462499999999
313,38,0.2139965399999999
313,39,0.20839274
313,40,0.21051429
313,41,0.20309088
313,42,0.20110023
313,43,0.20096982
313,44,0.2013811399999999
313,45,0.19950502
313,46,0.2018695399999999
313,47,0.201864
313,48,0.2018745199999999
313,49,0.20134382
313,50,0.20212639
313,51,0.2032297299999998
313,52,0.20354444
313,53,0.2126524099999999
313,54,0.20829913
313,55,0.2204812699999998
313,56,0.2273581299999999
313,57,0.22313639
313,58,0.2170945799999999
313,59,0.2193919399999999
313,60,0.2198432599999999
313,61,0.20568844
313,62,0.20950631
313,63,0.2046577399999999
313,64,0.2016561799999999
313,65,0.19635363
313,66,0.20712038
313,67,0.20492143
313,68,0.20970429
313,69,0.20434997
313,70,0.20407281
313,71,0.20162129
313,72,0.20041586
313,73,0.19960115
313,74,0.2024578
313,75,0.2024626
313,76,0.20152764
313,77,0.2013491399999999
313,78,0.19911041
313,79,0.1991445599999998
313,80,0.20109341
313,81,0.20007244
313,82,0.1987638399999998
313,83,0.2004679699999999
313,84,0.20069443
313,85,0.20048691
313,86,0.2008476599999999
313,87,0.20066104
313,88,0.20097343
313,89,0.2004909
313,90,0.19883307
313,91,0.19972594
313,92,0.20296459
313,93,0.2030749
313,94,0.1964645999999999
313,95,0.20092736
314,0,0.21165777
314,1,0.24819655
314,2,0.2039878199999999
314,3,0.23390967999999993
314,4,0.23571434
314,5,0.2436980999999999
314,6,0.25446678999999983
314,7,0.27193223
314,8,0.25552352
314,9,0.2257399999999998
314,10,0.22701457
314,11,0.2227154599999999
314,12,0.2205859099999998
314,13,0.2123295899999999
314,14,0.2228644699999999
314,15,0.22212626
314,16,0.21416949
314,17,0.20769256
314,18,0.21535409
314,19,0.2144382699999999
314,20,0.2112451099999999
314,21,0.2054377799999999
314,22,0.2141310199999999
314,23,0.2115221
314,24,0.21363899
314,25,0.20362074
314,26,0.21317329
314,27,0.2109831899999999
314,28,0.2037334199999999
314,29,0.2016872999999999
314,30,0.2128667199999999
314,31,0.20690798
314,32,0.2017731799999998
314,33,0.20106061
314,34,0.1999604499999999
314,35,0.19824163
314,36,0.19840716
314,37,0.1959764899999999
314,38,0.1982931299999999
314,39,0.19615287
314,40,0.1961501499999998
314,41,0.19349265
314,42,0.1938133199999999
314,43,0.19353409
314,44,0.19273076
314,45,0.1916159199999999
314,46,0.19571901
314,47,0.19591464
314,48,0.1959857599999999
314,49,0.19403
314,50,0.20010497
314,51,0.20147829
314,52,0.2004461099999999
314,53,0.1996894099999999
314,54,0.20377397
314,55,0.2072664499999998
314,56,0.21340551
314,57,0.2105683199999999
314,58,0.20749049
314,59,0.20641541
314,60,0.2069149599999999
314,61,0.20107273
314,62,0.2049241299999999
314,63,0.2050286399999999
314,64,0.1953054599999999
314,65,0.19219179
314,66,0.1997234399999999
314,67,0.2004599899999999
314,68,0.19141875
314,69,0.19204609
314,70,0.1970590499999999
314,71,0.19417571
314,72,0.1909504299999999
314,73,0.1926846999999999
314,74,0.19811749
314,75,0.1964322799999999
314,76,0.1963371199999999
314,77,0.1935957799999999
314,78,0.1970554599999999
314,79,0.1990136699999999
314,80,0.1964841499999998
314,81,0.19522095
314,82,0.19763348
314,83,0.1980263599999999
314,84,0.1967958999999999
314,85,0.1901224199999999
314,86,0.1921947199999999
314,87,0.1909203899999999
314,88,0.1977027199999999
314,89,0.19673556
314,90,0.19172371
314,91,0.19486917
314,92,0.2005667199999999
314,93,0.2024547099999999
314,94,0.19457074
314,95,0.20043777
315,0,0.2246017299999998
315,1,0.23784798
315,2,0.19808992
315,3,0.2066909599999999
315,4,0.19958054
315,5,0.27031671999999984
315,6,0.22031119000000002
315,7,0.2209647699999999
315,8,0.2214178299999999
315,9,0.2190077
315,10,0.21192063
315,11,0.20823291
315,12,0.20619758
315,13,0.20035701
315,14,0.2112412599999999
315,15,0.2048947299999998
315,16,0.2033168199999999
315,17,0.2023205599999999
315,18,0.2099313599999999
315,19,0.20451094
315,20,0.20572384
315,21,0.19834993
315,22,0.20571159
315,23,0.19942076
315,24,0.20016554
315,25,0.19885518
315,26,0.2045738799999999
315,27,0.2038135199999998
315,28,0.20153885
315,29,0.19853535
315,30,0.20071427
315,31,0.1991876999999999
315,32,0.19878168
315,33,0.19799534
315,34,0.19821544
315,35,0.2001128
315,36,0.19931434
315,37,0.1971845599999999
315,38,0.19935088
315,39,0.1992964499999999
315,40,0.19894203
315,41,0.1974658799999999
315,42,0.2019224999999999
315,43,0.1998173899999999
315,44,0.19973535
315,45,0.19853966
315,46,0.20040549
315,47,0.1999386
315,48,0.19930209
315,49,0.19742855
315,50,0.1994600299999999
315,51,0.19973793
315,52,0.2042170499999999
315,53,0.20589394
315,54,0.20383607
315,55,0.2064535699999999
315,56,0.21045195
315,57,0.2069699699999999
315,58,0.2077530699999999
315,59,0.2089144899999999
315,60,0.23009677999999992
315,61,0.20692612
315,62,0.20941989
315,63,0.2050331799999999
315,64,0.2146826299999999
315,65,0.1998850999999999
315,66,0.2529086499999996
315,67,0.2334614899999999
315,68,0.21146183
315,69,0.20034102
315,70,0.23490151
315,71,0.21031991
315,72,0.20049888
315,73,0.2069897399999999
315,74,0.20409288
315,75,0.2022173899999998
315,76,0.1994453999999999
315,77,0.1989215
315,78,0.20142815
315,79,0.19715976
315,80,0.19399101
315,81,0.1937141
315,82,0.2036357899999999
315,83,0.20615218
315,84,0.19723115
315,85,0.19340854
315,86,0.19289635
315,87,0.19508624
315,88,0.196306
315,89,0.1945148
315,90,0.19169286
315,91,0.193901
315,92,0.19798205
315,93,0.20097948
315,94,0.19468862
315,95,0.19880411
316,0,0.21960891
316,1,0.24475032
316,2,0.2030735399999998
316,3,0.21324377
316,4,0.2242424199999998
316,5,0.46629732999999973
316,6,0.26458066999999985
316,7,0.2361962399999998
316,8,0.23735321
316,9,0.2242417199999999
316,10,0.2241860499999999
316,11,0.2222960899999998
316,12,0.21608038
316,13,0.20741002
316,14,0.22138079000000002
316,15,0.2200305599999998
316,16,0.2198732099999999
316,17,0.2084160099999999
316,18,0.2138134299999999
316,19,0.2128343499999999
316,20,0.20709423
316,21,0.20533273
316,22,0.21068552
316,23,0.20845751
316,24,0.20582571
316,25,0.2016072599999999
316,26,0.2080648199999999
316,27,0.2065688
316,28,0.20593881
316,29,0.1993142499999999
316,30,0.20459473
316,31,0.19970456
316,32,0.19863195
316,33,0.19693001
316,34,0.19667408
316,35,0.19486973
316,36,0.1951626699999999
316,37,0.1940508499999998
316,38,0.19476471
316,39,0.1940060499999999
316,40,0.19376152
316,41,0.1933015599999999
316,42,0.19215367
316,43,0.19364812
316,44,0.19386966
316,45,0.1935237
316,46,0.19368162
316,47,0.1941479799999998
316,48,0.19409389
316,49,0.1938465
316,50,0.1942036899999999
316,51,0.1943038
316,52,0.1942032199999999
316,53,0.1916524
316,54,0.19413405
316,55,0.19281881
316,56,0.1939961899999999
316,57,0.1942508599999998
316,58,0.19695796
316,59,0.1967879899999999
316,60,0.19532233
316,61,0.1915218599999999
316,62,0.19754779
316,63,0.18756841
316,64,0.17703857
316,65,0.15
316,66,0.1521904599999998
316,67,0.1594638099999999
316,68,0.15
316,69,0.1500185299999999
316,70,0.181762
316,71,0.1741538199999999
316,72,0.17032025
316,73,0.1723534599999999
316,74,0.1670421599999999
316,75,0.16791214
316,76,0.16858668
316,77,0.16608633
316,78,0.17440738
316,79,0.1725531599999999
316,80,0.17271617
316,81,0.1725445
316,82,0.1722471599999999
316,83,0.1724374099999999
316,84,0.1741180699999999
316,85,0.17171701
316,86,0.1774335
316,87,0.1775931
316,88,0.1818578599999999
316,89,0.18897871
316,90,0.17687378
316,91,0.1907361999999998
316,92,0.19662369
316,93,0.19844581
316,94,0.17711419
316,95,0.18757621
317,0,0.20853579
317,1,0.22497793000000002
317,2,0.19718062
317,3,0.20825764
317,4,0.21670681
317,5,0.24492358
317,6,0.23853148999999987
317,7,0.2238970499999998
317,8,0.22241059
317,9,0.2058065799999998
317,10,0.2146030699999999
317,11,0.20967748
317,12,0.2100176899999999
317,13,0.20491889
317,14,0.2139917599999999
317,15,0.2159394399999999
317,16,0.2191785
317,17,0.2112437699999998
317,18,0.2117556199999999
317,19,0.21537966
317,20,0.19941915
317,21,0.2000215099999999
317,22,0.20316713
317,23,0.20112749
317,24,0.1984365099999999
317,25,0.1978086299999999
317,26,0.1995557899999999
317,27,0.1989137799999999
317,28,0.1949598099999999
317,29,0.1935256699999999
317,30,0.19052852
317,31,0.1908938099999998
317,32,0.19088167
317,33,0.1866097399999998
317,34,0.19297421
317,35,0.19167593
317,36,0.19207282
317,37,0.18669269
317,38,0.1939612099999999
317,39,0.1906826499999999
317,40,0.19100105
317,41,0.18983116
317,42,0.1916286399999999
317,43,0.19294538
317,44,0.1902466
317,45,0.1905692199999999
317,46,0.1906383799999998
317,47,0.19322906
317,48,0.19090145
317,49,0.19356898
317,50,0.1961678399999999
317,51,0.19829065
317,52,0.19516295
317,53,0.1984986299999999
317,54,0.19904064
317,55,0.20075397
317,56,0.2060376199999999
317,57,0.2103139399999999
317,58,0.20198119
317,59,0.2062224599999998
317,60,0.20723665
317,61,0.2037434399999998
317,62,0.2102514899999999
317,63,0.20267847
317,64,0.19896933
317,65,0.1941647699999999
317,66,0.20199724
317,67,0.1987233199999999
317,68,0.1950775899999999
317,69,0.19041996
317,70,0.19647631
317,71,0.1966940399999999
317,72,0.19862763
317,73,0.1986562399999999
317,74,0.1989886
317,75,0.1991094999999999
317,76,0.1977403199999998
317,77,0.19770687
317,78,0.19991166
317,79,0.19838336
317,80,0.1984152199999999
317,81,0.1983446799999998
317,82,0.19566727
317,83,0.1954940099999998
317,84,0.19645012
317,85,0.1935086
317,86,0.1954467799999999
317,87,0.1983347099999998
317,88,0.20068397
317,89,0.1961933999999999
317,90,0.1916761099999999
317,91,0.1966089399999999
317,92,0.19856567
317,93,0.1992333099999998
317,94,0.19569334
317,95,0.19948335
318,0,0.2135966499999999
318,1,0.22636323
318,2,0.20562587
318,3,0.2104112
318,4,0.2350012
318,5,0.24918313
318,6,0.2221885999999997
318,7,0.2326274899999999
318,8,0.23692938
318,9,0.23121014999999992
318,10,0.21888722
318,11,0.2131826299999999
318,12,0.20970839
318,13,0.2079831999999999
318,14,0.2156709899999999
318,15,0.2102358299999999
318,16,0.20944009
318,17,0.20754112
318,18,0.2120608999999998
318,19,0.2093086599999999
318,20,0.2062608699999999
318,21,0.20182406
318,22,0.21297216
318,23,0.208695
318,24,0.20228756
318,25,0.1991159799999998
318,26,0.2025032599999999
318,27,0.19819446
318,28,0.19653434
318,29,0.19400739
318,30,0.19433604
318,31,0.1939539499999999
318,32,0.19200723
318,33,0.19008602
318,34,0.20140718
318,35,0.2014175299999999
318,36,0.2010830999999999
318,37,0.1979449999999999
318,38,0.20131376
318,39,0.20301939
318,40,0.20126579
318,41,0.19725218
318,42,0.2001255999999999
318,43,0.2003123999999999
318,44,0.2012934999999999
318,45,0.1990323799999999
318,46,0.1983074099999999
318,47,0.1983580199999999
318,48,0.19699059
318,49,0.19710896
318,50,0.19767292
318,51,0.1994142299999998
318,52,0.19996785
318,53,0.2011467299999998
318,54,0.20911615
318,55,0.2111665099999999
318,56,0.2206154699999999
318,57,0.22439572
318,58,0.22408703
318,59,0.22533263
318,60,0.22332047000000002
318,61,0.2135800299999999
318,62,0.2166929199999999
318,63,0.23063606
318,64,0.2091295799999999
318,65,0.2088388799999999
318,66,0.2470305899999999
318,67,0.24562314999999982
318,68,0.2678184
318,69,0.2198453799999999
318,70,0.2098671499999999
318,71,0.206207
318,72,0.20363232
318,73,0.203096
318,74,0.2042265
318,75,0.2038478799999999
318,76,0.20154821
318,77,0.1986853899999999
318,78,0.1998297799999999
318,79,0.19735821
318,80,0.1933330399999999
318,81,0.1891503699999999
318,82,0.19484969
318,83,0.1801712999999998
318,84,0.1853603
318,85,0.1806752299999998
318,86,0.1952680499999999
318,87,0.19467404
318,88,0.19187713
318,89,0.1901713999999999
318,90,0.1803574099999998
318,91,0.1803761999999999
318,92,0.18277136
318,93,0.18435357
318,94,0.1752748499999999
318,95,0.19181797
319,0,0.2075200599999999
319,1,0.24397612
319,2,0.20042794
319,3,0.2027903399999999
319,4,0.2090008199999999
319,5,0.23682498999999987
319,6,0.22690568000000003
319,7,0.23563978
319,8,0.23587643
319,9,0.23316991
319,10,0.22982157
319,11,0.22187199999999987
319,12,0.2228573899999999
319,13,0.2183417
319,14,0.2202401899999998
319,15,0.2186521199999999
319,16,0.2163420899999998
319,17,0.21384845
319,18,0.2181407699999999
319,19,0.21608997
319,20,0.22348166
319,21,0.21795229
319,22,0.2242799999999999
319,23,0.2174804
319,24,0.2198588
319,25,0.2235575599999999
319,26,0.23528617999999993
319,27,0.23506972
319,28,0.21645082
319,29,0.22679250999999992
319,30,0.23351939000000002
319,31,0.22341866000000002
319,32,0.2131239899999999
319,33,0.2078421499999999
319,34,0.2049301399999999
319,35,0.20443519
319,36,0.2124308499999999
319,37,0.2198302899999999
319,38,0.20207345
319,39,0.20112272
319,40,0.2008553099999999
319,41,0.20286307
319,42,0.20292442
319,43,0.2029657599999999
319,44,0.20224052
319,45,0.20289368
319,46,0.20238364
319,47,0.20375003
319,48,0.2037923999999999
319,49,0.2096887999999999
319,50,0.2102203999999999
319,51,0.2140036
319,52,0.2106711999999999
319,53,0.2143487999999999
319,54,0.22146000000000002
319,55,0.23387
319,56,0.23
319,57,0.2146123999999999
319,58,0.2298024
319,59,0.2287700699999999
319,60,0.2154342
319,61,0.22
319,62,0.2135936
319,63,0.20990292
319,64,0.2041363199999999
319,65,0.2108487999999999
319,66,0.2018076
319,67,0.1975567099999998
319,68,0.1996712
319,69,0.2262683599999998
319,70,0.20444421
319,71,0.20133624
319,72,0.1992232899999998
319,73,0.2056587699999998
319,74,0.20337143
319,75,0.20161922
319,76,0.19666136
319,77,0.1977997699999999
319,78,0.1966388099999998
319,79,0.19789897
319,80,0.1962987999999999
319,81,0.2013881099999999
319,82,0.2008796099999999
319,83,0.1980422799999999
319,84,0.1943836
319,85,0.1861577899999999
319,86,0.1823679
319,87,0.1817266
319,88,0.1812528199999999
319,89,0.16994899
319,90,0.1924803199999999
319,91,0.19601023
319,92,0.1954879999999999
319,93,0.1805558099999999
319,94,0.20096981
319,95,0.21060661
320,0,0.24278699
320,1,0.2085371399999999
320,2,0.2294160399999999
320,3,0.26850103999999975
320,4,0.2639671699999999
320,5,0.24202324
320,6,0.2712413399999999
320,7,0.27299260999999975
320,8,0.23755063
320,9,0.23430817
320,10,0.2361021999999999
320,11,0.23448824
320,12,0.2316378999999998
320,13,0.23342535
320,14,0.23049856
320,15,0.2323532
320,16,0.23123965
320,17,0.23218777
320,18,0.22763346999999992
320,19,0.22601944999999993
320,20,0.2182878099999999
320,21,0.22407837
320,22,0.2194835499999999
320,23,0.21578095
320,24,0.20761737
320,25,0.2145910499999999
320,26,0.21023381
320,27,0.20684347
320,28,0.2041338699999999
320,29,0.20893198
320,30,0.2108852699999999
320,31,0.2059788399999998
320,32,0.2040572
320,33,0.2081430699999999
320,34,0.2055687
320,35,0.2076807099999998
320,36,0.20431575
320,37,0.20786269
320,38,0.2075284299999999
320,39,0.20757282
320,40,0.2073739899999999
320,41,0.20713102
320,42,0.2071817199999999
320,43,0.2062762799999999
320,44,0.20634194
320,45,0.20732897
320,46,0.2086158399999998
320,47,0.2091513499999999
320,48,0.20973756
320,49,0.2086982399999999
320,50,0.21202136
320,51,0.2138811299999999
320,52,0.2170492199999999
320,53,0.2096267299999999
320,54,0.2130597799999999
320,55,0.22775759999999992
320,56,0.22921498999999992
320,57,0.21703323
320,58,0.22279038999999992
320,59,0.22979401000000002
320,60,0.21990352
320,61,0.2647398799999999
320,62,0.2297282899999998
320,63,0.2117174699999998
320,64,0.2067311199999998
320,65,0.22672108
320,66,0.24745058
320,67,0.2167489299999999
320,68,0.20781559
320,69,0.2107706499999999
320,70,0.20865565
320,71,0.2042635599999999
320,72,0.20050797
320,73,0.20176467
320,74,0.20047197
320,75,0.1974864199999998
320,76,0.1896016199999999
320,77,0.19006845
320,78,0.18945451
320,79,0.18497691
320,80,0.18406371
320,81,0.19379155
320,82,0.19230891
320,83,0.1898592399999999
320,84,0.1875769399999998
320,85,0.18550611
320,86,0.1899815299999999
320,87,0.19365715
320,88,0.19618157
320,89,0.1986701899999998
320,90,0.20272499
320,91,0.20469368
320,92,0.2124296099999998
320,93,0.20767169
320,94,0.2113171599999999
320,95,0.2287085799999999
321,0,0.24843647
321,1,0.21408859
321,2,0.2281024
321,3,0.23939512
321,4,0.2379107499999998
321,5,0.22749972999999993
321,6,0.23269323
321,7,0.2640145899999998
321,8,0.2363276399999998
321,9,0.2394184499999998
321,10,0.23557398999999993
321,11,0.23314518999999992
321,12,0.2304289399999999
321,13,0.2410929299999999
321,14,0.23518240999999981
321,15,0.23009536
321,16,0.2275036799999999
321,17,0.23452388
321,18,0.22547493999999987
321,19,0.2239529299999999
321,20,0.2150382699999999
321,21,0.2149988
321,22,0.21812487
321,23,0.21187762
321,24,0.2086172999999999
321,25,0.2120162699999999
321,26,0.20914564
321,27,0.20510082
321,28,0.2028291499999999
321,29,0.21036169
321,30,0.2043185599999999
321,31,0.2049243
321,32,0.20123174
321,33,0.20823987
321,34,0.20525616
321,35,0.2042686499999998
321,36,0.20427275
321,37,0.2055776899999999
321,38,0.20569034
321,39,0.2042895
321,40,0.20228252
321,41,0.2031078699999999
321,42,0.20272387
321,43,0.2021330999999999
321,44,0.20192799
321,45,0.2037483699999999
321,46,0.2039232599999999
321,47,0.2078971499999999
321,48,0.2071631
321,49,0.2113911399999999
321,50,0.21305216
321,51,0.21812076
321,52,0.2181864299999999
321,53,0.2148813799999999
321,54,0.2190020399999999
321,55,0.22230672999999992
321,56,0.2363481199999999
321,57,0.2150590399999999
321,58,0.22870601
321,59,0.2390376399999999
321,60,0.2235758799999998
321,61,0.22678529
321,62,0.2279187
321,63,0.21504187
321,64,0.2118045499999999
321,65,0.2186619199999999
321,66,0.2196018699999999
321,67,0.21513083
321,68,0.19961903
321,69,0.20474662
321,70,0.2075647
321,71,0.2020588799999998
321,72,0.20021353
321,73,0.2091958
321,74,0.2086318499999999
321,75,0.20695121
321,76,0.1998054699999999
321,77,0.2118767
321,78,0.2129814
321,79,0.2050600699999999
321,80,0.20040359
321,81,0.2085592399999999
321,82,0.2091341799999999
321,83,0.2053752599999999
321,84,0.20160997
321,85,0.2063208399999999
321,86,0.2092660399999999
321,87,0.2175636399999999
321,88,0.2144138699999999
321,89,0.2026744699999999
321,90,0.20818665
321,91,0.2274168399999997
321,92,0.22766502000000002
321,93,0.2020800799999999
321,94,0.20824382
321,95,0.2215303699999999
322,0,0.24478038
322,1,0.20629676
322,2,0.2074401699999999
322,3,0.21661887
322,4,0.2259227099999999
322,5,0.22980240999999982
322,6,0.25142127999999975
322,7,0.24489753
322,8,0.2318540999999998
322,9,0.23491951000000003
322,10,0.22545654
322,11,0.21643473
322,12,0.2113625899999998
322,13,0.2171493599999999
322,14,0.21452495
322,15,0.2123686199999999
322,16,0.2096233599999999
322,17,0.21638923
322,18,0.2101044199999999
322,19,0.20699456
322,20,0.20559089
322,21,0.2107848
322,22,0.2110778999999999
322,23,0.2074560799999999
322,24,0.20577555
322,25,0.2092721599999999
322,26,0.20851733
322,27,0.2055437399999999
322,28,0.2047397199999999
322,29,0.2058010799999998
322,30,0.20436606
322,31,0.20168875
322,32,0.1990606699999999
322,33,0.2034860599999998
322,34,0.20005453
322,35,0.19988745
322,36,0.1961231499999998
322,37,0.2016587499999998
322,38,0.2000537099999999
322,39,0.1988242199999998
322,40,0.1963231599999998
322,41,0.1988584699999998
322,42,0.19889983
322,43,0.20071833
322,44,0.2010350199999999
322,45,0.2013259299999999
322,46,0.20151462
322,47,0.20037433
322,48,0.20042806
322,49,0.2089113299999999
322,50,0.20910762
322,51,0.2080099
322,52,0.2075099
322,53,0.2017647699999999
322,54,0.20447899
322,55,0.2064700599999999
322,56,0.20942981
322,57,0.20859713
322,58,0.20850801
322,59,0.2090872799999999
322,60,0.2093656499999999
322,61,0.22826516
322,62,0.20926587
322,63,0.19861642
322,64,0.2052230399999998
322,65,0.20461627
322,66,0.20386808
322,67,0.2008205499999999
322,68,0.2058443599999999
322,69,0.19513415
322,70,0.1968598
322,71,0.1917789399999999
322,72,0.18937433
322,73,0.1865154799999999
322,74,0.18392705
322,75,0.17740429
322,76,0.16501311
322,77,0.1845479899999999
322,78,0.1758266799999999
322,79,0.17256351
322,80,0.16813166
322,81,0.1798549799999998
322,82,0.17533445
322,83,0.17312283
322,84,0.17128318
322,85,0.17691038
322,86,0.18095448
322,87,0.17548895
322,88,0.17275772
322,89,0.17225212
322,90,0.18317951
322,91,0.19413868
322,92,0.2006648699999999
322,93,0.18456215
322,94,0.1948850099999998
322,95,0.2113388699999999
323,0,0.22589982999999977
323,1,0.20135471
323,2,0.20549281
323,3,0.2327040299999998
323,4,0.2901693599999998
323,5,0.24705425
323,6,0.25133145999999984
323,7,0.26863026999999984
323,8,0.2187438699999999
323,9,0.2340492299999998
323,10,0.22531001999999992
323,11,0.21988565
323,12,0.21519589
323,13,0.2248726799999999
323,14,0.22255176000000002
323,15,0.21624289
323,16,0.21438563
323,17,0.2177148599999999
323,18,0.22085016
323,19,0.2215641199999999
323,20,0.2110940399999999
323,21,0.21422336
323,22,0.21625978
323,23,0.21241425
323,24,0.2091631099999999
323,25,0.2190123
323,26,0.2218816699999999
323,27,0.2089359999999999
323,28,0.20472426
323,29,0.2072063899999998
323,30,0.2057979899999999
323,31,0.2015644399999999
323,32,0.2037415099999999
323,33,0.21101581
323,34,0.20592373
323,35,0.20871552
323,36,0.20181305
323,37,0.2073635599999999
323,38,0.20596354
323,39,0.2048045799999999
323,40,0.2021617799999999
323,41,0.20151507
323,42,0.20237794
323,43,0.203957
323,44,0.20488928
323,45,0.20384062
323,46,0.20445767
323,47,0.20483013
323,48,0.2041339
323,49,0.20124591
323,50,0.20114402
323,51,0.203826
323,52,0.20120209
323,53,0.20685671
323,54,0.2074787099999999
323,55,0.2118180599999999
323,56,0.21021483
323,57,0.20833063
323,58,0.2095403199999999
323,59,0.2097167499999999
323,60,0.2055696099999999
323,61,0.2165779
323,62,0.2110186299999999
323,63,0.2069737799999998
323,64,0.2212418099999999
323,65,0.2102675199999999
323,66,0.2091467599999999
323,67,0.19665794
323,68,0.1991875
323,69,0.2009685499999999
323,70,0.2189263599999999
323,71,0.20258127
323,72,0.16523477
323,73,0.20661021
323,74,0.1879131
323,75,0.20300542
323,76,0.2008831499999999
323,77,0.2050897699999999
323,78,0.20310577
323,79,0.2012427799999999
323,80,0.1991931299999998
323,81,0.19702249
323,82,0.19247273
323,83,0.1895103699999999
323,84,0.1831049999999999
323,85,0.18305213
323,86,0.18291986
323,87,0.18306028
323,88,0.1827634999999999
323,89,0.1673834099999999
323,90,0.17164878
323,91,0.1805331399999999
323,92,0.18907556
323,93,0.1572036999999999
323,94,0.19237827
323,95,0.20901655
324,0,0.24061260999999992
324,1,0.19899577
324,2,0.20470093
324,3,0.2235999599999998
324,4,0.2888499099999998
324,5,0.23369962000000002
324,6,0.26939426
324,7,0.26090649
324,8,0.2167578
324,9,0.2223273099999998
324,10,0.22351226
324,11,0.2174459999999999
324,12,0.21233209
324,13,0.2187394999999999
324,14,0.21507304
324,15,0.21315339
324,16,0.20954065
324,17,0.2182765499999999
324,18,0.2168431999999998
324,19,0.2157299499999999
324,20,0.21598356
324,21,0.22197839
324,22,0.21482948
324,23,0.2107618999999999
324,24,0.20339521
324,25,0.2217056499999999
324,26,0.2120149999999999
324,27,0.2079817299999999
324,28,0.2028386199999998
324,29,0.2101194499999999
324,30,0.2073645499999999
324,31,0.2029160699999999
324,32,0.20063876
324,33,0.20756381
324,34,0.20382608
324,35,0.2037242499999999
324,36,0.2020542399999998
324,37,0.2027583299999999
324,38,0.20190765
324,39,0.20250356
324,40,0.20140789
324,41,0.20194102
324,42,0.20265052
324,43,0.20288844
324,44,0.2018345299999999
324,45,0.20309928
324,46,0.20326446
324,47,0.20354573
324,48,0.2033037399999999
324,49,0.20218482
324,50,0.20317176
324,51,0.2070056299999998
324,52,0.20515297
324,53,0.2068261
324,54,0.2098002299999999
324,55,0.2209354499999999
324,56,0.22738216000000003
324,57,0.2158542999999999
324,58,0.23099587000000002
324,59,0.23597766
324,60,0.2155580299999999
324,61,0.2191774799999999
324,62,0.2181845399999999
324,63,0.2090509599999999
324,64,0.20486706
324,65,0.2070700999999999
324,66,0.2065530699999999
324,67,0.20059346
324,68,0.20066406
324,69,0.2094008299999999
324,70,0.1972620699999999
324,71,0.1966183199999999
324,72,0.19617951
324,73,0.1946582399999999
324,74,0.19218113
324,75,0.18768345
324,76,0.18763462
324,77,0.18734283
324,78,0.1922071099999999
324,79,0.1945990999999998
324,80,0.19734632
324,81,0.19367968
324,82,0.19750035
324,83,0.1969947999999998
324,84,0.1956579199999999
324,85,0.2003214799999998
324,86,0.2019147099999998
324,87,0.20385338
324,88,0.2015110099999999
324,89,0.2052960999999999
324,90,0.2071959099999999
324,91,0.2254562099999999
324,92,0.2072639399999999
324,93,0.20892429
324,94,0.2241200999999999
324,95,0.2629470599999999
325,0,0.2157154999999999
325,1,0.23343402
325,2,0.2444783999999999
325,3,0.25397258999999983
325,4,0.2232762199999999
325,5,0.2322435399999999
325,6,0.26257443
325,7,0.23359055999999992
325,8,0.23695581000000002
325,9,0.23287546
325,10,0.22936790999999992
325,11,0.2255866999999999
325,12,0.2326384299999998
325,13,0.23743678
325,14,0.22800413
325,15,0.2242953399999997
325,16,0.25231665999999975
325,17,0.27112044
325,18,0.22808993000000002
325,19,0.2180111499999999
325,20,0.2206124099999999
325,21,0.2144266299999999
325,22,0.2086852999999998
325,23,0.2071140299999999
325,24,0.22266422
325,25,0.22040562
325,26,0.2153539199999999
325,27,0.20698796
325,28,0.21602822
325,29,0.21100299
325,30,0.20803734
325,31,0.20316523
325,32,0.2097327599999998
325,33,0.2067852999999999
325,34,0.2056189699999999
325,35,0.20260983
325,36,0.2044107599999998
325,37,0.2027619699999999
325,38,0.20231802
325,39,0.2036560099999999
325,40,0.2074181999999998
325,41,0.2051941099999999
325,42,0.2065802299999999
325,43,0.2066736599999999
325,44,0.2076758999999998
325,45,0.2046082599999999
325,46,0.2037581199999999
325,47,0.2037154399999998
325,48,0.2026518199999999
325,49,0.2047262499999999
325,50,0.2061918999999999
325,51,0.2066966499999999
325,52,0.20126918
325,53,0.20369956
325,54,0.2085282199999999
325,55,0.21247511
325,56,0.20869463
325,57,0.21155858
325,58,0.21213377
325,59,0.2080565399999999
325,60,0.21671393
325,61,0.2206945499999999
325,62,0.20742496
325,63,0.20710045
325,64,0.2242490699999999
325,65,0.2192298299999999
325,66,0.2039604299999998
325,67,0.1999899799999999
325,68,0.19944404
325,69,0.2016256
325,70,0.1984868
325,71,0.19710028
325,72,0.1993349799999999
325,73,0.1945663399999999
325,74,0.19322517
325,75,0.1824625199999999
325,76,0.18293541
325,77,0.1818972999999999
325,78,0.18167432
325,79,0.1792482599999998
325,80,0.18069073
325,81,0.17964401
325,82,0.1779056799999999
325,83,0.1779967999999999
325,84,0.1787450899999999
325,85,0.1810814099999998
325,86,0.1834886299999999
325,87,0.18016646
325,88,0.18770432
325,89,0.19400398
325,90,0.1968055
325,91,0.2029212899999999
325,92,0.1856518399999999
325,93,0.1933866399999999
325,94,0.20531073
325,95,0.2431529999999998
326,0,0.2001403699999999
326,1,0.20288664
326,2,0.21046784
326,3,0.22020166
326,4,0.2190946399999999
326,5,0.22657459
326,6,0.24536629000000001
326,7,0.22590657
326,8,0.22059652999999987
326,9,0.21950518
326,10,0.2179662999999999
326,11,0.21116794
326,12,0.21713828
326,13,0.21529473
326,14,0.21508041
326,15,0.21111033
326,16,0.2081871199999999
326,17,0.20796709
326,18,0.2042498099999999
326,19,0.2000146899999999
326,20,0.2081093399999999
326,21,0.2046185199999998
326,22,0.20204178
326,23,0.1985746599999999
326,24,0.2055312299999999
326,25,0.20267812
326,26,0.20114145
326,27,0.19875824
326,28,0.19846065
326,29,0.19772717
326,30,0.19417302
326,31,0.1939320499999998
326,32,0.2000185
326,33,0.19798835
326,34,0.1985883199999999
326,35,0.1979079199999999
326,36,0.1984949599999998
326,37,0.19855788
326,38,0.20002532
326,39,0.19819577
326,40,0.19869361
326,41,0.19864436
326,42,0.1974901
326,43,0.19709794
326,44,0.19531093
326,45,0.1956952299999998
326,46,0.1954364499999999
326,47,0.1953176
326,48,0.1952725899999999
326,49,0.1963725699999998
326,50,0.1981204399999999
326,51,0.19759638
326,52,0.19657409
326,53,0.1982740399999999
326,54,0.2050459999999999
326,55,0.20930045
326,56,0.20602757
326,57,0.2124596899999999
326,58,0.21299415
326,59,0.2087014799999998
326,60,0.2183961999999999
326,61,0.2183450699999999
326,62,0.20585233
326,63,0.2047055799999998
326,64,0.23000553999999981
326,65,0.2090048199999999
326,66,0.19666606
326,67,0.18413694
326,68,0.19451425
326,69,0.19498583
326,70,0.19479678
326,71,0.2028989999999998
326,72,0.2026904199999999
326,73,0.20025605
326,74,0.1998714299999999
326,75,0.20242636
326,76,0.1997027799999998
326,77,0.1991549699999999
326,78,0.19687648
326,79,0.1931059299999999
326,80,0.1931323999999998
326,81,0.1906867099999999
326,82,0.1904166299999999
326,83,0.1829856299999999
326,84,0.18602858
326,85,0.18698713
326,86,0.1872458599999999
326,87,0.1872775499999999
326,88,0.19309755
326,89,0.1970013599999999
326,90,0.20166541
326,91,0.2032854699999999
326,92,0.1813234099999999
326,93,0.1926754499999998
326,94,0.2089712
326,95,0.2268611999999999
327,0,0.1991811999999999
327,1,0.2043094099999998
327,2,0.2156199999999999
327,3,0.2168923999999998
327,4,0.2168923999999998
327,5,0.2289618399999999
327,6,0.23597093
327,7,0.2184207299999999
327,8,0.2191559099999999
327,9,0.2191293799999999
327,10,0.21770022
327,11,0.21342643
327,12,0.21449764
327,13,0.2142155499999999
327,14,0.2125153299999999
327,15,0.20622478
327,16,0.20791946
327,17,0.20791641
327,18,0.2071157099999999
327,19,0.2043835999999999
327,20,0.2150051499999999
327,21,0.21035181
327,22,0.2190402299999999
327,23,0.20083243
327,24,0.2030113
327,25,0.20272262
327,26,0.19827081
327,27,0.19752522
327,28,0.1983043099999999
327,29,0.19740105
327,30,0.19610288
327,31,0.1937026099999998
327,32,0.2017278
327,33,0.1992147999999998
327,34,0.1985640699999999
327,35,0.1945411999999998
327,36,0.1982109699999999
327,37,0.19903055
327,38,0.1984858599999999
327,39,0.1980269899999999
327,40,0.2011115799999999
327,41,0.1998931399999998
327,42,0.20014262
327,43,0.1990041599999999
327,44,0.19862243
327,45,0.1979071099999998
327,46,0.1981751699999999
327,47,0.19792392
327,48,0.1987148299999999
327,49,0.1995433399999999
327,50,0.2005614599999998
327,51,0.19966047
327,52,0.1989984999999999
327,53,0.1999279199999999
327,54,0.2035044399999999
327,55,0.20412839
327,56,0.2000645699999998
327,57,0.2000519399999999
327,58,0.2006872499999999
327,59,0.2001991299999999
327,60,0.2173995299999999
327,61,0.2021238199999999
327,62,0.20315938
327,63,0.19024625
327,64,0.1957360199999999
327,65,0.19450556
327,66,0.17472212
327,67,0.19440395
327,68,0.1941742699999999
327,69,0.19529361
327,70,0.20330567
327,71,0.1935439
327,72,0.2022604899999999
327,73,0.19685147
327,74,0.19490686
327,75,0.18288208
327,76,0.1921001899999999
327,77,0.1910845699999999
327,78,0.1845841
327,79,0.18848718
327,80,0.18989714
327,81,0.17424348
327,82,0.1864447099999999
327,83,0.18533923
327,84,0.18211707
327,85,0.1992136399999998
327,86,0.1967562999999999
327,87,0.1916758
327,88,0.1962261099999999
327,89,0.19799312
327,90,0.2005534199999999
327,91,0.1920923199999999
327,92,0.18127139
327,93,0.19242821
327,94,0.2099987999999999
327,95,0.27235694
328,0,0.19762251
328,1,0.1985757699999999
328,2,0.21753091
328,3,0.2416015499999998
328,4,0.22543665999999982
328,5,0.21619796
328,6,0.2137877399999999
328,7,0.20387317
328,8,0.2103659299999999
328,9,0.20133662
328,10,0.1975793699999999
328,11,0.19530774
328,12,0.1975422
328,13,0.19587806
328,14,0.1963798
328,15,0.1955062699999999
328,16,0.1971928599999998
328,17,0.1963218699999998
328,18,0.1960568899999999
328,19,0.1938033299999998
328,20,0.19648501
328,21,0.1975992899999999
328,22,0.1962922
328,23,0.19517281
328,24,0.19835606
328,25,0.19790933
328,26,0.1964701499999999
328,27,0.19402046
328,28,0.19577985
328,29,0.19607955
328,30,0.19439567
328,31,0.19224589
328,32,0.19497067
328,33,0.19382775
328,34,0.1933894
328,35,0.19042361
328,36,0.19292782
328,37,0.19229205
328,38,0.19174485
328,39,0.18983369
328,40,0.1911351
328,41,0.1912832999999999
328,42,0.1907673099999999
328,43,0.18936916
328,44,0.19043951
328,45,0.19060841
328,46,0.1908531299999999
328,47,0.19039633
328,48,0.1905465999999999
328,49,0.1906744699999999
328,50,0.1914441199999999
328,51,0.19085451
328,52,0.1911358199999999
328,53,0.1907433399999999
328,54,0.1915448
328,55,0.19155664
328,56,0.19334879
328,57,0.1954548799999998
328,58,0.1937038099999999
328,59,0.19012681
328,60,0.19773379
328,61,0.1915835899999998
328,62,0.18183957
328,63,0.1781262499999999
328,64,0.1853974399999998
328,65,0.18475189
328,66,0.1776661699999999
328,67,0.1532779799999998
328,68,0.1770836999999999
328,69,0.1868557299999998
328,70,0.1772055
328,71,0.16609975
328,72,0.1807860399999999
328,73,0.17937554
328,74,0.17548375
328,75,0.16751944
328,76,0.1677184599999999
328,77,0.16772486
328,78,0.16758411
328,79,0.1499896899999999
328,80,0.1594814299999997
328,81,0.15004746
328,82,0.15
328,83,0.1499895699999999
328,84,0.1500058099999999
328,85,0.1626359
328,86,0.1535629499999999
328,87,0.1757346699999999
328,88,0.1499968599999999
328,89,0.1591650099999999
328,90,0.17852816
328,91,0.18580939
328,92,0.1625652999999999
328,93,0.1804460199999999
328,94,0.20428951
328,95,0.23306234
329,0,0.20004347
329,1,0.20386743
329,2,0.2171909699999999
329,3,0.23935258
329,4,0.2212967099999997
329,5,0.2185112
329,6,0.2228843899999999
329,7,0.2156972999999999
329,8,0.2101962
329,9,0.20592083
329,10,0.2099848999999999
329,11,0.20339063
329,12,0.2086519299999999
329,13,0.20664643
329,14,0.2066799299999999
329,15,0.2039196
329,16,0.2076678599999999
329,17,0.20667523
329,18,0.2064311499999999
329,19,0.2037750299999999
329,20,0.2083983599999999
329,21,0.2060384499999999
329,22,0.20409032
329,23,0.19960492
329,24,0.20738505
329,25,0.20642296
329,26,0.2028606399999997
329,27,0.19805147
329,28,0.20045582
329,29,0.19794191
329,30,0.1978066599999999
329,31,0.19572192
329,32,0.20002914
329,33,0.1982982099999999
329,34,0.1970853399999998
329,35,0.1949711599999999
329,36,0.1982852999999998
329,37,0.1988300899999999
329,38,0.1972513599999999
329,39,0.1949563799999999
329,40,0.1987852699999999
329,41,0.19850352
329,42,0.1976342499999999
329,43,0.19561896
329,44,0.1958531
329,45,0.1958989899999999
329,46,0.19596347
329,47,0.19551377
329,48,0.19433733
329,49,0.1952297899999999
329,50,0.1957229699999998
329,51,0.1954801099999999
329,52,0.19867266
329,53,0.2032571199999999
329,54,0.2056960099999999
329,55,0.20497202
329,56,0.2036086599999998
329,57,0.20375841
329,58,0.20329157
329,59,0.2013877899999999
329,60,0.2071133799999999
329,61,0.2041013499999999
329,62,0.1963367
329,63,0.1954666699999999
329,64,0.20510639
329,65,0.20356
329,66,0.1974860699999999
329,67,0.1953058899999999
329,68,0.19709561
329,69,0.2016290899999999
329,70,0.1976478799999998
329,71,0.1789293499999999
329,72,0.2107484299999999
329,73,0.2064812299999998
329,74,0.2049537
329,75,0.2019016599999999
329,76,0.19062669
329,77,0.19101102
329,78,0.1911961499999999
329,79,0.1802640199999998
329,80,0.1928341199999998
329,81,0.1884495999999998
329,82,0.1879570799999999
329,83,0.184705
329,84,0.18717624
329,85,0.18536305
329,86,0.18539176
329,87,0.1810153899999998
329,88,0.17594352
329,89,0.1782590299999999
329,90,0.1844115999999999
329,91,0.19571405
329,92,0.1706017699999999
329,93,0.182606
329,94,0.23376398
329,95,0.29764219999999963
330,0,0.19940834
330,1,0.2131728299999999
330,2,0.2446729
330,3,0.23522353999999993
330,4,0.27000108
330,5,0.2199851099999999
330,6,0.2179151899999999
330,7,0.22168837
330,8,0.22669118000000002
330,9,0.2194517799999999
330,10,0.21878582
330,11,0.21055801
330,12,0.2207352799999999
330,13,0.21175121
330,14,0.2117241
330,15,0.20912886
330,16,0.2115988899999999
330,17,0.21087055
330,18,0.2135018699999999
330,19,0.2078036999999999
330,20,0.2223443699999997
330,21,0.21716252
330,22,0.2080718799999999
330,23,0.206733
330,24,0.2187101099999999
330,25,0.2114065899999999
330,26,0.2063508599999998
330,27,0.1997180299999999
330,28,0.2064198099999999
330,29,0.20406668
330,30,0.19744606
330,31,0.1952412399999999
330,32,0.19514575
330,33,0.19508769
330,34,0.1966877199999999
330,35,0.19368594
330,36,0.1959212
330,37,0.1963502099999998
330,38,0.19503997
330,39,0.19358187
330,40,0.1964285699999998
330,41,0.1949687999999998
330,42,0.19554855
330,43,0.1933301399999999
330,44,0.1944190199999998
330,45,0.1957312
330,46,0.1972517399999999
330,47,0.19529952
330,48,0.19515295
330,49,0.1951921
330,50,0.1954863899999999
330,51,0.1938646299999999
330,52,0.19559945
330,53,0.1958473899999999
330,54,0.1974725699999999
330,55,0.1976717399999999
330,56,0.1956644099999999
330,57,0.19602538
330,58,0.1962819499999999
330,59,0.19508213
330,60,0.1993431499999998
330,61,0.19541321
330,62,0.19125844
330,63,0.1813321699999999
330,64,0.18143776
330,65,0.18014008
330,66,0.18394933
330,67,0.17297337
330,68,0.18116448
330,69,0.1685772799999998
330,70,0.17775177
330,71,0.1499957399999999
330,72,0.1608984799999998
330,73,0.1499961899999998
330,74,0.1499960599999999
330,75,0.1499903199999999
330,76,0.17412607
330,77,0.17670014
330,78,0.17443878
330,79,0.1758587699999998
330,80,0.16312735
330,81,0.16033869
330,82,0.1500110199999998
330,83,0.17481303
330,84,0.16667558
330,85,0.1678651599999999
330,86,0.1728385399999999
330,87,0.1729449499999999
330,88,0.1510895299999998
330,89,0.17216499
330,90,0.1800199799999998
330,91,0.19142485
330,92,0.16120275
330,93,0.1800928799999999
330,94,0.2119161799999999
330,95,0.2622972499999999
331,0,0.19473108
331,1,0.1959968799999999
331,2,0.22362193
331,3,0.22556738
331,4,0.2297090699999997
331,5,0.2116031599999999
331,6,0.2245844
331,7,0.21056992
331,8,0.2150402799999999
331,9,0.21614812
331,10,0.2153563899999999
331,11,0.2099349499999999
331,12,0.2207911699999999
331,13,0.2143887
331,14,0.2099743999999999
331,15,0.20826213
331,16,0.2075403599999999
331,17,0.20717548
331,18,0.2053332
331,19,0.2008545399999998
331,20,0.20941609
331,21,0.20665312
331,22,0.20609185
331,23,0.1983145
331,24,0.2036580299999999
331,25,0.19876746
331,26,0.1967594599999998
331,27,0.19407433
331,28,0.19510433
331,29,0.1936015999999999
331,30,0.19182615
331,31,0.1896629099999999
331,32,0.1951253799999999
331,33,0.19201448
331,34,0.1919752499999999
331,35,0.19008051
331,36,0.19608601
331,37,0.1950166499999999
331,38,0.19469686
331,39,0.1943221199999999
331,40,0.19458034
331,41,0.19459415
331,42,0.1946218399999999
331,43,0.19317871
331,44,0.19425248
331,45,0.1942786499999998
331,46,0.1939399799999999
331,47,0.1941275999999999
331,48,0.1943777199999999
331,49,0.1962832
331,50,0.19793273
331,51,0.19832613
331,52,0.19667738
331,53,0.1979512999999998
331,54,0.20278364
331,55,0.2069911999999999
331,56,0.2109642699999999
331,57,0.2194283799999999
331,58,0.2215955499999999
331,59,0.2130063499999999
331,60,0.22421992
331,61,0.2167547899999999
331,62,0.2063768399999999
331,63,0.20282846
331,64,0.20459127
331,65,0.20461218
331,66,0.2025374899999999
331,67,0.19304158
331,68,0.1970882
331,69,0.19541234
331,70,0.19651643
331,71,0.19507041
331,72,0.19978508
331,73,0.1940097699999998
331,74,0.1988984299999999
331,75,0.1864387699999999
331,76,0.19754928
331,77,0.19555247
331,78,0.19787881
331,79,0.18743832
331,80,0.1904441
331,81,0.19269149
331,82,0.1955735299999999
331,83,0.19451198
331,84,0.1979882
331,85,0.1932285799999999
331,86,0.1967663799999999
331,87,0.1954059699999999
331,88,0.1950191
331,89,0.1973501799999999
331,90,0.1993998599999999
331,91,0.2024214099999998
331,92,0.19074319
331,93,0.19798114
331,94,0.21999807
331,95,0.2437870799999999
332,0,0.20423284
332,1,0.21061722
332,2,0.2396424
332,3,0.24204
332,4,0.2178348199999999
332,5,0.24945852
332,6,0.2367778899999999
332,7,0.22675462
332,8,0.23083800000000002
332,9,0.2268160499999999
332,10,0.2252548899999999
332,11,0.2248297299999998
332,12,0.22179036
332,13,0.2192764599999999
332,14,0.2166520999999999
332,15,0.2211429999999999
332,16,0.21728561
332,17,0.2074017
332,18,0.20625211
332,19,0.20241784
332,20,0.2063959199999999
332,21,0.2055474
332,22,0.2017370799999999
332,23,0.1984063999999999
332,24,0.2079739599999999
332,25,0.2028475599999999
332,26,0.198082
332,27,0.1960617399999999
332,28,0.1972505999999998
332,29,0.19767159
332,30,0.19636177
332,31,0.19411876
332,32,0.20351834
332,33,0.2025730899999999
332,34,0.19854252
332,35,0.19933302
332,36,0.2054700099999999
332,37,0.2059021999999999
332,38,0.20586726
332,39,0.19936824
332,40,0.20046465
332,41,0.2018145
332,42,0.20170599
332,43,0.2003213499999999
332,44,0.1973024
332,45,0.19657101
332,46,0.1987850499999999
332,47,0.19603041
332,48,0.19765203
332,49,0.19760742
332,50,0.1995898499999999
332,51,0.20229279
332,52,0.19510516
332,53,0.19924869
332,54,0.21244084
332,55,0.23436982999999992
332,56,0.2119149099999999
332,57,0.23633890999999987
332,58,0.23638856
332,59,0.2121003799999999
332,60,0.2179225099999999
332,61,0.2034105999999998
332,62,0.2004405599999999
332,63,0.19642338
332,64,0.2085184799999999
332,65,0.1947468799999999
332,66,0.18446878
332,67,0.17711656
332,68,0.1837985899999999
332,69,0.18738937
332,70,0.1756278
332,71,0.17192369
332,72,0.1789397999999999
332,73,0.17354025
332,74,0.17327976
332,75,0.1692383999999999
332,76,0.17285437
332,77,0.16994238
332,78,0.16981632
332,79,0.1695232299999998
332,80,0.1696716199999999
332,81,0.16763097
332,82,0.17157924
332,83,0.17292865
332,84,0.17491489
332,85,0.1735021099999999
332,86,0.1776039999999999
332,87,0.18486379
332,88,0.17339055
332,89,0.17956838
332,90,0.19265621
332,91,0.1937075699999998
332,92,0.1602243299999998
332,93,0.18620772
332,94,0.2068029599999999
332,95,0.25249365
333,0,0.2001455399999999
333,1,0.2123445
333,2,0.23083025
333,3,0.2723612599999998
333,4,0.2306348499999998
333,5,0.22761448999999992
333,6,0.2286074299999998
333,7,0.22611372
333,8,0.22253947
333,9,0.2196190099999999
333,10,0.2171600799999999
333,11,0.21984973
333,12,0.2445339
333,13,0.2392649099999998
333,14,0.24155996
333,15,0.2419574599999997
333,16,0.24552609
333,17,0.2154309599999999
333,18,0.21278423
333,19,0.20725573
333,20,0.2592202699999999
333,21,0.23730964000000002
333,22,0.24009276
333,23,0.22204828000000001
333,24,0.22305860000000002
333,25,0.2173503899999999
333,26,0.2079799699999999
333,27,0.2063143699999998
333,28,0.2050120299999999
333,29,0.19611111
333,30,0.1946596
333,31,0.1934952699999998
333,32,0.19578239
333,33,0.1946749499999999
333,34,0.19463172
333,35,0.19205188
333,36,0.1923727
333,37,0.19093949
333,38,0.1918153699999999
333,39,0.1904770699999999
333,40,0.192384
333,41,0.19090735
333,42,0.19084487
333,43,0.1902206099999999
333,44,0.19202739
333,45,0.19195737
333,46,0.1919693499999999
333,47,0.19204988
333,48,0.19016562
333,49,0.1916809899999999
333,50,0.19516331
333,51,0.1940949599999999
333,52,0.1947054799999999
333,53,0.1990168999999998
333,54,0.2051906499999999
333,55,0.20895163
333,56,0.20663135
333,57,0.24803357
333,58,0.2173992699999999
333,59,0.2126618699999999
333,60,0.20632914
333,61,0.19902292
333,62,0.1999674399999998
333,63,0.1951643299999998
333,64,0.19790469
333,65,0.18645274
333,66,0.18454383
333,67,0.17982803
333,68,0.19263952
333,69,0.18621846
333,70,0.1893678299999999
333,71,0.17735567
333,72,0.1786750799999999
333,73,0.17769875
333,74,0.18185581
333,75,0.18339038
333,76,0.18646316
333,77,0.1775072899999999
333,78,0.1772074299999999
333,79,0.17589567
333,80,0.17660411
333,81,0.1763074399999999
333,82,0.1777351399999999
333,83,0.17925839
333,84,0.1781693299999999
333,85,0.1780369099999998
333,86,0.18175064
333,87,0.1875377999999999
333,88,0.1773301
333,89,0.17892233
333,90,0.1823772899999998
333,91,0.19561221
333,92,0.17242537
333,93,0.1860080999999999
333,94,0.2038979
333,95,0.21507393
334,0,0.19908916
334,1,0.21363063
334,2,0.23008779999999981
334,3,0.23130408
334,4,0.2403969699999999
334,5,0.25500734
334,6,0.3014876599999998
334,7,0.21784444
334,8,0.24287085
334,9,0.2262869399999999
334,10,0.22543464
334,11,0.22531806000000001
334,12,0.23459197
334,13,0.23096165
334,14,0.22276579999999988
334,15,0.21862783
334,16,0.2194408399999998
334,17,0.22219349000000002
334,18,0.2159704399999998
334,19,0.2114068499999999
334,20,0.21082355
334,21,0.2080427299999999
334,22,0.2126602799999999
334,23,0.20555372
334,24,0.20460069
334,25,0.20494057
334,26,0.19862684
334,27,0.1950040499999999
334,28,0.19998522
334,29,0.19792626
334,30,0.1946390199999998
334,31,0.19179936
334,32,0.1917242799999998
334,33,0.1995945199999998
334,34,0.1990711799999999
334,35,0.19556877
334,36,0.19890775
334,37,0.1979763199999999
334,38,0.1961949
334,39,0.19569347
334,40,0.1989481899999998
334,41,0.2005135499999999
334,42,0.19883873
334,43,0.1962447999999998
334,44,0.1965417599999999
334,45,0.1975702899999999
334,46,0.19601785
334,47,0.1964196799999999
334,48,0.2005208599999999
334,49,0.20206891
334,50,0.20685244
334,51,0.21444981
334,52,0.20454295
334,53,0.2092327899999999
334,54,0.2126769499999999
334,55,0.2340411299999999
334,56,0.2249536899999999
334,57,0.23523354
334,58,0.20590665
334,59,0.20902383
334,60,0.21993499
334,61,0.21952632
334,62,0.20612154
334,63,0.19806753
334,64,0.20544821
334,65,0.2009294
334,66,0.19104625
334,67,0.19037843
334,68,0.1956203399999999
334,69,0.18954337
334,70,0.18832666
334,71,0.1821809899999999
334,72,0.18182138
334,73,0.1777581599999999
334,74,0.1756287799999999
334,75,0.17504037
334,76,0.1760417799999999
334,77,0.1775748399999999
334,78,0.17730545
334,79,0.17620165
334,80,0.17727296
334,81,0.1814231099999999
334,82,0.1821964899999999
334,83,0.18471969
334,84,0.17743741
334,85,0.1822775499999999
334,86,0.19202533
334,87,0.19258344
334,88,0.18427255
334,89,0.1925561999999999
334,90,0.2194077999999998
334,91,0.23650479
334,92,0.1995188799999999
334,93,0.2017076199999999
334,94,0.21114716
334,95,0.21912304
335,0,0.2276418999999998
335,1,0.24365762
335,2,0.26094954999999975
335,3,0.29746949999999983
335,4,0.24117281999999982
335,5,0.22621227000000002
335,6,0.22200655
335,7,0.21144042
335,8,0.21779462
335,9,0.2193739099999999
335,10,0.2173906799999999
335,11,0.21268265
335,12,0.2161641299999999
335,13,0.20928802
335,14,0.2042747
335,15,0.19668343
335,16,0.22368590000000002
335,17,0.20146118
335,18,0.20292151
335,19,0.1988232399999999
335,20,0.20735117
335,21,0.20913926
335,22,0.1958456
335,23,0.1936717899999999
335,24,0.19598996
335,25,0.1965307099999998
335,26,0.1947620699999999
335,27,0.19132235
335,28,0.19325634
335,29,0.1922585199999999
335,30,0.18973359
335,31,0.1889127899999998
335,32,0.19176395
335,33,0.19024776
335,34,0.1894839399999999
335,35,0.1889788899999999
335,36,0.19145127
335,37,0.1913497999999999
335,38,0.1900623799999999
335,39,0.18898575
335,40,0.18900843
335,41,0.1893439899999999
335,42,0.1891041299999999
335,43,0.1889786799999999
335,44,0.1890009599999999
335,45,0.18881201
335,46,0.1903773199999999
335,47,0.1899587999999999
335,48,0.1886336499999999
335,49,0.19229313
335,50,0.1952340099999999
335,51,0.19831853
335,52,0.19516208
335,53,0.2124008299999999
335,54,0.20724952
335,55,0.20461368
335,56,0.2144762499999999
335,57,0.2149289499999999
335,58,0.1955860799999999
335,59,0.19145774
335,60,0.19841237
335,61,0.19214522
335,62,0.1930779199999999
335,63,0.1920642099999999
335,64,0.1934420299999999
335,65,0.1898886599999999
335,66,0.1870161699999999
335,67,0.1912911099999999
335,68,0.19255437
335,69,0.1906121
335,70,0.20364875
335,71,0.2069481199999999
335,72,0.1734688
335,73,0.17156
335,74,0.1709987999999998
335,75,0.2023403899999999
335,76,0.2065571299999999
335,77,0.2172150799999999
335,78,0.19485231
335,79,0.19198916
335,80,0.19028412
335,81,0.1892527499999998
335,82,0.18786397
335,83,0.18496447
335,84,0.18617753
335,85,0.18730481
335,86,0.19296716
335,87,0.2066383899999999
335,88,0.1861591999999998
335,89,0.1916845399999999
335,90,0.2171821
335,91,0.23650542
335,92,0.2064867899999999
335,93,0.2063343399999999
335,94,0.22618639
335,95,0.23820043999999987
336,0,0.2226473099999999
336,1,0.3110375499999999
336,2,0.25211693999999985
336,3,0.23108573000000002
336,4,0.2262776599999999
336,5,0.22126887999999992
336,6,0.2238981199999999
336,7,0.21885527
336,8,0.21560036
336,9,0.2156139899999999
336,10,0.2143863299999999
336,11,0.21399379
336,12,0.21536306
336,13,0.22014150000000002
336,14,0.2145346099999999
336,15,0.2117576199999999
336,16,0.2150782299999999
336,17,0.2140095
336,18,0.2162736999999999
336,19,0.1992097899999998
336,20,0.21291928
336,21,0.2083688999999999
336,22,0.2065804399999999
336,23,0.1966167699999998
336,24,0.2052273
336,25,0.19654241
336,26,0.1946690499999999
336,27,0.1949982999999999
336,28,0.1971887999999998
336,29,0.1950587999999999
336,30,0.1949488
336,31,0.1919594399999999
336,32,0.19681466
336,33,0.1969930299999999
336,34,0.19539955
336,35,0.19314306
336,36,0.1956911999999999
336,37,0.1986237199999999
336,38,0.2000141799999999
336,39,0.1968212
336,40,0.2034705799999999
336,41,0.20343295
336,42,0.20342885
336,43,0.20350189
336,44,0.20362495
336,45,0.20397171
336,46,0.20441149
336,47,0.2043520199999999
336,48,0.2040807799999999
336,49,0.2077527199999999
336,50,0.2207126099999999
336,51,0.2209217799999997
336,52,0.19983576
336,53,0.20341571
336,54,0.21250518
336,55,0.2059893099999999
336,56,0.2065112599999999
336,57,0.2104012999999999
336,58,0.2000450899999999
336,59,0.1911732899999999
336,60,0.19683764
336,61,0.1998391299999999
336,62,0.1946520699999999
336,63,0.1901890399999999
336,64,0.20041511
336,65,0.1966423099999999
336,66,0.1980994999999999
336,67,0.1943276599999999
336,68,0.19327924
336,69,0.19456254
336,70,0.19032809
336,71,0.1856086699999999
336,72,0.19131027
336,73,0.18957503
336,74,0.1886278299999998
336,75,0.18987887
336,76,0.18978155
336,77,0.19014736
336,78,0.1895192199999999
336,79,0.1886831099999999
336,80,0.18633571
336,81,0.1822070999999999
336,82,0.18749284
336,83,0.1880318
336,84,0.1871188899999999
336,85,0.1882294
336,86,0.1914084699999998
336,87,0.19726527
336,88,0.1769549799999999
336,89,0.19534088
336,90,0.22430586
336,91,0.23875059
336,92,0.20452794
336,93,0.21288474
336,94,0.2237236299999998
336,95,0.25038349999999976
337,0,0.2389150999999999
337,1,0.2353066
337,2,0.2416356899999997
337,3,0.22885684999999992
337,4,0.2212201299999997
337,5,0.2177360199999999
337,6,0.2178103699999999
337,7,0.21190719
337,8,0.20965881
337,9,0.2083902
337,10,0.2089207599999999
337,11,0.2080634499999999
337,12,0.2068193699999999
337,13,0.20523981
337,14,0.20177796
337,15,0.19956716
337,16,0.2081573899999998
337,17,0.2024822099999998
337,18,0.19928224
337,19,0.1993724899999999
337,20,0.19740932
337,21,0.1941136299999999
337,22,0.19192282
337,23,0.19028831
337,24,0.1938718499999999
337,25,0.1929612599999999
337,26,0.19172508
337,27,0.1901722499999999
337,28,0.1952173499999999
337,29,0.19287527
337,30,0.1941483899999999
337,31,0.1899587499999999
337,32,0.1908605899999998
337,33,0.19022969
337,34,0.1897776799999999
337,35,0.18939949
337,36,0.18974204
337,37,0.18962871
337,38,0.1895899899999999
337,39,0.1880272
337,40,0.18909807
337,41,0.1884469
337,42,0.1888057999999999
337,43,0.1878153799999999
337,44,0.18887413
337,45,0.18913892
337,46,0.1895853499999999
337,47,0.1915651599999999
337,48,0.1914741399999999
337,49,0.1920083199999999
337,50,0.19670534
337,51,0.19503154
337,52,0.1970057199999998
337,53,0.1982981
337,54,0.19915916
337,55,0.1998933099999999
337,56,0.2011224999999999
337,57,0.1976445599999998
337,58,0.19007361
337,59,0.18933589
337,60,0.1930733099999998
337,61,0.1950205499999999
337,62,0.19462619
337,63,0.19886509
337,64,0.19888628
337,65,0.1955254099999999
337,66,0.1952509299999999
337,67,0.19442262
337,68,0.19112888
337,69,0.19134845
337,70,0.19089888
337,71,0.19905684
337,72,0.1984097599999999
337,73,0.19725228
337,74,0.19834922
337,75,0.1960630499999999
337,76,0.1983342
337,77,0.1955159199999999
337,78,0.1897930599999999
337,79,0.18777186
337,80,0.19320793
337,81,0.19010962
337,82,0.19804862
337,83,0.19079907
337,84,0.1887364299999999
337,85,0.1892292099999999
337,86,0.19271021
337,87,0.19913893
337,88,0.1854850999999999
337,89,0.1932740799999999
337,90,0.20732999
337,91,0.2456384999999999
337,92,0.19245773
337,93,0.1962695499999999
337,94,0.2179449799999999
337,95,0.2331303099999998
338,0,0.23927774999999982
338,1,0.23416033
338,2,0.2440508099999998
338,3,0.2251196799999999
338,4,0.24985113
338,5,0.2215734899999999
338,6,0.22961246
338,7,0.2193290999999999
338,8,0.2213958699999999
338,9,0.22092223000000002
338,10,0.21806904
338,11,0.2145164999999999
338,12,0.2185758099999999
338,13,0.2177832099999999
338,14,0.2147390099999999
338,15,0.21089421
338,16,0.21345665
338,17,0.2120415299999999
338,18,0.2127086299999999
338,19,0.1998673799999999
338,20,0.21003554
338,21,0.21405285
338,22,0.2017836199999998
338,23,0.19711623
338,24,0.2096349199999999
338,25,0.20652467
338,26,0.20520874
338,27,0.1948977199999998
338,28,0.19768623
338,29,0.1965133899999999
338,30,0.1956776
338,31,0.1940482799999999
338,32,0.1954690099999999
338,33,0.19528102
338,34,0.19517974
338,35,0.1936000999999998
338,36,0.1940651
338,37,0.1951448199999998
338,38,0.1947079399999999
338,39,0.1940956
338,40,0.19554016
338,41,0.1955994
338,42,0.1956448
338,43,0.1966678
338,44,0.1941417299999999
338,45,0.1958019099999999
338,46,0.1975388999999999
338,47,0.1975973099999998
338,48,0.1973696399999999
338,49,0.20232587
338,50,0.2140011999999999
338,51,0.2296585599999997
338,52,0.2148472199999999
338,53,0.21830064
338,54,0.23361814
338,55,0.2178458399999998
338,56,0.26343238999999985
338,57,0.3403896599999999
338,58,0.2199801199999999
338,59,0.21301038
338,60,0.2156799099999999
338,61,0.20737492
338,62,0.20264547
338,63,0.20290594
338,64,0.2087260199999999
338,65,0.2056691999999998
338,66,0.20393144
338,67,0.20936362
338,68,0.21913854
338,69,0.2266466699999999
338,70,0.2210313199999999
338,71,0.2152452899999999
338,72,0.21069183
338,73,0.21398523
338,74,0.21137751
338,75,0.21587235
338,76,0.21037265
338,77,0.2075745399999999
338,78,0.2158374499999999
338,79,0.21384556
338,80,0.22216165000000002
338,81,0.21463172
338,82,0.2105549799999999
338,83,0.21983655
338,84,0.21206772
338,85,0.21016282
338,86,0.22655537
338,87,0.2427711599999999
338,88,0.2009928299999999
338,89,0.21381218
338,90,0.2336384699999999
338,91,0.24765757000000002
338,92,0.21212076
338,93,0.2201028099999999
338,94,0.22715086999999992
338,95,0.2393641599999999
339,0,0.23433215
339,1,0.27343008999999985
339,2,0.25833923999999975
339,3,0.24356027
339,4,0.23424113
339,5,0.2255647199999998
339,6,0.22999803
339,7,0.22387775000000001
339,8,0.22537109000000002
339,9,0.22389866
339,10,0.2224034899999999
339,11,0.21731893
339,12,0.22030955
339,13,0.2201535999999998
339,14,0.21711047
339,15,0.2048490099999998
339,16,0.21514776
339,17,0.2079091199999999
339,18,0.20302058
339,19,0.1979797599999999
339,20,0.20493793
339,21,0.2008793999999999
339,22,0.2057115299999999
339,23,0.19481934
339,24,0.20428321
339,25,0.1977037999999999
339,26,0.19783694
339,27,0.1959314
339,28,0.1991863499999999
339,29,0.19600953
339,30,0.19567081
339,31,0.19381054
339,32,0.1971028999999998
339,33,0.1956699999999999
339,34,0.1933099999999999
339,35,0.19151585
339,36,0.1933099999999999
339,37,0.19286709
339,38,0.19286709
339,39,0.19151585
339,40,0.1923139899999999
339,41,0.19177321
339,42,0.1921708299999999
339,43,0.19223653
339,44,0.19387187
339,45,0.1969512
339,46,0.2116299999999999
339,47,0.2051524
339,48,0.19847
339,49,0.2004411999999999
339,50,0.2192123999999999
339,51,0.2180424
339,52,0.1971028999999998
339,53,0.1997499999999999
339,54,0.2140011999999999
339,55,0.216
339,56,0.2122312099999999
339,57,0.20885489
339,58,0.20260327
339,59,0.2025996399999998
339,60,0.2141307099999999
339,61,0.2221524
339,62,0.2670388
339,63,0.2380099999999998
339,64,0.2569612
339,65,0.2241623999999999
339,66,0.22933
339,67,0.22818876000000002
339,68,0.2319845999999999
339,69,0.25780535999999965
339,70,0.23180321
339,71,0.2229184
339,72,0.2201425799999999
339,73,0.2201380499999999
339,74,0.2164862199999999
339,75,0.2058271699999999
339,76,0.21591533
339,77,0.2135044699999999
339,78,0.20694052
339,79,0.20572609
339,80,0.21076992
339,81,0.21117823
339,82,0.2073666399999998
339,83,0.20701754
339,84,0.20986164
339,85,0.21269053
339,86,0.2193077199999999
339,87,0.22540281999999992
339,88,0.1980894
339,89,0.2013381199999999
339,90,0.22875779999999993
339,91,0.23568656000000002
339,92,0.21412546
339,93,0.22921085
339,94,0.2512864899999999
339,95,0.2555558299999998
340,0,0.2392686199999999
340,1,0.24914158999999977
340,2,0.2655154799999999
340,3,0.24390251
340,4,0.2394844899999999
340,5,0.23467066
340,6,0.2384102599999999
340,7,0.22606202999999978
340,8,0.22551015999999982
340,9,0.22526675
340,10,0.22455651000000001
340,11,0.22433593999999993
340,12,0.22594732999999992
340,13,0.2246115199999997
340,14,0.2171953499999999
340,15,0.20672541
340,16,0.21362007
340,17,0.20433391
340,18,0.20361974
340,19,0.21076571
340,20,0.21043724
340,21,0.21162503
340,22,0.2072752299999999
340,23,0.2177007899999999
340,24,0.212613
340,25,0.20197734
340,26,0.19608358
340,27,0.1991006799999999
340,28,0.1939480499999999
340,29,0.19243664
340,30,0.19378106
340,31,0.19632579
340,32,0.19624764
340,33,0.19512703
340,34,0.1921933399999999
340,35,0.1921638499999998
340,36,0.19159159
340,37,0.19163509
340,38,0.19091164
340,39,0.19156624
340,40,0.1916131
340,41,0.19091876
340,42,0.1908584799999998
340,43,0.19166743
340,44,0.1923225199999998
340,45,0.1914386999999999
340,46,0.19271783
340,47,0.19246889
340,48,0.19458071
340,49,0.1989276399999999
340,50,0.2077663199999999
340,51,0.19862417
340,52,0.2155916799999999
340,53,0.24929439
340,54,0.23083025
340,55,0.26816180999999983
340,56,0.21910912
340,57,0.21237761
340,58,0.21699673
340,59,0.22514866000000003
340,60,0.25907996
340,61,0.22107134999999992
340,62,0.21094489
340,63,0.2048158699999999
340,64,0.2048872099999999
340,65,0.19401421
340,66,0.19349489
340,67,0.1935138699999999
340,68,0.1947679
340,69,0.1926767399999999
340,70,0.19113641
340,71,0.19349098
340,72,0.1899677599999999
340,73,0.21965213
340,74,0.1811309799999998
340,75,0.1872716799999998
340,76,0.1915257099999999
340,77,0.1754815299999998
340,78,0.1849321599999999
340,79,0.1862930099999999
340,80,0.1862740999999998
340,81,0.18921525
340,82,0.18776951
340,83,0.17930803
340,84,0.17817662
340,85,0.18191989
340,86,0.18382858
340,87,0.17669785
340,88,0.1854322299999999
340,89,0.19310841
340,90,0.20728099
340,91,0.1947399999999998
340,92,0.2008588
340,93,0.2167680599999999
340,94,0.24323758999999992
340,95,0.23179060999999992
341,0,0.23776506
341,1,0.26915809999999984
341,2,0.24624946
341,3,0.2235551099999998
341,4,0.2346303399999999
341,5,0.22987663
341,6,0.2179540099999999
341,7,0.2166091299999999
341,8,0.2155446899999999
341,9,0.2149206
341,10,0.2056709099999999
341,11,0.20861352
341,12,0.20434172
341,13,0.20374053
341,14,0.20256517
341,15,0.20516774
341,16,0.20238147
341,17,0.20060095
341,18,0.1960426499999999
341,19,0.19834951
341,20,0.19591977
341,21,0.19454868
341,22,0.19051145
341,23,0.1922421599999999
341,24,0.19163678
341,25,0.18904567
341,26,0.1837314399999999
341,27,0.1943649399999999
341,28,0.1922820999999999
341,29,0.19233435
341,30,0.1919956899999998
341,31,0.1939038
341,32,0.1912992399999999
341,33,0.19203465
341,34,0.1899012
341,35,0.19246643
341,36,0.19301864
341,37,0.1917993199999999
341,38,0.1889511999999999
341,39,0.19166441
341,40,0.19314216
341,41,0.1938944899999999
341,42,0.1951562299999999
341,43,0.19767769
341,44,0.1992388
341,45,0.19952
341,46,0.19897
341,47,0.1996688
341,48,0.2028412
341,49,0.2027047999999999
341,50,0.20604935
341,51,0.2019272799999999
341,52,0.20177462
341,53,0.2148553799999999
341,54,0.21521156
341,55,0.2210938399999999
341,56,0.2155120699999999
341,57,0.20644348
341,58,0.2037535899999999
341,59,0.23160979
341,60,0.21243149
341,61,0.2067574599999999
341,62,0.20165887
341,63,0.20158306
341,64,0.20128698
341,65,0.20158318
341,66,0.1999754399999999
341,67,0.20469473
341,68,0.2054362199999999
341,69,0.2008793499999999
341,70,0.19721553
341,71,0.20050465
341,72,0.20024828
341,73,0.20045712
341,74,0.19804427
341,75,0.2023006199999999
341,76,0.19936085
341,77,0.1982708799999999
341,78,0.19757591
341,79,0.19707726
341,80,0.1947789399999999
341,81,0.1969390099999998
341,82,0.19429606
341,83,0.19601661
341,84,0.1989970399999999
341,85,0.2011083599999999
341,86,0.19968123
341,87,0.1937157599999999
341,88,0.20499725
341,89,0.22887008
341,90,0.2046411
341,91,0.21750154
341,92,0.22224928000000002
341,93,0.24784565
341,94,0.23071139
341,95,0.22997471
342,0,0.2534485399999997
342,1,0.2203452299999998
342,2,0.21713859
342,3,0.2170856
342,4,0.21425295
342,5,0.2066587799999999
342,6,0.2166594499999999
342,7,0.2089441799999999
342,8,0.2090453599999999
342,9,0.2050937399999998
342,10,0.21488356
342,11,0.2069468699999999
342,12,0.2086332199999999
342,13,0.2058433499999999
342,14,0.2085088
342,15,0.21007103
342,16,0.20505262
342,17,0.20358246
342,18,0.21653274
342,19,0.20684622
342,20,0.2044452199999999
342,21,0.19993064
342,22,0.19981321
342,23,0.2006538999999998
342,24,0.1962401
342,25,0.19522095
342,26,0.2014778299999998
342,27,0.19983098
342,28,0.2010707699999999
342,29,0.19717532
342,30,0.20103547
342,31,0.1983688299999998
342,32,0.19544324
342,33,0.1940019899999999
342,34,0.1958743899999999
342,35,0.19539492
342,36,0.19552178
342,37,0.19386561
342,38,0.19541993
342,39,0.1954472499999999
342,40,0.19534277
342,41,0.19459472
342,42,0.1941885599999999
342,43,0.1946372499999999
342,44,0.19282489
342,45,0.19356396
342,46,0.19474355
342,47,0.1944241499999999
342,48,0.2054401699999999
342,49,0.2069712
342,50,0.20950427
342,51,0.2244244699999998
342,52,0.23454441
342,53,0.22713986
342,54,0.2313144699999999
342,55,0.21648915
342,56,0.2103501599999999
342,57,0.19989023
342,58,0.21626336
342,59,0.2146253799999999
342,60,0.2068609999999998
342,61,0.19299233
342,62,0.19330059
342,63,0.19098251
342,64,0.1914339399999998
342,65,0.1886066299999998
342,66,0.19389245
342,67,0.1920785199999999
342,68,0.19228328
342,69,0.19183608
342,70,0.1933556899999998
342,71,0.1931393599999999
342,72,0.1936340799999999
342,73,0.19131515
342,74,0.19190542
342,75,0.19653114
342,76,0.1939408799999999
342,77,0.1919253199999999
342,78,0.18798708
342,79,0.1934287999999999
342,80,0.19045304
342,81,0.19061136
342,82,0.1914655499999999
342,83,0.192359
342,84,0.1983752599999998
342,85,0.20037422
342,86,0.186243
342,87,0.1928446
342,88,0.20776776
342,89,0.2543893199999999
342,90,0.1987499999999999
342,91,0.20033955
342,92,0.22254645999999992
342,93,0.2890665299999998
342,94,0.26195999999999975
342,95,0.2384423999999998
343,0,0.2384224
343,1,0.25646
343,2,0.2242596499999999
343,3,0.22524724
343,4,0.22361119999999993
343,5,0.2131824
343,6,0.23287096
343,7,0.2318665
343,8,0.2223322399999997
343,9,0.2158580799999999
343,10,0.2208073099999999
343,11,0.21704662
343,12,0.2145546699999999
343,13,0.2120471199999999
343,14,0.2153310199999999
343,15,0.21764586
343,16,0.2135514399999999
343,17,0.2057250199999999
343,18,0.21415371
343,19,0.20887487
343,20,0.20822041
343,21,0.2048351699999999
343,22,0.21307809
343,23,0.2050165299999999
343,24,0.2028067
343,25,0.2006153499999998
343,26,0.21065134
343,27,0.2031474999999999
343,28,0.20328682
343,29,0.19965431
343,30,0.20092369
343,31,0.1992556
343,32,0.19847763
343,33,0.19609973
343,34,0.19658121
343,35,0.19600889
343,36,0.1953658199999999
343,37,0.19352394
343,38,0.19705876
343,39,0.1975372899999999
343,40,0.1985774899999998
343,41,0.1972553499999998
343,42,0.20048721
343,43,0.20240668
343,44,0.21483581
343,45,0.2104432199999999
343,46,0.2167135999999999
343,47,0.21708333
343,48,0.2259581899999998
343,49,0.22818575
343,50,0.22441313
343,51,0.2179805299999999
343,52,0.24171983
343,53,0.2206994299999999
343,54,0.2320686599999999
343,55,0.2178053599999999
343,56,0.2028822499999999
343,57,0.19371153
343,58,0.21624663
343,59,0.2027863499999999
343,60,0.1988745999999999
343,61,0.19284502
343,62,0.19332343
343,63,0.1935406699999998
343,64,0.19981617
343,65,0.18265633
343,66,0.18897431
343,67,0.18134049
343,68,0.18326022
343,69,0.1802016799999999
343,70,0.1811777299999999
343,71,0.17923555
343,72,0.1807479799999999
343,73,0.17941551
343,74,0.1815113599999999
343,75,0.18090411
343,76,0.18025507
343,77,0.18406411
343,78,0.1811879199999999
343,79,0.18096887
343,80,0.1813329399999998
343,81,0.18281993
343,82,0.18038023
343,83,0.18378761
343,84,0.1860176699999998
343,85,0.19503241
343,86,0.17203672
343,87,0.1870078899999999
343,88,0.2197754499999999
343,89,0.2620065899999998
343,90,0.2070650999999999
343,91,0.21025489
343,92,0.23258181000000003
343,93,0.25581158999999976
343,94,0.24460022
343,95,0.24520636999999992
344,0,0.25976966
344,1,0.22539212
344,2,0.22677557
344,3,0.2367984199999997
344,4,0.2402583699999998
344,5,0.30604889999999974
344,6,0.2269895399999999
344,7,0.2137865
344,8,0.21247226
344,9,0.20990876
344,10,0.2153029299999999
344,11,0.2083111299999999
344,12,0.20566547
344,13,0.20487665
344,14,0.21948467
344,15,0.2120335299999998
344,16,0.2151494099999999
344,17,0.20925051
344,18,0.21569781
344,19,0.2138070199999999
344,20,0.20909585
344,21,0.2066539299999999
344,22,0.2123816899999999
344,23,0.2053252599999999
344,24,0.2019924
344,25,0.19963186
344,26,0.2032341799999999
344,27,0.20066633
344,28,0.2005677099999999
344,29,0.19715258
344,30,0.19948983
344,31,0.19839768
344,32,0.1996621199999999
344,33,0.19651572
344,34,0.19754178
344,35,0.19735133
344,36,0.19741319
344,37,0.1962143399999999
344,38,0.2010750099999999
344,39,0.20141903
344,40,0.2008389899999999
344,41,0.2012129199999999
344,42,0.1995648599999999
344,43,0.1999046899999998
344,44,0.2016631299999999
344,45,0.2008488899999999
344,46,0.20391256
344,47,0.2078025999999999
344,48,0.21539042
344,49,0.2126512699999999
344,50,0.20504317
344,51,0.2088083999999999
344,52,0.23033511999999992
344,53,0.2074666299999999
344,54,0.21204007
344,55,0.20236339
344,56,0.1919045599999999
344,57,0.19328193
344,58,0.20278915
344,59,0.1993612399999999
344,60,0.19319766
344,61,0.18606514
344,62,0.1946593399999999
344,63,0.19492515
344,64,0.2042481099999999
344,65,0.1993916099999998
344,66,0.19665821
344,67,0.19535757
344,68,0.1957764
344,69,0.19522849
344,70,0.19596114
344,71,0.1974710199999998
344,72,0.19705066
344,73,0.1987614299999999
344,74,0.19741872
344,75,0.19481826
344,76,0.19480112
344,77,0.1983670099999999
344,78,0.19817263
344,79,0.1977312499999998
344,80,0.19927393
344,81,0.19940341
344,82,0.1968596999999999
344,83,0.1955493499999999
344,84,0.2158650299999999
344,85,0.213968
344,86,0.1901545399999999
344,87,0.1883618499999998
344,88,0.20999077
344,89,0.2254276899999997
344,90,0.2010278999999999
344,91,0.20204251
344,92,0.2397565
344,93,0.2559949
344,94,0.23649272000000002
344,95,0.22629574
345,0,0.32513943
345,1,0.22465801
345,2,0.21738901
345,3,0.21678717
345,4,0.21856403
345,5,0.2122945899999999
345,6,0.23184460999999992
345,7,0.2202486099999997
345,8,0.2121380699999999
345,9,0.2117010599999998
345,10,0.21451783
345,11,0.2194978799999999
345,12,0.21044225
345,13,0.2050535799999999
345,14,0.20890902
345,15,0.20815576
345,16,0.2063534999999998
345,17,0.2051166899999998
345,18,0.20807941
345,19,0.2076034099999998
345,20,0.20607776
345,21,0.1994264799999999
345,22,0.2007152999999999
345,23,0.19824455
345,24,0.19632596
345,25,0.19300983
345,26,0.2000661299999999
345,27,0.1933622999999999
345,28,0.19539312
345,29,0.1937065099999999
345,30,0.1971192599999999
345,31,0.19640306
345,32,0.19591719
345,33,0.1938099999999999
345,34,0.19690364
345,35,0.19676801
345,36,0.19616147
345,37,0.19594586
345,38,0.1972098799999999
345,39,0.1979793499999999
345,40,0.19363979
345,41,0.2000220199999999
345,42,0.19597021
345,43,0.19741416
345,44,0.20494323
345,45,0.20822205
345,46,0.20892812
345,47,0.2094857899999999
345,48,0.21569796
345,49,0.2179335299999999
345,50,0.20762934
345,51,0.2086670199999999
345,52,0.21330842
345,53,0.22027991
345,54,0.22543644999999993
345,55,0.24025857999999992
345,56,0.21588114
345,57,0.20745211
345,58,0.21221778
345,59,0.2121199999999999
345,60,0.20192793
345,61,0.21082667
345,62,0.21887895
345,63,0.2168073599999999
345,64,0.2090334099999999
345,65,0.2029832899999999
345,66,0.2149117699999999
345,67,0.21417986
345,68,0.2129151799999999
345,69,0.2109918499999999
345,70,0.2075698
345,71,0.2086661199999999
345,72,0.2000223999999999
345,73,0.1986521199999999
345,74,0.2109328799999998
345,75,0.2124327499999999
345,76,0.2080143499999999
345,77,0.20146144
345,78,0.2093667
345,79,0.2165586199999999
345,80,0.2164559499999999
345,81,0.21990541
345,82,0.21531972
345,83,0.2179091699999999
345,84,0.2381550099999998
345,85,0.26558125
345,86,0.21160921
345,87,0.21704631
345,88,0.23952204000000002
345,89,0.2572757
345,90,0.2158039899999999
345,91,0.2265368799999999
345,92,0.2370160099999998
345,93,0.2711308899999999
345,94,0.2414012
345,95,0.24880775000000002
346,0,0.31504882999999984
346,1,0.2508046099999999
346,2,0.23334975
346,3,0.2257522199999998
346,4,0.22478563999999993
346,5,0.2176235299999999
346,6,0.22955235
346,7,0.2268302999999999
346,8,0.22
346,9,0.21517645
346,10,0.21390536
346,11,0.2096080599999999
346,12,0.2101114999999999
346,13,0.2044397499999999
346,14,0.2098109299999999
346,15,0.20932255
346,16,0.2055410899999999
346,17,0.20387416
346,18,0.21046303
346,19,0.20450348
346,20,0.20178392
346,21,0.19824503
346,22,0.19813911
346,23,0.1947077299999999
346,24,0.19396647
346,25,0.19098769
346,26,0.1982303799999999
346,27,0.1967376299999998
346,28,0.19589599
346,29,0.1967668
346,30,0.1952683899999999
346,31,0.1943187999999999
346,32,0.1930588
346,33,0.1908477999999999
346,34,0.19650232
346,35,0.19635333
346,36,0.19579171
346,37,0.1910275899999998
346,38,0.19693974
346,39,0.19415334
346,40,0.19681445
346,41,0.19636467
346,42,0.1972932299999999
346,43,0.1982865399999999
346,44,0.20007631
346,45,0.2019563199999999
346,46,0.19969277
346,47,0.20211887
346,48,0.2046419
346,49,0.20525274
346,50,0.2063302099999999
346,51,0.2136369899999999
346,52,0.21429568
346,53,0.2162003299999998
346,54,0.21673752
346,55,0.2331268199999997
346,56,0.21928756
346,57,0.21161591
346,58,0.22978605
346,59,0.2194479899999999
346,60,0.2171172499999999
346,61,0.21464796
346,62,0.2139784699999999
346,63,0.2110353499999999
346,64,0.20683588
346,65,0.19669788
346,66,0.20650332
346,67,0.20605805
346,68,0.2017328099999999
346,69,0.19318654
346,70,0.20274661
346,71,0.2056672899999999
346,72,0.2017541099999999
346,73,0.19591664
346,74,0.1965534499999999
346,75,0.1982835799999999
346,76,0.19729153
346,77,0.1943024299999998
346,78,0.19228792
346,79,0.19035453
346,80,0.19161986
346,81,0.19247079
346,82,0.19396752
346,83,0.19830538
346,84,0.1969803299999999
346,85,0.1964903899999999
346,86,0.19205275
346,87,0.19722446
346,88,0.2037502199999999
346,89,0.20774034
346,90,0.2093408799999999
346,91,0.2153045099999999
346,92,0.2249597799999998
346,93,0.23942153000000002
346,94,0.23600839999999992
346,95,0.2393447
347,0,0.25494660999999985
347,1,0.24037424999999993
347,2,0.23644305000000002
347,3,0.23663355
347,4,0.2359257599999999
347,5,0.23496914
347,6,0.24424723
347,7,0.2325907
347,8,0.22206131999999992
347,9,0.2209974599999999
347,10,0.23008713
347,11,0.2304046399999999
347,12,0.22803526
347,13,0.2217899599999997
347,14,0.23313417
347,15,0.22994225999999982
347,16,0.2278100199999998
347,17,0.22989395999999981
347,18,0.2253075999999998
347,19,0.2190452399999999
347,20,0.2122754899999999
347,21,0.20509781
347,22,0.2069462799999999
347,23,0.2058032699999999
347,24,0.2046460999999998
347,25,0.20113574
347,26,0.20304427
347,27,0.20089866
347,28,0.2014635599999999
347,29,0.19864362
347,30,0.19947058
347,31,0.19993507
347,32,0.1996315099999999
347,33,0.19622482
347,34,0.19673313
347,35,0.1972087599999999
347,36,0.19689824
347,37,0.1958687999999999
347,38,0.19861103
347,39,0.1994071899999999
347,40,0.19731025
347,41,0.19699979
347,42,0.19667452
347,43,0.1996572
347,44,0.2010291799999999
347,45,0.2028837799999999
347,46,0.2059949499999999
347,47,0.2113294899999999
347,48,0.2331411799999998
347,49,0.3289856299999999
347,50,0.2262681799999999
347,51,0.23145593
347,52,0.2434528799999999
347,53,0.24849391
347,54,0.27018120999999984
347,55,0.2628561999999999
347,56,0.2395149
347,57,0.21777201
347,58,0.2526374
347,59,0.2138574999999999
347,60,0.2016045099999999
347,61,0.1965689699999999
347,62,0.20961905
347,63,0.20421914
347,64,0.20015225
347,65,0.1965959399999998
347,66,0.2003402699999999
347,67,0.19688712
347,68,0.1935701999999998
347,69,0.18777029
347,70,0.1885242799999999
347,71,0.1942144999999999
347,72,0.1891022699999999
347,73,0.19053611
347,74,0.19347791
347,75,0.1899209099999999
347,76,0.19597348
347,77,0.19712482
347,78,0.2085482599999999
347,79,0.2186574899999999
347,80,0.1967676599999999
347,81,0.1970267299999999
347,82,0.1928579799999999
347,83,0.1937579299999999
347,84,0.1951253799999999
347,85,0.20291457
347,86,0.2172726599999999
347,87,0.19318005
347,88,0.20235247
347,89,0.2209242499999999
347,90,0.2082916799999999
347,91,0.2108780799999998
347,92,0.21792856
347,93,0.2476708
347,94,0.24519596000000002
347,95,0.24605428
348,0,0.24020494
348,1,0.22848
348,2,0.23434053000000002
348,3,0.23226333000000002
348,4,0.23669094999999982
348,5,0.22004695
348,6,0.2186736799999999
348,7,0.22089956000000002
348,8,0.2185003399999998
348,9,0.21387371
348,10,0.2239564299999999
348,11,0.2166551799999999
348,12,0.2144510299999999
348,13,0.2133580099999999
348,14,0.218301
348,15,0.2192132
348,16,0.2127448599999999
348,17,0.2053630599999999
348,18,0.2125783199999998
348,19,0.20715245
348,20,0.20592838
348,21,0.19942281
348,22,0.20240519
348,23,0.2008371799999999
348,24,0.2069427599999999
348,25,0.20093605
348,26,0.2231493299999999
348,27,0.2001551499999999
348,28,0.2057530299999999
348,29,0.19289904
348,30,0.1475366299999997
348,31,0.1912039999999999
348,32,0.1936522499999998
348,33,0.19482626
348,34,0.19079
348,35,0.19376303
348,36,0.19409652
348,37,0.19308809
348,38,0.1929265899999999
348,39,0.1980183499999999
348,40,0.19814773
348,41,0.21372263
348,42,0.20794124
348,43,0.2033225099999999
348,44,0.20600279
348,45,0.2138548599999999
348,46,0.2529842099999998
348,47,0.21341237
348,48,0.22745871999999992
348,49,0.23668528000000003
348,50,0.22970178
348,51,0.2447700699999998
348,52,0.34744237
348,53,0.23381443
348,54,0.22449405000000003
348,55,0.24184898000000002
348,56,0.21515066
348,57,0.21424266
348,58,0.2184031799999999
348,59,0.2206144299999999
348,60,0.2158310199999999
348,61,0.20670574
348,62,0.20136226
348,63,0.2117591999999999
348,64,0.21623223
348,65,0.24352961999999992
348,66,0.2077797699999999
348,67,0.2185536599999999
348,68,0.21548693
348,69,0.1976011099999998
348,70,0.1900497899999998
348,71,0.1934797699999999
348,72,0.1939638699999999
348,73,0.1962416599999999
348,74,0.19060721
348,75,0.1963632599999999
348,76,0.1945451299999999
348,77,0.19382904
348,78,0.19287799
348,79,0.19454163
348,80,0.1992678699999999
348,81,0.1954077599999999
348,82,0.2018314
348,83,0.1942515199999999
348,84,0.19767514
348,85,0.20693746
348,86,0.24678985
348,87,0.20236054
348,88,0.2074157999999999
348,89,0.22769043000000003
348,90,0.27483227
348,91,0.23229903999999987
348,92,0.23702902
348,93,0.24756702
348,94,0.23746086000000002
348,95,0.24125307999999993
349,0,0.2270981399999998
349,1,0.2320852999999999
349,2,0.2169772999999999
349,3,0.2466487899999998
349,4,0.22693539999999993
349,5,0.2199968299999999
349,6,0.2270112599999999
349,7,0.22090546000000003
349,8,0.2174119199999999
349,9,0.21529699
349,10,0.21138177
349,11,0.2216914099999999
349,12,0.2231748099999998
349,13,0.2147980099999999
349,14,0.21212851
349,15,0.2242833699999999
349,16,0.2114861999999999
349,17,0.2052070999999999
349,18,0.20247347
349,19,0.2060462599999999
349,20,0.20376052
349,21,0.2031991499999999
349,22,0.19723165
349,23,0.20220962
349,24,0.19667846
349,25,0.19628043
349,26,0.19451351
349,27,0.1954645999999999
349,28,0.1956931499999999
349,29,0.19526427
349,30,0.19428889
349,31,0.19694071
349,32,0.19584782
349,33,0.1959454699999999
349,34,0.1955054499999998
349,35,0.19698907
349,36,0.19716377
349,37,0.20003684
349,38,0.2001832399999999
349,39,0.20195052
349,40,0.2015256
349,41,0.21152337
349,42,0.20599157
349,43,0.20170284
349,44,0.2068638199999999
349,45,0.22006480999999992
349,46,0.22475291
349,47,0.21875987
349,48,0.22949441
349,49,0.23177237999999992
349,50,0.23475586
349,51,0.24181466999999993
349,52,0.3087920499999999
349,53,0.22017001
349,54,0.22749674
349,55,0.22297649
349,56,0.2133268699999999
349,57,0.2125125699999999
349,58,0.20475033
349,59,0.21373915
349,60,0.2119742799999999
349,61,0.2078349899999998
349,62,0.2007793499999999
349,63,0.21137492
349,64,0.20432044
349,65,0.2016709599999999
349,66,0.19501843
349,67,0.20003255
349,68,0.19933802
349,69,0.19776316
349,70,0.1940682799999999
349,71,0.20010021
349,72,0.1958990799999999
349,73,0.19756451
349,74,0.19594158
349,75,0.1982424599999999
349,76,0.19695806
349,77,0.1936449999999999
349,78,0.1926255899999999
349,79,0.1925639099999999
349,80,0.1954380899999999
349,81,0.19692629
349,82,0.1990794
349,83,0.1940074899999999
349,84,0.19900893
349,85,0.2081192499999999
349,86,0.26293484999999983
349,87,0.20762543
349,88,0.2162806699999999
349,89,0.23063204
349,90,0.2394645599999999
349,91,0.22527927
349,92,0.25058565
349,93,0.2831542399999998
349,94,0.2421035499999998
349,95,0.2323182
350,0,0.23052669
350,1,0.2346398499999999
350,2,0.22505498
350,3,0.23413493
350,4,0.2319997699999999
350,5,0.2275096799999999
350,6,0.2210254699999998
350,7,0.22757275000000002
350,8,0.2299030599999999
350,9,0.22981949
350,10,0.2178894599999999
350,11,0.22740633000000002
350,12,0.2190946999999999
350,13,0.21684565
350,14,0.21078275
350,15,0.2146688
350,16,0.2080184299999999
350,17,0.20492311
350,18,0.20202639
350,19,0.2087446399999999
350,20,0.20415399
350,21,0.2033618799999999
350,22,0.2006515899999999
350,23,0.20347619
350,24,0.20359507
350,25,0.20243331
350,26,0.2001499
350,27,0.20723918
350,28,0.2070399799999999
350,29,0.2058961
350,30,0.20202082
350,31,0.2030588399999999
350,32,0.20226352
350,33,0.2038864699999999
350,34,0.2006633
350,35,0.20482205
350,36,0.20431779
350,37,0.20304228
350,38,0.2007492
350,39,0.20303936
350,40,0.2034701599999999
350,41,0.2155304499999999
350,42,0.2072373499999999
350,43,0.2203393099999997
350,44,0.22897625000000002
350,45,0.22169619
350,46,0.21788711
350,47,0.21008989
350,48,0.25450017
350,49,0.24730483
350,50,0.2205807699999999
350,51,0.24666667
350,52,0.2089513999999999
350,53,0.2065389899999999
350,54,0.20262085
350,55,0.2128079699999998
350,56,0.2067933299999998
350,57,0.19996764
350,58,0.19563083
350,59,0.2063887499999999
350,60,0.20329648
350,61,0.1988151
350,62,0.1923440999999999
350,63,0.2057629399999999
350,64,0.22156403
350,65,0.20333445
350,66,0.20273343
350,67,0.2116927499999999
350,68,0.2024999999999999
350,69,0.19852281
350,70,0.19609223
350,71,0.19409445
350,72,0.19492815
350,73,0.19300523
350,74,0.1814695899999999
350,75,0.19461577
350,76,0.18983853
350,77,0.19419935
350,78,0.18886734
350,79,0.1943439699999999
350,80,0.19168413
350,81,0.18838507
350,82,0.1860355199999999
350,83,0.16368986
350,84,0.18596896
350,85,0.2023254099999999
350,86,0.2229348599999997
350,87,0.19796044
350,88,0.20371243
350,89,0.23864232999999987
350,90,0.23902644999999992
350,91,0.24851777
350,92,0.24887838999999992
350,93,0.26056997999999976
350,94,0.2347771
350,95,0.24441833999999982
351,0,0.24570874
351,1,0.24877501
351,2,0.23093022999999982
351,3,0.2380873799999997
351,4,0.2421561999999999
351,5,0.23349105
351,6,0.22951735999999992
351,7,0.23051723
351,8,0.23047878000000002
351,9,0.2316975099999999
351,10,0.23033244
351,11,0.2308335499999998
351,12,0.23158457000000002
351,13,0.2295886499999998
351,14,0.2105039999999998
351,15,0.2300205199999998
351,16,0.22602679
351,17,0.2239737399999999
351,18,0.2189635399999999
351,19,0.2167147099999999
351,20,0.2091426599999999
351,21,0.2057397799999999
351,22,0.2014230699999999
351,23,0.21388293
351,24,0.2111183099999999
351,25,0.2111897399999999
351,26,0.2025256
351,27,0.2155030299999999
351,28,0.2107814099999999
351,29,0.2065993699999999
351,30,0.20438966
351,31,0.21088822
351,32,0.2066247799999999
351,33,0.20880542
351,34,0.1992788
351,35,0.2040164599999999
351,36,0.2062833499999999
351,37,0.20491322
351,38,0.2006489
351,39,0.2047931399999999
351,40,0.20822775
351,41,0.2088828099999999
351,42,0.20533938
351,43,0.20920748
351,44,0.21228749
351,45,0.2180576
351,46,0.2138930399999999
351,47,0.20938852
351,48,0.2312276099999999
351,49,0.2140554399999999
351,50,0.2040145599999999
351,51,0.22743556
351,52,0.2093816899999999
351,53,0.2125220099999999
351,54,0.19777666
351,55,0.20850553
351,56,0.22602433000000002
351,57,0.2085216799999999
351,58,0.1978940299999999
351,59,0.2174164099999999
351,60,0.21300796
351,61,0.20923519
351,62,0.2021192299999999
351,63,0.2033241399999999
351,64,0.19813133
351,65,0.1984469499999999
351,66,0.19744852
351,67,0.2082401999999999
351,68,0.20905289
351,69,0.2037695099999999
351,70,0.1987632
351,71,0.2031360699999999
351,72,0.1995933899999999
351,73,0.20014681
351,74,0.19260259
351,75,0.20044435
351,76,0.20239597
351,77,0.20069348
351,78,0.19576205
351,79,0.1944974899999999
351,80,0.1953952699999999
351,81,0.19691496
351,82,0.2058801099999999
351,83,0.19337055
351,84,0.19259598
351,85,0.21112059
351,86,0.2248134899999998
351,87,0.2018043
351,88,0.2099557199999999
351,89,0.2313619099999998
351,90,0.2287023999999999
351,91,0.24698698
351,92,0.24523504999999993
351,93,0.2405924
351,94,0.2362947599999999
351,95,0.27782909
352,0,0.2555077299999998
352,1,0.2494161699999999
352,2,0.22681749999999992
352,3,0.23312617
352,4,0.22183359
352,5,0.22920694
352,6,0.21842845
352,7,0.2313030899999999
352,8,0.2199728699999999
352,9,0.21870059
352,10,0.21261554
352,11,0.2338069
352,12,0.22987872
352,13,0.22159805000000002
352,14,0.21031776
352,15,0.2255291999999999
352,16,0.22836627
352,17,0.2082840199999999
352,18,0.20475443
352,19,0.2104593699999999
352,20,0.20599899
352,21,0.20572711
352,22,0.1997538199999999
352,23,0.20877962
352,24,0.20301343
352,25,0.20218204
352,26,0.19916798
352,27,0.2018145199999998
352,28,0.2014645399999998
352,29,0.20117841
352,30,0.1997495799999999
352,31,0.2052074399999998
352,32,0.20264393
352,33,0.2026135299999999
352,34,0.20170415
352,35,0.2044358099999998
352,36,0.20487342
352,37,0.21134127
352,38,0.20670475
352,39,0.20425025
352,40,0.20695158
352,41,0.2077349899999999
352,42,0.2104675099999998
352,43,0.20376453
352,44,0.21338199
352,45,0.22105507
352,46,0.2153774499999998
352,47,0.21865541
352,48,0.2232178499999999
352,49,0.23217873000000003
352,50,0.22467856
352,51,0.2339185
352,52,0.28802868999999975
352,53,0.22498120000000002
352,54,0.2113498999999999
352,55,0.2190304799999999
352,56,0.21506981
352,57,0.21244373
352,58,0.20684259
352,59,0.22741626
352,60,0.20950944
352,61,0.20856628
352,62,0.2002869599999999
352,63,0.2059626099999998
352,64,0.2027402499999999
352,65,0.1988289099999998
352,66,0.19617055
352,67,0.19470739
352,68,0.19863461
352,69,0.19592433
352,70,0.19878487
352,71,0.19761253
352,72,0.1952606699999998
352,73,0.19689197
352,74,0.19582676
352,75,0.20617037
352,76,0.2098300599999999
352,77,0.2074982
352,78,0.2111869999999999
352,79,0.20572589
352,80,0.2171978899999999
352,81,0.2412300199999999
352,82,0.27810599
352,83,0.22488838000000003
352,84,0.23462166999999992
352,85,0.24411996
352,86,0.2954423999999999
352,87,0.22397969999999992
352,88,0.2346710199999998
352,89,0.24930191999999982
352,90,0.25357554999999976
352,91,0.26382987999999985
352,92,0.27592209999999984
352,93,0.3243668399999998
352,94,0.2651586
352,95,0.25931828
353,0,0.27227539999999983
353,1,0.25960123
353,2,0.25036229
353,3,0.2416699399999999
353,4,0.24746896999999993
353,5,0.2500409699999999
353,6,0.2353352
353,7,0.25342348999999975
353,8,0.24295313
353,9,0.24046569999999992
353,10,0.23605216999999992
353,11,0.23449889999999982
353,12,0.23151289
353,13,0.23430266000000002
353,14,0.22496183
353,15,0.2346002199999999
353,16,0.22747562000000002
353,17,0.22417994
353,18,0.21197507
353,19,0.22715628000000002
353,20,0.2241779199999999
353,21,0.21513558
353,22,0.21712841
353,23,0.22540821000000003
353,24,0.2199291799999999
353,25,0.22764376
353,26,0.2252694399999999
353,27,0.2163602499999999
353,28,0.21411296
353,29,0.2119105
353,30,0.2084720099999999
353,31,0.21249995
353,32,0.21269341
353,33,0.2122534599999999
353,34,0.2093087999999998
353,35,0.2135651999999999
353,36,0.2150413299999999
353,37,0.21421097
353,38,0.21323792
353,39,0.20960666
353,40,0.2182784699999999
353,41,0.21725281
353,42,0.22450746000000002
353,43,0.21663657
353,44,0.22851215
353,45,0.23499443
353,46,0.2318063899999999
353,47,0.2163532899999999
353,48,0.2244269099999999
353,49,0.2281414899999998
353,50,0.22810961999999987
353,51,0.2277810499999999
353,52,0.26440366999999976
353,53,0.2261697699999999
353,54,0.22776853
353,55,0.27826324
353,56,0.3025930499999999
353,57,0.3555408299999999
353,58,0.27196283
353,59,0.3044566799999999
353,60,0.2797919599999996
353,61,0.2679537599999998
353,62,0.25975722
353,63,0.2881401
353,64,0.26616078
353,65,0.24960058999999993
353,66,0.2362267099999998
353,67,0.23468060999999982
353,68,0.23431680000000002
353,69,0.2278712899999998
353,70,0.22231130000000002
353,71,0.23114547
353,72,0.2189013699999999
353,73,0.2187177699999999
353,74,0.20614475
353,75,0.2081310599999999
353,76,0.21521779
353,77,0.2206747299999998
353,78,0.2183180699999999
353,79,0.22469027
353,80,0.22756349
353,81,0.23877558000000002
353,82,0.23511153999999992
353,83,0.2136604
353,84,0.2241236099999999
353,85,0.23829881
353,86,0.2698082399999999
353,87,0.22652324
353,88,0.23567364
353,89,0.25265857999999974
353,90,0.27480342
353,91,0.26721372
353,92,0.2789510999999999
353,93,0.28680105999999983
353,94,0.25799096
353,95,0.2472612199999998
354,0,0.23456107
354,1,0.23473174
354,2,0.22966066999999993
354,3,0.23187549999999987
354,4,0.22896405
354,5,0.22808111
354,6,0.2234242199999998
354,7,0.22836736
354,8,0.22829718000000002
354,9,0.2248155899999997
354,10,0.21930822
354,11,0.2285269399999997
354,12,0.22648735
354,13,0.2222953999999999
354,14,0.21736782
354,15,0.22121733000000002
354,16,0.2261353
354,17,0.21716289
354,18,0.2121939199999999
354,19,0.2174790599999999
354,20,0.21470851
354,21,0.2086883699999999
354,22,0.2040702399999999
354,23,0.20441907
354,24,0.2036608299999999
354,25,0.20341847
354,26,0.20253857
354,27,0.20376007
354,28,0.2032087699999999
354,29,0.2024341
354,30,0.20146307
354,31,0.2034909
354,32,0.2034479599999999
354,33,0.2025395799999998
354,34,0.2015299999999999
354,35,0.2019968799999999
354,36,0.20273035
354,37,0.202546
354,38,0.2024269999999999
354,39,0.203091
354,40,0.20555266
354,41,0.20498787
354,42,0.2089441699999999
354,43,0.2073873799999999
354,44,0.22013078
354,45,0.2285810699999998
354,46,0.22705368
354,47,0.2150228699999999
354,48,0.22567662000000002
354,49,0.23416794999999987
354,50,0.2300116999999999
354,51,0.2266670699999999
354,52,0.2727759399999997
354,53,0.23410497
354,54,0.2089784499999999
354,55,0.2308168699999998
354,56,0.2088678099999999
354,57,0.2097310399999999
354,58,0.20955595
354,59,0.2211727399999999
354,60,0.2122997599999999
354,61,0.2105313299999998
354,62,0.2086996299999998
354,63,0.21123023
354,64,0.2094794399999998
354,65,0.2089543899999998
354,66,0.2057229199999999
354,67,0.20665693
354,68,0.20599051
354,69,0.20621808
354,70,0.20516434
354,71,0.2064997899999998
354,72,0.2069467099999999
354,73,0.2064146499999999
354,74,0.2047509599999999
354,75,0.2058863199999999
354,76,0.2102997499999999
354,77,0.21554703
354,78,0.2152728099999999
354,79,0.2191543499999998
354,80,0.2230073699999999
354,81,0.2411294999999998
354,82,0.2366896299999999
354,83,0.2142468699999999
354,84,0.21989002
354,85,0.2343324199999999
354,86,0.24295357999999992
354,87,0.2238049799999999
354,88,0.22439741
354,89,0.23628206999999993
354,90,0.24782362
354,91,0.2309561099999999
354,92,0.24016859999999982
354,93,0.2403191099999998
354,94,0.23164981999999992
354,95,0.2377702699999998
355,0,0.22927423
355,1,0.22753169999999992
355,2,0.21376587
355,3,0.2162257199999999
355,4,0.21766987
355,5,0.21387613
355,6,0.2095384499999999
355,7,0.2121313799999999
355,8,0.21051298
355,9,0.2086208799999999
355,10,0.2167341699999999
355,11,0.2114418099999999
355,12,0.2075272999999998
355,13,0.20463216
355,14,0.2145122099999999
355,15,0.2109643
355,16,0.20695501
355,17,0.2042530599999999
355,18,0.20907693
355,19,0.2067326099999999
355,20,0.20418711
355,21,0.2031423399999999
355,22,0.21318178
355,23,0.2129111199999999
355,24,0.2109065
355,25,0.2087634899999998
355,26,0.21160674
355,27,0.2110466899999999
355,28,0.21001946
355,29,0.2056491299999999
355,30,0.2108689799999999
355,31,0.2072862999999999
355,32,0.20344639
355,33,0.1983446799999998
355,34,0.19796747
355,35,0.1973674299999999
355,36,0.19780922
355,37,0.18887125
355,38,0.1958405799999999
355,39,0.1985195099999999
355,40,0.20190818
355,41,0.2012450199999998
355,42,0.20217269
355,43,0.20752673
355,44,0.2101895499999999
355,45,0.21002319
355,46,0.20848955
355,47,0.2097816599999999
355,48,0.2100387899999999
355,49,0.2103318699999999
355,50,0.21131497
355,51,0.2098377899999998
355,52,0.2077004599999999
355,53,0.2092909299999999
355,54,0.2129654299999999
355,55,0.21482752
355,56,0.2134690699999999
355,57,0.2120682199999999
355,58,0.21897255
355,59,0.21382767
355,60,0.2140647
355,61,0.2143522799999999
355,62,0.2175048799999999
355,63,0.2160450599999999
355,64,0.21499168
355,65,0.21298481
355,66,0.2133550699999999
355,67,0.21336976
355,68,0.2109351099999999
355,69,0.2094196099999999
355,70,0.2090466399999999
355,71,0.21078759
355,72,0.2097820799999999
355,73,0.2098592699999999
355,74,0.21358606
355,75,0.21298983
355,76,0.21333564
355,77,0.21161855
355,78,0.21311855
355,79,0.2144685999999999
355,80,0.21792894
355,81,0.21588589
355,82,0.2098364599999999
355,83,0.2123686199999999
355,84,0.2140629799999998
355,85,0.21431925
355,86,0.2109846199999999
355,87,0.2127072499999999
355,88,0.2155932599999999
355,89,0.21593557
355,90,0.21375717
355,91,0.21362756
355,92,0.2145956999999999
355,93,0.21250443
355,94,0.21357109
355,95,0.2112204899999999
356,0,0.20963719
356,1,0.2088063999999999
356,2,0.2122524099999999
356,3,0.2117543599999999
356,4,0.20865967
356,5,0.20620711
356,6,0.2098284299999999
356,7,0.20789563
356,8,0.20569278
356,9,0.2034860099999999
356,10,0.2080499499999999
356,11,0.2080521199999999
356,12,0.2057603399999999
356,13,0.2041056799999999
356,14,0.2075421199999998
356,15,0.2068277899999999
356,16,0.2033303399999999
356,17,0.19317409
356,18,0.20095392
356,19,0.1964276999999999
356,20,0.19294998
356,21,0.19036621
356,22,0.1981410499999999
356,23,0.19559123
356,24,0.19702191
356,25,0.1889245499999998
356,26,0.1918527899999999
356,27,0.19707302
356,28,0.19602299
356,29,0.18339258
356,30,0.1987930199999999
356,31,0.1972859299999998
356,32,0.1944976199999999
356,33,0.17455895
356,34,0.18180074
356,35,0.18139188
356,36,0.1819282299999998
356,37,0.1818058899999998
356,38,0.1923965299999999
356,39,0.1979841499999998
356,40,0.19346006
356,41,0.1965474499999999
356,42,0.1862715399999999
356,43,0.1955569
356,44,0.1910045999999998
356,45,0.1976722
356,46,0.20121078
356,47,0.20099316
356,48,0.20192466
356,49,0.20305916
356,50,0.20125756
356,51,0.20099759
356,52,0.1977763099999999
356,53,0.1979912899999999
356,54,0.21317042
356,55,0.2236213
356,56,0.2178202799999999
356,57,0.20338946
356,58,0.207637
356,59,0.2002260099999999
356,60,0.1990320899999998
356,61,0.1899229699999998
356,62,0.17989844
356,63,0.1697680299999999
356,64,0.16421744
356,65,0.1549259899999999
356,66,0.16577558
356,67,0.1656275799999998
356,68,0.1550148499999999
356,69,0.1499898899999999
356,70,0.1581757399999997
356,71,0.1519027599999998
356,72,0.14999028
356,73,0.14998972
356,74,0.14998975
356,75,0.1499897
356,76,0.15
356,77,0.1499898999999999
356,78,0.15
356,79,0.1510007899999998
356,80,0.1541148099999998
356,81,0.1737367699999999
356,82,0.1531133499999999
356,83,0.1732506399999999
356,84,0.2021271899999999
356,85,0.2056380199999999
356,86,0.18137748
356,87,0.1994745799999999
356,88,0.2032235899999999
356,89,0.21425676
356,90,0.2065767999999999
356,91,0.2106372299999999
356,92,0.2140742199999999
356,93,0.21084961
356,94,0.2084585099999999
356,95,0.20402604
357,0,0.2048008299999999
357,1,0.20320432
357,2,0.20306005
357,3,0.2012747599999998
357,4,0.2007152999999999
357,5,0.1938735399999999
357,6,0.2005830499999999
357,7,0.2002924999999999
357,8,0.2003899799999999
357,9,0.19305281
357,10,0.20226085
357,11,0.1992097399999998
357,12,0.1972285599999998
357,13,0.1962199499999999
357,14,0.20017477
357,15,0.19850214
357,16,0.1915353699999999
357,17,0.18890407
357,18,0.1882797999999998
357,19,0.18381882
357,20,0.1743285199999999
357,21,0.17095858
357,22,0.1744403199999999
357,23,0.16073892
357,24,0.1665198399999999
357,25,0.15938354
357,26,0.1698699399999998
357,27,0.1710053799999999
357,28,0.1696032999999999
357,29,0.16661473
357,30,0.1719560299999999
357,31,0.16987965
357,32,0.16934714
357,33,0.1521804
357,34,0.17265416
357,35,0.1693128499999999
357,36,0.16929136
357,37,0.1666167599999999
357,38,0.18122071
357,39,0.18686445
357,40,0.1871871199999999
357,41,0.18863981
357,42,0.1878003099999998
357,43,0.19398819
357,44,0.19756118
357,45,0.1973839799999999
357,46,0.19636005
357,47,0.19749848
357,48,0.1987512499999999
357,49,0.19326098
357,50,0.20098428
357,51,0.19266755
357,52,0.1889940199999999
357,53,0.19055341
357,54,0.21017695
357,55,0.20111566
357,56,0.1913512599999999
357,57,0.1736668499999999
357,58,0.1722688999999999
357,59,0.1622626199999998
357,60,0.1509916399999999
357,61,0.1509796699999999
357,62,0.1755156999999998
357,63,0.17559061
357,64,0.17322569
357,65,0.16573045
357,66,0.1720720899999999
357,67,0.1707267199999999
357,68,0.16567911
357,69,0.1581222099999999
357,70,0.1525010799999999
357,71,0.1707601499999999
357,72,0.16557652
357,73,0.16624501
357,74,0.1704918799999999
357,75,0.1547828499999998
357,76,0.1653356799999999
357,77,0.16615937
357,78,0.16565018
357,79,0.1676242899999997
357,80,0.17558453
357,81,0.19596736
357,82,0.1858748099999999
357,83,0.19667328
357,84,0.2037167099999999
357,85,0.20768834
357,86,0.20008576
357,87,0.20313945
357,88,0.2078356999999999
357,89,0.21228448
357,90,0.2060919699999999
357,91,0.2069529699999999
357,92,0.2060699499999999
357,93,0.2052603999999999
357,94,0.20451101
357,95,0.20269122
358,0,0.20372978
358,1,0.20283925
358,2,0.2036896799999999
358,3,0.20354332
358,4,0.2032835399999999
358,5,0.20200822
358,6,0.2046077899999999
358,7,0.2022539599999999
358,8,0.2015076999999999
358,9,0.19863108
358,10,0.2038546299999999
358,11,0.20408814
358,12,0.2029313999999999
358,13,0.19928814
358,14,0.2020769899999999
358,15,0.2025169599999999
358,16,0.19977287
358,17,0.2000390099999999
358,18,0.20018068
358,19,0.19686683
358,20,0.19099509
358,21,0.19123914
358,22,0.1898658
358,23,0.1939773699999999
358,24,0.1952579299999998
358,25,0.19047624
358,26,0.1940535599999999
358,27,0.1924346799999998
358,28,0.18886675
358,29,0.1876496
358,30,0.19454636
358,31,0.193362
358,32,0.1930364199999999
358,33,0.19028959
358,34,0.19212635
358,35,0.19181454
358,36,0.19195334
358,37,0.1913215199999999
358,38,0.19429069
358,39,0.19411706
358,40,0.19521679
358,41,0.1965899999999999
358,42,0.1991292199999998
358,43,0.20129722
358,44,0.20383382
358,45,0.20335256
358,46,0.20230045
358,47,0.2046112199999999
358,48,0.20473799
358,49,0.2033999999999998
358,50,0.2045912
358,51,0.2031624
358,52,0.1998112
358,53,0.1974411999999999
358,54,0.20692281
358,55,0.2071831499999999
358,56,0.2018827299999999
358,57,0.16529467
358,58,0.1850245
358,59,0.1757207
358,60,0.1740810199999999
358,61,0.1679999499999997
358,62,0.18701877
358,63,0.1860179699999999
358,64,0.1765185499999998
358,65,0.1709255999999999
358,66,0.17623703
358,67,0.1768982199999998
358,68,0.15710817
358,69,0.1706499
358,70,0.18662119
358,71,0.18657991
358,72,0.18525681
358,73,0.18463936
358,74,0.1797864399999999
358,75,0.1797010199999999
358,76,0.18551591
358,77,0.1759125
358,78,0.1532738099999999
358,79,0.1855254999999999
358,80,0.1979276799999999
358,81,0.2007763699999999
358,82,0.1505327099999999
358,83,0.1500188
358,84,0.20282851
358,85,0.21397
358,86,0.2027630299999999
358,87,0.2104923799999999
358,88,0.2229850999999999
358,89,0.27192578999999983
358,90,0.25902437
358,91,0.22556375999999992
358,92,0.2726352799999999
358,93,0.2196267999999999
358,94,0.21988257
358,95,0.21372838
359,0,0.21428545
359,1,0.2122394999999998
359,2,0.21421509
359,3,0.2128736799999999
359,4,0.2128110799999998
359,5,0.20803647
359,6,0.2112956599999998
359,7,0.21031554
359,8,0.2081524099999999
359,9,0.20614657
359,10,0.2162231999999999
359,11,0.2174052799999999
359,12,0.2145604199999999
359,13,0.21170967
359,14,0.21338131
359,15,0.2114232299999998
359,16,0.2062062599999999
359,17,0.20421454
359,18,0.20257315
359,19,0.1971166
359,20,0.19556499
359,21,0.19441867
359,22,0.2039048799999999
359,23,0.2031636599999999
359,24,0.20426798
359,25,0.2023856599999999
359,26,0.2011767599999999
359,27,0.19704324
359,28,0.1955833099999999
359,29,0.19664882
359,30,0.2021161
359,31,0.20352264
359,32,0.2027345699999999
359,33,0.20224205
359,34,0.2017878499999999
359,35,0.2036562499999999
359,36,0.2040584599999998
359,37,0.2031812
359,38,0.20360862
359,39,0.2034012
359,40,0.20845
359,41,0.2099599999999999
359,42,0.2089653599999998
359,43,0.21130546
359,44,0.2131994699999999
359,45,0.21561439
359,46,0.2175861999999999
359,47,0.22242651
359,48,0.2310403
359,49,0.23733684000000002
359,50,0.2311605799999998
359,51,0.2454593899999998
359,52,0.22737401999999982
359,53,0.2142887999999999
359,54,0.2397199999999999
359,55,0.2226835999999999
359,56,0.2195511999999999
359,57,0.22199
359,58,0.22393159999999993
359,59,0.21697222
359,60,0.2163104699999999
359,61,0.2138887199999999
359,62,0.2184337499999999
359,63,0.2129638999999999
359,64,0.2096050099999999
359,65,0.2017878499999999
359,66,0.20808827
359,67,0.2073776899999999
359,68,0.2033988
359,69,0.20216725
359,70,0.2064644299999999
359,71,0.20709791
359,72,0.2028623199999999
359,73,0.19224357
359,74,0.1983999599999999
359,75,0.20140053
359,76,0.1984688599999998
359,77,0.20112673
359,78,0.2057033499999999
359,79,0.20573196
359,80,0.20680916
359,81,0.20990639
359,82,0.2073675599999999
359,83,0.21135627
359,84,0.22652247
359,85,0.24638435
359,86,0.2212011899999999
359,87,0.2252082199999997
359,88,0.2402299999999998
359,89,0.2473424
359,90,0.26076999999999984
359,91,0.2760036
359,92,0.26906949
359,93,0.25805239999999985
359,94,0.2566509599999999
359,95,0.25879737999999974
360,0,0.2595836799999999
360,1,0.25121921999999974
360,2,0.25528308
360,3,0.2519568799999998
360,4,0.25789134999999985
360,5,0.2447742899999998
360,6,0.25474485999999985
360,7,0.25301662999999974
360,8,0.24795238
360,9,0.24326664
360,10,0.24355801000000002
360,11,0.2372443
360,12,0.22480514999999993
360,13,0.22044689999999992
360,14,0.22093343000000001
360,15,0.2161881899999999
360,16,0.21334301
360,17,0.2078095099999999
360,18,0.21138024
360,19,0.20930525
360,20,0.2083631799999999
360,21,0.20554681
360,22,0.2073188299999999
360,23,0.20731908
360,24,0.20728494
360,25,0.20690946
360,26,0.21004255
360,27,0.2075473399999998
360,28,0.2048752499999999
360,29,0.2051948799999998
360,30,0.204326
360,31,0.20474544
360,32,0.2040865799999999
360,33,0.20203545
360,34,0.20418155
360,35,0.20355371
360,36,0.20464445
360,37,0.2044834999999999
360,38,0.2045224999999998
360,39,0.20795516
360,40,0.2077969599999999
360,41,0.2120981999999999
360,42,0.2137787199999999
360,43,0.2185220299999999
360,44,0.2256773
360,45,0.22787218
360,46,0.2152253399999999
360,47,0.2158696299999999
360,48,0.23041684999999992
360,49,0.2267533899999998
360,50,0.2284789499999997
360,51,0.23214375
360,52,0.21549163
360,53,0.21442777
360,54,0.2210079899999999
360,55,0.2289571799999999
360,56,0.2164066999999999
360,57,0.21413063
360,58,0.2220929899999999
360,59,0.21135181
360,60,0.2090563399999999
360,61,0.2101238799999999
360,62,0.21316416
360,63,0.2112255099999999
360,64,0.2101453599999999
360,65,0.2023444499999999
360,66,0.20810198
360,67,0.2068474199999999
360,68,0.2025418999999998
360,69,0.20077996
360,70,0.2032625
360,71,0.2053443999999999
360,72,0.20520907
360,73,0.2061962799999999
360,74,0.2074587299999999
360,75,0.2053354499999999
360,76,0.20662127
360,77,0.2042973099999999
360,78,0.20248586
360,79,0.2071123399999999
360,80,0.2093980899999999
360,81,0.2152022599999999
360,82,0.2075346499999999
360,83,0.2152461399999999
360,84,0.2180247
360,85,0.2399921699999998
360,86,0.2155011399999999
360,87,0.22395543999999992
360,88,0.24672945
360,89,0.26130187999999965
360,90,0.24475063
360,91,0.25713304999999975
360,92,0.26419764
360,93,0.2519123999999999
360,94,0.2442953399999999
360,95,0.24265336
361,0,0.2433071499999999
361,1,0.23515441
361,2,0.2388776299999998
361,3,0.2411944
361,4,0.2333185999999999
361,5,0.2304606
361,6,0.23590497000000002
361,7,0.23360822
361,8,0.22454858000000003
361,9,0.2205738199999999
361,10,0.23140172
361,11,0.2245453499999999
361,12,0.22280492
361,13,0.2165468499999999
361,14,0.22745003
361,15,0.2157304
361,16,0.2135413099999999
361,17,0.21068307
361,18,0.21109043
361,19,0.20985255
361,20,0.2053110299999999
361,21,0.2013705199999998
361,22,0.20903005
361,23,0.2070628099999999
361,24,0.2073623
361,25,0.2066189
361,26,0.20798439
361,27,0.20767834
361,28,0.20783678
361,29,0.2063567999999999
361,30,0.2084544399999998
361,31,0.20837734
361,32,0.20666561
361,33,0.20494747
361,34,0.2078646599999999
361,35,0.2077057
361,36,0.2074922099999999
361,37,0.20739992
361,38,0.2110958799999999
361,39,0.2123351299999999
361,40,0.21261046
361,41,0.21210292
361,42,0.2119896999999999
361,43,0.21360305
361,44,0.2169061199999999
361,45,0.2249496599999999
361,46,0.21354778
361,47,0.21629884
361,48,0.2277930299999998
361,49,0.2295908599999998
361,50,0.2216167399999999
361,51,0.218881
361,52,0.2206043399999997
361,53,0.2172226699999999
361,54,0.22452719000000002
361,55,0.21764216
361,56,0.21633158
361,57,0.2096962199999998
361,58,0.21323755
361,59,0.21039348
361,60,0.2088646699999999
361,61,0.2052176899999999
361,62,0.20634226
361,63,0.2060718299999999
361,64,0.1997741499999999
361,65,0.1955720099999999
361,66,0.2037958799999999
361,67,0.2018400699999999
361,68,0.1970497099999999
361,69,0.1956428
361,70,0.2055561299999999
361,71,0.2071841999999999
361,72,0.2064612099999999
361,73,0.20754787
361,74,0.2095350799999999
361,75,0.2113224699999999
361,76,0.21135985
361,77,0.2112224899999999
361,78,0.2130396299999999
361,79,0.21434398
361,80,0.2200306
361,81,0.2195757199999999
361,82,0.2203396899999999
361,83,0.2241101799999999
361,84,0.2327583
361,85,0.23820148
361,86,0.2175595099999999
361,87,0.22370846000000003
361,88,0.2500662499999998
361,89,0.2505788
361,90,0.23894300999999982
361,91,0.2536524299999998
361,92,0.2601027699999999
361,93,0.25248755999999983
361,94,0.25612813999999984
361,95,0.2539788399999998
362,0,0.25077647999999975
362,1,0.2293431699999999
362,2,0.2493945899999999
362,3,0.24338308
362,4,0.24751779999999993
362,5,0.24205918
362,6,0.24209246999999992
362,7,0.23840445000000002
362,8,0.23435817
362,9,0.2294496699999999
362,10,0.23528596999999982
362,11,0.22762256
362,12,0.22552088
362,13,0.2173333999999999
362,14,0.21647
362,15,0.2099599999999999
362,16,0.2083787999999999
362,17,0.2062745399999999
362,18,0.2123003199999999
362,19,0.2077830099999998
362,20,0.2058898599999999
362,21,0.20376286
362,22,0.20446011
362,23,0.2031951599999999
362,24,0.2038703899999999
362,25,0.20273755
362,26,0.2050420099999998
362,27,0.2037125399999998
362,28,0.20382227
362,29,0.20304615
362,30,0.2067776399999999
362,31,0.2058517799999999
362,32,0.2043781699999998
362,33,0.2038316
362,34,0.20351105
362,35,0.2039790199999999
362,36,0.2037300699999999
362,37,0.2041693299999999
362,38,0.2045933199999999
362,39,0.20703449
362,40,0.2089332099999999
362,41,0.21093872
362,42,0.2129276
362,43,0.2160240899999999
362,44,0.21710854
362,45,0.2222305299999999
362,46,0.2140083699999999
362,47,0.2176093899999999
362,48,0.2228226099999999
362,49,0.2202053099999998
362,50,0.22888464999999983
362,51,0.26084869
362,52,0.22881632999999982
362,53,0.2212545
362,54,0.23885694
362,55,0.2485697399999999
362,56,0.2303410099999997
362,57,0.22494276
362,58,0.2326598
362,59,0.22694941
362,60,0.22412937000000002
362,61,0.21413721
362,62,0.2171030899999999
362,63,0.21389606
362,64,0.2134616999999999
362,65,0.20708305
362,66,0.2072614499999999
362,67,0.2060848299999998
362,68,0.20559985
362,69,0.2034234699999999
362,70,0.20372481
362,71,0.20417806
362,72,0.2017166699999999
362,73,0.1898551799999999
362,74,0.1960118599999999
362,75,0.19349451
362,76,0.19584658
362,77,0.1982341799999999
362,78,0.20104391
362,79,0.20166386
362,80,0.2029154399999999
362,81,0.20252069
362,82,0.19747754
362,83,0.20345
362,84,0.2074889799999998
362,85,0.2103787999999999
362,86,0.2059281499999999
362,87,0.2115819499999998
362,88,0.2179035399999999
362,89,0.22540383
362,90,0.2195768099999999
362,91,0.2242869699999999
362,92,0.22720436000000002
362,93,0.22386029
362,94,0.23133461000000002
362,95,0.22151026999999993
363,0,0.22026309000000002
363,1,0.2179515199999999
363,2,0.22165652
363,3,0.2199228299999999
363,4,0.21848662
363,5,0.2141876499999999
363,6,0.2183737499999999
363,7,0.2145164699999998
363,8,0.2132381499999998
363,9,0.21098153
363,10,0.2180373099999999
363,11,0.2181960799999998
363,12,0.21605575
363,13,0.2138855499999999
363,14,0.2125976
363,15,0.2147664999999999
363,16,0.2071428599999999
363,17,0.2055398
363,18,0.2132958999999999
363,19,0.2077672699999999
363,20,0.2037681
363,21,0.2026923199999999
363,22,0.2027107999999998
363,23,0.2014072499999999
363,24,0.20105365
363,25,0.19864078
363,26,0.1989999999999999
363,27,0.19869527
363,28,0.1976524199999999
363,29,0.1970787999999999
363,30,0.2011876
363,31,0.20007722
363,32,0.19874463
363,33,0.1987090499999998
363,34,0.2014088
363,35,0.2014076
363,36,0.2014076
363,37,0.20181
363,38,0.2021388
363,39,0.2036096899999999
363,40,0.20663572
363,41,0.20277622
363,42,0.20418395
363,43,0.2047294699999998
363,44,0.20735894
363,45,0.2018599999999999
363,46,0.2029372999999999
363,47,0.20516012
363,48,0.20769606
363,49,0.2066206499999998
363,50,0.20737743
363,51,0.2064314899999998
363,52,0.20394135
363,53,0.1999819099999999
363,54,0.2056469799999999
363,55,0.2070146299999999
363,56,0.2041696699999998
363,57,0.193139
363,58,0.20406691
363,59,0.2031249799999999
363,60,0.19637321
363,61,0.19181114
363,62,0.2078958199999999
363,63,0.2086606999999999
363,64,0.2021782099999998
363,65,0.1893155299999999
363,66,0.2004235699999999
363,67,0.1928145
363,68,0.1958643799999999
363,69,0.1898565299999999
363,70,0.1903016999999999
363,71,0.1907602399999998
363,72,0.1890069299999999
363,73,0.17928658
363,74,0.18779978
363,75,0.18435145
363,76,0.1842671
363,77,0.1818721499999999
363,78,0.1840965799999999
363,79,0.18684538
363,80,0.18891808
363,81,0.1902551999999999
363,82,0.1718002099999999
363,83,0.1876987699999999
363,84,0.20617765
363,85,0.2135104799999999
363,86,0.20313179
363,87,0.2058063199999999
363,88,0.21206221
363,89,0.23145142
363,90,0.2241678299999997
363,91,0.23494949
363,92,0.2315481899999999
363,93,0.22919295999999992
363,94,0.2327973
363,95,0.2238897999999999