day,step,power
0,0,0.0
0,1,0.0
0,2,0.0
0,3,0.0
0,4,0.0
0,5,0.0
0,6,0.0
0,7,0.0
0,8,0.0
0,9,0.0
0,10,0.0
0,11,0.0
0,12,0.0
0,13,0.0
0,14,0.0
0,15,0.0
0,16,0.0
0,17,0.0
0,18,0.0
0,19,0.0
0,20,0.0
0,21,0.0
0,22,0.0
0,23,0.0
0,24,0.0
0,25,0.0
0,26,0.0
0,27,0.0
0,28,0.0
0,29,137.47257668127136
0,30,278.8486516264226
0,31,441.1170607583627
0,32,606.38649
0,33,758.981153453592
0,34,892.0873779387896
0,35,1001.1070184545924
0,36,1081.4419299999995
0,37,1130.5225904418603
0,38,1153.8939691184182
0,39,1159.1296582357672
0,40,1153.80325
0,41,1144.4045729039656
0,42,1133.088400587536
0,43,1120.9257429773386
0,44,1108.98761
0,45,1098.3579988797762
0,46,1090.1728560314366
0,47,1085.5811151673784
0,48,1085.73171
0,49,1091.618609545679
0,50,1103.615924036717
0,51,1121.9427990093966
0,52,1146.81838
0,53,1176.873093718758
0,54,1204.3824915716948
0,55,1220.0334061387846
0,56,1214.51267
0,57,1179.51459854804
0,58,1110.7634384265036
0,59,1004.9909190917156
0,60,858.92877
0,61,674.4538208390821
0,62,474.0233022222903
0,63,285.23954499435325
0,64,135.70488
0,65,0.0
0,66,0.0
0,67,0.0
0,68,0.0
0,69,0.0
0,70,0.0
0,71,0.0
0,72,0.0
0,73,0.0
0,74,0.0
0,75,0.0
0,76,0.0
0,77,0.0
0,78,0.0
0,79,0.0
0,80,0.0
0,81,0.0
0,82,0.0
0,83,0.0
0,84,0.0
0,85,0.0
0,86,0.0
0,87,0.0
0,88,0.0
0,89,0.0
0,90,0.0
0,91,0.0
0,92,0.0
0,93,0.0
0,94,0.0
0,95,0.0
1,0,0.0
1,1,0.0
1,2,0.0
1,3,0.0
1,4,0.0
1,5,0.0
1,6,0.0
1,7,0.0
1,8,0.0
1,9,0.0
1,10,0.0
1,11,0.0
1,12,0.0
1,13,0.0
1,14,0.0
1,15,0.0
1,16,0.0
1,17,0.0
1,18,0.0
1,19,0.0
1,20,0.0
1,21,0.0
1,22,0.0
1,23,0.0
1,24,0.0
1,25,0.0
1,26,0.0
1,27,0.0
1,28,0.0
1,29,0.0
1,30,0.0
1,31,123.57886020085212
1,32,150.07909
1,33,166.53048844136256
1,34,175.98023819869462
1,35,183.2277588566793
1,36,193.07247
1,37,208.79778885208515
1,38,227.62312319134384
1,39,245.25187843493063
1,40,257.38746
1,41,260.8451752127969
1,42,256.88793903593006
1,43,247.8905683410981
1,44,236.22788000000003
1,45,223.79605904672667
1,46,210.57676316493595
1,47,196.07301820067724
1,48,179.78785
1,49,161.54448266279613
1,50,142.44693330432628
1,51,123.91941729369324
1,52,0.0
1,53,0.0
1,54,0.0
1,55,0.0
1,56,0.0
1,57,0.0
1,58,0.0
1,59,0.0
1,60,0.0
1,61,0.0
1,62,0.0
1,63,0.0
1,64,0.0
1,65,0.0
1,66,0.0
1,67,0.0
1,68,0.0
1,69,0.0
1,70,0.0
1,71,0.0
1,72,0.0
1,73,0.0
1,74,0.0
1,75,0.0
1,76,0.0
1,77,0.0
1,78,0.0
1,79,0.0
1,80,0.0
1,81,0.0
1,82,0.0
1,83,0.0
1,84,0.0
1,85,0.0
1,86,0.0
1,87,0.0
1,88,0.0
1,89,0.0
1,90,0.0
1,91,0.0
1,92,0.0
1,93,0.0
1,94,0.0
1,95,0.0
2,0,0.0
2,1,0.0
2,2,0.0
2,3,0.0
2,4,0.0
2,5,0.0
2,6,0.0
2,7,0.0
2,8,0.0
2,9,0.0
2,10,0.0
2,11,0.0
2,12,0.0
2,13,0.0
2,14,0.0
2,15,0.0
2,16,0.0
2,17,0.0
2,18,0.0
2,19,0.0
2,20,0.0
2,21,0.0
2,22,0.0
2,23,0.0
2,24,0.0
2,25,0.0
2,26,0.0
2,27,0.0
2,28,0.0
2,29,195.84468561094823
2,30,363.398141221754
2,31,545.4868587216828
2,32,716.37728
2,33,855.2690061540577
2,34,961.094275113554
2,35,1037.7184840162736
2,36,1089.00703
2,37,1118.405908366571
2,38,1127.6835070740303
2,39,1118.1888122444743
2,40,1091.27081
2,41,1049.3350083484088
2,42,999.0130028403248
2,43,947.9929109120784
2,44,903.96285
2,45,872.2176423022947
2,46,848.4789290646708
2,47,826.0750562947112
2,48,798.3343699999999
2,49,760.1367018174125
2,50,712.5678259009925
2,51,658.2650020340764
2,52,599.86549
2,53,539.7890662093057
2,54,479.5855735813594
2,55,420.5873716627335
2,56,364.12682
2,57,311.23653881411497
2,58,261.75019102356987
2,59,215.2017002212397
2,60,171.12499
2,61,129.4096608779844
2,62,0.0
2,63,0.0
2,64,0.0
2,65,0.0
2,66,0.0
2,67,0.0
2,68,0.0
2,69,0.0
2,70,0.0
2,71,0.0
2,72,0.0
2,73,0.0
2,74,0.0
2,75,0.0
2,76,0.0
2,77,0.0
2,78,0.0
2,79,0.0
2,80,0.0
2,81,0.0
2,82,0.0
2,83,0.0
2,84,0.0
2,85,0.0
2,86,0.0
2,87,0.0
2,88,0.0
2,89,0.0
2,90,0.0
2,91,0.0
2,92,0.0
2,93,0.0
2,94,0.0
2,95,0.0
3,0,0.0
3,1,0.0
3,2,0.0
3,3,0.0
3,4,0.0
3,5,0.0
3,6,0.0
3,7,0.0
3,8,0.0
3,9,0.0
3,10,0.0
3,11,0.0
3,12,0.0
3,13,0.0
3,14,0.0
3,15,0.0
3,16,0.0
3,17,0.0
3,18,0.0
3,19,0.0
3,20,0.0
3,21,0.0
3,22,0.0
3,23,0.0
3,24,0.0
3,25,0.0
3,26,0.0
3,27,0.0
3,28,0.0
3,29,0.0
3,30,0.0
3,31,0.0
3,32,0.0
3,33,0.0
3,34,138.36671123902613
3,35,192.86486406975595
3,36,257.38932
3,37,330.2322237004004
3,38,403.0250536480573
3,39,465.7341217716855
3,40,508.32574
3,41,524.0391735033652
3,42,519.2055004187447
3,43,503.42875212475184
3,44,486.31296
3,45,475.8847316611388
3,46,473.8609796769638
3,47,480.3811928543069
3,48,495.58486
3,49,518.2170182895796
3,50,541.4448983734002
3,51,557.0412792705207
3,52,556.77894
3,53,534.857571118043
3,54,495.1845093294359
3,55,444.0940028761109
3,56,387.9203
3,57,332.0121181757487
3,58,277.7760518088563
3,59,225.6331645375359
3,60,176.00452
3,61,129.5523752414623
3,62,0.0
3,63,0.0
3,64,0.0
3,65,0.0
3,66,0.0
3,67,0.0
3,68,0.0
3,69,0.0
3,70,0.0
3,71,0.0
3,72,0.0
3,73,0.0
3,74,0.0
3,75,0.0
3,76,0.0
3,77,0.0
3,78,0.0
3,79,0.0
3,80,0.0
3,81,0.0
3,82,0.0
3,83,0.0
3,84,0.0
3,85,0.0
3,86,0.0
3,87,0.0
3,88,0.0
3,89,0.0
3,90,0.0
3,91,0.0
3,92,0.0
3,93,0.0
3,94,0.0
3,95,0.0
4,0,0.0
4,1,0.0
4,2,0.0
4,3,0.0
4,4,0.0
4,5,0.0
4,6,0.0
4,7,0.0
4,8,0.0
4,9,0.0
4,10,0.0
4,11,0.0
4,12,0.0
4,13,0.0
4,14,0.0
4,15,0.0
4,16,0.0
4,17,0.0
4,18,0.0
4,19,0.0
4,20,0.0
4,21,0.0
4,22,0.0
4,23,0.0
4,24,0.0
4,25,0.0
4,26,0.0
4,27,0.0
4,28,0.0
4,29,0.0
4,30,123.4242354672819
4,31,179.6103833739936
4,32,227.10063
4,33,258.889638786429
4,34,280.51752112717844
4,35,300.6607504043387
4,36,327.9958
4,37,368.2834948711048
4,38,415.6220662740041
4,39,461.1940970399016
4,40,496.1821699999999
4,41,513.6863536041519
4,42,514.4766587768047
4,43,501.2405820610553
4,44,476.66562
4,45,443.9229930560378
4,46,408.1188173687768
4,47,374.8429329971274
4,48,349.68517999999995
4,49,336.2923446404468
4,50,330.5389979980879
4,51,326.35665735668505
4,52,317.67684
4,53,300.76697806967485
4,54,281.23816313887164
4,55,267.03740163863256
4,56,266.11170000000004
4,57,282.99166604960385
4,58,308.54231319642554
4,59,330.21225624503444
4,60,335.45011
4,61,315.16122726315984
4,62,274.0779128254261
4,63,220.3892094749793
4,64,162.28416
4,65,0.0
4,66,0.0
4,67,0.0
4,68,0.0
4,69,0.0
4,70,0.0
4,71,0.0
4,72,0.0
4,73,0.0
4,74,0.0
4,75,0.0
4,76,0.0
4,77,0.0
4,78,0.0
4,79,0.0
4,80,0.0
4,81,0.0
4,82,0.0
4,83,0.0
4,84,0.0
4,85,0.0
4,86,0.0
4,87,0.0
4,88,0.0
4,89,0.0
4,90,0.0
4,91,0.0
4,92,0.0
4,93,0.0
4,94,0.0
4,95,0.0
5,0,0.0
5,1,0.0
5,2,0.0
5,3,0.0
5,4,0.0
5,5,0.0
5,6,0.0
5,7,0.0
5,8,0.0
5,9,0.0
5,10,0.0
5,11,0.0
5,12,0.0
5,13,0.0
5,14,0.0
5,15,0.0
5,16,0.0
5,17,0.0
5,18,0.0
5,19,0.0
5,20,0.0
5,21,0.0
5,22,0.0
5,23,0.0
5,24,0.0
5,25,0.0
5,26,0.0
5,27,0.0
5,28,0.0
5,29,182.29389940916727
5,30,334.87234516666865
5,31,503.02293334083583
5,32,665.35628
5,33,803.8826202304107
5,34,914.2106651899886
5,35,995.348745054572
5,36,1046.30519
5,37,1067.8514110754395
5,38,1067.8111428233767
5,39,1055.7712006596255
5,40,1041.3184
5,41,1032.09346796783
5,42,1027.9527785165042
5,43,1026.8066173069265
5,44,1026.56527
5,45,1025.6635247094905
5,46,1024.6341793606068
5,47,1024.5345343314198
5,48,1026.4218900000003
5,49,1030.6678571004593
5,50,1034.9012877910695
5,51,1036.065344586145
5,52,1031.1031899999998
5,53,1017.0099765761742
5,54,990.9888169751156
5,55,950.2948138864994
5,56,892.18307
5,57,814.9893844073447
5,58,721.3723418084684
5,59,615.0712233053576
5,60,499.82531
5,61,380.2968742319472
5,62,264.84015329101146
5,63,162.73237570457005
5,64,0.0
5,65,0.0
5,66,0.0
5,67,0.0
5,68,0.0
5,69,0.0
5,70,0.0
5,71,0.0
5,72,0.0
5,73,0.0
5,74,0.0
5,75,0.0
5,76,0.0
5,77,0.0
5,78,0.0
5,79,0.0
5,80,0.0
5,81,0.0
5,82,0.0
5,83,0.0
5,84,0.0
5,85,0.0
5,86,0.0
5,87,0.0
5,88,0.0
5,89,0.0
5,90,0.0
5,91,0.0
5,92,0.0
5,93,0.0
5,94,0.0
5,95,0.0
6,0,0.0
6,1,0.0
6,2,0.0
6,3,0.0
6,4,0.0
6,5,0.0
6,6,0.0
6,7,0.0
6,8,0.0
6,9,0.0
6,10,0.0
6,11,0.0
6,12,0.0
6,13,0.0
6,14,0.0
6,15,0.0
6,16,0.0
6,17,0.0
6,18,0.0
6,19,0.0
6,20,0.0
6,21,0.0
6,22,0.0
6,23,0.0
6,24,0.0
6,25,0.0
6,26,0.0
6,27,0.0
6,28,0.0
6,29,0.0
6,30,0.0
6,31,0.0
6,32,0.0
6,33,0.0
6,34,145.61163857394155
6,35,183.03587092909152
6,36,230.2331
6,37,288.8986831410242
6,38,354.74296311303374
6,39,421.9800290285264
6,40,484.82397
6,41,538.5143728478325
6,42,582.3928152239237
6,43,616.8263724880527
6,44,642.1821200000002
6,45,658.8498110926457
6,46,667.3099109912722
6,47,668.0655628942627
6,48,661.61991
6,49,647.7156113753348
6,50,623.0533895609874
6,51,583.5734829661467
6,52,525.21613
6,53,446.5099596560154
6,54,356.3371632647778
6,55,266.1683227411512
6,56,187.47402
6,57,128.9884189068535
6,58,0.0
6,59,0.0
6,60,0.0
6,61,0.0
6,62,0.0
6,63,0.0
6,64,0.0
6,65,0.0
6,66,0.0
6,67,0.0
6,68,0.0
6,69,0.0
6,70,0.0
6,71,0.0
6,72,0.0
6,73,0.0
6,74,0.0
6,75,0.0
6,76,0.0
6,77,0.0
6,78,0.0
6,79,0.0
6,80,0.0
6,81,0.0
6,82,0.0
6,83,0.0
6,84,0.0
6,85,0.0
6,86,0.0
6,87,0.0
6,88,0.0
6,89,0.0
6,90,0.0
6,91,0.0
6,92,0.0
6,93,0.0
6,94,0.0
6,95,0.0
7,0,0.0
7,1,0.0
7,2,0.0
7,3,0.0
7,4,0.0
7,5,0.0
7,6,0.0
7,7,0.0
7,8,0.0
7,9,0.0
7,10,0.0
7,11,0.0
7,12,0.0
7,13,0.0
7,14,0.0
7,15,0.0
7,16,0.0
7,17,0.0
7,18,0.0
7,19,0.0
7,20,0.0
7,21,0.0
7,22,0.0
7,23,0.0
7,24,0.0
7,25,0.0
7,26,0.0
7,27,0.0
7,28,0.0
7,29,0.0
7,30,0.0
7,31,124.38609047320034
7,32,168.57466
7,33,210.72006683143343
7,34,251.96014640943145
7,35,294.50133528271374
7,36,340.55007
7,37,391.297795574329
7,38,443.8759908760156
7,39,494.4011432396945
7,40,538.98974
7,41,574.2572000900011
7,42,598.8146688365061
7,43,611.7722231647581
7,44,612.23994
7,45,600.3377117219168
7,46,580.2246925279601
7,47,557.0698520700234
7,48,536.04216
7,49,520.5816734910817
7,50,507.2127998016535
7,51,490.73103371139854
7,52,465.93187
7,53,429.2294918137562
7,54,383.51283576542585
7,55,333.28952683438246
7,56,283.06719
7,57,236.5710573788934
7,58,194.3967896366433
7,59,156.35765457607155
7,60,122.26691999999998
7,61,0.0
7,62,0.0
7,63,0.0
7,64,0.0
7,65,0.0
7,66,0.0
7,67,0.0
7,68,0.0
7,69,0.0
7,70,0.0
7,71,0.0
7,72,0.0
7,73,0.0
7,74,0.0
7,75,0.0
7,76,0.0
7,77,0.0
7,78,0.0
7,79,0.0
7,80,0.0
7,81,0.0
7,82,0.0
7,83,0.0
7,84,0.0
7,85,0.0
7,86,0.0
7,87,0.0
7,88,0.0
7,89,0.0
7,90,0.0
7,91,0.0
7,92,0.0
7,93,0.0
7,94,0.0
7,95,0.0
8,0,0.0
8,1,0.0
8,2,0.0
8,3,0.0
8,4,0.0
8,5,0.0
8,6,0.0
8,7,0.0
8,8,0.0
8,9,0.0
8,10,0.0
8,11,0.0
8,12,0.0
8,13,0.0
8,14,0.0
8,15,0.0
8,16,0.0
8,17,0.0
8,18,0.0
8,19,0.0
8,20,0.0
8,21,0.0
8,22,0.0
8,23,0.0
8,24,0.0
8,25,0.0
8,26,0.0
8,27,0.0
8,28,0.0
8,29,0.0
8,30,0.0
8,31,0.0
8,32,0.0
8,33,0.0
8,34,0.0
8,35,0.0
8,36,0.0
8,37,0.0
8,38,0.0
8,39,0.0
8,40,0.0
8,41,0.0
8,42,0.0
8,43,130.3160082003008
8,44,139.05073
8,45,142.4422309713388
8,46,141.88058686234987
8,47,139.43738932218605
8,48,137.18423
8,49,136.49681167191193
8,50,135.96728162191127
8,51,133.49189826095505
8,52,126.96692
8,53,0.0
8,54,0.0
8,55,0.0
8,56,0.0
8,57,0.0
8,58,0.0
8,59,0.0
8,60,0.0
8,61,0.0
8,62,0.0
8,63,0.0
8,64,0.0
8,65,0.0
8,66,0.0
8,67,0.0
8,68,0.0
8,69,0.0
8,70,0.0
8,71,0.0
8,72,0.0
8,73,0.0
8,74,0.0
8,75,0.0
8,76,0.0
8,77,0.0
8,78,0.0
8,79,0.0
8,80,0.0
8,81,0.0
8,82,0.0
8,83,0.0
8,84,0.0
8,85,0.0
8,86,0.0
8,87,0.0
8,88,0.0
8,89,0.0
8,90,0.0
8,91,0.0
8,92,0.0
8,93,0.0
8,94,0.0
8,95,0.0
9,0,0.0
9,1,0.0
9,2,0.0
9,3,0.0
9,4,0.0
9,5,0.0
9,6,0.0
9,7,0.0
9,8,0.0
9,9,0.0
9,10,0.0
9,11,0.0
9,12,0.0
9,13,0.0
9,14,0.0
9,15,0.0
9,16,0.0
9,17,0.0
9,18,0.0
9,19,0.0
9,20,0.0
9,21,0.0
9,22,0.0
9,23,0.0
9,24,0.0
9,25,0.0
9,26,0.0
9,27,0.0
9,28,0.0
9,29,0.0
9,30,137.49185498162893
9,31,223.84804336806545
9,32,328.6958
9,33,447.6218389932925
9,34,563.3887179819922
9,35,655.5529554796956
9,36,703.67107
9,37,695.1127094537022
9,38,648.5000393404024
9,39,590.2683545569014
9,40,546.85295
9,41,538.1945788168987
9,42,558.2558271563979
9,43,594.5047394176983
9,44,634.40936
9,45,668.091376216203
9,46,696.2870470340057
9,47,722.3862743348054
9,48,749.77896
9,49,780.472117880789
9,50,810.9412097075792
9,51,836.2788091805802
9,52,851.57749
9,53,853.1618300731411
9,54,842.284424135677
9,55,821.4298711303745
9,56,793.08277
9,57,758.3418857328965
9,58,712.7626474997121
9,59,650.5146505166716
9,60,565.76749
9,61,456.359136370273
9,62,334.80106086547426
9,63,217.2731099279381
9,64,0.0
9,65,0.0
9,66,0.0
9,67,0.0
9,68,0.0
9,69,0.0
9,70,0.0
9,71,0.0
9,72,0.0
9,73,0.0
9,74,0.0
9,75,0.0
9,76,0.0
9,77,0.0
9,78,0.0
9,79,0.0
9,80,0.0
9,81,0.0
9,82,0.0
9,83,0.0
9,84,0.0
9,85,0.0
9,86,0.0
9,87,0.0
9,88,0.0
9,89,0.0
9,90,0.0
9,91,0.0
9,92,0.0
9,93,0.0
9,94,0.0
9,95,0.0
10,0,0.0
10,1,0.0
10,2,0.0
10,3,0.0
10,4,0.0
10,5,0.0
10,6,0.0
10,7,0.0
10,8,0.0
10,9,0.0
10,10,0.0
10,11,0.0
10,12,0.0
10,13,0.0
10,14,0.0
10,15,0.0
10,16,0.0
10,17,0.0
10,18,0.0
10,19,0.0
10,20,0.0
10,21,0.0
10,22,0.0
10,23,0.0
10,24,0.0
10,25,0.0
10,26,0.0
10,27,0.0
10,28,0.0
10,29,0.0
10,30,0.0
10,31,0.0
10,32,0.0
10,33,0.0
10,34,139.56169754751855
10,35,169.43146400869608
10,36,198.13667
10,37,224.19453092931303
10,38,247.5008806205057
10,39,268.2962075014456
10,40,286.821
10,41,303.1186947514162
10,42,316.44452122045874
10,43,325.8566570792719
10,44,330.41328
10,45,329.5121060025224
10,46,323.9090044976595
10,47,314.69938324396685
10,48,302.97865
10,49,289.9087885822442
10,50,276.91808703890325
10,51,265.5014094761105
10,52,257.15362
10,53,252.5971713872509
10,54,249.46487109672773
10,55,244.61711525784068
10,56,234.9143
10,57,218.009936181252
10,58,194.7299935741858
10,59,166.6935566800268
10,60,135.51971
10,61,0.0
10,62,0.0
10,63,0.0
10,64,0.0
10,65,0.0
10,66,0.0
10,67,0.0
10,68,0.0
10,69,0.0
10,70,0.0
10,71,0.0
10,72,0.0
10,73,0.0
10,74,0.0
10,75,0.0
10,76,0.0
10,77,0.0
10,78,0.0
10,79,0.0
10,80,0.0
10,81,0.0
10,82,0.0
10,83,0.0
10,84,0.0
10,85,0.0
10,86,0.0
10,87,0.0
10,88,0.0
10,89,0.0
10,90,0.0
10,91,0.0
10,92,0.0
10,93,0.0
10,94,0.0
10,95,0.0
11,0,0.0
11,1,0.0
11,2,0.0
11,3,0.0
11,4,0.0
11,5,0.0
11,6,0.0
11,7,0.0
11,8,0.0
11,9,0.0
11,10,0.0
11,11,0.0
11,12,0.0
11,13,0.0
11,14,0.0
11,15,0.0
11,16,0.0
11,17,0.0
11,18,0.0
11,19,0.0
11,20,0.0
11,21,0.0
11,22,0.0
11,23,0.0
11,24,0.0
11,25,0.0
11,26,0.0
11,27,0.0
11,28,0.0
11,29,0.0
11,30,171.5046823546228
11,31,249.83221442866343
11,32,328.98485000000005
11,33,403.3076249033887
11,34,474.7055396141832
11,35,546.973585767886
11,36,623.906755
11,37,707.1850102675493
11,38,790.0281998136442
11,39,863.541143202917
11,40,918.82866
11,41,949.6981748857896
11,42,960.76753300624
11,43,959.3571846235706
11,44,952.78758
11,45,947.2087638611682
11,46,944.0891587863964
11,47,943.7267818184264
11,48,946.41965
11,49,951.633200450788
11,50,955.5025505981754
11,51,953.3302379464748
11,52,940.4188
11,53,913.1702037106794
11,54,872.3841338209027
11,55,819.9597045206744
11,56,757.79603
11,57,687.4925468939942
11,58,609.4499816182143
11,59,523.7693830333271
11,60,430.5518
11,61,331.5251782445933
11,62,234.9250509562402
11,63,150.613848189767
11,64,0.0
11,65,0.0
11,66,0.0
11,67,0.0
11,68,0.0
11,69,0.0
11,70,0.0
11,71,0.0
11,72,0.0
11,73,0.0
11,74,0.0
11,75,0.0
11,76,0.0
11,77,0.0
11,78,0.0
11,79,0.0
11,80,0.0
11,81,0.0
11,82,0.0
11,83,0.0
11,84,0.0
11,85,0.0
11,86,0.0
11,87,0.0
11,88,0.0
11,89,0.0
11,90,0.0
11,91,0.0
11,92,0.0
11,93,0.0
11,94,0.0
11,95,0.0
12,0,0.0
12,1,0.0
12,2,0.0
12,3,0.0
12,4,0.0
12,5,0.0
12,6,0.0
12,7,0.0
12,8,0.0
12,9,0.0
12,10,0.0
12,11,0.0
12,12,0.0
12,13,0.0
12,14,0.0
12,15,0.0
12,16,0.0
12,17,0.0
12,18,0.0
12,19,0.0
12,20,0.0
12,21,0.0
12,22,0.0
12,23,0.0
12,24,0.0
12,25,0.0
12,26,0.0
12,27,0.0
12,28,0.0
12,29,0.0
12,30,0.0
12,31,0.0
12,32,121.13173
12,33,206.27523442985705
12,34,309.3445461019998
12,35,416.4652497231429
12,36,513.7629300000001
12,37,588.7869708299286
12,38,634.7819528728572
12,39,646.4162559793572
12,40,618.35826
12,41,550.5677549066785
12,42,464.17017115657137
12,43,385.5823493281785
12,44,341.22113
12,45,350.41235844960727
12,46,404.11789875085736
12,47,486.2086196766788
12,48,580.55539
12,49,672.2186286386425
12,50,751.0169550899993
12,51,807.9585389963564
12,52,834.05155
12,53,824.4234360583229
12,54,790.6787583891456
12,55,748.5413565253955
12,56,713.73507
12,57,696.2555380655658
12,58,683.1855988534182
12,59,655.8798902145614
12,60,595.6930499999999
12,61,491.1866223044133
12,62,359.7497761971811
12,63,225.9785869913584
12,64,0.0
12,65,0.0
12,66,0.0
12,67,0.0
12,68,0.0
12,69,0.0
12,70,0.0
12,71,0.0
12,72,0.0
12,73,0.0
12,74,0.0
12,75,0.0
12,76,0.0
12,77,0.0
12,78,0.0
12,79,0.0
12,80,0.0
12,81,0.0
12,82,0.0
12,83,0.0
12,84,0.0
12,85,0.0
12,86,0.0
12,87,0.0
12,88,0.0
12,89,0.0
12,90,0.0
12,91,0.0
12,92,0.0
12,93,0.0
12,94,0.0
12,95,0.0
13,0,0.0
13,1,0.0
13,2,0.0
13,3,0.0
13,4,0.0
13,5,0.0
13,6,0.0
13,7,0.0
13,8,0.0
13,9,0.0
13,10,0.0
13,11,0.0
13,12,0.0
13,13,0.0
13,14,0.0
13,15,0.0
13,16,0.0
13,17,0.0
13,18,0.0
13,19,0.0
13,20,0.0
13,21,0.0
13,22,0.0
13,23,0.0
13,24,0.0
13,25,0.0
13,26,0.0
13,27,0.0
13,28,0.0
13,29,0.0
13,30,0.0
13,31,0.0
13,32,0.0
13,33,0.0
13,34,0.0
13,35,0.0
13,36,0.0
13,37,0.0
13,38,0.0
13,39,0.0
13,40,0.0
13,41,134.53051039511757
13,42,198.0909563326024
13,43,261.4225566037861
13,44,311.39781
13,45,338.3575903022352
13,46,346.5162712501211
13,47,343.5566015729464
13,48,337.16133
13,49,332.8929362084414
13,50,327.8328236669131
13,51,316.9421267919282
13,52,295.18198
13,53,260.0592081452491
13,54,219.26339783222653
13,55,183.0298261030906
13,56,161.59377
13,57,161.33484496056212
13,58,173.2100200041809
13,59,184.3206025457092
13,60,181.7679
13,61,156.63670107500238
13,62,0.0
13,63,0.0
13,64,0.0
13,65,0.0
13,66,0.0
13,67,0.0
13,68,0.0
13,69,0.0
13,70,0.0
13,71,0.0
13,72,0.0
13,73,0.0
13,74,0.0
13,75,0.0
13,76,0.0
13,77,0.0
13,78,0.0
13,79,0.0
13,80,0.0
13,81,0.0
13,82,0.0
13,83,0.0
13,84,0.0
13,85,0.0
13,86,0.0
13,87,0.0
13,88,0.0
13,89,0.0
13,90,0.0
13,91,0.0
13,92,0.0
13,93,0.0
13,94,0.0
13,95,0.0
14,0,0.0
14,1,0.0
14,2,0.0
14,3,0.0
14,4,0.0
14,5,0.0
14,6,0.0
14,7,0.0
14,8,0.0
14,9,0.0
14,10,0.0
14,11,0.0
14,12,0.0
14,13,0.0
14,14,0.0
14,15,0.0
14,16,0.0
14,17,0.0
14,18,0.0
14,19,0.0
14,20,0.0
14,21,0.0
14,22,0.0
14,23,0.0
14,24,0.0
14,25,0.0
14,26,0.0
14,27,0.0
14,28,0.0
14,29,0.0
14,30,0.0
14,31,0.0
14,32,0.0
14,33,138.7702564819196
14,34,167.24074581031525
14,35,194.0584597335533
14,36,218.6462
14,37,240.70541586637813
14,38,261.05214662283504
14,39,280.78107906787443
14,40,300.9869
14,41,322.41831880256785
14,42,344.4401351983444
14,43,366.0711714949488
14,44,386.33025
14,45,403.6530051733504
14,46,414.1423200837871
14,47,413.3178899523302
14,48,396.69941
14,49,361.8349222227803
14,50,314.38585571650725
14,51,262.04198635198065
14,52,212.49309
14,53,171.80103390427848
14,54,139.51605080018376
14,55,0.0
14,56,0.0
14,57,0.0
14,58,0.0
14,59,0.0
14,60,0.0
14,61,0.0
14,62,0.0
14,63,0.0
14,64,0.0
14,65,0.0
14,66,0.0
14,67,0.0
14,68,0.0
14,69,0.0
14,70,0.0
14,71,0.0
14,72,0.0
14,73,0.0
14,74,0.0
14,75,0.0
14,76,0.0
14,77,0.0
14,78,0.0
14,79,0.0
14,80,0.0
14,81,0.0
14,82,0.0
14,83,0.0
14,84,0.0
14,85,0.0
14,86,0.0
14,87,0.0
14,88,0.0
14,89,0.0
14,90,0.0
14,91,0.0
14,92,0.0
14,93,0.0
14,94,0.0
14,95,0.0
15,0,0.0
15,1,0.0
15,2,0.0
15,3,0.0
15,4,0.0
15,5,0.0
15,6,0.0
15,7,0.0
15,8,0.0
15,9,0.0
15,10,0.0
15,11,0.0
15,12,0.0
15,13,0.0
15,14,0.0
15,15,0.0
15,16,0.0
15,17,0.0
15,18,0.0
15,19,0.0
15,20,0.0
15,21,0.0
15,22,0.0
15,23,0.0
15,24,0.0
15,25,0.0
15,26,0.0
15,27,0.0
15,28,0.0
15,29,0.0
15,30,195.2883483208825
15,31,318.3496078519877
15,32,473.5125100000001
15,33,656.1764490374538
15,34,838.9045992176284
15,35,988.5510797889884
15,36,1071.97001
15,37,1067.4821415645986
15,38,999.2747560586046
15,39,903.001767523308
15,40,814.31709
15,41,760.4533142354015
15,42,734.957737797954
15,43,722.9563349615296
15,44,709.57508
15,45,682.7348394625453
15,46,641.5360489995793
15,47,587.8740365368235
15,48,523.64413
15,49,451.8483343206672
15,50,379.915362453729
15,51,316.3806043599265
15,52,269.77945
15,53,245.8659251297861
15,54,239.2685986855045
15,55,241.8346753984707
15,56,245.41136000000003
15,57,243.2242653164384
15,58,234.01263655425288
15,59,217.8941270149409
15,60,194.98639
15,61,165.88319360446036
15,62,133.082765097484
15,63,0.0
15,64,0.0
15,65,0.0
15,66,0.0
15,67,0.0
15,68,0.0
15,69,0.0
15,70,0.0
15,71,0.0
15,72,0.0
15,73,0.0
15,74,0.0
15,75,0.0
15,76,0.0
15,77,0.0
15,78,0.0
15,79,0.0
15,80,0.0
15,81,0.0
15,82,0.0
15,83,0.0
15,84,0.0
15,85,0.0
15,86,0.0
15,87,0.0
15,88,0.0
15,89,0.0
15,90,0.0
15,91,0.0
15,92,0.0
15,93,0.0
15,94,0.0
15,95,0.0
16,0,0.0
16,1,0.0
16,2,0.0
16,3,0.0
16,4,0.0
16,5,0.0
16,6,0.0
16,7,0.0
16,8,0.0
16,9,0.0
16,10,0.0
16,11,0.0
16,12,0.0
16,13,0.0
16,14,0.0
16,15,0.0
16,16,0.0
16,17,0.0
16,18,0.0
16,19,0.0
16,20,0.0
16,21,0.0
16,22,0.0
16,23,0.0
16,24,0.0
16,25,0.0
16,26,127.5205109160214
16,27,215.5818098742143
16,28,302.8701
16,29,380.835144095683
16,30,453.3576996703714
16,31,527.426272909874
16,32,610.02937
16,33,704.3412613362
16,34,798.2792741524929
16,35,875.9464998925394
16,36,921.44603
16,37,925.1036361845167
16,38,902.1358112196568
16,39,873.9817281449682
16,40,862.08056
16,41,881.759400331983
16,42,923.89702471888
16,43,973.2601292463372
16,44,1014.61541
16,45,1036.1164960813016
16,46,1039.464748654823
16,47,1029.748461900933
16,48,1012.05593
16,49,991.5038426865608
16,50,973.3224719118276
16,51,962.7704851811804
16,52,965.10655
16,53,983.3631348912048
16,54,1011.6679124478665
16,55,1041.922356280595
16,56,1066.02794
16,57,1075.2779897798698
16,58,1058.5332420467062
16,59,1004.0462857901896
16,60,900.0697099999999
16,61,741.8701914580662
16,62,552.770758115309
16,63,363.1085257148974
16,64,203.22061
16,65,0.0
16,66,0.0
16,67,0.0
16,68,0.0
16,69,0.0
16,70,0.0
16,71,0.0
16,72,0.0
16,73,0.0
16,74,0.0
16,75,0.0
16,76,0.0
16,77,0.0
16,78,0.0
16,79,0.0
16,80,0.0
16,81,0.0
16,82,0.0
16,83,0.0
16,84,0.0
16,85,0.0
16,86,0.0
16,87,0.0
16,88,0.0
16,89,0.0
16,90,0.0
16,91,0.0
16,92,0.0
16,93,0.0
16,94,0.0
16,95,0.0
17,0,0.0
17,1,0.0
17,2,0.0
17,3,0.0
17,4,0.0
17,5,0.0
17,6,0.0
17,7,0.0
17,8,0.0
17,9,0.0
17,10,0.0
17,11,0.0
17,12,0.0
17,13,0.0
17,14,0.0
17,15,0.0
17,16,0.0
17,17,0.0
17,18,0.0
17,19,0.0
17,20,0.0
17,21,0.0
17,22,0.0
17,23,0.0
17,24,0.0
17,25,0.0
17,26,0.0
17,27,0.0
17,28,0.0
17,29,195.4840508456929
17,30,340.1122601786613
17,31,497.0223669222993
17,32,645.90241
17,33,770.3143895207938
17,34,869.3161503362528
17,35,945.8394984835852
17,36,1002.81624
17,37,1043.3628081023826
17,38,1071.3341447263276
17,39,1090.7698189871091
17,40,1105.7094
17,41,1119.478594319677
17,42,1132.5476582584365
17,43,1144.672985567977
17,44,1155.61097
17,45,1165.1297068064089
17,46,1173.0440972399267
17,47,1179.1807440534812
17,48,1183.36625
17,49,1185.2892286109377
17,50,1184.0863365318562
17,51,1178.756241186847
17,52,1168.29761
17,53,1152.2582174998424
17,54,1132.382266632649
17,55,1110.9630674491304
17,56,1090.29393
17,57,1070.0388479521937
17,58,1039.34454943755
17,59,984.7284462041308
17,60,892.70795
17,61,755.9306445976326
17,62,591.5648018671526
17,63,422.9088657030962
17,64,273.26127999999994
17,65,160.85936428227586
17,66,0.0
17,67,0.0
17,68,0.0
17,69,0.0
17,70,0.0
17,71,0.0
17,72,0.0
17,73,0.0
17,74,0.0
17,75,0.0
17,76,0.0
17,77,0.0
17,78,0.0
17,79,0.0
17,80,0.0
17,81,0.0
17,82,0.0
17,83,0.0
17,84,0.0
17,85,0.0
17,86,0.0
17,87,0.0
17,88,0.0
17,89,0.0
17,90,0.0
17,91,0.0
17,92,0.0
17,93,0.0
17,94,0.0
17,95,0.0
18,0,0.0
18,1,0.0
18,2,0.0
18,3,0.0
18,4,0.0
18,5,0.0
18,6,0.0
18,7,0.0
18,8,0.0
18,9,0.0
18,10,0.0
18,11,0.0
18,12,0.0
18,13,0.0
18,14,0.0
18,15,0.0
18,16,0.0
18,17,0.0
18,18,0.0
18,19,0.0
18,20,0.0
18,21,0.0
18,22,0.0
18,23,0.0
18,24,0.0
18,25,0.0
18,26,0.0
18,27,0.0
18,28,0.0
18,29,0.0
18,30,175.16409082269894
18,31,270.44581581696764
18,32,370.27566
18,33,467.50920155594
18,34,560.9207230050547
18,35,650.7641829516422
18,36,737.29354
18,37,819.5472439841592
18,38,891.7017096570821
18,39,946.717843001464
18,40,977.55655
18,41,980.4388020386732
18,42,964.6258321166168
18,43,942.638938636252
18,44,926.99942
18,45,927.0303044236484
18,46,939.2615393764509
18,47,957.024802141028
18,48,973.6517700000002
18,49,984.6457516729836
18,50,994.1965816275796
18,51,1008.665725768386
18,52,1034.41465
18,53,1073.6030399781675
18,54,1111.58346036323
18,55,1129.5066955666773
18,56,1108.5235300000002
18,57,1035.496003258096
18,58,920.1311756695
18,59,777.8473627461539
18,60,624.06288
18,61,472.9047268331971
18,62,333.3346382087694
18,63,213.02303297995684
18,64,0.0
18,65,0.0
18,66,0.0
18,67,0.0
18,68,0.0
18,69,0.0
18,70,0.0
18,71,0.0
18,72,0.0
18,73,0.0
18,74,0.0
18,75,0.0
18,76,0.0
18,77,0.0
18,78,0.0
18,79,0.0
18,80,0.0
18,81,0.0
18,82,0.0
18,83,0.0
18,84,0.0
18,85,0.0
18,86,0.0
18,87,0.0
18,88,0.0
18,89,0.0
18,90,0.0
18,91,0.0
18,92,0.0
18,93,0.0
18,94,0.0
18,95,0.0
19,0,0.0
19,1,0.0
19,2,0.0
19,3,0.0
19,4,0.0
19,5,0.0
19,6,0.0
19,7,0.0
19,8,0.0
19,9,0.0
19,10,0.0
19,11,0.0
19,12,0.0
19,13,0.0
19,14,0.0
19,15,0.0
19,16,0.0
19,17,0.0
19,18,0.0
19,19,0.0
19,20,0.0
19,21,0.0
19,22,0.0
19,23,0.0
19,24,0.0
19,25,0.0
19,26,0.0
19,27,0.0
19,28,126.43942
19,29,285.5756480717245
19,30,490.2416609236195
19,31,710.8747333137048
19,32,917.91214
19,33,1087.1654745707172
19,34,1215.9436059348393
19,35,1306.9297218315417
19,36,1362.80701
19,37,1387.1957963016566
19,38,1387.464959087023
19,39,1371.920514828878
19,40,1348.86848
19,41,1325.1298266289066
19,42,1301.5853489670687
19,43,1277.6307968216963
19,44,1252.6619199999998
19,45,1226.6991778077177
19,46,1202.261867544703
19,47,1182.4939960093366
19,48,1170.5395699999997
19,49,1168.3566241714725
19,50,1173.1593046041207
19,51,1180.9757852347088
19,52,1187.8342399999997
19,53,1191.0539069126417
19,54,1193.1182802888134
19,55,1197.8019185205787
19,56,1208.87938
19,57,1225.834811302961
19,58,1230.990711740625
19,59,1202.3791688079768
19,60,1118.0322700000002
19,61,965.0347624067646
19,62,766.6820314986855
19,63,555.3221223412638
19,64,363.30308
19,65,216.32351656998048
19,66,0.0
19,67,0.0
19,68,0.0
19,69,0.0
19,70,0.0
19,71,0.0
19,72,0.0
19,73,0.0
19,74,0.0
19,75,0.0
19,76,0.0
19,77,0.0
19,78,0.0
19,79,0.0
19,80,0.0
19,81,0.0
19,82,0.0
19,83,0.0
19,84,0.0
19,85,0.0
19,86,0.0
19,87,0.0
19,88,0.0
19,89,0.0
19,90,0.0
19,91,0.0
19,92,0.0
19,93,0.0
19,94,0.0
19,95,0.0
20,0,0.0
20,1,0.0
20,2,0.0
20,3,0.0
20,4,0.0
20,5,0.0
20,6,0.0
20,7,0.0
20,8,0.0
20,9,0.0
20,10,0.0
20,11,0.0
20,12,0.0
20,13,0.0
20,14,0.0
20,15,0.0
20,16,0.0
20,17,0.0
20,18,0.0
20,19,0.0
20,20,0.0
20,21,0.0
20,22,0.0
20,23,0.0
20,24,0.0
20,25,0.0
20,26,0.0
20,27,0.0
20,28,0.0
20,29,260.4440765641744
20,30,452.3349763411729
20,31,661.413630447585
20,32,861.29118
20,33,1029.6179521306094
20,34,1160.201018034012
20,35,1250.886634920409
20,36,1299.52106
20,37,1306.4061221008883
20,38,1281.6659365227788
20,39,1237.8801901832803
20,40,1187.6285700000003
20,41,1141.8225166533389
20,42,1104.7004858748717
20,43,1078.8326871589695
20,44,1066.78933
20,45,1069.7233256607578
20,46,1083.1183924777329
20,47,1101.040950555842
20,48,1117.55742
20,49,1127.9580116411316
20,50,1132.4280992141964
20,51,1132.376847180163
20,52,1129.21342
20,53,1124.6956480872168
20,54,1121.9760256654824
20,55,1124.5557129110068
20,56,1135.93587
20,57,1155.3412577287518
20,58,1164.8910393738745
20,59,1142.4279788320596
20,60,1065.79484
20,61,921.742676935276
20,62,732.6557043390206
20,63,529.8264270732549
20,64,344.54735
20,65,201.75088890514428
20,66,0.0
20,67,0.0
20,68,0.0
20,69,0.0
20,70,0.0
20,71,0.0
20,72,0.0
20,73,0.0
20,74,0.0
20,75,0.0
20,76,0.0
20,77,0.0
20,78,0.0
20,79,0.0
20,80,0.0
20,81,0.0
20,82,0.0
20,83,0.0
20,84,0.0
20,85,0.0
20,86,0.0
20,87,0.0
20,88,0.0
20,89,0.0
20,90,0.0
20,91,0.0
20,92,0.0
20,93,0.0
20,94,0.0
20,95,0.0
21,0,0.0
21,1,0.0
21,2,0.0
21,3,0.0
21,4,0.0
21,5,0.0
21,6,0.0
21,7,0.0
21,8,0.0
21,9,0.0
21,10,0.0
21,11,0.0
21,12,0.0
21,13,0.0
21,14,0.0
21,15,0.0
21,16,0.0
21,17,0.0
21,18,0.0
21,19,0.0
21,20,0.0
21,21,0.0
21,22,0.0
21,23,0.0
21,24,0.0
21,25,0.0
21,26,0.0
21,27,0.0
21,28,0.0
21,29,229.04389736088012
21,30,394.00420643659214
21,31,576.1385047940078
21,32,754.76848
21,33,912.3724511738284
21,34,1044.055263644305
21,35,1148.0783942926291
21,36,1222.70332
21,37,1267.3142426313057
21,38,1285.7862639861885
21,39,1283.1172108479766
21,40,1264.30491
21,41,1234.6370025196973
21,42,1200.5603866609415
21,43,1168.8117749717153
21,44,1146.12788
21,45,1137.1523788524046
21,46,1138.1568068700444
21,47,1143.3196639526625
21,48,1146.81945
21,49,1144.268950976934
21,50,1137.0180971088798
21,51,1127.8511046863855
21,52,1119.55219
21,53,1114.4892906773584
21,54,1113.365229694437
21,55,1116.4665513642967
21,56,1124.0798
21,57,1133.715551782382
21,58,1131.7805103633734
21,59,1101.9054112626782
21,60,1027.72099
21,61,899.4874631306128
21,62,733.9829713520692
21,63,554.6151363974909
21,64,384.79158
21,65,243.8334602264164
21,66,134.71608047835005
21,67,0.0
21,68,0.0
21,69,0.0
21,70,0.0
21,71,0.0
21,72,0.0
21,73,0.0
21,74,0.0
21,75,0.0
21,76,0.0
21,77,0.0
21,78,0.0
21,79,0.0
21,80,0.0
21,81,0.0
21,82,0.0
21,83,0.0
21,84,0.0
21,85,0.0
21,86,0.0
21,87,0.0
21,88,0.0
21,89,0.0
21,90,0.0
21,91,0.0
21,92,0.0
21,93,0.0
21,94,0.0
21,95,0.0
22,0,0.0
22,1,0.0
22,2,0.0
22,3,0.0
22,4,0.0
22,5,0.0
22,6,0.0
22,7,0.0
22,8,0.0
22,9,0.0
22,10,0.0
22,11,0.0
22,12,0.0
22,13,0.0
22,14,0.0
22,15,0.0
22,16,0.0
22,17,0.0
22,18,0.0
22,19,0.0
22,20,0.0
22,21,0.0
22,22,0.0
22,23,0.0
22,24,0.0
22,25,0.0
22,26,0.0
22,27,0.0
22,28,121.83579
22,29,294.7736092699599
22,30,518.5552085453485
22,31,758.576823548063
22,32,980.23469
22,33,1155.659239642777
22,34,1283.9176882968914
22,35,1370.8114478025602
22,36,1422.1419300000002
22,37,1444.1055716901817
22,38,1444.4789095170863
22,39,1431.4335050854477
22,40,1413.1409200000005
22,41,1396.295588440246
22,42,1381.6834348847638
22,43,1368.6132563868996
22,44,1356.3938500000002
22,45,1344.6512384550838
22,46,1334.2803471938587
22,47,1326.4933273357042
22,48,1322.5023299999998
22,49,1322.4353058644183
22,50,1322.0834038398011
22,51,1316.1535723952836
22,52,1299.35276
22,53,1269.5036990247424
22,54,1236.8922574469354
22,55,1214.9200871456608
22,56,1216.98884
22,57,1248.602300224111
22,58,1283.6727813724565
22,59,1288.2147293345731
22,60,1228.24259
22,61,1081.720973516312
22,62,874.4151470632387
22,63,644.0405420785455
22,64,428.31259
22,65,257.6603293043899
22,66,133.3672266245895
22,67,0.0
22,68,0.0
22,69,0.0
22,70,0.0
22,71,0.0
22,72,0.0
22,73,0.0
22,74,0.0
22,75,0.0
22,76,0.0
22,77,0.0
22,78,0.0
22,79,0.0
22,80,0.0
22,81,0.0
22,82,0.0
22,83,0.0
22,84,0.0
22,85,0.0
22,86,0.0
22,87,0.0
22,88,0.0
22,89,0.0
22,90,0.0
22,91,0.0
22,92,0.0
22,93,0.0
22,94,0.0
22,95,0.0
23,0,0.0
23,1,0.0
23,2,0.0
23,3,0.0
23,4,0.0
23,5,0.0
23,6,0.0
23,7,0.0
23,8,0.0
23,9,0.0
23,10,0.0
23,11,0.0
23,12,0.0
23,13,0.0
23,14,0.0
23,15,0.0
23,16,0.0
23,17,0.0
23,18,0.0
23,19,0.0
23,20,0.0
23,21,0.0
23,22,0.0
23,23,0.0
23,24,0.0
23,25,0.0
23,26,0.0
23,27,0.0
23,28,137.94296
23,29,304.9777959774846
23,30,517.7052275371389
23,31,745.0096178282237
23,32,955.77533
23,33,1124.7849375067408
23,34,1250.4138550227665
23,35,1336.935707527408
23,36,1388.62412
23,37,1410.4051022768028
23,38,1409.814203621797
23,39,1395.0393581558926
23,40,1374.2685
23,41,1354.2866591672982
23,42,1336.2672492400457
23,43,1319.98077969277
23,44,1305.19776
23,45,1291.7814140227547
23,46,1279.9658231680205
23,47,1270.0777832292763
23,48,1262.44409
23,49,1257.3248764604334
23,50,1254.713624337873
23,51,1254.537152546375
23,52,1256.72228
23,53,1261.208089979261
23,54,1267.9827232304904
23,55,1277.0465848664749
23,56,1288.4000799999997
23,57,1299.0565415912718
23,58,1294.0810139901655
23,59,1255.551469393977
23,60,1165.54588
23,61,1013.7275122494024
23,62,820.1008095588461
23,63,612.2555095888667
23,64,417.78135
23,65,259.21503222361906
23,66,138.88111277444972
23,67,0.0
23,68,0.0
23,69,0.0
23,70,0.0
23,71,0.0
23,72,0.0
23,73,0.0
23,74,0.0
23,75,0.0
23,76,0.0
23,77,0.0
23,78,0.0
23,79,0.0
23,80,0.0
23,81,0.0
23,82,0.0
23,83,0.0
23,84,0.0
23,85,0.0
23,86,0.0
23,87,0.0
23,88,0.0
23,89,0.0
23,90,0.0
23,91,0.0
23,92,0.0
23,93,0.0
23,94,0.0
23,95,0.0
24,0,0.0
24,1,0.0
24,2,0.0
24,3,0.0
24,4,0.0
24,5,0.0
24,6,0.0
24,7,0.0
24,8,0.0
24,9,0.0
24,10,0.0
24,11,0.0
24,12,0.0
24,13,0.0
24,14,0.0
24,15,0.0
24,16,0.0
24,17,0.0
24,18,0.0
24,19,0.0
24,20,0.0
24,21,0.0
24,22,0.0
24,23,0.0
24,24,0.0
24,25,0.0
24,26,0.0
24,27,0.0
24,28,134.45008
24,29,296.75459405694903
24,30,503.9437385092842
24,31,726.0988412069772
24,32,933.30123
24,33,1101.185991283249
24,34,1227.6032456313192
24,35,1315.95687216373
24,36,1369.6507500000002
24,37,1392.9542197163046
24,38,1393.598467715439
24,39,1380.1801418568543
24,40,1361.29589
24,41,1344.0359400077823
24,42,1329.464839756925
24,43,1317.1407171276044
24,44,1306.6217
24,45,1297.6708515025657
24,46,1290.8709757568622
24,47,1287.009812132728
24,48,1286.8751
24,49,1290.853120700705
24,50,1297.7243234656255
24,51,1305.8676994977334
24,52,1313.66224
24,53,1319.8383767883647
24,54,1324.532304130635
24,55,1328.2316569075886
24,56,1331.4240699999998
24,57,1331.8034437083377
24,58,1315.8887400118338
24,59,1267.4051863094132
24,60,1170.07801
24,61,1014.7192057220362
24,62,820.4878370720303
24,63,613.6297348860096
24,64,420.3907300000001
24,65,262.24510871601893
24,66,141.58097920004536
24,67,0.0
24,68,0.0
24,69,0.0
24,70,0.0
24,71,0.0
24,72,0.0
24,73,0.0
24,74,0.0
24,75,0.0
24,76,0.0
24,77,0.0
24,78,0.0
24,79,0.0
24,80,0.0
24,81,0.0
24,82,0.0
24,83,0.0
24,84,0.0
24,85,0.0
24,86,0.0
24,87,0.0
24,88,0.0
24,89,0.0
24,90,0.0
24,91,0.0
24,92,0.0
24,93,0.0
24,94,0.0
24,95,0.0
25,0,0.0
25,1,0.0
25,2,0.0
25,3,0.0
25,4,0.0
25,5,0.0
25,6,0.0
25,7,0.0
25,8,0.0
25,9,0.0
25,10,0.0
25,11,0.0
25,12,0.0
25,13,0.0
25,14,0.0
25,15,0.0
25,16,0.0
25,17,0.0
25,18,0.0
25,19,0.0
25,20,0.0
25,21,0.0
25,22,0.0
25,23,0.0
25,24,0.0
25,25,0.0
25,26,0.0
25,27,0.0
25,28,0.0
25,29,264.41824977908544
25,30,470.2863856683008
25,31,693.5336462233656
25,32,903.94075
25,33,1076.7137513596017
25,34,1208.7600478862782
25,35,1302.4123729698158
25,36,1360.00346
25,37,1385.0645979075084
25,38,1385.921297786586
25,39,1372.0976262723711
25,40,1353.11765
25,41,1336.8212310728647
25,42,1324.3114134673765
25,43,1315.0070366281996
25,44,1308.32694
25,45,1303.910990926032
25,46,1302.283168343908
25,47,1304.1884790898305
25,48,1310.37193
25,49,1321.0917325667572
25,50,1334.6589169069912
25,51,1348.8977177937295
25,52,1361.63237
25,53,1370.68134333819
25,54,1373.8400477781274
25,55,1368.8981283290016
25,56,1353.6452300000003
25,57,1325.0126854867335
25,58,1276.498578230499
25,59,1200.742679359015
25,60,1090.38476
25,61,942.1439831523752
25,62,769.0570792998756
25,63,588.2401707974379
25,64,416.80938
25,65,269.3167836225146
25,66,150.0582758199982
25,67,0.0
25,68,0.0
25,69,0.0
25,70,0.0
25,71,0.0
25,72,0.0
25,73,0.0
25,74,0.0
25,75,0.0
25,76,0.0
25,77,0.0
25,78,0.0
25,79,0.0
25,80,0.0
25,81,0.0
25,82,0.0
25,83,0.0
25,84,0.0
25,85,0.0
25,86,0.0
25,87,0.0
25,88,0.0
25,89,0.0
25,90,0.0
25,91,0.0
25,92,0.0
25,93,0.0
25,94,0.0
25,95,0.0
26,0,0.0
26,1,0.0
26,2,0.0
26,3,0.0
26,4,0.0
26,5,0.0
26,6,0.0
26,7,0.0
26,8,0.0
26,9,0.0
26,10,0.0
26,11,0.0
26,12,0.0
26,13,0.0
26,14,0.0
26,15,0.0
26,16,0.0
26,17,0.0
26,18,0.0
26,19,0.0
26,20,0.0
26,21,0.0
26,22,0.0
26,23,0.0
26,24,0.0
26,25,0.0
26,26,0.0
26,27,0.0
26,28,135.80209
26,29,297.37907451667826
26,30,503.0271863976037
26,31,722.9777325797272
26,32,927.46202
26,33,1092.446552770348
26,34,1216.838623702597
26,35,1305.2807227835472
26,36,1362.41534
26,37,1393.14946596443
26,38,1403.4480937920089
26,39,1399.5407172235837
26,40,1387.65683
26,41,1373.1030996219329
26,42,1357.4948886293678
26,43,1341.524733322119
26,44,1325.88517
26,45,1311.7117280478392
26,46,1301.9119091905204
26,47,1299.8362082379413
26,48,1308.83512
26,49,1329.2581420929598
26,50,1349.45078335855
26,51,1354.7575554448654
26,52,1330.52297
26,53,1267.080348892821
26,54,1174.7182548752792
26,55,1068.7140609200978
26,56,964.34514
26,57,873.9201467107573
26,58,797.8728621403341
26,59,733.668348999744
26,60,678.77167
26,61,629.5710955141503
26,62,578.1477265633844
26,63,515.5058718309261
26,64,432.64984
26,65,325.24927670139124
26,66,207.6351753561285
26,67,0.0
26,68,0.0
26,69,0.0
26,70,0.0
26,71,0.0
26,72,0.0
26,73,0.0
26,74,0.0
26,75,0.0
26,76,0.0
26,77,0.0
26,78,0.0
26,79,0.0
26,80,0.0
26,81,0.0
26,82,0.0
26,83,0.0
26,84,0.0
26,85,0.0
26,86,0.0
26,87,0.0
26,88,0.0
26,89,0.0
26,90,0.0
26,91,0.0
26,92,0.0
26,93,0.0
26,94,0.0
26,95,0.0
27,0,0.0
27,1,0.0
27,2,0.0
27,3,0.0
27,4,0.0
27,5,0.0
27,6,0.0
27,7,0.0
27,8,0.0
27,9,0.0
27,10,0.0
27,11,0.0
27,12,0.0
27,13,0.0
27,14,0.0
27,15,0.0
27,16,0.0
27,17,0.0
27,18,0.0
27,19,0.0
27,20,0.0
27,21,0.0
27,22,0.0
27,23,0.0
27,24,0.0
27,25,0.0
27,26,0.0
27,27,0.0
27,28,0.0
27,29,253.11425965021405
27,30,432.6353122788975
27,31,613.3960937681322
27,32,761.5112300000001
27,33,851.6362935754037
27,34,892.5906439705319
27,35,901.7345873803944
27,36,896.42843
27,37,890.4585732356709
27,38,883.3157993389748
27,39,870.916985772791
27,40,849.17901
27,41,815.7643173881629
27,42,775.3176249235694
27,43,734.2292174971913
27,44,698.88938
27,45,674.1313367429276
27,46,658.5600697167476
27,47,649.2235003321939
27,48,643.16955
27,49,637.9529514213766
27,50,633.15568245944
27,51,628.8665322677836
27,52,625.17429
27,53,622.7509960090662
27,54,624.6016954454924
27,55,634.3146846591724
27,56,655.47826
27,57,688.9231292298585
27,58,724.4496457585903
27,59,749.1005744080268
27,60,749.91868
27,61,716.9908919152493
27,62,652.5807977701463
27,63,561.9961497399701
27,64,450.5447
27,65,325.2530360778939
27,66,200.0230869108245
27,67,0.0
27,68,0.0
27,69,0.0
27,70,0.0
27,71,0.0
27,72,0.0
27,73,0.0
27,74,0.0
27,75,0.0
27,76,0.0
27,77,0.0
27,78,0.0
27,79,0.0
27,80,0.0
27,81,0.0
27,82,0.0
27,83,0.0
27,84,0.0
27,85,0.0
27,86,0.0
27,87,0.0
27,88,0.0
27,89,0.0
27,90,0.0
27,91,0.0
27,92,0.0
27,93,0.0
27,94,0.0
27,95,0.0
28,0,0.0
28,1,0.0
28,2,0.0
28,3,0.0
28,4,0.0
28,5,0.0
28,6,0.0
28,7,0.0
28,8,0.0
28,9,0.0
28,10,0.0
28,11,0.0
28,12,0.0
28,13,0.0
28,14,0.0
28,15,0.0
28,16,0.0
28,17,0.0
28,18,0.0
28,19,0.0
28,20,0.0
28,21,0.0
28,22,0.0
28,23,0.0
28,24,0.0
28,25,0.0
28,26,0.0
28,27,0.0
28,28,0.0
28,29,152.38074606462388
28,30,261.11114865489856
28,31,379.449451917724
28,32,492.30568
28,33,586.9694168382888
28,34,660.2484855278022
28,35,711.3302689534145
28,36,739.40215
28,37,744.923319238471
28,38,733.4401979838927
28,39,711.771015237368
28,40,686.734
28,41,664.5216319890772
28,42,648.8233937866273
28,43,642.7030186908638
28,44,649.22424
28,45,669.5907334302206
28,46,697.5659443695982
28,47,725.0532606241768
28,48,743.95607
28,49,748.1504521025399
28,50,739.4032537349793
28,51,721.4540134999293
28,52,698.0422700000001
28,53,672.1620467533696
28,54,643.8253069404839
28,55,612.2984986573564
28,56,576.84807
28,57,537.1607315089817
28,58,494.6042435030846
28,59,450.9666287456452
28,60,408.03591
28,61,366.80477346070313
28,62,325.08455904717744
28,63,279.89127011006303
28,64,228.24091
28,65,168.97757636695562
28,66,0.0
28,67,0.0
28,68,0.0
28,69,0.0
28,70,0.0
28,71,0.0
28,72,0.0
28,73,0.0
28,74,0.0
28,75,0.0
28,76,0.0
28,77,0.0
28,78,0.0
28,79,0.0
28,80,0.0
28,81,0.0
28,82,0.0
28,83,0.0
28,84,0.0
28,85,0.0
28,86,0.0
28,87,0.0
28,88,0.0
28,89,0.0
28,90,0.0
28,91,0.0
28,92,0.0
28,93,0.0
28,94,0.0
28,95,0.0
29,0,0.0
29,1,0.0
29,2,0.0
29,3,0.0
29,4,0.0
29,5,0.0
29,6,0.0
29,7,0.0
29,8,0.0
29,9,0.0
29,10,0.0
29,11,0.0
29,12,0.0
29,13,0.0
29,14,0.0
29,15,0.0
29,16,0.0
29,17,0.0
29,18,0.0
29,19,0.0
29,20,0.0
29,21,0.0
29,22,0.0
29,23,0.0
29,24,0.0
29,25,0.0
29,26,0.0
29,27,0.0
29,28,136.5165
29,29,317.6990264497132
29,30,545.1492900910055
29,31,778.5449286867951
29,32,977.56358
29,33,1112.101698704705
29,34,1192.931007119662
29,35,1241.0420444747874
29,36,1277.42535
29,37,1318.364103731466
29,38,1361.3120489303474
29,39,1399.015569664055
29,40,1424.22105
29,41,1431.8823704319311
29,42,1425.783397158949
29,43,1411.9154928064927
29,44,1396.27002
29,45,1384.0826151658098
29,46,1377.5660099338563
29,47,1378.1772097349751
29,48,1387.37322
29,49,1405.4720589048302
29,50,1428.2357956056244
29,51,1450.2875120036067
29,52,1466.25029
29,53,1472.4103170273695
29,54,1471.7062026436445
29,55,1468.7396619380977
29,56,1468.11241
29,57,1470.5600614231928
29,58,1461.3538288197974
29,59,1421.8988243065023
29,60,1333.60016
29,61,1184.8173189986092
29,62,991.727268327167
29,63,777.461345992142
29,64,565.15089
29,65,374.9883158636209
29,66,215.4103491215335
29,67,0.0
29,68,0.0
29,69,0.0
29,70,0.0
29,71,0.0
29,72,0.0
29,73,0.0
29,74,0.0
29,75,0.0
29,76,0.0
29,77,0.0
29,78,0.0
29,79,0.0
29,80,0.0
29,81,0.0
29,82,0.0
29,83,0.0
29,84,0.0
29,85,0.0
29,86,0.0
29,87,0.0
29,88,0.0
29,89,0.0
29,90,0.0
29,91,0.0
29,92,0.0
29,93,0.0
29,94,0.0
29,95,0.0
30,0,0.0
30,1,0.0
30,2,0.0
30,3,0.0
30,4,0.0
30,5,0.0
30,6,0.0
30,7,0.0
30,8,0.0
30,9,0.0
30,10,0.0
30,11,0.0
30,12,0.0
30,13,0.0
30,14,0.0
30,15,0.0
30,16,0.0
30,17,0.0
30,18,0.0
30,19,0.0
30,20,0.0
30,21,0.0
30,22,0.0
30,23,0.0
30,24,0.0
30,25,0.0
30,26,0.0
30,27,0.0
30,28,193.72456
30,29,386.3448257636321
30,30,620.8044528278843
30,31,856.3391859781945
30,32,1052.18477
30,33,1177.8095967020056
30,34,1243.612645985982
30,35,1270.2255447769676
30,36,1278.27992
30,37,1284.8433127408464
30,38,1292.726920728188
30,39,1301.1778558514357
30,40,1309.4432300000003
30,41,1316.6585718658596
30,42,1321.513077351266
30,43,1322.5843591610394
30,44,1318.4500299999995
30,45,1308.522874014465
30,46,1295.5563611167472
30,47,1283.1391326606556
30,48,1274.85983
30,49,1273.5011361387792
30,50,1278.621900681745
30,51,1288.9750148838386
30,52,1303.31337
30,53,1320.272520492918
30,54,1338.0186736562728
30,55,1354.600699991491
30,56,1368.06747
30,57,1374.802804389548
30,58,1364.530324693164
30,59,1325.308602650198
30,60,1245.19621
30,61,1116.8881019488904
30,62,951.6247675710716
30,63,765.2830794077172
30,64,573.73991
30,65,391.9196406273907
30,66,230.9366875225496
30,67,0.0
30,68,0.0
30,69,0.0
30,70,0.0
30,71,0.0
30,72,0.0
30,73,0.0
30,74,0.0
30,75,0.0
30,76,0.0
30,77,0.0
30,78,0.0
30,79,0.0
30,80,0.0
30,81,0.0
30,82,0.0
30,83,0.0
30,84,0.0
30,85,0.0
30,86,0.0
30,87,0.0
30,88,0.0
30,89,0.0
30,90,0.0
30,91,0.0
30,92,0.0
30,93,0.0
30,94,0.0
30,95,0.0
31,0,0.0
31,1,0.0
31,2,0.0
31,3,0.0
31,4,0.0
31,5,0.0
31,6,0.0
31,7,0.0
31,8,0.0
31,9,0.0
31,10,0.0
31,11,0.0
31,12,0.0
31,13,0.0
31,14,0.0
31,15,0.0
31,16,0.0
31,17,0.0
31,18,0.0
31,19,0.0
31,20,0.0
31,21,0.0
31,22,0.0
31,23,0.0
31,24,0.0
31,25,0.0
31,26,0.0
31,27,0.0
31,28,184.42796
31,29,371.5854629451658
31,30,602.3098026698054
31,31,839.4562535595423
31,32,1045.88009
31,33,1192.8372570177162
31,34,1285.1863822028834
31,35,1336.186763786609
31,36,1359.0976999999998
31,37,1365.8902053902204
31,38,1363.3821597686615
31,39,1357.103159262772
31,40,1352.5828
31,41,1353.569200483902
31,42,1356.6845687224695
31,43,1356.7696350998026
31,44,1348.6651300000003
31,45,1329.117704705421
31,46,1302.4976940914594
31,47,1275.0813539317676
31,48,1253.14494
31,49,1241.341349600665
31,50,1237.830046161694
31,51,1239.1471346418766
31,52,1241.82872
31,53,1243.1334468919206
31,54,1243.2101187617648
31,55,1242.9300787507266
31,56,1243.16467
31,57,1242.2572250191529
31,58,1228.4390337912462
31,59,1187.413375667717
31,60,1104.88353
31,61,972.3885250627188
31,62,804.810384823249
31,63,622.8668821721549
31,64,447.27579
31,65,295.5478001987224
31,66,172.36528066575713
31,67,0.0
31,68,0.0
31,69,0.0
31,70,0.0
31,71,0.0
31,72,0.0
31,73,0.0
31,74,0.0
31,75,0.0
31,76,0.0
31,77,0.0
31,78,0.0
31,79,0.0
31,80,0.0
31,81,0.0
31,82,0.0
31,83,0.0
31,84,0.0
31,85,0.0
31,86,0.0
31,87,0.0
31,88,0.0
31,89,0.0
31,90,0.0
31,91,0.0
31,92,0.0
31,93,0.0
31,94,0.0
31,95,0.0
32,0,0.0
32,1,0.0
32,2,0.0
32,3,0.0
32,4,0.0
32,5,0.0
32,6,0.0
32,7,0.0
32,8,0.0
32,9,0.0
32,10,0.0
32,11,0.0
32,12,0.0
32,13,0.0
32,14,0.0
32,15,0.0
32,16,0.0
32,17,0.0
32,18,0.0
32,19,0.0
32,20,0.0
32,21,0.0
32,22,0.0
32,23,0.0
32,24,0.0
32,25,0.0
32,26,0.0
32,27,121.93560612639378
32,28,218.80324
32,29,348.77862448876624
32,30,491.41335417677806
32,31,620.8418492764008
32,32,711.19853
32,33,745.3428563508558
32,34,741.0344474959061
32,35,724.7579623930033
32,36,722.99806
32,37,755.0537752640605
32,38,811.4816470895977
32,39,875.6525903703358
32,40,930.93752
32,41,964.139325874152
32,42,975.7887978957036
32,43,969.848700969403
32,44,950.2818
32,45,921.5967909268312
32,46,890.4860938275884
32,47,864.1880598145515
32,48,849.94104
32,49,851.9143301060229
32,50,862.0010042939429
32,51,869.0250813348913
32,52,861.81058
32,53,832.1606248990772
32,54,783.7947639966402
32,55,723.411651095883
32,56,657.70994
32,57,592.160982797668
32,58,527.3269247194961
32,59,462.5426092815761
32,60,397.14288
32,61,330.9296006290006
32,62,265.57271587537525
32,63,203.2091906840623
32,64,145.97599
32,65,0.0
32,66,0.0
32,67,0.0
32,68,0.0
32,69,0.0
32,70,0.0
32,71,0.0
32,72,0.0
32,73,0.0
32,74,0.0
32,75,0.0
32,76,0.0
32,77,0.0
32,78,0.0
32,79,0.0
32,80,0.0
32,81,0.0
32,82,0.0
32,83,0.0
32,84,0.0
32,85,0.0
32,86,0.0
32,87,0.0
32,88,0.0
32,89,0.0
32,90,0.0
32,91,0.0
32,92,0.0
32,93,0.0
32,94,0.0
32,95,0.0
33,0,0.0
33,1,0.0
33,2,0.0
33,3,0.0
33,4,0.0
33,5,0.0
33,6,0.0
33,7,0.0
33,8,0.0
33,9,0.0
33,10,0.0
33,11,0.0
33,12,0.0
33,13,0.0
33,14,0.0
33,15,0.0
33,16,0.0
33,17,0.0
33,18,0.0
33,19,0.0
33,20,0.0
33,21,0.0
33,22,0.0
33,23,0.0
33,24,0.0
33,25,0.0
33,26,0.0
33,27,0.0
33,28,0.0
33,29,0.0
33,30,0.0
33,31,163.7498850256796
33,32,227.81957000000003
33,33,296.7080253461319
33,34,365.08941833544367
33,35,427.0348846570337
33,36,476.61556
33,37,510.0431649695721
33,38,532.0917598355052
33,39,549.6759897836855
33,40,569.7105
33,41,597.2092375880798
33,42,629.5833573225358
33,43,662.3433158957239
33,44,690.99957
33,45,713.2108882718587
33,46,735.2292871243513
33,47,765.4550949146685
33,48,812.28864
33,49,880.2622776057351
33,50,958.436470430058
33,51,1032.0037080393522
33,52,1086.15648
33,53,1109.9474078677006
33,54,1107.8696411554158
33,55,1088.2764613654233
33,56,1059.5211500000005
33,57,1027.7505640484617
33,58,990.2858624482784
33,59,942.2417796239556
33,60,878.73305
33,61,796.2079053134505
33,62,696.4485665514705
33,63,582.5707520137553
33,64,457.69018
33,65,326.56382282273603
33,66,200.5136688458397
33,67,0.0
33,68,0.0
33,69,0.0
33,70,0.0
33,71,0.0
33,72,0.0
33,73,0.0
33,74,0.0
33,75,0.0
33,76,0.0
33,77,0.0
33,78,0.0
33,79,0.0
33,80,0.0
33,81,0.0
33,82,0.0
33,83,0.0
33,84,0.0
33,85,0.0
33,86,0.0
33,87,0.0
33,88,0.0
33,89,0.0
33,90,0.0
33,91,0.0
33,92,0.0
33,93,0.0
33,94,0.0
33,95,0.0
34,0,0.0
34,1,0.0
34,2,0.0
34,3,0.0
34,4,0.0
34,5,0.0
34,6,0.0
34,7,0.0
34,8,0.0
34,9,0.0
34,10,0.0
34,11,0.0
34,12,0.0
34,13,0.0
34,14,0.0
34,15,0.0
34,16,0.0
34,17,0.0
34,18,0.0
34,19,0.0
34,20,0.0
34,21,0.0
34,22,0.0
34,23,0.0
34,24,0.0
34,25,0.0
34,26,0.0
34,27,0.0
34,28,0.0
34,29,217.56883416974017
34,30,334.1743170954125
34,31,448.37161397337854
34,32,539.81387
34,33,594.261936472884
34,34,621.9074890946213
34,35,639.0499096690478
34,36,661.98858
34,37,702.1829961887235
34,38,751.7331115261022
34,39,797.8989936004299
34,40,827.94071
34,41,833.812750647222
34,42,826.2472948009698
34,43,820.6709440542325
34,44,832.5103
34,45,871.8853123161382
34,46,927.6893230200188
34,47,983.50902221389
34,48,1022.9311
34,49,1033.4888443069754
34,50,1018.5019343689552
34,51,985.2366472464576
34,52,940.95926
34,53,891.7631056122108
34,54,839.0497407541602
34,55,783.0477780190296
34,56,723.98583
34,57,662.2865723066816
34,58,599.1489326144035
34,59,535.9659016149234
34,60,474.13047
34,61,414.47994594231255
34,62,355.6289075382258
34,63,295.63625036502617
34,64,232.56087
34,65,165.9431843928185
34,66,0.0
34,67,0.0
34,68,0.0
34,69,0.0
34,70,0.0
34,71,0.0
34,72,0.0
34,73,0.0
34,74,0.0
34,75,0.0
34,76,0.0
34,77,0.0
34,78,0.0
34,79,0.0
34,80,0.0
34,81,0.0
34,82,0.0
34,83,0.0
34,84,0.0
34,85,0.0
34,86,0.0
34,87,0.0
34,88,0.0
34,89,0.0
34,90,0.0
34,91,0.0
34,92,0.0
34,93,0.0
34,94,0.0
34,95,0.0
35,0,0.0
35,1,0.0
35,2,0.0
35,3,0.0
35,4,0.0
35,5,0.0
35,6,0.0
35,7,0.0
35,8,0.0
35,9,0.0
35,10,0.0
35,11,0.0
35,12,0.0
35,13,0.0
35,14,0.0
35,15,0.0
35,16,0.0
35,17,0.0
35,18,0.0
35,19,0.0
35,20,0.0
35,21,0.0
35,22,0.0
35,23,0.0
35,24,0.0
35,25,0.0
35,26,0.0
35,27,0.0
35,28,0.0
35,29,263.8824838647239
35,30,451.7289481114401
35,31,647.1495783024361
35,32,818.7716
35,33,941.8685563742056
35,34,1018.2992610262712
35,35,1056.568845165201
35,36,1065.18244
35,37,1052.468492200954
35,38,1026.048710283476
35,39,993.36811822426
35,40,961.8717400000002
35,41,936.7084237282284
35,42,913.8423140898255
35,43,886.9413799065101
35,44,849.67359
35,45,798.7328399173828
35,46,742.9167321072221
35,47,694.0487957434502
35,48,663.95256
35,49,661.5123336334904
35,50,683.8555437312863
35,51,725.1703969634391
35,52,779.6450999999998
35,53,840.0605242986555
35,54,893.5682004676327
35,55,925.9123239027934
35,56,922.83709
35,57,875.6062744843873
35,58,797.561974398183
35,59,707.5658671128871
35,60,624.4796299999999
35,61,561.766527138795
35,62,511.29616943963566
35,63,459.5397545206585
35,64,392.96848
35,65,303.1593136791829
35,66,202.1123040932748
35,67,0.0
35,68,0.0
35,69,0.0
35,70,0.0
35,71,0.0
35,72,0.0
35,73,0.0
35,74,0.0
35,75,0.0
35,76,0.0
35,77,0.0
35,78,0.0
35,79,0.0
35,80,0.0
35,81,0.0
35,82,0.0
35,83,0.0
35,84,0.0
35,85,0.0
35,86,0.0
35,87,0.0
35,88,0.0
35,89,0.0
35,90,0.0
35,91,0.0
35,92,0.0
35,93,0.0
35,94,0.0
35,95,0.0
36,0,0.0
36,1,0.0
36,2,0.0
36,3,0.0
36,4,0.0
36,5,0.0
36,6,0.0
36,7,0.0
36,8,0.0
36,9,0.0
36,10,0.0
36,11,0.0
36,12,0.0
36,13,0.0
36,14,0.0
36,15,0.0
36,16,0.0
36,17,0.0
36,18,0.0
36,19,0.0
36,20,0.0
36,21,0.0
36,22,0.0
36,23,0.0
36,24,0.0
36,25,0.0
36,26,0.0
36,27,0.0
36,28,239.32464
36,29,429.00086851003033
36,30,655.7640936608069
36,31,882.5076269811798
36,32,1072.12478
36,33,1196.4771240955438
36,34,1263.2992700437887
36,35,1289.29408847014
36,36,1291.16445
36,37,1283.0288788577948
36,38,1268.668513664037
36,39,1249.2801466382605
36,40,1226.06057
36,41,1200.3373881295274
36,42,1173.9614540500638
36,43,1148.9144329455685
36,44,1127.17799
36,45,1110.6672848740957
36,46,1101.0314551357076
36,47,1099.8531328294655
36,48,1108.71495
36,49,1128.025772686589
36,50,1153.4994029071052
36,51,1179.6758766740686
36,52,1201.09523
36,53,1214.4086578170477
36,54,1224.7119907358722
36,55,1239.2122182867604
36,56,1265.11633
36,57,1304.8649813577194
36,58,1341.8334916494066
36,59,1354.6308461163908
36,60,1321.86603
36,61,1228.3644261270745
36,62,1083.8170076665008
36,63,904.1311453726768
36,64,705.21421
36,65,503.04608147773246
36,66,313.89667643459006
36,67,154.10842067415268
36,68,0.0
36,69,0.0
36,70,0.0
36,71,0.0
36,72,0.0
36,73,0.0
36,74,0.0
36,75,0.0
36,76,0.0
36,77,0.0
36,78,0.0
36,79,0.0
36,80,0.0
36,81,0.0
36,82,0.0
36,83,0.0
36,84,0.0
36,85,0.0
36,86,0.0
36,87,0.0
36,88,0.0
36,89,0.0
36,90,0.0
36,91,0.0
36,92,0.0
36,93,0.0
36,94,0.0
36,95,0.0
37,0,0.0
37,1,0.0
37,2,0.0
37,3,0.0
37,4,0.0
37,5,0.0
37,6,0.0
37,7,0.0
37,8,0.0
37,9,0.0
37,10,0.0
37,11,0.0
37,12,0.0
37,13,0.0
37,14,0.0
37,15,0.0
37,16,0.0
37,17,0.0
37,18,0.0
37,19,0.0
37,20,0.0
37,21,0.0
37,22,0.0
37,23,0.0
37,24,0.0
37,25,0.0
37,26,0.0
37,27,0.0
37,28,214.13497
37,29,406.2130129300294
37,30,637.3791336236393
37,31,868.4920325054294
37,32,1060.41041
37,33,1183.6969380226053
37,34,1247.7301744511212
37,35,1271.5926486540757
37,36,1274.36689
37,37,1271.8526757607983
37,38,1266.718774821877
37,39,1258.3512039720174
37,40,1246.13598
37,41,1229.5608278404504
37,42,1208.5203050113698
37,43,1183.0106771766048
37,44,1153.02821
37,45,1119.6186349086502
37,46,1088.0255463826427
37,47,1064.542004665314
37,48,1055.46107
37,49,1063.2578922124492
37,50,1075.1359794580596
37,51,1074.4809294746394
37,52,1044.67834
37,53,975.958762022803
37,54,885.9325595351203
37,55,799.0550497798775
37,56,739.78155
37,57,724.29726125884
37,58,735.7069199014601
37,59,748.8451460933501
37,60,738.54656
37,61,686.1429679418375
37,62,598.9549208590399
37,63,490.8001558467225
37,64,375.49641
37,65,265.4833096300603
37,66,167.6880379123806
37,67,0.0
37,68,0.0
37,69,0.0
37,70,0.0
37,71,0.0
37,72,0.0
37,73,0.0
37,74,0.0
37,75,0.0
37,76,0.0
37,77,0.0
37,78,0.0
37,79,0.0
37,80,0.0
37,81,0.0
37,82,0.0
37,83,0.0
37,84,0.0
37,85,0.0
37,86,0.0
37,87,0.0
37,88,0.0
37,89,0.0
37,90,0.0
37,91,0.0
37,92,0.0
37,93,0.0
37,94,0.0
37,95,0.0
38,0,0.0
38,1,0.0
38,2,0.0
38,3,0.0
38,4,0.0
38,5,0.0
38,6,0.0
38,7,0.0
38,8,0.0
38,9,0.0
38,10,0.0
38,11,0.0
38,12,0.0
38,13,0.0
38,14,0.0
38,15,0.0
38,16,0.0
38,17,0.0
38,18,0.0
38,19,0.0
38,20,0.0
38,21,0.0
38,22,0.0
38,23,0.0
38,24,0.0
38,25,0.0
38,26,0.0
38,27,0.0
38,28,250.05601
38,29,454.7667014945529
38,30,699.8172186037291
38,31,945.3911914110406
38,32,1151.67225
38,33,1288.4978762690796
38,34,1364.3209593765914
38,35,1397.2482402958074
38,36,1405.3864599999995
38,37,1404.002537491629
38,38,1397.004103889906
38,39,1385.4589683432298
38,40,1370.43494
38,41,1353.2486554831544
38,42,1336.2120613137852
38,43,1321.885931487523
38,44,1312.83104
38,45,1310.748040107004
38,46,1313.897102104954
38,47,1319.678275550427
38,48,1325.49161
38,49,1329.4723098700802
38,50,1332.6961990163989
38,51,1336.974256154518
38,52,1344.11746
38,53,1355.319150256426
38,54,1369.3021105794512
38,55,1384.1714856127512
38,56,1398.03242
38,57,1407.4275666042165
38,58,1402.6496111657957
38,59,1372.428747644477
38,60,1305.49517
38,61,1194.2439787954584
38,62,1045.7299010073657
38,63,870.6725702155903
38,64,679.79162
38,65,484.7961433701996
38,66,301.35307105474044
38,67,146.11879321191134
38,68,0.0
38,69,0.0
38,70,0.0
38,71,0.0
38,72,0.0
38,73,0.0
38,74,0.0
38,75,0.0
38,76,0.0
38,77,0.0
38,78,0.0
38,79,0.0
38,80,0.0
38,81,0.0
38,82,0.0
38,83,0.0
38,84,0.0
38,85,0.0
38,86,0.0
38,87,0.0
38,88,0.0
38,89,0.0
38,90,0.0
38,91,0.0
38,92,0.0
38,93,0.0
38,94,0.0
38,95,0.0
39,0,0.0
39,1,0.0
39,2,0.0
39,3,0.0
39,4,0.0
39,5,0.0
39,6,0.0
39,7,0.0
39,8,0.0
39,9,0.0
39,10,0.0
39,11,0.0
39,12,0.0
39,13,0.0
39,14,0.0
39,15,0.0
39,16,0.0
39,17,0.0
39,18,0.0
39,19,0.0
39,20,0.0
39,21,0.0
39,22,0.0
39,23,0.0
39,24,0.0
39,25,0.0
39,26,0.0
39,27,0.0
39,28,239.13973
39,29,443.6970873134697
39,30,685.3909136989547
39,31,918.649945734962
39,32,1097.90292
39,33,1190.6437213394413
39,34,1216.6268276661217
39,35,1208.6718651597407
39,36,1199.5984600000002
39,37,1214.3009424850156
39,38,1245.9724593865603
39,39,1279.880861594826
39,40,1301.294
39,41,1299.7862893454983
39,42,1282.158399787637
39,43,1259.5175653359574
39,44,1242.97102
39,45,1240.8636045079904
39,46,1250.4905864628904
39,47,1266.384840186345
39,48,1283.07924
39,49,1296.19474793504
39,50,1305.7046768608018
39,51,1312.670427356163
39,52,1318.1534
39,53,1323.4892792206012
39,54,1331.1108848439032
39,55,1343.7253205452537
39,56,1364.0396899999998
39,57,1391.235094713805
39,58,1410.388627513585
39,59,1403.0513790565733
39,60,1350.77444
39,61,1240.8653958304294
39,62,1083.6578113517558
39,63,895.2417461972037
39,64,691.70726
39,65,488.94210555822696
39,66,302.0248083293924
39,67,145.83158693586182
39,68,0.0
39,69,0.0
39,70,0.0
39,71,0.0
39,72,0.0
39,73,0.0
39,74,0.0
39,75,0.0
39,76,0.0
39,77,0.0
39,78,0.0
39,79,0.0
39,80,0.0
39,81,0.0
39,82,0.0
39,83,0.0
39,84,0.0
39,85,0.0
39,86,0.0
39,87,0.0
39,88,0.0
39,89,0.0
39,90,0.0
39,91,0.0
39,92,0.0
39,93,0.0
39,94,0.0
39,95,0.0
40,0,0.0
40,1,0.0
40,2,0.0
40,3,0.0
40,4,0.0
40,5,0.0
40,6,0.0
40,7,0.0
40,8,0.0
40,9,0.0
40,10,0.0
40,11,0.0
40,12,0.0
40,13,0.0
40,14,0.0
40,15,0.0
40,16,0.0
40,17,0.0
40,18,0.0
40,19,0.0
40,20,0.0
40,21,0.0
40,22,0.0
40,23,0.0
40,24,0.0
40,25,0.0
40,26,0.0
40,27,134.9515850610914
40,28,252.50556
40,29,416.93606796910376
40,30,607.9250940333368
40,31,799.0098630809016
40,32,963.7276000000002
40,33,1082.2892569576509
40,34,1161.600695236136
40,35,1215.241503396553
40,36,1256.79127
40,37,1296.9505342002924
40,38,1334.9036375221187
40,39,1366.955872082886
40,40,1389.41253
40,41,1399.7285735849298
40,42,1399.9576459253883
40,43,1393.3030603031536
40,44,1382.96813
40,45,1371.3696052099897
40,46,1357.777983776326
40,47,1340.6772004544996
40,48,1318.55119
40,49,1290.8082372938622
40,50,1260.554027719307
40,51,1231.8185967850975
40,52,1208.63198
40,53,1193.19149592706
40,54,1180.3635953464468
40,55,1163.1820120926095
40,56,1134.6804800000002
40,57,1089.347505716648
40,58,1027.4906871449075
40,59,950.8723950007134
40,60,861.255
40,61,760.5864382375984
40,62,651.5569073239235
40,63,537.0421702482869
40,64,419.91799
40,65,303.9287203954587
40,66,196.29307855939828
40,67,0.0
40,68,0.0
40,69,0.0
40,70,0.0
40,71,0.0
40,72,0.0
40,73,0.0
40,74,0.0
40,75,0.0
40,76,0.0
40,77,0.0
40,78,0.0
40,79,0.0
40,80,0.0
40,81,0.0
40,82,0.0
40,83,0.0
40,84,0.0
40,85,0.0
40,86,0.0
40,87,0.0
40,88,0.0
40,89,0.0
40,90,0.0
40,91,0.0
40,92,0.0
40,93,0.0
40,94,0.0
40,95,0.0
41,0,0.0
41,1,0.0
41,2,0.0
41,3,0.0
41,4,0.0
41,5,0.0
41,6,0.0
41,7,0.0
41,8,0.0
41,9,0.0
41,10,0.0
41,11,0.0
41,12,0.0
41,13,0.0
41,14,0.0
41,15,0.0
41,16,0.0
41,17,0.0
41,18,0.0
41,19,0.0
41,20,0.0
41,21,0.0
41,22,0.0
41,23,0.0
41,24,0.0
41,25,0.0
41,26,0.0
41,27,156.6047035331187
41,28,298.47698
41,29,498.4473624256945
41,30,726.8558644758115
41,31,945.3970592880228
41,32,1115.76552
41,33,1210.9881182713054
41,34,1249.4209198490637
41,35,1260.7522890022897
41,36,1274.67059
41,37,1312.871117145334
41,38,1365.0768848779342
41,39,1413.0178376715671
41,40,1438.4239199999995
41,41,1428.0390889286075
41,42,1388.6633518891992
41,43,1332.1107289051913
41,44,1270.1952400000002
41,45,1212.1636880777337
41,46,1156.994007565267
41,47,1101.0969157701668
41,48,1040.88313
41,49,975.0862723542072
41,50,911.7315840997314
41,51,861.1672112953898
41,52,833.7413
41,53,836.601671567937
41,54,864.0948485358069
41,55,907.3670287357731
41,56,957.56441
41,57,1005.9007840302946
41,58,1043.8603180070404
41,59,1062.9947729802666
41,60,1054.85591
41,61,1012.4941888733848
41,62,934.9548644360304
41,63,822.7818902806604
41,64,676.51922
41,65,500.9495962574152
41,66,317.810917998838
41,67,153.07987324084183
41,68,0.0
41,69,0.0
41,70,0.0
41,71,0.0
41,72,0.0
41,73,0.0
41,74,0.0
41,75,0.0
41,76,0.0
41,77,0.0
41,78,0.0
41,79,0.0
41,80,0.0
41,81,0.0
41,82,0.0
41,83,0.0
41,84,0.0
41,85,0.0
41,86,0.0
41,87,0.0
41,88,0.0
41,89,0.0
41,90,0.0
41,91,0.0
41,92,0.0
41,93,0.0
41,94,0.0
41,95,0.0
42,0,0.0
42,1,0.0
42,2,0.0
42,3,0.0
42,4,0.0
42,5,0.0
42,6,0.0
42,7,0.0
42,8,0.0
42,9,0.0
42,10,0.0
42,11,0.0
42,12,0.0
42,13,0.0
42,14,0.0
42,15,0.0
42,16,0.0
42,17,0.0
42,18,0.0
42,19,0.0
42,20,0.0
42,21,0.0
42,22,0.0
42,23,0.0
42,24,0.0
42,25,0.0
42,26,0.0
42,27,175.06026423948717
42,28,328.69708999999995
42,29,549.1068069127518
42,30,807.0860521749305
42,31,1064.384796349644
42,32,1282.75301
42,33,1433.0546335231695
42,34,1522.6094866525711
42,35,1567.8513589556876
42,36,1585.21404
42,37,1588.7923271195707
42,38,1583.3250487147843
42,39,1571.212040952606
42,40,1554.8531400000002
42,41,1536.2985072172976
42,42,1516.199604738291
42,43,1494.8582198901393
42,44,1472.5761399999997
42,45,1449.9381661987386
42,46,1428.661154832051
42,47,1410.7449760493369
42,48,1398.1894999999995
42,49,1392.0017951752466
42,50,1389.217723433506
42,51,1385.8803449750123
42,52,1378.03272
42,53,1363.0421302877744
42,54,1343.5727439339248
42,55,1323.612950613113
42,56,1307.15114
42,57,1295.852383517407
42,58,1282.088479580795
42,59,1255.9079083537852
42,60,1207.3591499999998
42,61,1128.4938823613488
42,62,1019.376573992896
42,63,882.0748911279956
42,64,718.6565
42,65,534.5727540684481
42,66,348.8097556976204
42,67,183.7372944779824
42,68,0.0
42,69,0.0
42,70,0.0
42,71,0.0
42,72,0.0
42,73,0.0
42,74,0.0
42,75,0.0
42,76,0.0
42,77,0.0
42,78,0.0
42,79,0.0
42,80,0.0
42,81,0.0
42,82,0.0
42,83,0.0
42,84,0.0
42,85,0.0
42,86,0.0
42,87,0.0
42,88,0.0
42,89,0.0
42,90,0.0
42,91,0.0
42,92,0.0
42,93,0.0
42,94,0.0
42,95,0.0
43,0,0.0
43,1,0.0
43,2,0.0
43,3,0.0
43,4,0.0
43,5,0.0
43,6,0.0
43,7,0.0
43,8,0.0
43,9,0.0
43,10,0.0
43,11,0.0
43,12,0.0
43,13,0.0
43,14,0.0
43,15,0.0
43,16,0.0
43,17,0.0
43,18,0.0
43,19,0.0
43,20,0.0
43,21,0.0
43,22,0.0
43,23,0.0
43,24,0.0
43,25,0.0
43,26,0.0
43,27,188.745202781684
43,28,347.15079
43,29,571.1004303939909
43,30,830.3293350740785
43,31,1085.4764697171267
43,32,1297.1808
43,33,1436.0017283016398
43,34,1512.1804038092992
43,35,1545.878412412309
43,36,1557.25734
43,37,1562.6693823369503
43,38,1563.2291746887258
43,39,1556.241962196138
43,40,1539.01299
43,41,1510.2601800068087
43,42,1474.3521611857986
43,43,1437.0702392718897
43,44,1404.19572
43,45,1380.323736542065
43,46,1365.3047318180793
43,47,1357.802976185054
43,48,1356.4827399999997
43,49,1359.7246953874317
43,50,1364.7751215418828
43,51,1368.5966994253931
43,52,1368.15211
43,53,1361.2511140957083
43,54,1349.091792014388
43,55,1333.7193039258736
43,56,1317.17881
43,57,1300.397729010984
43,58,1279.8325141505652
43,59,1250.8218772148634
43,60,1208.70453
43,61,1148.5003118916054
43,62,1063.953572633352
43,63,948.4897895584228
43,64,795.53444
43,65,604.6423935788445
43,66,399.886089066027
43,67,211.4673575201961
43,68,0.0
43,69,0.0
43,70,0.0
43,71,0.0
43,72,0.0
43,73,0.0
43,74,0.0
43,75,0.0
43,76,0.0
43,77,0.0
43,78,0.0
43,79,0.0
43,80,0.0
43,81,0.0
43,82,0.0
43,83,0.0
43,84,0.0
43,85,0.0
43,86,0.0
43,87,0.0
43,88,0.0
43,89,0.0
43,90,0.0
43,91,0.0
43,92,0.0
43,93,0.0
43,94,0.0
43,95,0.0
44,0,0.0
44,1,0.0
44,2,0.0
44,3,0.0
44,4,0.0
44,5,0.0
44,6,0.0
44,7,0.0
44,8,0.0
44,9,0.0
44,10,0.0
44,11,0.0
44,12,0.0
44,13,0.0
44,14,0.0
44,15,0.0
44,16,0.0
44,17,0.0
44,18,0.0
44,19,0.0
44,20,0.0
44,21,0.0
44,22,0.0
44,23,0.0
44,24,0.0
44,25,0.0
44,26,0.0
44,27,0.0
44,28,131.37723
44,29,237.3975751696176
44,30,373.3233202125609
44,31,527.2053826492238
44,32,687.09468
44,33,842.7743524579068
44,34,990.956430906454
44,35,1130.085168901774
44,36,1258.60482
44,37,1374.3287868737552
44,38,1472.547068661624
44,39,1547.9188136186806
44,40,1595.10317
44,41,1611.4823144220722
44,42,1605.3305369470506
44,43,1587.6451559985037
44,44,1569.42349
44,45,1559.3031565317049
44,46,1556.482969800173
44,47,1557.8020431685543
44,48,1560.09949
44,49,1559.3759521073569
44,50,1548.278185102257
44,51,1518.6144730460285
44,52,1462.1931
44,53,1373.6981072263677
44,54,1259.3165647908
44,55,1128.1112999598315
44,56,989.14514
44,57,851.0556803934222
44,58,720.7795894845444
44,59,604.8283038333943
44,60,509.71326
44,61,439.2047136999432
44,62,386.1081972710225
44,63,340.48806220659054
44,64,292.40866
44,65,234.883433088055
44,66,172.72218768136574
44,67,0.0
44,68,0.0
44,69,0.0
44,70,0.0
44,71,0.0
44,72,0.0
44,73,0.0
44,74,0.0
44,75,0.0
44,76,0.0
44,77,0.0
44,78,0.0
44,79,0.0
44,80,0.0
44,81,0.0
44,82,0.0
44,83,0.0
44,84,0.0
44,85,0.0
44,86,0.0
44,87,0.0
44,88,0.0
44,89,0.0
44,90,0.0
44,91,0.0
44,92,0.0
44,93,0.0
44,94,0.0
44,95,0.0
45,0,0.0
45,1,0.0
45,2,0.0
45,3,0.0
45,4,0.0
45,5,0.0
45,6,0.0
45,7,0.0
45,8,0.0
45,9,0.0
45,10,0.0
45,11,0.0
45,12,0.0
45,13,0.0
45,14,0.0
45,15,0.0
45,16,0.0
45,17,0.0
45,18,0.0
45,19,0.0
45,20,0.0
45,21,0.0
45,22,0.0
45,23,0.0
45,24,0.0
45,25,0.0
45,26,131.12344323079537
45,27,252.1789443107475
45,28,426.42215
45,29,655.701252252251
45,30,911.2063959372013
45,31,1156.4632141535508
45,32,1354.99734
45,33,1480.286732955549
45,34,1545.6186580203994
45,35,1574.2327065750494
45,36,1589.36847
45,37,1609.211310456801
45,38,1631.729673231201
45,39,1649.8377743900016
45,40,1656.44983
45,41,1646.874259904747
45,42,1625.9962990547945
45,43,1601.0953861774449
45,44,1579.4509599999997
45,45,1566.6983991429609
45,46,1561.8968417996205
45,47,1562.46136605647
45,48,1565.80705
45,49,1570.0937636796589
45,50,1576.4605449967228
45,51,1586.7912238154254
45,52,1602.9696300000005
45,53,1625.0178161384038
45,54,1645.510725713488
45,55,1655.1615249318284
45,56,1644.68338
45,57,1607.5462255167265
45,58,1548.2470696493244
45,59,1474.0396889572603
45,60,1392.1778599999998
45,61,1306.4604008571914
45,62,1206.8662956892135
45,63,1079.919570176629
45,64,912.14425
45,65,698.2230312107594
45,66,465.4732913438221
45,67,249.3710783049737
45,68,0.0
45,69,0.0
45,70,0.0
45,71,0.0
45,72,0.0
45,73,0.0
45,74,0.0
45,75,0.0
45,76,0.0
45,77,0.0
45,78,0.0
45,79,0.0
45,80,0.0
45,81,0.0
45,82,0.0
45,83,0.0
45,84,0.0
45,85,0.0
45,86,0.0
45,87,0.0
45,88,0.0
45,89,0.0
45,90,0.0
45,91,0.0
45,92,0.0
45,93,0.0
45,94,0.0
45,95,0.0
46,0,0.0
46,1,0.0
46,2,0.0
46,3,0.0
46,4,0.0
46,5,0.0
46,6,0.0
46,7,0.0
46,8,0.0
46,9,0.0
46,10,0.0
46,11,0.0
46,12,0.0
46,13,0.0
46,14,0.0
46,15,0.0
46,16,0.0
46,17,0.0
46,18,0.0
46,19,0.0
46,20,0.0
46,21,0.0
46,22,0.0
46,23,0.0
46,24,0.0
46,25,0.0
46,26,0.0
46,27,203.06013597856608
46,28,311.86767
46,29,436.9277753821468
46,30,572.0109584204818
46,31,710.0801072485758
46,32,844.09811
46,33,968.01343038785
46,34,1079.71683444332
46,35,1178.084663777131
46,36,1261.99326
46,37,1329.9579540039529
46,38,1379.0500338062357
46,39,1405.9797767054008
46,40,1407.45746
46,41,1382.7310892213395
46,42,1341.1995828317376
46,43,1294.7995875262673
46,44,1255.46775
46,45,1232.3080694231896
46,46,1223.093954866814
46,47,1222.7661678770312
46,48,1226.26547
46,49,1229.426880273402
46,50,1231.6624477010068
46,51,1233.2784787781086
46,52,1234.58128
46,53,1234.6638643269534
46,54,1227.7660705791584
46,55,1206.9144440417845
46,56,1165.13553
46,57,1098.1281125750345
46,58,1012.2799312323588
46,59,916.6509642735036
46,60,820.30119
46,61,729.9099725604084
46,62,642.6342194914063
46,63,553.2502241767012
46,64,456.53428000000014
46,65,350.0548803083322
46,66,242.5493183020159
46,67,145.54708714469166
46,68,0.0
46,69,0.0
46,70,0.0
46,71,0.0
46,72,0.0
46,73,0.0
46,74,0.0
46,75,0.0
46,76,0.0
46,77,0.0
46,78,0.0
46,79,0.0
46,80,0.0
46,81,0.0
46,82,0.0
46,83,0.0
46,84,0.0
46,85,0.0
46,86,0.0
46,87,0.0
46,88,0.0
46,89,0.0
46,90,0.0
46,91,0.0
46,92,0.0
46,93,0.0
46,94,0.0
46,95,0.0
47,0,0.0
47,1,0.0
47,2,0.0
47,3,0.0
47,4,0.0
47,5,0.0
47,6,0.0
47,7,0.0
47,8,0.0
47,9,0.0
47,10,0.0
47,11,0.0
47,12,0.0
47,13,0.0
47,14,0.0
47,15,0.0
47,16,0.0
47,17,0.0
47,18,0.0
47,19,0.0
47,20,0.0
47,21,0.0
47,22,0.0
47,23,0.0
47,24,0.0
47,25,0.0
47,26,0.0
47,27,162.91070257734077
47,28,274.68831
47,29,422.40319769106577
47,30,594.2779792821887
47,31,775.0156162322171
47,32,949.31907
47,33,1104.139154662735
47,34,1235.4180947710172
47,35,1341.3459674937908
47,36,1420.11285
47,37,1471.2672980329935
47,38,1499.7917816337422
47,39,1512.0272494176193
47,40,1514.31465
47,41,1511.3137922677893
47,42,1500.959926194014
47,43,1479.5071620232316
47,44,1443.20961
47,45,1391.4796577395998
47,46,1336.3628023402025
47,47,1293.0628182707042
47,48,1276.78348
47,49,1297.4800464613131
47,50,1344.1137144451764
47,51,1400.397165206452
47,52,1450.04308
47,53,1480.5977806338983
47,54,1494.9421511290914
47,55,1499.7907160597383
47,56,1501.858
47,57,1504.7467500655923
47,58,1499.6126035384575
47,59,1474.4994202420942
47,60,1417.45106
47,61,1319.5389772287317
47,62,1183.9450047170778
47,63,1016.8785698468852
47,64,824.5491
47,65,615.7252374257309
47,66,409.4124838432313
47,67,227.17555583911604
47,68,0.0
47,69,0.0
47,70,0.0
47,71,0.0
47,72,0.0
47,73,0.0
47,74,0.0
47,75,0.0
47,76,0.0
47,77,0.0
47,78,0.0
47,79,0.0
47,80,0.0
47,81,0.0
47,82,0.0
47,83,0.0
47,84,0.0
47,85,0.0
47,86,0.0
47,87,0.0
47,88,0.0
47,89,0.0
47,90,0.0
47,91,0.0
47,92,0.0
47,93,0.0
47,94,0.0
47,95,0.0
48,0,0.0
48,1,0.0
48,2,0.0
48,3,0.0
48,4,0.0
48,5,0.0
48,6,0.0
48,7,0.0
48,8,0.0
48,9,0.0
48,10,0.0
48,11,0.0
48,12,0.0
48,13,0.0
48,14,0.0
48,15,0.0
48,16,0.0
48,17,0.0
48,18,0.0
48,19,0.0
48,20,0.0
48,21,0.0
48,22,0.0
48,23,0.0
48,24,0.0
48,25,0.0
48,26,157.2609639557273
48,27,299.99924448707407
48,28,497.12447
48,29,748.3285949374425
48,30,1022.3252136763168
48,31,1280.0833305770327
48,32,1482.57195
48,33,1601.7445008349632
48,34,1653.4921100890056
48,35,1664.6903292985455
48,36,1662.21471
48,37,1667.2175028164545
48,38,1677.9577547176598
48,39,1686.971211760036
48,40,1686.79362
48,41,1672.3896103992197
48,42,1648.4393535403542
48,43,1622.051904911312
48,44,1600.3363199999997
48,45,1588.7242337116668
48,46,1585.9375986209218
48,47,1589.0209467197164
48,48,1595.01881
48,49,1601.3100008478632
48,50,1606.6104532259571
48,51,1609.9703814910724
48,52,1610.44
48,53,1607.71026570938
48,54,1604.0351059752495
48,55,1602.309190753494
48,56,1605.42719
48,57,1613.3973672521165
48,58,1614.6823603730452
48,59,1594.8584008074513
48,60,1539.50172
48,61,1437.7037702821542
48,62,1292.6168875325698
48,63,1110.9086285167004
48,64,899.24655
48,65,667.3786269317662
48,66,437.3745069966751
48,67,234.38425606324648
48,68,0.0
48,69,0.0
48,70,0.0
48,71,0.0
48,72,0.0
48,73,0.0
48,74,0.0
48,75,0.0
48,76,0.0
48,77,0.0
48,78,0.0
48,79,0.0
48,80,0.0
48,81,0.0
48,82,0.0
48,83,0.0
48,84,0.0
48,85,0.0
48,86,0.0
48,87,0.0
48,88,0.0
48,89,0.0
48,90,0.0
48,91,0.0
48,92,0.0
48,93,0.0
48,94,0.0
48,95,0.0
49,0,0.0
49,1,0.0
49,2,0.0
49,3,0.0
49,4,0.0
49,5,0.0
49,6,0.0
49,7,0.0
49,8,0.0
49,9,0.0
49,10,0.0
49,11,0.0
49,12,0.0
49,13,0.0
49,14,0.0
49,15,0.0
49,16,0.0
49,17,0.0
49,18,0.0
49,19,0.0
49,20,0.0
49,21,0.0
49,22,0.0
49,23,0.0
49,24,0.0
49,25,0.0
49,26,170.5556836478203
49,27,318.8002054062049
49,28,519.80109
49,29,772.2984811523438
49,30,1045.6703188416425
49,31,1301.95399211012
49,32,1503.18689
49,33,1621.0771654813495
49,34,1666.0160272356102
49,35,1658.0654478720653
49,36,1617.2874
49,37,1561.544649891007
49,38,1499.9031384659174
49,39,1439.2296003078688
49,40,1386.3907699999995
49,41,1346.12681948587
49,42,1314.6716701507196
49,43,1286.1326807402097
49,44,1254.61721
49,45,1216.2777834155115
49,46,1175.4475934312031
49,47,1138.5049992312931
49,48,1111.82836
49,49,1100.092063414583
49,50,1101.1546111244668
49,51,1111.1705332721174
49,52,1126.29436
49,53,1143.8852457386563
49,54,1166.120842070929
49,55,1196.3834248677376
49,56,1238.0552700000003
49,57,1291.3040358182925
49,58,1343.4389105918174
49,59,1378.5544650694335
49,60,1380.7452699999994
49,61,1337.0022725506735
49,62,1245.9019255618016
49,63,1108.9170582920283
49,64,927.5205
49,65,708.1087714790134
49,66,476.77315966097694
49,67,264.5286430124521
49,68,0.0
49,69,0.0
49,70,0.0
49,71,0.0
49,72,0.0
49,73,0.0
49,74,0.0
49,75,0.0
49,76,0.0
49,77,0.0
49,78,0.0
49,79,0.0
49,80,0.0
49,81,0.0
49,82,0.0
49,83,0.0
49,84,0.0
49,85,0.0
49,86,0.0
49,87,0.0
49,88,0.0
49,89,0.0
49,90,0.0
49,91,0.0
49,92,0.0
49,93,0.0
49,94,0.0
49,95,0.0
50,0,0.0
50,1,0.0
50,2,0.0
50,3,0.0
50,4,0.0
50,5,0.0
50,6,0.0
50,7,0.0
50,8,0.0
50,9,0.0
50,10,0.0
50,11,0.0
50,12,0.0
50,13,0.0
50,14,0.0
50,15,0.0
50,16,0.0
50,17,0.0
50,18,0.0
50,19,0.0
50,20,0.0
50,21,0.0
50,22,0.0
50,23,0.0
50,24,0.0
50,25,0.0
50,26,152.10215613806008
50,27,274.345846360924
50,28,431.44982
50,29,620.6730932526666
50,30,824.2064111648483
50,31,1020.4734509946056
50,32,1187.89789
50,33,1309.976935705667
50,34,1390.501916702546
50,35,1438.3376918481522
50,36,1462.34912
50,37,1471.0409390809143
50,38,1471.4774032749667
50,39,1470.3626458315348
50,40,1474.4008
50,41,1487.9305053144226
50,42,1505.8284264475874
50,43,1520.6057343569582
50,44,1524.7736
50,45,1513.3288537238936
50,46,1491.2109634346843
50,47,1465.8450564281325
50,48,1444.65626
50,49,1433.2589290087524
50,50,1430.024328563676
50,51,1431.5129513367615
50,52,1434.2852900000005
50,53,1435.844820084847
50,54,1437.466948560613
50,55,1441.3700652560722
50,56,1449.77256
50,57,1462.5937529956109
50,58,1470.5566859438738
50,59,1462.0853309202005
50,60,1425.60366
50,61,1351.6021055889616
50,62,1238.8369414138915
50,63,1088.130901531876
50,64,900.30672
50,65,680.8399702735434
50,66,453.8175834005596
50,67,247.979329827296
50,68,0.0
50,69,0.0
50,70,0.0
50,71,0.0
50,72,0.0
50,73,0.0
50,74,0.0
50,75,0.0
50,76,0.0
50,77,0.0
50,78,0.0
50,79,0.0
50,80,0.0
50,81,0.0
50,82,0.0
50,83,0.0
50,84,0.0
50,85,0.0
50,86,0.0
50,87,0.0
50,88,0.0
50,89,0.0
50,90,0.0
50,91,0.0
50,92,0.0
50,93,0.0
50,94,0.0
50,95,0.0
51,0,0.0
51,1,0.0
51,2,0.0
51,3,0.0
51,4,0.0
51,5,0.0
51,6,0.0
51,7,0.0
51,8,0.0
51,9,0.0
51,10,0.0
51,11,0.0
51,12,0.0
51,13,0.0
51,14,0.0
51,15,0.0
51,16,0.0
51,17,0.0
51,18,0.0
51,19,0.0
51,20,0.0
51,21,0.0
51,22,0.0
51,23,0.0
51,24,0.0
51,25,0.0
51,26,0.0
51,27,197.8127331360639
51,28,277.66871
51,29,353.2810832278732
51,30,433.1391507253635
51,31,529.2501178601722
51,32,653.62119
51,33,812.4729663256179
51,34,988.8796212700768
51,35,1160.1287230794971
51,36,1303.5078400000004
51,37,1401.5932763134044
51,38,1458.1162804443288
51,39,1482.0968368530882
51,40,1482.5549299999998
51,41,1468.0206724832628
51,42,1445.0646894526085
51,43,1419.7677341956494
51,44,1398.21056
51,45,1385.122488284793
51,46,1379.8271129952384
51,47,1380.2965962080646
51,48,1384.5031
51,49,1389.929712346314
51,50,1392.1032248164377
51,51,1386.0613548783426
51,52,1366.8418200000003
51,53,1330.8928918612005
51,54,1280.3050589890106
51,55,1218.579364122315
51,56,1149.21685
51,57,1076.040190365134
51,58,1004.1585829775208
51,59,939.0028566011472
51,60,886.00384
51,61,846.7969226157628
51,62,807.8357366009061
51,63,751.7784747855962
51,64,661.2833300000001
51,65,526.5505682343143
51,66,367.94874811885467
51,67,213.38850144396795
51,68,0.0
51,69,0.0
51,70,0.0
51,71,0.0
51,72,0.0
51,73,0.0
51,74,0.0
51,75,0.0
51,76,0.0
51,77,0.0
51,78,0.0
51,79,0.0
51,80,0.0
51,81,0.0
51,82,0.0
51,83,0.0
51,84,0.0
51,85,0.0
51,86,0.0
51,87,0.0
51,88,0.0
51,89,0.0
51,90,0.0
51,91,0.0
51,92,0.0
51,93,0.0
51,94,0.0
51,95,0.0
52,0,0.0
52,1,0.0
52,2,0.0
52,3,0.0
52,4,0.0
52,5,0.0
52,6,0.0
52,7,0.0
52,8,0.0
52,9,0.0
52,10,0.0
52,11,0.0
52,12,0.0
52,13,0.0
52,14,0.0
52,15,0.0
52,16,0.0
52,17,0.0
52,18,0.0
52,19,0.0
52,20,0.0
52,21,0.0
52,22,0.0
52,23,0.0
52,24,0.0
52,25,0.0
52,26,212.8530302291269
52,27,377.66781050771687
52,28,581.29905
52,29,816.164481054995
52,30,1054.953658104772
52,31,1265.4240911021627
52,32,1415.33329
52,33,1481.680120162796
52,34,1478.428868601785
52,35,1428.7851777398816
52,36,1355.95469
52,37,1280.42024548132
52,38,1211.7734749880872
52,39,1156.8832070008102
52,40,1122.6182700000004
52,41,1113.6564808806718
52,42,1125.9116101958666
52,43,1153.1064169131273
52,44,1188.9636599999997
52,45,1226.9905370897395
52,46,1259.8320004784466
52,47,1279.91744112793
52,48,1279.67625
52,49,1255.4940685728675
52,50,1219.5815403903473
52,51,1188.1055595126534
52,52,1177.23302
52,53,1195.9354626812883
52,54,1224.403015460164
52,55,1235.6304530089574
52,56,1202.61255
52,57,1107.931258201978
52,58,972.5172377689966
52,59,826.888325951517
52,60,701.56236
52,61,618.5838935733005
52,62,566.1043459638502
52,63,523.8018528724748
52,64,471.35455
52,65,394.2109423485701
52,66,300.9010121256029
52,67,205.72511083983417
52,68,122.98359
52,69,0.0
52,70,0.0
52,71,0.0
52,72,0.0
52,73,0.0
52,74,0.0
52,75,0.0
52,76,0.0
52,77,0.0
52,78,0.0
52,79,0.0
52,80,0.0
52,81,0.0
52,82,0.0
52,83,0.0
52,84,0.0
52,85,0.0
52,86,0.0
52,87,0.0
52,88,0.0
52,89,0.0
52,90,0.0
52,91,0.0
52,92,0.0
52,93,0.0
52,94,0.0
52,95,0.0
53,0,0.0
53,1,0.0
53,2,0.0
53,3,0.0
53,4,0.0
53,5,0.0
53,6,0.0
53,7,0.0
53,8,0.0
53,9,0.0
53,10,0.0
53,11,0.0
53,12,0.0
53,13,0.0
53,14,0.0
53,15,0.0
53,16,0.0
53,17,0.0
53,18,0.0
53,19,0.0
53,20,0.0
53,21,0.0
53,22,0.0
53,23,0.0
53,24,0.0
53,25,0.0
53,26,0.0
53,27,145.7370355631361
53,28,240.81427
53,29,363.0912147797856
53,30,505.1891828305484
53,31,657.5470519660372
53,32,810.6037
53,33,955.63629900563
53,34,1087.2751980938972
53,35,1200.9890406352156
53,36,1292.24647
53,37,1357.471251697695
53,38,1396.9076397938638
53,39,1411.7550104931008
53,40,1403.2127400000002
53,41,1373.1759771723414
53,42,1326.3229614806485
53,43,1268.027705048631
53,44,1203.66422
53,45,1138.6031316441902
53,46,1078.2015180335425
53,47,1027.8130704061236
53,48,992.79148
53,49,976.770381407148
53,50,976.5031826351812
53,51,987.023235045624
53,52,1003.36389
53,53,1019.2439106959686
53,54,1023.1237076757326
53,55,1002.1491033176304
53,56,943.46592
53,57,842.7298067464776
53,58,729.6357191618883
53,59,642.388439496355
53,60,619.19275
53,61,681.5957399743709
53,62,784.5137269267138
53,63,866.2053354156999
53,64,864.92919
53,65,739.471463824789
53,66,530.7285243812564
53,67,300.12428774709565
53,68,0.0
53,69,0.0
53,70,0.0
53,71,0.0
53,72,0.0
53,73,0.0
53,74,0.0
53,75,0.0
53,76,0.0
53,77,0.0
53,78,0.0
53,79,0.0
53,80,0.0
53,81,0.0
53,82,0.0
53,83,0.0
53,84,0.0
53,85,0.0
53,86,0.0
53,87,0.0
53,88,0.0
53,89,0.0
53,90,0.0
53,91,0.0
53,92,0.0
53,93,0.0
53,94,0.0
53,95,0.0
54,0,0.0
54,1,0.0
54,2,0.0
54,3,0.0
54,4,0.0
54,5,0.0
54,6,0.0
54,7,0.0
54,8,0.0
54,9,0.0
54,10,0.0
54,11,0.0
54,12,0.0
54,13,0.0
54,14,0.0
54,15,0.0
54,16,0.0
54,17,0.0
54,18,0.0
54,19,0.0
54,20,0.0
54,21,0.0
54,22,0.0
54,23,0.0
54,24,0.0
54,25,0.0
54,26,0.0
54,27,0.0
54,28,174.7642
54,29,259.8906809432597
54,30,348.3293761572557
54,31,422.3264557926237
54,32,464.12809
54,33,461.7986971243593
54,34,426.6756882880324
54,35,375.9147228076893
54,36,326.67146
54,37,292.7852539968035
54,38,274.83023819061503
54,39,270.064240789119
54,40,275.74509
54,41,289.11062063842706
54,42,307.3186939495078
54,43,327.50717778583464
54,44,346.81394
54,45,362.9588214182384
54,46,375.9895547613538
54,47,386.5358457237922
54,48,395.2274
54,49,402.11611946986926
54,50,404.942690755077
54,51,400.8699966627463
54,52,387.06092
54,53,361.78278523353447
54,54,327.7206834683382
54,55,288.6641474689728
54,56,248.40271
54,57,210.1620624084929
54,58,174.91253037157026
54,59,143.06059814886248
54,60,0.0
54,61,0.0
54,62,0.0
54,63,0.0
54,64,0.0
54,65,0.0
54,66,0.0
54,67,0.0
54,68,0.0
54,69,0.0
54,70,0.0
54,71,0.0
54,72,0.0
54,73,0.0
54,74,0.0
54,75,0.0
54,76,0.0
54,77,0.0
54,78,0.0
54,79,0.0
54,80,0.0
54,81,0.0
54,82,0.0
54,83,0.0
54,84,0.0
54,85,0.0
54,86,0.0
54,87,0.0
54,88,0.0
54,89,0.0
54,90,0.0
54,91,0.0
54,92,0.0
54,93,0.0
54,94,0.0
54,95,0.0
55,0,0.0
55,1,0.0
55,2,0.0
55,3,0.0
55,4,0.0
55,5,0.0
55,6,0.0
55,7,0.0
55,8,0.0
55,9,0.0
55,10,0.0
55,11,0.0
55,12,0.0
55,13,0.0
55,14,0.0
55,15,0.0
55,16,0.0
55,17,0.0
55,18,0.0
55,19,0.0
55,20,0.0
55,21,0.0
55,22,0.0
55,23,0.0
55,24,0.0
55,25,0.0
55,26,0.0
55,27,0.0
55,28,0.0
55,29,174.1668982340773
55,30,237.38955086922635
55,31,298.47766556976217
55,32,349.44639000000006
55,33,385.0518920070005
55,34,411.0144201688078
55,35,435.7952432462111
55,36,467.85563
55,37,513.0822793629204
55,38,567.0636109555426
55,39,622.8134745703936
55,40,673.3457200000001
55,41,713.541094916318
55,42,745.7479385090219
55,43,774.1814878472146
55,44,803.05698
55,45,835.1536540968074
55,46,867.5067575083701
55,47,895.7155396657479
55,48,915.37925
55,49,923.3747591652024
55,50,921.6894227074972
55,51,913.5882173960435
55,52,902.33612
55,53,890.8136131486333
55,54,880.3632029116411
55,55,871.9429012188282
55,56,866.51072
55,57,863.7832080840143
55,58,858.5110618959388
55,59,844.203514759894
55,60,814.3698
55,61,763.8226587340597
55,62,692.5888632546039
55,63,601.9986936478463
55,64,493.38243
55,65,370.3287896359972
55,66,245.46023883564544
55,67,133.65768111747096
55,68,0.0
55,69,0.0
55,70,0.0
55,71,0.0
55,72,0.0
55,73,0.0
55,74,0.0
55,75,0.0
55,76,0.0
55,77,0.0
55,78,0.0
55,79,0.0
55,80,0.0
55,81,0.0
55,82,0.0
55,83,0.0
55,84,0.0
55,85,0.0
55,86,0.0
55,87,0.0
55,88,0.0
55,89,0.0
55,90,0.0
55,91,0.0
55,92,0.0
55,93,0.0
55,94,0.0
55,95,0.0
56,0,0.0
56,1,0.0
56,2,0.0
56,3,0.0
56,4,0.0
56,5,0.0
56,6,0.0
56,7,0.0
56,8,0.0
56,9,0.0
56,10,0.0
56,11,0.0
56,12,0.0
56,13,0.0
56,14,0.0
56,15,0.0
56,16,0.0
56,17,0.0
56,18,0.0
56,19,0.0
56,20,0.0
56,21,0.0
56,22,0.0
56,23,0.0
56,24,0.0
56,25,0.0
56,26,0.0
56,27,145.1311901716936
56,28,250.99418
56,29,398.32246639042506
56,30,571.0204250578099
56,31,747.9322111962898
56,32,907.90198
56,33,1034.142852354484
56,34,1127.3438119109203
56,35,1192.5628080118968
56,36,1234.85779
56,37,1258.7369207541387
56,38,1266.5092172985078
56,39,1259.933910193623
56,40,1240.77023
56,41,1211.7277258789609
56,42,1179.3172213950484
56,43,1150.9998587136122
56,44,1134.23678
56,45,1133.0685613550177
56,46,1137.853514621298
56,47,1135.529385576929
56,48,1113.03392
56,49,1061.420608075967
56,50,988.2059176197594
56,51,905.0220608536716
56,52,823.50125
56,53,753.1254974348627
56,54,694.7760161496651
56,55,647.1838192896349
56,56,609.07992
56,57,578.2364717158321
56,58,548.5901890315804
56,59,513.1189268315385
56,60,464.80054000000007
56,61,399.3132696080591
56,62,323.13690147401337
56,63,245.4516076029609
56,64,175.43756
56,65,120.3110734456815
56,66,0.0
56,67,0.0
56,68,0.0
56,69,0.0
56,70,0.0
56,71,0.0
56,72,0.0
56,73,0.0
56,74,0.0
56,75,0.0
56,76,0.0
56,77,0.0
56,78,0.0
56,79,0.0
56,80,0.0
56,81,0.0
56,82,0.0
56,83,0.0
56,84,0.0
56,85,0.0
56,86,0.0
56,87,0.0
56,88,0.0
56,89,0.0
56,90,0.0
56,91,0.0
56,92,0.0
56,93,0.0
56,94,0.0
56,95,0.0
57,0,0.0
57,1,0.0
57,2,0.0
57,3,0.0
57,4,0.0
57,5,0.0
57,6,0.0
57,7,0.0
57,8,0.0
57,9,0.0
57,10,0.0
57,11,0.0
57,12,0.0
57,13,0.0
57,14,0.0
57,15,0.0
57,16,0.0
57,17,0.0
57,18,0.0
57,19,0.0
57,20,0.0
57,21,0.0
57,22,0.0
57,23,0.0
57,24,0.0
57,25,0.0
57,26,0.0
57,27,135.51685230255748
57,28,257.3235199999999
57,29,436.0034668276578
57,30,644.6434368770342
57,31,847.9741134878933
57,32,1010.72618
57,33,1105.0894631616152
57,34,1133.0903633549892
57,35,1104.2144243708683
57,36,1027.9471900000003
57,37,916.7482781821308
57,38,794.9736034530088
57,39,689.9531544973825
57,40,629.01692
57,41,630.1142800473617
57,42,673.6721803329757
57,43,730.7369579521018
57,44,772.35495
57,45,776.9662613159222
57,46,752.5860677150885
57,47,714.6233127567104
57,48,678.48694
57,49,655.7884390639491
57,50,642.9494838066704
57,51,632.5942941460564
57,52,617.34709
57,53,592.6593764907811
57,54,565.2917995582297
57,55,544.8322903465636
57,56,540.86878
57,57,559.3537776291765
57,58,591.6981042104106
57,59,625.6771586864394
57,60,649.06634
57,61,651.2611518987626
57,62,628.1375173501278
57,63,577.1914641264293
57,64,495.9190200000001
57,65,385.5274918070229
57,66,262.0693026390777
57,67,145.30815465159372
57,68,0.0
57,69,0.0
57,70,0.0
57,71,0.0
57,72,0.0
57,73,0.0
57,74,0.0
57,75,0.0
57,76,0.0
57,77,0.0
57,78,0.0
57,79,0.0
57,80,0.0
57,81,0.0
57,82,0.0
57,83,0.0
57,84,0.0
57,85,0.0
57,86,0.0
57,87,0.0
57,88,0.0
57,89,0.0
57,90,0.0
57,91,0.0
57,92,0.0
57,93,0.0
57,94,0.0
57,95,0.0
58,0,0.0
58,1,0.0
58,2,0.0
58,3,0.0
58,4,0.0
58,5,0.0
58,6,0.0
58,7,0.0
58,8,0.0
58,9,0.0
58,10,0.0
58,11,0.0
58,12,0.0
58,13,0.0
58,14,0.0
58,15,0.0
58,16,0.0
58,17,0.0
58,18,0.0
58,19,0.0
58,20,0.0
58,21,0.0
58,22,0.0
58,23,0.0
58,24,0.0
58,25,0.0
58,26,0.0
58,27,148.42480219835997
58,28,230.4388
58,29,331.96640269531423
58,30,443.3925786724624
58,31,552.8040328133793
58,32,648.28747
58,33,720.4183896948495
58,34,769.7274696828146
58,35,799.2341823293724
58,36,811.958
58,37,811.4948991502878
58,38,803.7468725962791
58,39,795.1924172441311
58,40,792.31003
58,41,799.5735304227494
58,42,813.4380286820685
58,43,828.3539576003535
58,44,838.77175
58,45,840.7559004087146
58,46,836.8271501754466
58,47,831.1203023544551
58,48,827.77016
58,49,828.6670859111418
58,50,826.7236818661451
58,51,812.6081093880761
58,52,776.98853
58,53,714.3703739154682
58,54,634.6081461099727
58,55,551.3936202494909
58,56,478.41857
58,57,425.8035024894852
58,58,389.3838586939637
58,59,361.4238130514602
58,60,334.18754
58,61,301.6260397203408
58,62,264.4376153641726
58,63,225.007395825918
58,64,185.72051
58,65,148.66031237915143
58,66,0.0
58,67,0.0
58,68,0.0
58,69,0.0
58,70,0.0
58,71,0.0
58,72,0.0
58,73,0.0
58,74,0.0
58,75,0.0
58,76,0.0
58,77,0.0
58,78,0.0
58,79,0.0
58,80,0.0
58,81,0.0
58,82,0.0
58,83,0.0
58,84,0.0
58,85,0.0
58,86,0.0
58,87,0.0
58,88,0.0
58,89,0.0
58,90,0.0
58,91,0.0
58,92,0.0
58,93,0.0
58,94,0.0
58,95,0.0
59,0,0.0
59,1,0.0
59,2,0.0
59,3,0.0
59,4,0.0
59,5,0.0
59,6,0.0
59,7,0.0
59,8,0.0
59,9,0.0
59,10,0.0
59,11,0.0
59,12,0.0
59,13,0.0
59,14,0.0
59,15,0.0
59,16,0.0
59,17,0.0
59,18,0.0
59,19,0.0
59,20,0.0
59,21,0.0
59,22,0.0
59,23,0.0
59,24,0.0
59,25,0.0
59,26,250.31179611598768
59,27,420.05927179465823
59,28,612.21716
59,29,815.4146983513443
59,30,1014.9610126066856
59,31,1195.335200558684
59,32,1341.01636
59,33,1441.2520437465494
59,34,1504.3636247072702
59,35,1543.4409308143556
59,36,1571.57379
59,37,1598.9045458812084
59,38,1623.785604814234
59,39,1641.621888840143
59,40,1647.81832
59,41,1639.813056634868
59,42,1623.1772022857945
59,43,1605.5150967938237
59,44,1594.43108
59,45,1595.11340179807
59,46,1603.0859522925891
59,47,1611.4565316408132
59,48,1613.33294
59,49,1603.9221178916016
59,50,1586.8275672938505
59,51,1567.751930549174
59,52,1552.39785
59,53,1544.9991150730234
59,54,1543.91410353201
59,55,1546.0323402249908
59,56,1548.24335
59,57,1547.7398908788043
59,58,1542.9276535781112
59,59,1532.5155619883622
59,60,1515.21254
59,61,1486.9652023492592
59,62,1432.6709271555458
59,63,1334.46478338406
59,64,1174.48184
59,65,945.0287884741592
59,66,679.0988102997052
59,67,419.8567094753984
59,68,210.46729
59,69,0.0
59,70,0.0
59,71,0.0
59,72,0.0
59,73,0.0
59,74,0.0
59,75,0.0
59,76,0.0
59,77,0.0
59,78,0.0
59,79,0.0
59,80,0.0
59,81,0.0
59,82,0.0
59,83,0.0
59,84,0.0
59,85,0.0
59,86,0.0
59,87,0.0
59,88,0.0
59,89,0.0
59,90,0.0
59,91,0.0
59,92,0.0
59,93,0.0
59,94,0.0
59,95,0.0
60,0,0.0
60,1,0.0
60,2,0.0
60,3,0.0
60,4,0.0
60,5,0.0
60,6,0.0
60,7,0.0
60,8,0.0
60,9,0.0
60,10,0.0
60,11,0.0
60,12,0.0
60,13,0.0
60,14,0.0
60,15,0.0
60,16,0.0
60,17,0.0
60,18,0.0
60,19,0.0
60,20,0.0
60,21,0.0
60,22,0.0
60,23,0.0
60,24,0.0
60,25,195.71337586957853
60,26,390.256179102741
60,27,623.7239277845331
60,28,877.50354
60,29,1132.9405345232576
60,30,1371.2148328847
60,31,1573.4649573037932
60,32,1720.82943
60,33,1800.9642200998917
60,34,1827.5950843584587
60,35,1820.965226437796
60,36,1801.31785
60,37,1785.312598827175
60,38,1775.2748771814656
60,39,1769.9465294450229
60,40,1768.0694
60,41,1768.270495685157
60,42,1768.7174731656792
60,43,1767.4631515633623
60,44,1762.5603499999995
60,45,1752.638576713449
60,46,1738.634096405818
60,47,1722.0598628952778
60,48,1704.42883
60,49,1687.215617617297
60,50,1671.7415099610491
60,51,1659.2894573242763
60,52,1651.1424100000002
60,53,1648.1104387548617
60,54,1649.1120962499858
60,55,1652.5930556201167
60,56,1656.99899
60,57,1660.1259950195065
60,58,1657.171856289008
60,59,1642.6847819140064
60,60,1611.21298
60,61,1556.657617573365
60,62,1470.3316973439823
60,63,1342.9011809426086
60,64,1165.03203
60,65,934.7828806245336
60,66,679.7830668350631
60,67,435.0545971280607
60,68,235.61948
60,69,0.0
60,70,0.0
60,71,0.0
60,72,0.0
60,73,0.0
60,74,0.0
60,75,0.0
60,76,0.0
60,77,0.0
60,78,0.0
60,79,0.0
60,80,0.0
60,81,0.0
60,82,0.0
60,83,0.0
60,84,0.0
60,85,0.0
60,86,0.0
60,87,0.0
60,88,0.0
60,89,0.0
60,90,0.0
60,91,0.0
60,92,0.0
60,93,0.0
60,94,0.0
60,95,0.0
61,0,0.0
61,1,0.0
61,2,0.0
61,3,0.0
61,4,0.0
61,5,0.0
61,6,0.0
61,7,0.0
61,8,0.0
61,9,0.0
61,10,0.0
61,11,0.0
61,12,0.0
61,13,0.0
61,14,0.0
61,15,0.0
61,16,0.0
61,17,0.0
61,18,0.0
61,19,0.0
61,20,0.0
61,21,0.0
61,22,0.0
61,23,0.0
61,24,0.0
61,25,181.7590201570389
61,26,362.2313068920168
61,27,581.8697151809863
61,28,825.80258
61,29,1078.0359621985865
61,30,1318.0868261201772
61,31,1524.3498619816792
61,32,1675.21976
61,33,1755.7893157361157
61,34,1777.9437461272748
61,35,1760.2663734547968
61,36,1721.34052
61,37,1677.706167356953
61,38,1637.729934370724
61,39,1607.7350991991334
61,40,1594.04494
61,41,1599.721623586074
61,42,1614.782871389829
61,43,1625.9852934986698
61,44,1620.0855
61,45,1588.274896892501
61,46,1539.4840738199591
61,47,1487.0784163374376
61,48,1444.42331
61,49,1421.6275372814223
61,50,1415.7734683303347
61,51,1420.68687021408
61,52,1430.1935100000003
61,53,1439.383844763059
61,54,1448.4070916087016
61,55,1458.6771576499937
61,56,1471.60795
61,57,1486.8789338225918
61,58,1497.231806484859
61,59,1493.6738234046963
61,60,1467.2122399999998
61,61,1409.543436352824
61,62,1315.1202912018634
61,63,1179.0848079499708
61,64,996.57899
61,65,769.2971495161106
61,66,525.1428337076873
61,67,298.57189854542025
61,68,124.04019999999998
61,69,0.0
61,70,0.0
61,71,0.0
61,72,0.0
61,73,0.0
61,74,0.0
61,75,0.0
61,76,0.0
61,77,0.0
61,78,0.0
61,79,0.0
61,80,0.0
61,81,0.0
61,82,0.0
61,83,0.0
61,84,0.0
61,85,0.0
61,86,0.0
61,87,0.0
61,88,0.0
61,89,0.0
61,90,0.0
61,91,0.0
61,92,0.0
61,93,0.0
61,94,0.0
61,95,0.0
62,0,0.0
62,1,0.0
62,2,0.0
62,3,0.0
62,4,0.0
62,5,0.0
62,6,0.0
62,7,0.0
62,8,0.0
62,9,0.0
62,10,0.0
62,11,0.0
62,12,0.0
62,13,0.0
62,14,0.0
62,15,0.0
62,16,0.0
62,17,0.0
62,18,0.0
62,19,0.0
62,20,0.0
62,21,0.0
62,22,0.0
62,23,0.0
62,24,0.0
62,25,0.0
62,26,0.0
62,27,127.1822179142452
62,28,182.9095
62,29,247.66876486345487
62,30,324.7442920129679
62,31,418.30216315599694
62,32,532.50846
62,33,668.3537291190771
62,34,814.1263765538963
62,35,954.9392732117672
62,36,1075.90529
62,37,1165.2245720977362
62,38,1223.4463617714468
62,39,1254.2071755594336
62,40,1261.14353
62,41,1249.3507798337275
62,42,1229.7596326103164
62,43,1214.7596340817472
62,44,1216.74033
62,45,1243.2340016923542
62,46,1282.3438727872883
62,47,1317.3159024885776
62,48,1331.39605
62,49,1310.8841658968547
62,50,1254.295666240531
62,51,1163.1998584639423
62,52,1039.16605
62,53,887.4949369077273
62,54,728.4127697505875
62,55,585.8771877181538
62,56,483.84583
62,57,438.18837569098616
62,58,432.42266350711935
62,59,441.9785720696928
62,60,442.28598
62,61,414.5906054845778
62,62,363.40152497093527
62,63,299.0436544718252
62,64,231.84191
62,65,170.59832924570296
62,66,0.0
62,67,0.0
62,68,0.0
62,69,0.0
62,70,0.0
62,71,0.0
62,72,0.0
62,73,0.0
62,74,0.0
62,75,0.0
62,76,0.0
62,77,0.0
62,78,0.0
62,79,0.0
62,80,0.0
62,81,0.0
62,82,0.0
62,83,0.0
62,84,0.0
62,85,0.0
62,86,0.0
62,87,0.0
62,88,0.0
62,89,0.0
62,90,0.0
62,91,0.0
62,92,0.0
62,93,0.0
62,94,0.0
62,95,0.0
63,0,0.0
63,1,0.0
63,2,0.0
63,3,0.0
63,4,0.0
63,5,0.0
63,6,0.0
63,7,0.0
63,8,0.0
63,9,0.0
63,10,0.0
63,11,0.0
63,12,0.0
63,13,0.0
63,14,0.0
63,15,0.0
63,16,0.0
63,17,0.0
63,18,0.0
63,19,0.0
63,20,0.0
63,21,0.0
63,22,0.0
63,23,0.0
63,24,0.0
63,25,0.0
63,26,0.0
63,27,163.87727359927877
63,28,231.50972
63,29,303.20047180751266
63,30,375.0273726089758
63,31,442.993532105951
63,32,503.10206
63,33,552.6598578742758
63,34,594.1889948382955
63,35,631.5153318831675
63,36,668.46473
63,37,707.5929043516344
63,38,746.3749867878425
63,39,781.0159633301295
63,40,807.72082
63,41,823.546667062937
63,42,828.9591117603345
63,43,825.2758855775647
63,44,813.81472
63,45,796.097066146618
63,46,774.4592536708195
63,47,751.4413318596114
63,48,729.58335
63,49,711.0607285068412
63,50,696.5903723063874
63,51,686.5245574527399
63,52,681.21556
63,53,681.5334499822669
63,54,690.4194733536308
63,55,711.3326700481791
63,56,747.73208
63,57,800.4799551578409
63,58,860.0513955290896
63,59,914.3247131357932
63,60,951.17822
63,61,959.7491407926192
63,62,934.210350780011
63,63,869.9936378773972
63,64,762.53079
63,65,612.4359501091819
63,66,441.0526813508667
63,67,274.90690191711803
63,68,140.52453
63,69,0.0
63,70,0.0
63,71,0.0
63,72,0.0
63,73,0.0
63,74,0.0
63,75,0.0
63,76,0.0
63,77,0.0
63,78,0.0
63,79,0.0
63,80,0.0
63,81,0.0
63,82,0.0
63,83,0.0
63,84,0.0
63,85,0.0
63,86,0.0
63,87,0.0
63,88,0.0
63,89,0.0
63,90,0.0
63,91,0.0
63,92,0.0
63,93,0.0
63,94,0.0
63,95,0.0
64,0,0.0
64,1,0.0
64,2,0.0
64,3,0.0
64,4,0.0
64,5,0.0
64,6,0.0
64,7,0.0
64,8,0.0
64,9,0.0
64,10,0.0
64,11,0.0
64,12,0.0
64,13,0.0
64,14,0.0
64,15,0.0
64,16,0.0
64,17,0.0
64,18,0.0
64,19,0.0
64,20,0.0
64,21,0.0
64,22,0.0
64,23,0.0
64,24,0.0
64,25,212.10379070772595
64,26,431.8034293414032
64,27,686.8632258043791
64,28,951.45035
64,29,1201.7752136726149
64,30,1422.2211959305812
64,31,1599.2149177232568
64,32,1719.183
64,33,1774.5559847580632
64,34,1781.7800981862715
64,35,1763.3054875213445
64,36,1741.5823
64,37,1734.002648545132
64,38,1737.7265088243323
64,39,1744.8558221913663
64,40,1747.49253
64,41,1739.9671426239083
64,42,1725.5244465163998
64,43,1709.6377971506913
64,44,1697.78055
64,45,1692.4253509592345
64,46,1684.0420076100684
64,47,1660.0996179558686
64,48,1608.06728
64,49,1521.7512769766545
64,50,1420.306633043326
64,51,1329.2255575883348
64,52,1274.00026
64,53,1270.5393314466478
64,54,1296.4168902166273
64,55,1319.6234363782928
64,56,1308.14947
64,57,1239.223018330504
64,58,1127.022217340165
64,59,994.9627301797436
64,60,866.46022
64,61,759.3512119500856
64,62,669.1556791727122
64,63,585.8144568089829
64,64,499.26838
64,65,402.7724618379041
64,66,302.838427218986
64,67,209.29217899057488
64,68,131.95962000000003
64,69,0.0
64,70,0.0
64,71,0.0
64,72,0.0
64,73,0.0
64,74,0.0
64,75,0.0
64,76,0.0
64,77,0.0
64,78,0.0
64,79,0.0
64,80,0.0
64,81,0.0
64,82,0.0
64,83,0.0
64,84,0.0
64,85,0.0
64,86,0.0
64,87,0.0
64,88,0.0
64,89,0.0
64,90,0.0
64,91,0.0
64,92,0.0
64,93,0.0
64,94,0.0
64,95,0.0
65,0,0.0
65,1,0.0
65,2,0.0
65,3,0.0
65,4,0.0
65,5,0.0
65,6,0.0
65,7,0.0
65,8,0.0
65,9,0.0
65,10,0.0
65,11,0.0
65,12,0.0
65,13,0.0
65,14,0.0
65,15,0.0
65,16,0.0
65,17,0.0
65,18,0.0
65,19,0.0
65,20,0.0
65,21,0.0
65,22,0.0
65,23,0.0
65,24,0.0
65,25,227.34451137193165
65,26,419.35781290994976
65,27,644.3564629929929
65,28,882.33398
65,29,1114.2317411404342
65,30,1324.7825589458555
65,31,1499.667104778349
65,32,1624.56605
65,33,1690.7536257850825
65,34,1711.8783025566288
65,35,1707.1821105498611
65,36,1695.9070799999995
65,37,1693.0117007192357
65,38,1696.3203008276284
65,39,1699.3736680222066
65,40,1695.7125900000003
65,41,1680.4808664942257
65,42,1655.2343453828578
65,43,1623.1318865800613
65,44,1587.33235
65,45,1551.131972053863
65,46,1518.3764951409405
65,47,1493.0490381575476
65,48,1479.13272
65,49,1478.2194845090726
65,50,1482.3365753033806
65,51,1481.120060945998
65,52,1464.20601
65,53,1425.175863503596
65,54,1373.3925523955372
65,55,1322.16438008971
65,56,1284.79965
65,57,1269.8554294452929
65,58,1266.88384136447
65,59,1260.6857726014125
65,60,1236.0621100000003
65,61,1180.5390846527323
65,62,1092.544304646582
65,63,973.2307223171416
65,64,823.75129
65,65,648.6066292875273
65,66,465.68803879920017
65,67,296.2344864112729
65,68,161.48494
65,69,0.0
65,70,0.0
65,71,0.0
65,72,0.0
65,73,0.0
65,74,0.0
65,75,0.0
65,76,0.0
65,77,0.0
65,78,0.0
65,79,0.0
65,80,0.0
65,81,0.0
65,82,0.0
65,83,0.0
65,84,0.0
65,85,0.0
65,86,0.0
65,87,0.0
65,88,0.0
65,89,0.0
65,90,0.0
65,91,0.0
65,92,0.0
65,93,0.0
65,94,0.0
65,95,0.0
66,0,0.0
66,1,0.0
66,2,0.0
66,3,0.0
66,4,0.0
66,5,0.0
66,6,0.0
66,7,0.0
66,8,0.0
66,9,0.0
66,10,0.0
66,11,0.0
66,12,0.0
66,13,0.0
66,14,0.0
66,15,0.0
66,16,0.0
66,17,0.0
66,18,0.0
66,19,0.0
66,20,0.0
66,21,0.0
66,22,0.0
66,23,0.0
66,24,0.0
66,25,0.0
66,26,160.3616211991016
66,27,247.3980399139006
66,28,357.5527200000001
66,29,490.1667319677132
66,30,637.8362504852017
66,31,791.4712262600895
66,32,941.9816100000002
66,33,1079.7959279006454
66,34,1193.4170081100913
66,35,1270.866254264491
66,36,1300.16507
66,37,1275.6936065859556
66,38,1217.2670058244332
66,39,1151.059157150695
66,40,1103.24395
66,41,1093.5362651305331
66,42,1115.814948592175
66,43,1157.4998377577292
66,44,1206.01077
66,45,1249.7237197669117
66,46,1280.8392098068673
66,47,1292.513899943389
66,48,1277.9044499999998
66,49,1234.5599162705698
66,50,1177.598940930356
66,51,1126.5325626249648
66,52,1100.87182
66,53,1114.4367506195597
66,54,1158.2833877217074
66,55,1217.7767634630022
66,56,1278.28191
66,57,1326.421422188693
66,58,1353.8481456828133
66,59,1353.4724888355263
66,60,1318.20486
66,61,1243.371914219418
66,62,1133.9652932970394
66,63,997.3928857261408
66,64,841.06258
66,65,673.2841224961348
66,66,505.9746911290296
66,67,351.9533216974094
66,68,224.03905
66,69,131.72384642104257
66,70,0.0
66,71,0.0
66,72,0.0
66,73,0.0
66,74,0.0
66,75,0.0
66,76,0.0
66,77,0.0
66,78,0.0
66,79,0.0
66,80,0.0
66,81,0.0
66,82,0.0
66,83,0.0
66,84,0.0
66,85,0.0
66,86,0.0
66,87,0.0
66,88,0.0
66,89,0.0
66,90,0.0
66,91,0.0
66,92,0.0
66,93,0.0
66,94,0.0
66,95,0.0
67,0,0.0
67,1,0.0
67,2,0.0
67,3,0.0
67,4,0.0
67,5,0.0
67,6,0.0
67,7,0.0
67,8,0.0
67,9,0.0
67,10,0.0
67,11,0.0
67,12,0.0
67,13,0.0
67,14,0.0
67,15,0.0
67,16,0.0
67,17,0.0
67,18,0.0
67,19,0.0
67,20,0.0
67,21,0.0
67,22,0.0
67,23,0.0
67,24,0.0
67,25,0.0
67,26,151.3439704328607
67,27,248.5460455791339
67,28,392.64851
67,29,586.3523803700783
67,30,799.3981020983716
67,31,993.2859777774788
67,32,1129.51631
67,33,1180.8405475120298
67,34,1165.014723673653
67,35,1111.046017998449
67,36,1047.94161
67,37,999.7408098943016
67,38,970.6114507070168
67,39,959.7534961662232
67,40,966.36691
67,41,986.8907363482627
67,42,1006.72034099828
67,43,1008.4901701491568
67,44,974.83467
67,45,894.5080836188968
67,46,780.7438415498634
67,47,652.8951712058986
67,48,530.3153
67,49,428.7509090199
67,50,349.52249405226587
67,51,290.34400455849885
67,52,248.92939
67,53,222.58228108275333
67,54,206.96503349107303
67,55,197.32968415385625
67,56,188.92827
67,57,177.92062664908687
67,58,164.09778448344198
67,59,148.1585725760761
67,60,130.80182
67,61,0.0
67,62,0.0
67,63,0.0
67,64,0.0
67,65,0.0
67,66,0.0
67,67,0.0
67,68,0.0
67,69,0.0
67,70,0.0
67,71,0.0
67,72,0.0
67,73,0.0
67,74,0.0
67,75,0.0
67,76,0.0
67,77,0.0
67,78,0.0
67,79,0.0
67,80,0.0
67,81,0.0
67,82,0.0
67,83,0.0
67,84,0.0
67,85,0.0
67,86,0.0
67,87,0.0
67,88,0.0
67,89,0.0
67,90,0.0
67,91,0.0
67,92,0.0
67,93,0.0
67,94,0.0
67,95,0.0
68,0,0.0
68,1,0.0
68,2,0.0
68,3,0.0
68,4,0.0
68,5,0.0
68,6,0.0
68,7,0.0
68,8,0.0
68,9,0.0
68,10,0.0
68,11,0.0
68,12,0.0
68,13,0.0
68,14,0.0
68,15,0.0
68,16,0.0
68,17,0.0
68,18,0.0
68,19,0.0
68,20,0.0
68,21,0.0
68,22,0.0
68,23,0.0
68,24,0.0
68,25,0.0
68,26,0.0
68,27,0.0
68,28,0.0
68,29,0.0
68,30,0.0
68,31,125.995708929559
68,32,132.60575
68,33,137.944832814652
68,34,144.67416760035573
68,35,155.80125858588158
68,36,174.33361
68,37,201.42124912589065
68,38,230.78429546437016
68,39,254.2853915706646
68,40,263.78718
68,41,254.06956708803548
68,42,231.58151429216352
68,43,205.68924685020977
68,44,185.75899
68,45,180.7395750219675
68,46,197.91025736697583
68,47,244.13289852849624
68,48,326.26936
68,49,446.3068437615946
68,50,586.7339137399332
68,51,725.1644743483051
68,52,839.21243
68,53,910.587648837904
68,54,937.3838539232914
68,55,921.790732047033
68,56,865.99797
68,57,774.756479793039
68,58,663.062074316901
68,59,548.4717916823124
68,60,448.54267
68,61,376.1327310524397
68,62,325.30393130910466
68,63,285.41921091121725
68,64,245.84151
68,65,198.71725568470225
68,66,147.32682294668052
68,67,0.0
68,68,0.0
68,69,0.0
68,70,0.0
68,71,0.0
68,72,0.0
68,73,0.0
68,74,0.0
68,75,0.0
68,76,0.0
68,77,0.0
68,78,0.0
68,79,0.0
68,80,0.0
68,81,0.0
68,82,0.0
68,83,0.0
68,84,0.0
68,85,0.0
68,86,0.0
68,87,0.0
68,88,0.0
68,89,0.0
68,90,0.0
68,91,0.0
68,92,0.0
68,93,0.0
68,94,0.0
68,95,0.0
69,0,0.0
69,1,0.0
69,2,0.0
69,3,0.0
69,4,0.0
69,5,0.0
69,6,0.0
69,7,0.0
69,8,0.0
69,9,0.0
69,10,0.0
69,11,0.0
69,12,0.0
69,13,0.0
69,14,0.0
69,15,0.0
69,16,0.0
69,17,0.0
69,18,0.0
69,19,0.0
69,20,0.0
69,21,0.0
69,22,0.0
69,23,0.0
69,24,0.0
69,25,0.0
69,26,0.0
69,27,0.0
69,28,128.96833999999998
69,29,174.58052591666447
69,30,222.4225053938993
69,31,269.9524346741846
69,32,314.62847
69,33,356.0983914168229
69,34,402.7684741821209
69,35,465.2346173563582
69,36,554.09272
69,37,675.1109606035436
69,38,814.7466353776174
69,39,954.6293199628824
69,40,1076.38859
69,41,1165.8052591377527
69,42,1225.2650930574096
69,43,1261.305095448362
69,44,1280.46227
69,45,1288.8392208141956
69,46,1290.8009536427437
69,47,1290.2780746499202
69,48,1291.20119
69,49,1296.3624569804645
69,50,1304.0002373716145
69,51,1311.2144440769575
69,52,1315.10499
69,53,1313.0054984514468
69,54,1303.184434370798
69,55,1284.1439731047494
69,56,1254.38629
69,57,1214.4024314012472
69,58,1172.6389276451937
69,59,1139.531180066544
69,60,1125.5145900000002
69,61,1134.1289150060632
69,62,1141.3313375484254
69,63,1116.1833963165743
69,64,1027.74663
69,65,857.4561882619994
69,66,636.2416646611049
69,67,407.4062637296581
69,68,214.25319
69,69,0.0
69,70,0.0
69,71,0.0
69,72,0.0
69,73,0.0
69,74,0.0
69,75,0.0
69,76,0.0
69,77,0.0
69,78,0.0
69,79,0.0
69,80,0.0
69,81,0.0
69,82,0.0
69,83,0.0
69,84,0.0
69,85,0.0
69,86,0.0
69,87,0.0
69,88,0.0
69,89,0.0
69,90,0.0
69,91,0.0
69,92,0.0
69,93,0.0
69,94,0.0
69,95,0.0
70,0,0.0
70,1,0.0
70,2,0.0
70,3,0.0
70,4,0.0
70,5,0.0
70,6,0.0
70,7,0.0
70,8,0.0
70,9,0.0
70,10,0.0
70,11,0.0
70,12,0.0
70,13,0.0
70,14,0.0
70,15,0.0
70,16,0.0
70,17,0.0
70,18,0.0
70,19,0.0
70,20,0.0
70,21,0.0
70,22,0.0
70,23,0.0
70,24,0.0
70,25,0.0
70,26,0.0
70,27,0.0
70,28,0.0
70,29,150.4465400815846
70,30,308.5836946086633
70,31,479.59606183141045
70,32,636.40549
70,33,757.3438042843524
70,34,842.3827375333707
70,35,896.9039995157037
70,36,926.2893
70,37,936.8542871560056
70,38,938.650362757854
70,39,942.6628669807752
70,40,959.87714
70,41,996.0020688103748
70,42,1035.6407276852135
70,43,1058.119737717445
70,44,1042.76572
70,45,977.0521708837445
70,46,881.0400877512922
70,47,782.9373432431937
70,48,710.95181
70,49,685.1909071858976
70,50,693.3602400596181
70,51,715.0649604035297
70,52,729.91022
70,53,722.6489544351654
70,54,698.625234510235
70,55,668.3309148301875
70,56,642.25785
70,57,628.360319135941
70,58,624.4422993994413
70,59,625.7701924632206
70,60,627.6104
70,61,627.08093823982
70,62,628.7062816419999
70,63,638.8625192231801
70,64,663.92574
70,65,704.9938824360296
70,66,742.0522827825592
70,67,749.8081267378093
70,68,702.9686
70,69,586.4691896723119
70,70,426.15858847776326
70,71,258.11379054433326
70,72,0.0
70,73,0.0
70,74,0.0
70,75,0.0
70,76,0.0
70,77,0.0
70,78,0.0
70,79,0.0
70,80,0.0
70,81,0.0
70,82,0.0
70,83,0.0
70,84,0.0
70,85,0.0
70,86,0.0
70,87,0.0
70,88,0.0
70,89,0.0
70,90,0.0
70,91,0.0
70,92,0.0
70,93,0.0
70,94,0.0
70,95,0.0
71,0,0.0
71,1,0.0
71,2,0.0
71,3,0.0
71,4,0.0
71,5,0.0
71,6,0.0
71,7,0.0
71,8,0.0
71,9,0.0
71,10,0.0
71,11,0.0
71,12,0.0
71,13,0.0
71,14,0.0
71,15,0.0
71,16,0.0
71,17,0.0
71,18,0.0
71,19,0.0
71,20,0.0
71,21,0.0
71,22,0.0
71,23,0.0
71,24,0.0
71,25,0.0
71,26,0.0
71,27,0.0
71,28,0.0
71,29,231.6944212088668
71,30,440.29880429639314
71,31,671.321317735723
71,32,894.90915
71,33,1086.091922737845
71,34,1239.4289902997882
71,35,1354.3621402118372
71,36,1430.33316
71,37,1468.184764089753
71,38,1474.3633745044533
71,39,1456.716340166927
71,40,1423.0910100000003
71,41,1380.4304468406433
71,42,1332.0605691823991
71,43,1280.4030094329562
71,44,1227.8794
71,45,1176.4724229226747
71,46,1126.4089587659498
71,47,1077.4769377262496
71,48,1029.46429
71,49,983.2198167811569
71,50,943.835803253801
71,51,917.4654055995452
71,52,910.2617800000002
71,53,925.0743166714471
71,54,951.5373419688452
71,55,975.98141628182
71,56,984.7371
71,57,968.876813408054
71,58,938.4404163708192
71,59,908.2096286481748
71,60,892.96617
71,61,902.4773287588372
71,62,926.452667547879
71,63,949.5873175629812
71,64,956.57641
71,65,934.7249065565976
71,66,881.7770909376652
71,67,798.0870773499001
71,68,684.00898
71,69,543.2462736085218
71,70,392.89987495146
71,71,253.42006131866816
71,72,145.25711
71,73,0.0
71,74,0.0
71,75,0.0
71,76,0.0
71,77,0.0
71,78,0.0
71,79,0.0
71,80,0.0
71,81,0.0
71,82,0.0
71,83,0.0
71,84,0.0
71,85,0.0
71,86,0.0
71,87,0.0
71,88,0.0
71,89,0.0
71,90,0.0
71,91,0.0
71,92,0.0
71,93,0.0
71,94,0.0
71,95,0.0
72,0,0.0
72,1,0.0
72,2,0.0
72,3,0.0
72,4,0.0
72,5,0.0
72,6,0.0
72,7,0.0
72,8,0.0
72,9,0.0
72,10,0.0
72,11,0.0
72,12,0.0
72,13,0.0
72,14,0.0
72,15,0.0
72,16,0.0
72,17,0.0
72,18,0.0
72,19,0.0
72,20,0.0
72,21,0.0
72,22,0.0
72,23,0.0
72,24,0.0
72,25,0.0
72,26,0.0
72,27,0.0
72,28,0.0
72,29,0.0
72,30,0.0
72,31,0.0
72,32,0.0
72,33,123.18098791836132
72,34,142.16542271503056
72,35,159.70771365418452
72,36,172.97884
72,37,181.1465537551941
72,38,191.3656978766459
72,39,212.7878880597748
72,40,254.56474
72,41,322.4378953421122
72,42,408.5090995283858
72,43,501.4701239504666
72,44,590.01274
72,45,665.2635564388571
72,46,728.0885315098105
72,47,781.7884608258588
72,48,829.66414
72,49,873.1135846837095
72,50,905.9236906823716
72,51,919.978573839848
72,52,907.16235
72,53,863.4209796700547
72,54,800.9478020107026
72,55,735.998000845999
72,56,684.82676
72,57,659.2860381985713
72,58,653.6148937748183
72,59,657.649159963656
72,60,661.22467
72,61,655.4787605044099
72,62,636.7547816400245
72,63,602.6975869556268
72,64,550.95203
72,65,480.9925316587889
72,66,399.611782165084
72,67,315.432039088837
72,68,237.07556
72,69,171.4832131729344
72,70,0.0
72,71,0.0
72,72,0.0
72,73,0.0
72,74,0.0
72,75,0.0
72,76,0.0
72,77,0.0
72,78,0.0
72,79,0.0
72,80,0.0
72,81,0.0
72,82,0.0
72,83,0.0
72,84,0.0
72,85,0.0
72,86,0.0
72,87,0.0
72,88,0.0
72,89,0.0
72,90,0.0
72,91,0.0
72,92,0.0
72,93,0.0
72,94,0.0
72,95,0.0
73,0,0.0
73,1,0.0
73,2,0.0
73,3,0.0
73,4,0.0
73,5,0.0
73,6,0.0
73,7,0.0
73,8,0.0
73,9,0.0
73,10,0.0
73,11,0.0
73,12,0.0
73,13,0.0
73,14,0.0
73,15,0.0
73,16,0.0
73,17,0.0
73,18,0.0
73,19,0.0
73,20,0.0
73,21,0.0
73,22,0.0
73,23,0.0
73,24,0.0
73,25,0.0
73,26,0.0
73,27,0.0
73,28,0.0
73,29,272.66104629510414
73,30,486.3918820867627
73,31,725.09385933504
73,32,962.01791
73,33,1174.287034072521
73,34,1354.512503666732
73,35,1499.1776589275776
73,36,1604.76584
73,37,1668.7227052273129
73,38,1692.3431857463088
73,39,1677.8845308921502
73,40,1627.60399
73,41,1545.925734236978
73,42,1445.941622098033
73,43,1342.910433910071
73,44,1252.09095
73,45,1185.9962839185262
73,46,1146.1568821115602
73,47,1131.3575242488143
73,48,1140.38299
73,49,1170.292153526418
73,50,1211.2402669557266
73,51,1251.6566769071717
73,52,1279.9707299999998
73,53,1288.1643838508012
73,54,1282.430040065534
73,55,1272.5127112474995
73,56,1268.1574100000005
73,57,1276.667857945377
73,58,1295.5826127821374
73,59,1319.9989412278292
73,60,1345.01411
73,61,1366.4831246801914
73,62,1383.2919463059168
73,63,1395.084274778684
73,64,1401.50381
73,65,1399.011032240108
73,66,1371.3335432441954
73,67,1299.0157251261849
73,68,1162.6019600000002
73,69,952.848557921876
73,70,701.3595407173016
73,71,449.950858154076
73,72,240.43846
73,73,0.0
73,74,0.0
73,75,0.0
73,76,0.0
73,77,0.0
73,78,0.0
73,79,0.0
73,80,0.0
73,81,0.0
73,82,0.0
73,83,0.0
73,84,0.0
73,85,0.0
73,86,0.0
73,87,0.0
73,88,0.0
73,89,0.0
73,90,0.0
73,91,0.0
73,92,0.0
73,93,0.0
73,94,0.0
73,95,0.0
74,0,0.0
74,1,0.0
74,2,0.0
74,3,0.0
74,4,0.0
74,5,0.0
74,6,0.0
74,7,0.0
74,8,0.0
74,9,0.0
74,10,0.0
74,11,0.0
74,12,0.0
74,13,0.0
74,14,0.0
74,15,0.0
74,16,0.0
74,17,0.0
74,18,0.0
74,19,0.0
74,20,0.0
74,21,0.0
74,22,0.0
74,23,0.0
74,24,0.0
74,25,0.0
74,26,0.0
74,27,0.0
74,28,0.0
74,29,268.6574374135959
74,30,496.4329960725173
74,31,736.36563669518
74,32,948.72928
74,33,1102.5726016364997
74,34,1202.043296978629
74,35,1260.0638163314436
74,36,1289.55661
74,37,1302.4584508841551
74,38,1306.763402262967
74,39,1309.4798500102954
74,40,1317.61618
74,41,1335.8598285768803
74,42,1359.6144339695031
74,43,1381.9626848773737
74,44,1395.98727
74,45,1396.6566649645729
74,46,1386.4824931090209
74,47,1369.8621646989584
74,48,1351.19309
74,49,1333.7833567210794
74,50,1316.5837623444145
74,51,1297.4557817955415
74,52,1274.26089
74,53,1246.9297653386095
74,54,1223.6699000133228
74,55,1214.7579896813745
74,56,1230.47073
74,57,1276.4436972369824
74,58,1339.7479901022948
74,59,1402.8135879164604
74,60,1448.07047
74,61,1462.9749288384612
74,62,1455.088509577496
74,63,1436.9990705277833
74,64,1421.29447
74,65,1414.093472565423
74,66,1395.63846783772
74,67,1339.7027516911571
74,68,1220.0596199999998
74,69,1021.8004026185964
74,70,775.2885653216232
74,71,522.2056078638382
74,72,304.23303
74,73,153.33661930394078
74,74,0.0
74,75,0.0
74,76,0.0
74,77,0.0
74,78,0.0
74,79,0.0
74,80,0.0
74,81,0.0
74,82,0.0
74,83,0.0
74,84,0.0
74,85,0.0
74,86,0.0
74,87,0.0
74,88,0.0
74,89,0.0
74,90,0.0
74,91,0.0
74,92,0.0
74,93,0.0
74,94,0.0
74,95,0.0
75,0,0.0
75,1,0.0
75,2,0.0
75,3,0.0
75,4,0.0
75,5,0.0
75,6,0.0
75,7,0.0
75,8,0.0
75,9,0.0
75,10,0.0
75,11,0.0
75,12,0.0
75,13,0.0
75,14,0.0
75,15,0.0
75,16,0.0
75,17,0.0
75,18,0.0
75,19,0.0
75,20,0.0
75,21,0.0
75,22,0.0
75,23,0.0
75,24,0.0
75,25,0.0
75,26,0.0
75,27,0.0
75,28,128.01863
75,29,315.90089781716256
75,30,558.8938446252305
75,31,820.3105716206832
75,32,1063.46418
75,33,1257.8862814083243
75,34,1397.9825292854562
75,35,1484.3770875198602
75,36,1517.69412
75,37,1500.9611560807905
75,38,1446.8191869829448
75,39,1370.3125693936267
75,40,1286.48566
75,41,1207.7762314560148
75,42,1136.1957202827657
75,43,1071.148978968134
75,44,1012.04086
75,45,958.5567751264008
75,46,911.504373135993
75,47,871.9718620775886
75,48,841.04745
75,49,819.2918950696321
75,50,805.1561559232626
75,51,796.5637413152617
75,52,791.43816
75,53,787.5980553763208
75,54,782.4426094209571
75,55,773.266138755115
75,56,757.36296
75,57,733.0668807688351
75,58,702.8696726429093
75,59,670.302598195529
75,60,638.89692
75,61,612.8272042045894
75,62,598.8412312574058
75,63,604.3300851815195
75,64,636.68485
75,65,697.1930539753081
75,66,762.7280023274675
75,67,804.0594445158931
75,68,791.95713
75,69,707.2065316129285
75,70,570.656015682724
75,71,413.1696719111576
75,72,265.61159
75,73,152.66559504172744
75,74,0.0
75,75,0.0
75,76,0.0
75,77,0.0
75,78,0.0
75,79,0.0
75,80,0.0
75,81,0.0
75,82,0.0
75,83,0.0
75,84,0.0
75,85,0.0
75,86,0.0
75,87,0.0
75,88,0.0
75,89,0.0
75,90,0.0
75,91,0.0
75,92,0.0
75,93,0.0
75,94,0.0
75,95,0.0
76,0,0.0
76,1,0.0
76,2,0.0
76,3,0.0
76,4,0.0
76,5,0.0
76,6,0.0
76,7,0.0
76,8,0.0
76,9,0.0
76,10,0.0
76,11,0.0
76,12,0.0
76,13,0.0
76,14,0.0
76,15,0.0
76,16,0.0
76,17,0.0
76,18,0.0
76,19,0.0
76,20,0.0
76,21,0.0
76,22,0.0
76,23,0.0
76,24,0.0
76,25,0.0
76,26,0.0
76,27,0.0
76,28,150.3297
76,29,335.8890596024997
76,30,565.7286366226167
76,31,797.3083828314254
76,32,988.08825
76,33,1106.0438117167046
76,34,1161.213128839064
76,35,1174.149884041891
76,36,1165.40776
76,37,1151.480308686931
76,38,1132.6205592711285
76,39,1105.021410219761
76,40,1064.8757599999997
76,41,1010.6365022855708
76,42,949.796511576424
76,43,892.108657579065
76,44,847.32581
76,45,821.9735807645347
76,46,809.6685506731756
76,47,800.8000427452286
76,48,785.75738
76,49,758.21378340629
76,50,724.9780657308738
76,51,696.1429376900207
76,52,681.80111
76,53,688.2255559228054
76,54,706.4102989033292
76,55,723.5296249321884
76,56,726.75782
76,57,706.5927250899883
76,58,666.8264011558091
76,59,614.5744641437254
76,60,556.95253
76,61,500.358046060991
76,62,448.3157852234343
76,63,403.6323517741604
76,64,369.11435
76,65,345.7579475410475
76,66,327.31756545045374
76,67,305.737188134633
76,68,272.96080000000006
76,69,223.86870814981867
76,70,165.08651047475084
76,71,0.0
76,72,0.0
76,73,0.0
76,74,0.0
76,75,0.0
76,76,0.0
76,77,0.0
76,78,0.0
76,79,0.0
76,80,0.0
76,81,0.0
76,82,0.0
76,83,0.0
76,84,0.0
76,85,0.0
76,86,0.0
76,87,0.0
76,88,0.0
76,89,0.0
76,90,0.0
76,91,0.0
76,92,0.0
76,93,0.0
76,94,0.0
76,95,0.0
77,0,0.0
77,1,0.0
77,2,0.0
77,3,0.0
77,4,0.0
77,5,0.0
77,6,0.0
77,7,0.0
77,8,0.0
77,9,0.0
77,10,0.0
77,11,0.0
77,12,0.0
77,13,0.0
77,14,0.0
77,15,0.0
77,16,0.0
77,17,0.0
77,18,0.0
77,19,0.0
77,20,0.0
77,21,0.0
77,22,0.0
77,23,0.0
77,24,0.0
77,25,0.0
77,26,0.0
77,27,0.0
77,28,0.0
77,29,0.0
77,30,0.0
77,31,0.0
77,32,0.0
77,33,0.0
77,34,0.0
77,35,130.32978270275652
77,36,171.55325
77,37,228.87008883442297
77,38,298.33603970490583
77,39,374.2462607229357
77,40,450.89591
77,41,522.8906868674554
77,42,586.0784555361373
77,43,636.6176214367507
77,44,670.66659
77,45,685.6086510395052
77,46,683.7266319005447
77,47,668.5282443113117
77,48,643.5212
77,49,612.088807255774
77,50,577.1167606116842
77,51,541.3663511617523
77,52,507.59887
77,53,479.1420257186488
77,54,461.5891969027186
77,55,461.10017963542913
77,56,483.8347700000001
77,57,533.1952873696309
77,58,601.5541442774413
77,59,678.5262765465312
77,60,753.72662
77,61,818.229155115328
77,62,868.9440409875161
77,63,904.2404813659464
77,64,922.48768
77,65,921.5568645128076
77,66,897.3273580224943
77,67,845.1805075209336
77,68,760.49766
77,69,642.3059483959416
77,70,504.2156494225068
77,71,363.4828257378186
77,72,237.36354
77,73,139.5554654971759
77,74,0.0
77,75,0.0
77,76,0.0
77,77,0.0
77,78,0.0
77,79,0.0
77,80,0.0
77,81,0.0
77,82,0.0
77,83,0.0
77,84,0.0
77,85,0.0
77,86,0.0
77,87,0.0
77,88,0.0
77,89,0.0
77,90,0.0
77,91,0.0
77,92,0.0
77,93,0.0
77,94,0.0
77,95,0.0
78,0,0.0
78,1,0.0
78,2,0.0
78,3,0.0
78,4,0.0
78,5,0.0
78,6,0.0
78,7,0.0
78,8,0.0
78,9,0.0
78,10,0.0
78,11,0.0
78,12,0.0
78,13,0.0
78,14,0.0
78,15,0.0
78,16,0.0
78,17,0.0
78,18,0.0
78,19,0.0
78,20,0.0
78,21,0.0
78,22,0.0
78,23,0.0
78,24,0.0
78,25,0.0
78,26,0.0
78,27,0.0
78,28,0.0
78,29,0.0
78,30,150.30854545529456
78,31,224.1961706931435
78,32,305.34777
78,33,390.3050163623535
78,34,478.6993375260304
78,35,570.9345999266923
78,36,667.4146700000001
78,37,767.1916565920382
78,38,863.9106381905839
78,39,949.8649356938377
78,40,1017.34787
78,41,1061.0058503944938
78,42,1084.8976397116337
78,43,1095.4350891729569
78,44,1099.0300500000003
78,45,1100.553774954986
78,46,1098.71512296288
78,47,1090.6823544893348
78,48,1073.62373
78,49,1046.339609785562
78,50,1014.158753436844
78,51,984.042020369704
78,52,962.95027
78,53,955.9531653558917
78,54,960.555583914744
78,55,972.3712067662244
78,56,987.013715
78,57,1000.4866480877472
78,58,1010.3529790291803
78,59,1014.5655392060236
78,60,1011.07716
78,61,998.2704414337452
78,62,976.2470580935352
78,63,945.5384532065576
78,64,906.67607
78,65,859.302659067898
78,66,799.5062004716799
78,67,722.4859816396219
78,68,623.44129
78,69,501.08504401341264
78,70,368.1846862697453
78,71,241.02129039120533
78,72,135.87593
78,73,0.0
78,74,0.0
78,75,0.0
78,76,0.0
78,77,0.0
78,78,0.0
78,79,0.0
78,80,0.0
78,81,0.0
78,82,0.0
78,83,0.0
78,84,0.0
78,85,0.0
78,86,0.0
78,87,0.0
78,88,0.0
78,89,0.0
78,90,0.0
78,91,0.0
78,92,0.0
78,93,0.0
78,94,0.0
78,95,0.0
79,0,0.0
79,1,0.0
79,2,0.0
79,3,0.0
79,4,0.0
79,5,0.0
79,6,0.0
79,7,0.0
79,8,0.0
79,9,0.0
79,10,0.0
79,11,0.0
79,12,0.0
79,13,0.0
79,14,0.0
79,15,0.0
79,16,0.0
79,17,0.0
79,18,0.0
79,19,0.0
79,20,0.0
79,21,0.0
79,22,0.0
79,23,0.0
79,24,0.0
79,25,0.0
79,26,0.0
79,27,0.0
79,28,0.0
79,29,0.0
79,30,0.0
79,31,0.0
79,32,0.0
79,33,128.63577675899444
79,34,152.0362638767398
79,35,175.07206905611534
79,36,199.10111
79,37,227.59770276317587
79,38,272.5017568080367
79,39,347.8695799488791
79,40,467.75748
79,41,637.9161034383021
79,42,830.8734513911133
79,43,1010.851863648368
79,44,1142.0736800000004
79,45,1198.0064166086152
79,46,1189.0982951275091
79,47,1135.0427135826487
79,48,1055.53307
79,49,968.5149948147356
79,50,884.9430480988492
79,51,814.0240223335377
79,52,764.96471
79,53,743.4076983511908
79,54,740.7387537270939
79,55,744.7794372394501
79,56,743.35131
79,57,727.0849374055009
79,58,697.8469019927753
79,59,660.312790583662
79,60,619.15819
79,61,578.3797601518057
79,62,539.258453301805
79,63,502.396294800902
79,64,468.39531
79,65,437.1049833935266
79,66,405.3646360500045
79,67,369.26104818148
79,68,324.881
79,69,270.026741117838
79,70,209.3623987481772
79,71,149.26756950442777
79,72,0.0
79,73,0.0
79,74,0.0
79,75,0.0
79,76,0.0
79,77,0.0
79,78,0.0
79,79,0.0
79,80,0.0
79,81,0.0
79,82,0.0
79,83,0.0
79,84,0.0
79,85,0.0
79,86,0.0
79,87,0.0
79,88,0.0
79,89,0.0
79,90,0.0
79,91,0.0
79,92,0.0
79,93,0.0
79,94,0.0
79,95,0.0
80,0,0.0
80,1,0.0
80,2,0.0
80,3,0.0
80,4,0.0
80,5,0.0
80,6,0.0
80,7,0.0
80,8,0.0
80,9,0.0
80,10,0.0
80,11,0.0
80,12,0.0
80,13,0.0
80,14,0.0
80,15,0.0
80,16,0.0
80,17,0.0
80,18,0.0
80,19,0.0
80,20,0.0
80,21,0.0
80,22,0.0
80,23,0.0
80,24,0.0
80,25,0.0
80,26,0.0
80,27,0.0
80,28,0.0
80,29,0.0
80,30,0.0
80,31,0.0
80,32,0.0
80,33,152.15090793576155
80,34,197.3410731843697
80,35,251.7100043407929
80,36,315.96621
80,37,389.3052576700213
80,38,464.8709505111351
80,39,534.2941505966812
80,40,589.20572
80,41,623.7712057591531
80,42,642.29489477109
80,43,651.6157588974818
80,44,658.57277
80,45,669.6414981996163
80,46,689.8439066545051
80,47,723.8385567821414
80,48,776.28401
80,49,847.3110923798815
80,50,918.9396886108892
80,51,968.6619480364524
80,52,973.97002
80,53,921.2100163433576
80,54,832.1438989019375
80,55,737.3875920095484
80,56,667.55702
80,57,645.2608324029381
80,58,661.0785795313609
80,59,697.5825368941031
80,60,737.34498
80,61,765.5339246698894
80,62,777.7003479726192
80,63,771.9909672890392
80,64,746.5525
80,65,700.4983226675039
80,66,636.8084485781626
80,67,559.4295501997399
80,68,472.3083
80,69,379.7744462225949
80,70,287.69004021473063
80,71,202.3002090995009
80,72,129.85008
80,73,0.0
80,74,0.0
80,75,0.0
80,76,0.0
80,77,0.0
80,78,0.0
80,79,0.0
80,80,0.0
80,81,0.0
80,82,0.0
80,83,0.0
80,84,0.0
80,85,0.0
80,86,0.0
80,87,0.0
80,88,0.0
80,89,0.0
80,90,0.0
80,91,0.0
80,92,0.0
80,93,0.0
80,94,0.0
80,95,0.0
81,0,0.0
81,1,0.0
81,2,0.0
81,3,0.0
81,4,0.0
81,5,0.0
81,6,0.0
81,7,0.0
81,8,0.0
81,9,0.0
81,10,0.0
81,11,0.0
81,12,0.0
81,13,0.0
81,14,0.0
81,15,0.0
81,16,0.0
81,17,0.0
81,18,0.0
81,19,0.0
81,20,0.0
81,21,0.0
81,22,0.0
81,23,0.0
81,24,0.0
81,25,0.0
81,26,0.0
81,27,0.0
81,28,0.0
81,29,0.0
81,30,196.6091566505823
81,31,291.17436564507227
81,32,393.15913
81,33,496.800751920803
81,34,598.4085276917515
81,35,694.8097521168243
81,36,782.83172
81,37,859.534872204737
81,38,922.912233832412
81,39,971.1899760438808
81,40,1002.59427
81,41,1016.5714059789996
81,42,1017.4481507286016
81,43,1010.7713901139032
81,44,1002.08801
81,45,996.333356379266
81,46,995.9966157531824
81,47,1002.9554347505076
81,48,1019.08746
81,49,1045.3053999101871
81,50,1078.6622100086688
81,51,1115.2459076028165
81,52,1151.14451
81,53,1182.4797374174875
81,54,1205.5081217121424
81,55,1216.519897650726
81,56,1211.8053
81,57,1189.5229552636133
81,58,1155.3050568927624
81,59,1116.65219007553
81,60,1081.06494
81,61,1054.2460218405588
81,62,1034.7066707168085
81,63,1019.1602517346536
81,64,1004.3201299999996
81,65,985.9625400304008
81,66,956.1151939900038
81,67,905.8686734546048
81,68,826.3135600000002
81,69,712.6554067878376
81,70,576.5596533231762
81,71,433.8067106969265
81,72,300.17699000000005
81,73,188.74660953699868
81,74,0.0
81,75,0.0
81,76,0.0
81,77,0.0
81,78,0.0
81,79,0.0
81,80,0.0
81,81,0.0
81,82,0.0
81,83,0.0
81,84,0.0
81,85,0.0
81,86,0.0
81,87,0.0
81,88,0.0
81,89,0.0
81,90,0.0
81,91,0.0
81,92,0.0
81,93,0.0
81,94,0.0
81,95,0.0
82,0,0.0
82,1,0.0
82,2,0.0
82,3,0.0
82,4,0.0
82,5,0.0
82,6,0.0
82,7,0.0
82,8,0.0
82,9,0.0
82,10,0.0
82,11,0.0
82,12,0.0
82,13,0.0
82,14,0.0
82,15,0.0
82,16,0.0
82,17,0.0
82,18,0.0
82,19,0.0
82,20,0.0
82,21,0.0
82,22,0.0
82,23,0.0
82,24,0.0
82,25,0.0
82,26,0.0
82,27,0.0
82,28,206.54405
82,29,416.9907370988017
82,30,680.180352502536
82,31,957.955589155002
82,32,1212.15914
82,33,1411.605563540996
82,34,1552.9968805201258
82,35,1640.0069772391928
82,36,1676.30974
82,37,1667.054536549714
82,38,1623.2926604169602
82,39,1557.5508865757256
82,40,1482.35599
82,41,1408.0957976038967
82,42,1336.6023440620336
82,43,1267.5687159891536
82,44,1200.688
82,45,1136.2673592846986
82,46,1077.0702633349058
82,47,1026.47425821766
82,48,987.85689
82,49,962.6174961948084
82,50,944.2425800983434
82,51,924.2404364527068
82,52,894.11936
82,53,848.7323285923175
82,54,796.3110525217206
82,55,748.4319251902635
82,56,716.67134
82,57,709.057890060922
82,58,719.4289673147741
82,59,738.0741634112392
82,60,755.28307
82,61,764.6861230389945
82,62,773.2771357191826
82,63,791.3907655397794
82,64,829.36167
82,65,891.4582735643498
82,66,957.6840685584953
82,67,1001.976314273393
82,68,998.27227
82,69,928.3573808286062
82,70,805.4098350468363
82,71,650.4560067416484
82,72,484.52227
82,73,326.5959062462252
82,74,187.5078262541593
82,75,0.0
82,76,0.0
82,77,0.0
82,78,0.0
82,79,0.0
82,80,0.0
82,81,0.0
82,82,0.0
82,83,0.0
82,84,0.0
82,85,0.0
82,86,0.0
82,87,0.0
82,88,0.0
82,89,0.0
82,90,0.0
82,91,0.0
82,92,0.0
82,93,0.0
82,94,0.0
82,95,0.0
83,0,0.0
83,1,0.0
83,2,0.0
83,3,0.0
83,4,0.0
83,5,0.0
83,6,0.0
83,7,0.0
83,8,0.0
83,9,0.0
83,10,0.0
83,11,0.0
83,12,0.0
83,13,0.0
83,14,0.0
83,15,0.0
83,16,0.0
83,17,0.0
83,18,0.0
83,19,0.0
83,20,0.0
83,21,0.0
83,22,0.0
83,23,0.0
83,24,0.0
83,25,0.0
83,26,0.0
83,27,149.25252885110373
83,28,268.33459
83,29,430.8081215081859
83,30,620.1123261047186
83,31,814.6656776488921
83,32,992.88665
83,33,1135.8010980382792
83,34,1234.8644007277385
83,35,1284.1393180533278
83,36,1277.68861
83,37,1214.717580401197
83,38,1115.001708484329
83,39,1003.459017325296
83,40,905.00753
83,41,838.1714344194321
83,42,795.8995778349465
83,43,764.7469723329875
83,44,731.26863
83,45,685.6201267648244
83,46,632.3592939258854
83,47,579.6445266240037
83,48,535.63422
83,49,506.3181197712704
83,50,489.0113739615122
83,51,478.8604811709979
83,52,471.01194
83,53,461.733795243844
83,54,451.780276478066
83,55,443.02715947325504
83,56,437.35022
83,57,436.6003758158536
83,58,442.529112626224
83,59,456.8630581234823
83,60,481.32884
83,61,517.8967394614912
83,62,569.5116517670381
83,63,639.3621256890661
83,64,730.63671
83,65,841.056560088182
83,66,946.4732578056236
83,67,1017.2709916202537
83,68,1023.83395
83,69,946.4704475295306
83,70,805.1853032604673
83,71,629.9074623611704
83,72,450.56587
83,73,292.5771986999451
83,74,163.30903040250695
83,75,0.0
83,76,0.0
83,77,0.0
83,78,0.0
83,79,0.0
83,80,0.0
83,81,0.0
83,82,0.0
83,83,0.0
83,84,0.0
83,85,0.0
83,86,0.0
83,87,0.0
83,88,0.0
83,89,0.0
83,90,0.0
83,91,0.0
83,92,0.0
83,93,0.0
83,94,0.0
83,95,0.0
84,0,0.0
84,1,0.0
84,2,0.0
84,3,0.0
84,4,0.0
84,5,0.0
84,6,0.0
84,7,0.0
84,8,0.0
84,9,0.0
84,10,0.0
84,11,0.0
84,12,0.0
84,13,0.0
84,14,0.0
84,15,0.0
84,16,0.0
84,17,0.0
84,18,0.0
84,19,0.0
84,20,0.0
84,21,0.0
84,22,0.0
84,23,0.0
84,24,0.0
84,25,0.0
84,26,0.0
84,27,154.65010416305364
84,28,288.15036
84,29,473.9062778836936
84,30,684.2187535388417
84,31,883.4938524245689
84,32,1036.13764
84,33,1116.652413655802
84,34,1139.9253985088149
84,35,1130.94005160742
84,36,1114.67983
84,37,1109.3973740555975
84,38,1106.4220574258989
84,39,1090.3524370832504
84,40,1045.78707
84,41,963.4644912155584
84,42,858.6831480375911
84,43,752.8814658408284
84,44,667.49787
84,45,618.40658373842
84,46,599.2250216737375
84,47,598.0063962721863
84,48,602.80392
84,49,603.9654461745122
84,50,601.0173915174587
84,51,595.7808136016758
84,52,590.07677
84,53,585.4880510947816
84,54,582.6443785064275
84,55,581.9372066648598
84,56,583.75799
84,57,588.4751406963622
84,58,596.3649019568311
84,59,607.6804747388845
84,60,622.67506
84,61,642.9984533072702
84,62,675.8868286662481
84,63,729.9729546921019
84,64,813.8896
84,65,928.7888248245572
84,66,1045.8998558781766
84,67,1128.9712114927074
84,68,1141.75141
84,69,1059.6279364570012
84,70,904.5441428210456
84,71,710.0823477745678
84,72,509.82487
84,73,332.3684360661896
84,74,186.36740408764047
84,75,0.0
84,76,0.0
84,77,0.0
84,78,0.0
84,79,0.0
84,80,0.0
84,81,0.0
84,82,0.0
84,83,0.0
84,84,0.0
84,85,0.0
84,86,0.0
84,87,0.0
84,88,0.0
84,89,0.0
84,90,0.0
84,91,0.0
84,92,0.0
84,93,0.0
84,94,0.0
84,95,0.0
85,0,0.0
85,1,0.0
85,2,0.0
85,3,0.0
85,4,0.0
85,5,0.0
85,6,0.0
85,7,0.0
85,8,0.0
85,9,0.0
85,10,0.0
85,11,0.0
85,12,0.0
85,13,0.0
85,14,0.0
85,15,0.0
85,16,0.0
85,17,0.0
85,18,0.0
85,19,0.0
85,20,0.0
85,21,0.0
85,22,0.0
85,23,0.0
85,24,0.0
85,25,0.0
85,26,0.0
85,27,182.6191975344672
85,28,333.70999000000006
85,29,541.5949248827111
85,30,776.3473984348329
85,31,999.5991752695386
85,32,1172.98202
85,33,1267.7296787996584
85,34,1293.4838240830252
85,35,1269.4881098248793
85,36,1214.98619
85,37,1147.058647731155
85,38,1074.1337827330665
85,39,1002.4768238684444
85,40,938.353
85,41,886.4597626194715
85,42,845.2234537347097
85,43,811.5026379825929
85,44,782.1558800000001
85,45,755.7575867909588
85,46,737.7455348280952
85,47,735.2733429511838
85,48,755.49463
85,49,801.2322578729433
85,50,857.9860607029102
85,51,906.925115681422
85,52,929.2185
85,53,913.189919061018
85,54,875.7815911102639
85,55,841.0903626043778
85,56,833.21308
85,57,868.663915257984
85,58,933.626342356034
85,59,1006.7011607760668
85,60,1066.48917
85,61,1097.523412875796
85,62,1108.0659057156008
85,63,1112.310908197605
85,64,1124.45268
85,65,1151.8418760513316
85,66,1174.454732281563
85,67,1165.4238798710137
85,68,1097.88195
85,69,955.1663029188774
85,70,761.4332151581457
85,71,551.0436923183411
85,72,358.35874
85,73,210.7167353981586
85,74,0.0
85,75,0.0
85,76,0.0
85,77,0.0
85,78,0.0
85,79,0.0
85,80,0.0
85,81,0.0
85,82,0.0
85,83,0.0
85,84,0.0
85,85,0.0
85,86,0.0
85,87,0.0
85,88,0.0
85,89,0.0
85,90,0.0
85,91,0.0
85,92,0.0
85,93,0.0
85,94,0.0
85,95,0.0
86,0,0.0
86,1,0.0
86,2,0.0
86,3,0.0
86,4,0.0
86,5,0.0
86,6,0.0
86,7,0.0
86,8,0.0
86,9,0.0
86,10,0.0
86,11,0.0
86,12,0.0
86,13,0.0
86,14,0.0
86,15,0.0
86,16,0.0
86,17,0.0
86,18,0.0
86,19,0.0
86,20,0.0
86,21,0.0
86,22,0.0
86,23,0.0
86,24,0.0
86,25,0.0
86,26,0.0
86,27,0.0
86,28,199.92577
86,29,318.51241318256126
86,30,452.9233008873561
86,31,584.0674231484727
86,32,692.85377
86,33,764.5580542261517
86,34,801.9228796116424
86,35,812.057572691312
86,36,802.0714599999999
86,37,778.2850469440818
86,38,743.8635544160743
86,39,701.1833821800296
86,40,652.62093
86,41,601.0571448725209
86,42,551.3911627240603
86,43,509.0266667135697
86,44,479.36734
86,45,465.9561390345846
86,46,464.8931134376844
86,47,470.417586121942
86,48,476.76888
86,49,479.1803553953907
86,50,476.86152227520233
86,51,470.0159280174129
86,52,458.8471200000001
86,53,443.7272948526029
86,54,425.70324621150655
86,55,405.9904169646568
86,56,385.80425
86,57,365.7274767566976
86,58,343.81198287877163
86,59,317.47694256145985
86,60,284.14153
86,61,242.64615593310708
86,62,197.516177273407
86,63,154.69818747700344
86,64,120.13878
86,65,0.0
86,66,0.0
86,67,0.0
86,68,0.0
86,69,0.0
86,70,0.0
86,71,0.0
86,72,0.0
86,73,0.0
86,74,0.0
86,75,0.0
86,76,0.0
86,77,0.0
86,78,0.0
86,79,0.0
86,80,0.0
86,81,0.0
86,82,0.0
86,83,0.0
86,84,0.0
86,85,0.0
86,86,0.0
86,87,0.0
86,88,0.0
86,89,0.0
86,90,0.0
86,91,0.0
86,92,0.0
86,93,0.0
86,94,0.0
86,95,0.0
87,0,0.0
87,1,0.0
87,2,0.0
87,3,0.0
87,4,0.0
87,5,0.0
87,6,0.0
87,7,0.0
87,8,0.0
87,9,0.0
87,10,0.0
87,11,0.0
87,12,0.0
87,13,0.0
87,14,0.0
87,15,0.0
87,16,0.0
87,17,0.0
87,18,0.0
87,19,0.0
87,20,0.0
87,21,0.0
87,22,0.0
87,23,0.0
87,24,0.0
87,25,0.0
87,26,0.0
87,27,0.0
87,28,222.9159
87,29,391.6660648977721
87,30,592.619398372035
87,31,796.1809176602804
87,32,972.75564
87,33,1098.7647103689435
87,34,1174.6937847058955
87,35,1207.0446466899
87,36,1202.31908
87,37,1168.349549251454
87,38,1118.291242804382
87,39,1066.630029955119
87,40,1027.85178
87,41,1011.96128246899
87,42,1011.0390078265762
87,43,1012.6843467708738
87,44,1004.49669
87,45,977.6832671225848
87,46,937.8826633893136
87,47,894.3413029613854
87,48,856.30561
87,49,831.6121018531709
87,50,822.4576686161702
87,51,829.6292935710844
87,52,853.91396
87,53,893.8179742147316
87,54,938.724934646006
87,55,975.7377627542772
87,56,991.95938
87,57,978.4447422254024
87,58,942.056942799806
87,59,893.6111094743071
87,60,843.92237
87,61,801.0470846961589
87,62,762.0065441547692
87,63,721.063271535995
87,64,672.47979
87,65,611.9571221149621
87,66,540.9502880811166
87,67,462.3528075067129
87,68,379.0582
87,69,294.3648455939925
87,70,213.19056602076407
87,71,140.85804343715375
87,72,0.0
87,73,0.0
87,74,0.0
87,75,0.0
87,76,0.0
87,77,0.0
87,78,0.0
87,79,0.0
87,80,0.0
87,81,0.0
87,82,0.0
87,83,0.0
87,84,0.0
87,85,0.0
87,86,0.0
87,87,0.0
87,88,0.0
87,89,0.0
87,90,0.0
87,91,0.0
87,92,0.0
87,93,0.0
87,94,0.0
87,95,0.0
88,0,0.0
88,1,0.0
88,2,0.0
88,3,0.0
88,4,0.0
88,5,0.0
88,6,0.0
88,7,0.0
88,8,0.0
88,9,0.0
88,10,0.0
88,11,0.0
88,12,0.0
88,13,0.0
88,14,0.0
88,15,0.0
88,16,0.0
88,17,0.0
88,18,0.0
88,19,0.0
88,20,0.0
88,21,0.0
88,22,0.0
88,23,0.0
88,24,0.0
88,25,0.0
88,26,0.0
88,27,0.0
88,28,0.0
88,29,0.0
88,30,129.51487169985464
88,31,174.49992496120817
88,32,217.93056
88,33,256.33688615489484
88,34,289.4025296097533
88,35,317.5994957597351
88,36,341.39979
88,37,361.173884979347
88,38,376.8861223611322
88,39,388.3993110623513
88,40,395.57626
88,41,398.6876406464673
88,42,399.6355746957177
88,43,400.7300463971092
88,44,404.28104
88,45,412.17250493478383
88,46,424.5842513559972
88,47,441.2700545992118
88,48,461.98369
88,49,485.55716773939736
88,50,507.1354373802939
88,51,520.9416833310436
88,52,521.19909
88,53,504.3885203576269
88,54,476.0215516228273
88,55,443.867439576614
88,56,415.69544
88,57,397.9230202050951
88,58,391.56049362839696
88,59,396.26638523750034
88,60,411.69922
88,61,437.8377321032429
88,62,475.9414926135849
88,63,527.5902818171346
88,64,594.36388
88,65,674.3461407569334
88,66,751.6372109172632
88,67,806.8413106189613
88,68,820.56266
88,69,779.1432834627734
88,70,691.8764224673623
88,71,573.7931227382702
88,72,439.92443
88,73,304.6247800794732
88,74,179.54216921328708
88,75,0.0
88,76,0.0
88,77,0.0
88,78,0.0
88,79,0.0
88,80,0.0
88,81,0.0
88,82,0.0
88,83,0.0
88,84,0.0
88,85,0.0
88,86,0.0
88,87,0.0
88,88,0.0
88,89,0.0
88,90,0.0
88,91,0.0
88,92,0.0
88,93,0.0
88,94,0.0
88,95,0.0
89,0,0.0
89,1,0.0
89,2,0.0
89,3,0.0
89,4,0.0
89,5,0.0
89,6,0.0
89,7,0.0
89,8,0.0
89,9,0.0
89,10,0.0
89,11,0.0
89,12,0.0
89,13,0.0
89,14,0.0
89,15,0.0
89,16,0.0
89,17,0.0
89,18,0.0
89,19,0.0
89,20,0.0
89,21,0.0
89,22,0.0
89,23,0.0
89,24,0.0
89,25,0.0
89,26,0.0
89,27,169.49217947730006
89,28,267.65165
89,29,383.0079414938654
89,30,499.6480354914728
89,31,598.5202667433437
89,32,660.57297
89,33,673.0916309793865
89,34,648.7103392691408
89,35,606.400335424325
89,36,565.13286
89,37,539.7566753698395
89,38,528.630631181964
89,39,525.9910989031066
89,40,526.07445
89,41,524.191501603756
89,42,519.9508535030033
89,43,514.0355511507487
89,44,507.12864
89,45,500.0198805588864
89,46,493.9258935560234
89,47,490.1700147751488
89,48,490.07558
89,49,494.0315952231986
89,50,498.6897472729031
89,51,499.7673931861561
89,52,492.98189
89,53,476.2353883920693
89,54,456.16921360236415
89,55,441.6094845114771
89,56,441.38232
89,57,460.9451437085245
89,58,492.28059831764017
89,59,524.0026312679357
89,60,544.72519
89,61,548.1865813050825
89,62,548.6225493770751
89,63,565.39319776053
89,64,617.85863
89,65,715.6530473211452
89,66,829.5070416740593
89,67,920.4253026899436
89,68,949.41252
89,69,889.2946575353365
89,70,760.1827764266875
89,71,594.009212104695
89,72,422.7063
89,73,273.1803336312592
89,74,152.23343886919037
89,75,0.0
89,76,0.0
89,77,0.0
89,78,0.0
89,79,0.0
89,80,0.0
89,81,0.0
89,82,0.0
89,83,0.0
89,84,0.0
89,85,0.0
89,86,0.0
89,87,0.0
89,88,0.0
89,89,0.0
89,90,0.0
89,91,0.0
89,92,0.0
89,93,0.0
89,94,0.0
89,95,0.0
90,0,0.0
90,1,0.0
90,2,0.0
90,3,0.0
90,4,0.0
90,5,0.0
90,6,0.0
90,7,0.0
90,8,0.0
90,9,0.0
90,10,0.0
90,11,0.0
90,12,0.0
90,13,0.0
90,14,0.0
90,15,0.0
90,16,0.0
90,17,0.0
90,18,0.0
90,19,0.0
90,20,0.0
90,21,0.0
90,22,0.0
90,23,0.0
90,24,0.0
90,25,0.0
90,26,153.3912782134782
90,27,256.6794905816438
90,28,360.25289000000004
90,29,452.9350710424464
90,30,530.6985619507623
90,31,591.3031243836972
90,32,632.50852
90,33,653.5856595603907
90,34,659.8500502334721
90,35,658.1283482898174
90,36,655.24721
90,37,656.8727249347405
90,38,664.0287158653489
90,39,676.5784388632829
90,40,694.38515
90,41,715.8823132006474
90,42,733.7842238051322
90,43,739.3753850070508
90,44,723.9403
90,45,682.5518780439195
90,46,625.4366526641221
90,47,566.6095634522635
90,48,520.08555
90,49,495.91060618617456
90,50,488.2549430383796
90,51,487.3198258713948
90,52,483.30652
90,53,469.4889437738824
90,54,451.43162768235976
90,55,437.7717552496571
90,56,437.14651
90,57,455.2098118432958
90,58,485.6825262321816
90,59,519.3022550049765
90,60,546.8066
90,61,562.3040993216844
90,62,573.3870361389141
90,63,591.0186298866868
90,64,626.1621
90,65,684.6760416512168
90,66,752.0005529621621
90,67,808.4711077920264
90,68,834.42318
90,69,814.6935784484484
90,70,752.1244520124374
90,71,654.0592845702075
90,72,527.84156
90,73,382.7775251799894
90,74,236.0244789880884
90,75,0.0
90,76,0.0
90,77,0.0
90,78,0.0
90,79,0.0
90,80,0.0
90,81,0.0
90,82,0.0
90,83,0.0
90,84,0.0
90,85,0.0
90,86,0.0
90,87,0.0
90,88,0.0
90,89,0.0
90,90,0.0
90,91,0.0
90,92,0.0
90,93,0.0
90,94,0.0
90,95,0.0
91,0,0.0
91,1,0.0
91,2,0.0
91,3,0.0
91,4,0.0
91,5,0.0
91,6,0.0
91,7,0.0
91,8,0.0
91,9,0.0
91,10,0.0
91,11,0.0
91,12,0.0
91,13,0.0
91,14,0.0
91,15,0.0
91,16,0.0
91,17,0.0
91,18,0.0
91,19,0.0
91,20,0.0
91,21,0.0
91,22,0.0
91,23,0.0
91,24,0.0
91,25,0.0
91,26,162.49071899823718
91,27,271.0664929516173
91,28,378.49427
91,29,472.1987714714754
91,30,546.5468036300101
91,31,597.6406939735398
91,32,621.58277
91,33,617.5228838808599
91,34,596.8009864817224
91,35,573.8045533417237
91,36,562.92106
91,37,573.4236362863348
91,38,594.1280291931006
91,39,608.7356400033157
91,40,600.9478700000001
91,41,561.0484997238004
91,42,505.6508267458758
91,43,457.95052789501335
91,44,441.14328
91,45,470.1612993497138
91,46,526.8829600733965
91,47,584.9231757603808
91,48,617.89686
91,49,607.3018717835946
91,50,566.1678517105382
91,51,515.4073857822127
91,52,475.93306
91,53,462.94798585965776
91,54,468.8173768344501
91,55,480.1969718920174
91,56,483.74251
91,57,471.3415829027743
91,58,455.8091934516611
91,59,455.1921972747173
91,60,487.53745
91,61,563.3111284667449
91,62,662.6566943589053
91,63,758.136930571613
91,64,822.31462
91,65,834.6228316677457
91,66,801.9757791127176
91,67,738.1579620013308
91,68,656.95388
91,69,570.0066517372724
91,70,480.3938716902241
91,71,389.05175329806383
91,72,296.91651
91,73,205.93721263316507
91,74,122.11436162638604
91,75,0.0
91,76,0.0
91,77,0.0
91,78,0.0
91,79,0.0
91,80,0.0
91,81,0.0
91,82,0.0
91,83,0.0
91,84,0.0
91,85,0.0
91,86,0.0
91,87,0.0
91,88,0.0
91,89,0.0
91,90,0.0
91,91,0.0
91,92,0.0
91,93,0.0
91,94,0.0
91,95,0.0
92,0,0.0
92,1,0.0
92,2,0.0
92,3,0.0
92,4,0.0
92,5,0.0
92,6,0.0
92,7,0.0
92,8,0.0
92,9,0.0
92,10,0.0
92,11,0.0
92,12,0.0
92,13,0.0
92,14,0.0
92,15,0.0
92,16,0.0
92,17,0.0
92,18,0.0
92,19,0.0
92,20,0.0
92,21,0.0
92,22,0.0
92,23,0.0
92,24,0.0
92,25,0.0
92,26,163.0664559180317
92,27,268.8169208802267
92,28,370.48823
92,29,455.35331804415256
92,30,520.8729803803133
92,31,567.0549775263172
92,32,593.90707
92,33,603.2697442015686
92,34,604.3143900607153
92,35,608.0451233895045
92,36,625.46606
92,37,665.0781835870732
92,38,725.3699493768253
92,39,802.3266804781648
92,40,891.9337
92,41,987.0619041063884
92,42,1068.1244811819834
92,43,1112.4201926665864
92,44,1097.2478
92,45,1011.5826160811232
92,46,891.1061596452419
92,47,783.1765008867397
92,48,735.1517099999999
92,49,778.9412443816196
92,50,884.6601102370496
92,51,1006.9747009739548
92,52,1100.55141
92,53,1131.137219361149
92,54,1108.8014656565597
92,55,1054.6940741236908
92,56,989.96497
92,57,933.4426053612856
92,58,894.6695396367111
92,59,880.866859093781
92,60,899.25565
92,61,952.0957457562088
92,62,1021.8019682965952
92,63,1085.8278866886842
92,64,1121.62707
92,65,1112.4115695826297
92,66,1064.4273659269074
92,67,989.678921807732
92,68,900.1707
92,69,805.3655160695241
92,70,704.5595967457751
92,71,594.5075215491386
92,72,471.96387
92,73,336.9758455142743
92,74,202.7611470899924
92,75,0.0
92,76,0.0
92,77,0.0
92,78,0.0
92,79,0.0
92,80,0.0
92,81,0.0
92,82,0.0
92,83,0.0
92,84,0.0
92,85,0.0
92,86,0.0
92,87,0.0
92,88,0.0
92,89,0.0
92,90,0.0
92,91,0.0
92,92,0.0
92,93,0.0
92,94,0.0
92,95,0.0
93,0,0.0
93,1,0.0
93,2,0.0
93,3,0.0
93,4,0.0
93,5,0.0
93,6,0.0
93,7,0.0
93,8,0.0
93,9,0.0
93,10,0.0
93,11,0.0
93,12,0.0
93,13,0.0
93,14,0.0
93,15,0.0
93,16,0.0
93,17,0.0
93,18,0.0
93,19,0.0
93,20,0.0
93,21,0.0
93,22,0.0
93,23,0.0
93,24,0.0
93,25,0.0
93,26,190.4318730008773
93,27,322.38433577185407
93,28,462.03339
93,29,597.7090356642291
93,30,723.2859208286775
93,31,834.0248555787871
93,32,925.18665
93,33,993.5900062698717
93,34,1042.2851949344129
93,35,1075.8803786317476
93,36,1098.98372
93,37,1116.0175262875343
93,38,1130.6606831836716
93,39,1146.406220987973
93,40,1166.74717
93,41,1193.143556079992
93,42,1218.9233873309015
93,43,1235.3816674163604
93,44,1233.8134000000002
93,45,1208.9886457987486
93,46,1169.5776937427229
93,47,1127.7258898153352
93,48,1095.57858
93,49,1082.1275307250137
93,50,1083.750190198208
93,51,1093.670427072298
93,52,1105.11211
93,53,1111.547690519947
93,54,1107.4439517144458
93,55,1087.5162595517218
93,56,1046.4799800000003
93,57,982.1029640701988
93,58,904.3630029440088
93,59,826.2903728458145
93,60,760.91535
93,61,719.5031556992584
93,62,706.2587915095189
93,63,723.62220406502
93,64,774.03334
93,65,854.5142318827678
93,66,940.4152560179156
93,67,1001.6688746441052
93,68,1008.20755
93,69,939.2058619259202
93,70,810.8068606688194
93,71,648.3957140773088
93,72,477.35759
93,73,319.851497132301
93,74,185.1318075568069
93,75,0.0
93,76,0.0
93,77,0.0
93,78,0.0
93,79,0.0
93,80,0.0
93,81,0.0
93,82,0.0
93,83,0.0
93,84,0.0
93,85,0.0
93,86,0.0
93,87,0.0
93,88,0.0
93,89,0.0
93,90,0.0
93,91,0.0
93,92,0.0
93,93,0.0
93,94,0.0
93,95,0.0
94,0,0.0
94,1,0.0
94,2,0.0
94,3,0.0
94,4,0.0
94,5,0.0
94,6,0.0
94,7,0.0
94,8,0.0
94,9,0.0
94,10,0.0
94,11,0.0
94,12,0.0
94,13,0.0
94,14,0.0
94,15,0.0
94,16,0.0
94,17,0.0
94,18,0.0
94,19,0.0
94,20,0.0
94,21,0.0
94,22,0.0
94,23,0.0
94,24,0.0
94,25,0.0
94,26,129.7022140259975
94,27,244.5132311891021
94,28,399.23575
94,29,592.6680207610871
94,30,801.6620703411734
94,31,997.583369750673
94,32,1151.79739
94,33,1243.8221872620074
94,34,1285.7861583593085
94,35,1297.970285276955
94,36,1300.65555
94,37,1309.6884747221322
94,38,1323.1777424715924
94,39,1334.7975764852556
94,40,1338.2222
94,41,1328.720785724462
94,42,1307.9423042543224
94,43,1279.1306756570214
94,44,1245.52982
94,45,1210.2437772237688
94,46,1175.8170667611184
94,47,1144.6543279179086
94,48,1119.1601999999998
94,49,1101.1022236617127
94,50,1089.6995449512049
94,51,1083.5342112650949
94,52,1081.18827
94,53,1081.203792973131
94,54,1081.9629496840632
94,55,1081.807934052964
94,56,1079.08094
94,57,1072.6708369457635
94,58,1063.6531963125426
94,59,1053.650265023051
94,60,1044.28429
94,61,1036.4389098688157
94,62,1028.0433300657664
94,63,1016.288147729834
94,64,998.36396
94,65,971.9221849852254
94,66,936.4575246743924
94,67,891.925502026363
94,68,838.28164
94,69,774.9185625340333
94,70,698.9772974866646
94,71,607.0359736959635
94,72,495.67272
94,73,365.0971236286418
94,74,230.04460537894963
94,75,0.0
94,76,0.0
94,77,0.0
94,78,0.0
94,79,0.0
94,80,0.0
94,81,0.0
94,82,0.0
94,83,0.0
94,84,0.0
94,85,0.0
94,86,0.0
94,87,0.0
94,88,0.0
94,89,0.0
94,90,0.0
94,91,0.0
94,92,0.0
94,93,0.0
94,94,0.0
94,95,0.0
95,0,0.0
95,1,0.0
95,2,0.0
95,3,0.0
95,4,0.0
95,5,0.0
95,6,0.0
95,7,0.0
95,8,0.0
95,9,0.0
95,10,0.0
95,11,0.0
95,12,0.0
95,13,0.0
95,14,0.0
95,15,0.0
95,16,0.0
95,17,0.0
95,18,0.0
95,19,0.0
95,20,0.0
95,21,0.0
95,22,0.0
95,23,0.0
95,24,0.0
95,25,0.0
95,26,122.46431639263852
95,27,224.5387065923529
95,28,362.01403
95,29,533.4712243667857
95,30,715.6767328317311
95,31,879.9433748808109
95,32,997.58397
95,33,1049.0178895362524
95,34,1051.0907122804374
95,35,1029.754568884404
95,36,1010.96159
95,37,1014.5777960819552
95,38,1036.1247667965192
95,39,1065.037971612824
95,40,1090.75288
95,41,1105.1047462921774
95,42,1109.5279642834846
95,43,1107.8567126330497
95,44,1103.92517
95,45,1101.0132907805848
95,46,1100.184132319541
95,47,1101.9465276987266
95,48,1106.80931
95,49,1114.723877304233
95,50,1123.411887688351
95,51,1130.0375642282936
95,52,1131.76513
95,53,1127.040355314984
95,54,1119.4351994270548
95,55,1113.8031688255987
95,56,1114.99777
95,57,1126.3349134670823
95,58,1144.980125853429
95,59,1166.5613378130608
95,60,1186.7064800000005
95,61,1200.475948472936
95,62,1200.660000909229
95,63,1179.4813603909076
95,64,1129.1627500000002
95,65,1044.8387932661738
95,66,933.2917155096552
95,67,804.2156424983086
95,68,667.3047
95,69,531.6065508061185
95,70,403.58300580215086
95,71,289.04941289710774
95,72,193.82112000000004
95,73,122.11255163435196
95,74,0.0
95,75,0.0
95,76,0.0
95,77,0.0
95,78,0.0
95,79,0.0
95,80,0.0
95,81,0.0
95,82,0.0
95,83,0.0
95,84,0.0
95,85,0.0
95,86,0.0
95,87,0.0
95,88,0.0
95,89,0.0
95,90,0.0
95,91,0.0
95,92,0.0
95,93,0.0
95,94,0.0
95,95,0.0
96,0,0.0
96,1,0.0
96,2,0.0
96,3,0.0
96,4,0.0
96,5,0.0
96,6,0.0
96,7,0.0
96,8,0.0
96,9,0.0
96,10,0.0
96,11,0.0
96,12,0.0
96,13,0.0
96,14,0.0
96,15,0.0
96,16,0.0
96,17,0.0
96,18,0.0
96,19,0.0
96,20,0.0
96,21,0.0
96,22,0.0
96,23,0.0
96,24,0.0
96,25,0.0
96,26,0.0
96,27,134.16077079875896
96,28,191.00591
96,29,252.5958884466644
96,30,316.175740362222
96,31,378.97483459666864
96,32,438.22254
96,33,491.4153415112417
96,34,537.1181884255386
96,35,574.1631461270663
96,36,601.38228
96,37,619.0855611333694
96,38,633.4945834356236
96,39,652.3088465200659
96,40,683.22785
96,41,730.6847286427804
96,42,786.0471578319671
96,43,837.41644810517
96,44,872.89391
96,45,884.5839424205084
96,46,880.6032977365086
96,47,873.0718166842544
96,48,874.10934
96,49,891.6942530814358
96,50,917.239119971999
96,51,938.0150493765624
96,52,941.29315
96,53,918.475066972498
96,54,877.4845911254957
96,55,830.3760497157456
96,56,789.20377
96,57,762.9604738723218
96,58,748.392461776018
96,59,739.184428791705
96,60,729.02107
96,61,713.2519383194641
96,62,693.8860180204325
96,63,674.5971512111847
96,64,659.05918
96,65,648.6257789435718
96,66,635.3699523922518
96,67,609.0445371448058
96,68,559.40237
96,69,480.3602476249988
96,70,382.4908061605603
96,71,280.5306416158417
96,72,189.21635
96,73,120.1308735251836
96,74,0.0
96,75,0.0
96,76,0.0
96,77,0.0
96,78,0.0
96,79,0.0
96,80,0.0
96,81,0.0
96,82,0.0
96,83,0.0
96,84,0.0
96,85,0.0
96,86,0.0
96,87,0.0
96,88,0.0
96,89,0.0
96,90,0.0
96,91,0.0
96,92,0.0
96,93,0.0
96,94,0.0
96,95,0.0
97,0,0.0
97,1,0.0
97,2,0.0
97,3,0.0
97,4,0.0
97,5,0.0
97,6,0.0
97,7,0.0
97,8,0.0
97,9,0.0
97,10,0.0
97,11,0.0
97,12,0.0
97,13,0.0
97,14,0.0
97,15,0.0
97,16,0.0
97,17,0.0
97,18,0.0
97,19,0.0
97,20,0.0
97,21,0.0
97,22,0.0
97,23,0.0
97,24,0.0
97,25,0.0
97,26,198.588874688538
97,27,316.1061367417859
97,28,436.36249
97,29,546.6577480738652
97,30,636.9151348198646
97,31,697.7137266559319
97,32,719.6326
97,33,699.8401378822688
97,34,661.8619497820035
97,35,635.8129517907366
97,36,651.80806
97,37,729.0202628970599
97,38,842.854838552121
97,39,957.7751374311216
97,40,1038.2445100000002
97,41,1058.6329391232414
97,42,1032.936937259513
97,43,985.0596492660278
97,44,938.90422
97,45,912.8303824849752
97,46,903.0242224098286
97,47,900.1284136297677
97,48,894.78563
97,49,880.0482584368579
97,50,858.6075381011727
97,51,835.5644212149014
97,52,816.01986
97,53,804.1517867363434
97,54,800.4460539354799
97,55,804.4654941668765
97,56,815.77294
97,57,833.1784902427686
97,58,852.4813086569071
97,59,868.7278252425922
97,60,876.96447
97,61,874.3888532300823
97,62,866.8033064368913
97,63,862.1613414252547
97,64,868.41647
97,65,889.6670641806523
97,66,914.5909368455276
97,67,928.0107610876393
97,68,914.74921
97,69,863.3776112973077
97,70,777.4619111809977
97,71,664.3167104741887
97,72,531.25661
97,73,386.9979618801161
97,74,245.86412343048164
97,75,123.58020326560636
97,76,0.0
97,77,0.0
97,78,0.0
97,79,0.0
97,80,0.0
97,81,0.0
97,82,0.0
97,83,0.0
97,84,0.0
97,85,0.0
97,86,0.0
97,87,0.0
97,88,0.0
97,89,0.0
97,90,0.0
97,91,0.0
97,92,0.0
97,93,0.0
97,94,0.0
97,95,0.0
98,0,0.0
98,1,0.0
98,2,0.0
98,3,0.0
98,4,0.0
98,5,0.0
98,6,0.0
98,7,0.0
98,8,0.0
98,9,0.0
98,10,0.0
98,11,0.0
98,12,0.0
98,13,0.0
98,14,0.0
98,15,0.0
98,16,0.0
98,17,0.0
98,18,0.0
98,19,0.0
98,20,0.0
98,21,0.0
98,22,0.0
98,23,0.0
98,24,0.0
98,25,120.90200216428656
98,26,249.39076520549344
98,27,396.4420731439537
98,28,544.0383
98,29,675.3127576532357
98,30,778.0025094203447
98,31,840.9955564772814
98,32,853.1798999999999
98,33,811.3233511290208
98,34,743.7129608631275
98,35,686.5155901656707
98,36,675.8981
98,37,735.7700623619315
98,38,841.011893377145
98,39,954.246720203786
98,40,1038.09767
98,41,1064.4459273920036
98,42,1042.2049068782933
98,43,989.546080425436
98,44,924.64092
98,45,862.9493611950553
98,46,809.0851941096839
98,47,764.9506724694706
98,48,732.44805
98,49,712.4017153277752
98,50,701.3245966829714
98,51,694.651757196682
98,52,687.81826
98,53,677.8859293688438
98,54,668.4236341584303
98,55,664.6270043688017
98,56,671.69167
98,57,693.4951093843498
98,58,728.6421941833072
98,59,774.419644390611
98,60,828.11418
98,61,886.5858524687573
98,62,944.988039108341
98,63,998.0474486937546
98,64,1040.49079
98,65,1067.5377938656216
98,66,1076.3802793833286
98,67,1064.703087709371
98,68,1030.19106
98,69,970.7782392562568
98,70,885.3954758583457
98,71,773.2228220312616
98,72,633.44033
98,73,469.2300167656016
98,74,299.7817584332895
98,75,148.2873958843327
98,76,0.0
98,77,0.0
98,78,0.0
98,79,0.0
98,80,0.0
98,81,0.0
98,82,0.0
98,83,0.0
98,84,0.0
98,85,0.0
98,86,0.0
98,87,0.0
98,88,0.0
98,89,0.0
98,90,0.0
98,91,0.0
98,92,0.0
98,93,0.0
98,94,0.0
98,95,0.0
99,0,0.0
99,1,0.0
99,2,0.0
99,3,0.0
99,4,0.0
99,5,0.0
99,6,0.0
99,7,0.0
99,8,0.0
99,9,0.0
99,10,0.0
99,11,0.0
99,12,0.0
99,13,0.0
99,14,0.0
99,15,0.0
99,16,0.0
99,17,0.0
99,18,0.0
99,19,0.0
99,20,0.0
99,21,0.0
99,22,0.0
99,23,0.0
99,24,0.0
99,25,0.0
99,26,199.38775655025893
99,27,309.1830452839818
99,28,416.9237
99,29,511.0245964583082
99,30,591.0580864291813
99,31,659.3858906854637
99,32,718.36973
99,33,771.2620886878603
99,34,824.8785052330161
99,35,886.9252816616639
99,36,965.10872
99,37,1062.8972728527497
99,38,1166.8079951387544
99,39,1259.1200923553815
99,40,1322.11277
99,41,1342.883389119889
99,42,1327.8019329619667
99,43,1288.0565403230607
99,44,1234.83535
99,45,1178.7449011364438
99,46,1128.065334263379
99,47,1090.495190258625
99,48,1073.73301
99,49,1082.3166391468358
99,50,1108.1411424845164
99,51,1139.9408895799388
99,52,1166.45025
99,53,1179.740676338713
99,54,1185.2319532985553
99,55,1191.6809486091197
99,56,1207.84453
99,57,1239.412776748312
99,58,1279.8086143212631
99,59,1319.3881797335823
99,60,1348.50761
99,61,1360.3330091680386
99,62,1359.2703494163927
99,63,1352.5355699565507
99,64,1347.34461
99,65,1347.1485182982842
99,66,1340.3387817631665
99,67,1311.541996846465
99,68,1245.38476
99,69,1131.4399151388257
99,70,979.065296030943
99,71,802.5649839075886
99,72,616.24306
99,73,434.0765823964133
99,74,268.7345166130623
99,75,132.55880502318007
99,76,0.0
99,77,0.0
99,78,0.0
99,79,0.0
99,80,0.0
99,81,0.0
99,82,0.0
99,83,0.0
99,84,0.0
99,85,0.0
99,86,0.0
99,87,0.0
99,88,0.0
99,89,0.0
99,90,0.0
99,91,0.0
99,92,0.0
99,93,0.0
99,94,0.0
99,95,0.0
100,0,0.0
100,1,0.0
100,2,0.0
100,3,0.0
100,4,0.0
100,5,0.0
100,6,0.0
100,7,0.0
100,8,0.0
100,9,0.0
100,10,0.0
100,11,0.0
100,12,0.0
100,13,0.0
100,14,0.0
100,15,0.0
100,16,0.0
100,17,0.0
100,18,0.0
100,19,0.0
100,20,0.0
100,21,0.0
100,22,0.0
100,23,0.0
100,24,0.0
100,25,124.13979199933868
100,26,253.9272500112237
100,27,413.6782330174969
100,28,592.81151
100,29,779.5817627948068
100,30,957.5873246549196
100,31,1109.2624416875722
100,32,1217.04136
100,33,1268.259042602684
100,34,1269.853320119098
100,35,1233.662740075963
100,36,1171.52585
100,37,1095.5556335132069
100,38,1018.9628186186876
100,39,955.2325694148252
100,40,917.85005
100,41,916.0104431882396
100,42,941.7490066561508
100,43,982.8110167959868
100,44,1026.94175
100,45,1063.5801702963354
100,46,1088.9399922567084
100,47,1100.9286180887275
100,48,1097.45345
100,49,1078.711047813919
100,50,1054.0546018170153
100,51,1035.126459911604
100,52,1033.56897
100,53,1056.7025123542385
100,54,1094.559596725231
100,55,1132.850765233608
100,56,1157.28656
100,57,1158.223854019127
100,58,1144.6048437820616
100,59,1130.0180566539657
100,60,1128.05202
100,61,1147.7253471942536
100,62,1179.7769956465224
100,63,1210.3760087755295
100,64,1225.69143
100,65,1214.3266354851094
100,66,1174.622332381849
100,67,1107.3535605876643
100,68,1013.2953599999996
100,69,894.5002377403097
100,70,758.1305698260817
100,71,612.6261994988129
100,72,466.42697
100,73,327.7832482411518
100,74,204.18749581382417
100,75,0.0
100,76,0.0
100,77,0.0
100,78,0.0
100,79,0.0
100,80,0.0
100,81,0.0
100,82,0.0
100,83,0.0
100,84,0.0
100,85,0.0
100,86,0.0
100,87,0.0
100,88,0.0
100,89,0.0
100,90,0.0
100,91,0.0
100,92,0.0
100,93,0.0
100,94,0.0
100,95,0.0
101,0,0.0
101,1,0.0
101,2,0.0
101,3,0.0
101,4,0.0
101,5,0.0
101,6,0.0
101,7,0.0
101,8,0.0
101,9,0.0
101,10,0.0
101,11,0.0
101,12,0.0
101,13,0.0
101,14,0.0
101,15,0.0
101,16,0.0
101,17,0.0
101,18,0.0
101,19,0.0
101,20,0.0
101,21,0.0
101,22,0.0
101,23,0.0
101,24,0.0
101,25,0.0
101,26,174.44661551237073
101,27,290.30731665692656
101,28,415.46685
101,29,540.4054979267387
101,30,657.1152025440701
101,31,757.9658208893667
101,32,835.32721
101,33,885.4487237126655
101,34,920.0977030613484
101,35,954.9209858793572
101,36,1005.56541
101,37,1082.1543831600995
101,38,1172.717592710536
101,39,1259.7612959057049
101,40,1325.79175
101,41,1358.1548502094367
101,42,1363.555043596508
101,43,1353.5364151853248
101,44,1339.64305
101,45,1331.0559645959029
101,46,1327.5039016534326
101,47,1326.3525353842465
101,48,1324.96754
101,49,1321.0118520319515
101,50,1313.3374572897617
101,51,1301.0936039026903
101,52,1283.42954
101,53,1260.4929816512908
101,54,1236.4255166875218
101,55,1216.367200879992
101,56,1205.4580900000003
101,57,1207.3229485503855
101,58,1219.5253759601512
101,59,1238.1136803898414
101,60,1259.13617
101,61,1279.1956361784175
101,62,1297.1128032218728
101,63,1312.2628786543917
101,64,1324.02107
101,65,1330.226232048445
101,66,1322.5718086523575
101,67,1291.2148909300918
101,68,1226.31257
101,69,1121.2153128153038
101,70,982.0470896686973
101,71,818.1252466877419
101,72,638.76713
101,73,454.4502299715895
101,74,280.2926139228537
101,75,132.57249341269085
101,76,0.0
101,77,0.0
101,78,0.0
101,79,0.0
101,80,0.0
101,81,0.0
101,82,0.0
101,83,0.0
101,84,0.0
101,85,0.0
101,86,0.0
101,87,0.0
101,88,0.0
101,89,0.0
101,90,0.0
101,91,0.0
101,92,0.0
101,93,0.0
101,94,0.0
101,95,0.0
102,0,0.0
102,1,0.0
102,2,0.0
102,3,0.0
102,4,0.0
102,5,0.0
102,6,0.0
102,7,0.0
102,8,0.0
102,9,0.0
102,10,0.0
102,11,0.0
102,12,0.0
102,13,0.0
102,14,0.0
102,15,0.0
102,16,0.0
102,17,0.0
102,18,0.0
102,19,0.0
102,20,0.0
102,21,0.0
102,22,0.0
102,23,0.0
102,24,0.0
102,25,0.0
102,26,251.8993786177889
102,27,429.1692718692506
102,28,636.76798
102,29,863.3207918063516
102,30,1082.2455145171505
102,31,1263.158084969374
102,32,1375.67444
102,33,1399.560897576536
102,34,1355.1853001886095
102,35,1273.065871456378
102,36,1183.720835
102,37,1111.8452604656302
102,38,1058.8416016034118
102,39,1020.2891581894884
102,40,991.76723
102,41,969.4218086078196
102,42,951.665652772742
102,43,937.4782130512936
102,44,925.83894
102,45,915.4220768999668
102,46,903.6810379306196
102,47,887.7640299959623
102,48,864.81926
102,49,833.8171475423125
102,50,801.0169630047797
102,51,774.500189464857
102,52,762.34831
102,53,769.4220613682833
102,54,787.6991950502617
102,55,805.936716207109
102,56,812.89163
102,57,802.1637376095541
102,58,786.7240242941737
102,59,784.3862713317063
102,60,812.96426
102,61,882.8078992872502
102,62,974.4116090230438
102,63,1060.8059367473154
102,64,1115.02143
102,65,1117.6267919601953
102,66,1079.3433483636516
102,67,1018.430580585282
102,68,953.14797
102,69,896.0330966219688
102,70,836.7359350223504
102,71,759.1845584115567
102,72,647.30704
102,73,492.76731280192985
102,74,318.17274904694705
102,75,153.86658076849088
102,76,0.0
102,77,0.0
102,78,0.0
102,79,0.0
102,80,0.0
102,81,0.0
102,82,0.0
102,83,0.0
102,84,0.0
102,85,0.0
102,86,0.0
102,87,0.0
102,88,0.0
102,89,0.0
102,90,0.0
102,91,0.0
102,92,0.0
102,93,0.0
102,94,0.0
102,95,0.0
103,0,0.0
103,1,0.0
103,2,0.0
103,3,0.0
103,4,0.0
103,5,0.0
103,6,0.0
103,7,0.0
103,8,0.0
103,9,0.0
103,10,0.0
103,11,0.0
103,12,0.0
103,13,0.0
103,14,0.0
103,15,0.0
103,16,0.0
103,17,0.0
103,18,0.0
103,19,0.0
103,20,0.0
103,21,0.0
103,22,0.0
103,23,0.0
103,24,0.0
103,25,123.8439944576968
103,26,260.554676635005
103,27,413.0300454948109
103,28,560.54075
103,29,685.7650696801412
103,30,785.0118063315338
103,31,857.9973923171594
103,32,904.43826
103,33,926.2400047904882
103,34,934.06487428886
103,35,940.7642791428016
103,36,959.18963
103,37,998.1844786579056
103,38,1050.5609415130264
103,39,1105.1232761116337
103,40,1150.67574
103,41,1178.6413404216385
103,42,1190.9180834090334
103,43,1192.022724691912
103,44,1186.47202
103,45,1177.9668577805403
103,46,1166.944657350839
103,47,1153.0269707457182
103,48,1135.83535
103,49,1114.799686112451
103,50,1088.583225937611
103,51,1055.6575552939655
103,52,1014.49426
103,53,965.3948426134078
103,54,915.9804726487184
103,55,875.7022363596695
103,56,854.01122
103,57,857.5128578089182
103,58,881.4299759675159
103,59,918.1397486423558
103,60,960.01935
103,61,1000.0098784946692
103,62,1033.3081297312176
103,63,1055.674823602157
103,64,1062.87068
103,65,1052.1034514936546
103,66,1026.369021357614
103,67,990.110305542766
103,68,947.77022
103,69,901.219096936962
103,70,842.0369335883272
103,71,759.2311434455289
103,72,641.80914
103,73,485.3951743522477
103,74,312.08084803907724
103,75,150.57460020636816
103,76,0.0
103,77,0.0
103,78,0.0
103,79,0.0
103,80,0.0
103,81,0.0
103,82,0.0
103,83,0.0
103,84,0.0
103,85,0.0
103,86,0.0
103,87,0.0
103,88,0.0
103,89,0.0
103,90,0.0
103,91,0.0
103,92,0.0
103,93,0.0
103,94,0.0
103,95,0.0
104,0,0.0
104,1,0.0
104,2,0.0
104,3,0.0
104,4,0.0
104,5,0.0
104,6,0.0
104,7,0.0
104,8,0.0
104,9,0.0
104,10,0.0
104,11,0.0
104,12,0.0
104,13,0.0
104,14,0.0
104,15,0.0
104,16,0.0
104,17,0.0
104,18,0.0
104,19,0.0
104,20,0.0
104,21,0.0
104,22,0.0
104,23,0.0
104,24,0.0
104,25,134.84952477006888
104,26,283.5856472291471
104,27,451.7389210736518
104,28,618.23825
104,29,763.5743239475438
104,30,874.4849778273747
104,31,939.269832793518
104,32,946.22851
104,33,891.7696820960057
104,34,804.7382277113549
104,35,722.0880769710267
104,36,680.77316
104,37,706.5779429809338
104,38,780.609036327206
104,39,872.8035865098756
104,40,953.09874
104,41,998.6417611365096
104,42,1015.4203857298206
104,43,1016.6324674582212
104,44,1015.47586
104,45,1022.172893098028
104,46,1035.0438007535115
104,47,1049.4332930322391
104,48,1060.68608
104,49,1065.3363114713777
104,50,1064.675896256133
104,51,1061.1861829128216
104,52,1057.34852
104,53,1055.1547402352112
104,54,1054.6386129719565
104,55,1055.3443917227232
104,56,1056.81633
104,57,1058.395673369027
104,58,1058.6116356060425
104,59,1055.7904225400366
104,60,1048.25824
104,61,1035.8607189449322
104,62,1024.521190853875
104,63,1021.6824123358804
104,64,1034.78714
104,65,1066.8814127262442
104,66,1103.4243984784573
104,67,1125.4785474914418
104,68,1114.10631
104,69,1054.9971215563403
104,70,952.3483589822952
104,71,814.9843844171023
104,72,651.72956
104,73,473.227568860894
104,74,297.39937809236176
104,75,143.9852757776487
104,76,0.0
104,77,0.0
104,78,0.0
104,79,0.0
104,80,0.0
104,81,0.0
104,82,0.0
104,83,0.0
104,84,0.0
104,85,0.0
104,86,0.0
104,87,0.0
104,88,0.0
104,89,0.0
104,90,0.0
104,91,0.0
104,92,0.0
104,93,0.0
104,94,0.0
104,95,0.0
105,0,0.0
105,1,0.0
105,2,0.0
105,3,0.0
105,4,0.0
105,5,0.0
105,6,0.0
105,7,0.0
105,8,0.0
105,9,0.0
105,10,0.0
105,11,0.0
105,12,0.0
105,13,0.0
105,14,0.0
105,15,0.0
105,16,0.0
105,17,0.0
105,18,0.0
105,19,0.0
105,20,0.0
105,21,0.0
105,22,0.0
105,23,0.0
105,24,0.0
105,25,150.68377225886505
105,26,314.3443474623799
105,27,492.8796064347048
105,28,658.91349
105,29,788.7162110656432
105,30,873.1430708718813
105,31,906.6956427421788
105,32,883.8755
105,33,806.2466637910622
105,34,703.6229465500949
105,35,612.8806085340801
105,36,570.89591
105,37,602.0453736138577
105,38,680.706571677739
105,39,768.7573389027507
105,40,828.07551
105,41,831.5097033160072
105,42,795.7916717389493
105,43,748.6239517924166
105,44,717.70908
105,45,722.9956843721134
105,46,753.4167588664641
105,47,790.1513889275826
105,48,814.37866
105,49,813.571442633039
105,50,800.3777477951943
105,51,793.7393715597524
105,52,812.59811
105,53,868.9267261894801
105,54,946.8218512027586
105,55,1023.411083114658
105,56,1075.8220199999998
105,57,1088.758311515291
105,58,1077.2278136437712
105,59,1063.8144339503665
105,60,1071.10208
105,61,1114.664217124356
105,62,1182.0325417221557
105,63,1253.7283079588772
105,64,1310.2727700000005
105,65,1335.4853127997835
105,66,1326.3778444676063
105,67,1283.2604039016255
105,68,1206.44303
105,69,1097.2254957390094
105,70,960.8665104074198
105,71,803.6145173721205
105,72,631.71796
105,73,453.1362520566796
105,74,282.6726889027142
105,75,136.8415362973917
105,76,0.0
105,77,0.0
105,78,0.0
105,79,0.0
105,80,0.0
105,81,0.0
105,82,0.0
105,83,0.0
105,84,0.0
105,85,0.0
105,86,0.0
105,87,0.0
105,88,0.0
105,89,0.0
105,90,0.0
105,91,0.0
105,92,0.0
105,93,0.0
105,94,0.0
105,95,0.0
106,0,0.0
106,1,0.0
106,2,0.0
106,3,0.0
106,4,0.0
106,5,0.0
106,6,0.0
106,7,0.0
106,8,0.0
106,9,0.0
106,10,0.0
106,11,0.0
106,12,0.0
106,13,0.0
106,14,0.0
106,15,0.0
106,16,0.0
106,17,0.0
106,18,0.0
106,19,0.0
106,20,0.0
106,21,0.0
106,22,0.0
106,23,0.0
106,24,0.0
106,25,128.78736765663024
106,26,253.68359758749884
106,27,386.3715087246183
106,28,504.63939
106,29,592.1009849530878
106,30,655.6718555530501
106,31,708.0930183764874
106,32,762.10549
106,33,826.5077001872688
106,34,894.3277314503001
106,35,954.6510794881816
106,36,996.56324
106,37,1011.8383992978368
106,38,1003.0055061457488
106,39,975.2821999207864
106,40,933.88612
106,41,884.1074290276333
106,42,831.5263827167039
106,43,781.7957600474226
106,44,740.56834
106,45,711.9696139666297
106,46,694.0159229874353
106,47,683.1963205145233
106,48,675.99986
106,49,669.3620082308481
106,50,662.003885333555
106,51,653.0930247694845
106,52,641.7969600000001
106,53,628.9055404537279
106,54,621.6978794283447
106,55,629.075406188789
106,56,659.93955
106,57,718.4214710479903
106,58,789.5712532030666
106,59,853.6687112566096
106,60,890.99366
106,61,887.3102917605612
106,62,850.3203090093891
106,63,793.2097917535225
106,64,729.1648199999998
106,65,670.2335461285148
106,66,623.9124120093769
106,67,596.5599318855507
106,68,594.53462
106,69,618.5406321628795
106,70,646.6646904531029
106,71,651.3391585167751
106,72,604.9964
106,73,490.90731943871737
106,74,335.6969849282105
106,75,176.8290054535984
106,76,0.0
106,77,0.0
106,78,0.0
106,79,0.0
106,80,0.0
106,81,0.0
106,82,0.0
106,83,0.0
106,84,0.0
106,85,0.0
106,86,0.0
106,87,0.0
106,88,0.0
106,89,0.0
106,90,0.0
106,91,0.0
106,92,0.0
106,93,0.0
106,94,0.0
106,95,0.0
107,0,0.0
107,1,0.0
107,2,0.0
107,3,0.0
107,4,0.0
107,5,0.0
107,6,0.0
107,7,0.0
107,8,0.0
107,9,0.0
107,10,0.0
107,11,0.0
107,12,0.0
107,13,0.0
107,14,0.0
107,15,0.0
107,16,0.0
107,17,0.0
107,18,0.0
107,19,0.0
107,20,0.0
107,21,0.0
107,22,0.0
107,23,0.0
107,24,0.0
107,25,0.0
107,26,156.61612207093307
107,27,254.21586732958428
107,28,372.08172
107,29,505.9560787834124
107,30,643.2633233970582
107,31,769.3483288121747
107,32,869.55597
107,33,933.9527897145352
107,34,971.4920018408347
107,35,995.8484880467169
107,36,1020.69713
107,37,1055.8714051709474
107,38,1095.8391742396034
107,39,1131.2268936884575
107,40,1152.66102
107,41,1153.5245713204251
107,42,1138.2268124507516
107,43,1113.9335698557018
107,44,1087.81067
107,45,1065.6549826723517
107,46,1047.7875509573912
107,47,1033.1604612637352
107,48,1020.7258000000004
107,49,1009.788728302668
107,50,1001.0667062196836
107,51,995.6302685268575
107,52,994.54995
107,53,998.3960661482264
107,54,1005.7380554138738
107,55,1014.6451369725844
107,56,1023.18653
107,57,1029.9846714794264
107,58,1035.874869624821
107,59,1042.2456504578056
107,60,1050.48554
107,61,1060.684471840318
107,62,1067.7380098368417
107,63,1065.2431254149444
107,64,1046.79679
107,65,1007.7806703780514
107,66,950.7152147778128
107,67,879.905566788668
107,68,799.65687
107,69,713.4866493037273
107,70,621.7619548019075
107,71,524.062217899134
107,72,419.96687
107,73,310.8536817820402
107,74,205.29378101455728
107,75,0.0
107,76,0.0
107,77,0.0
107,78,0.0
107,79,0.0
107,80,0.0
107,81,0.0
107,82,0.0
107,83,0.0
107,84,0.0
107,85,0.0
107,86,0.0
107,87,0.0
107,88,0.0
107,89,0.0
107,90,0.0
107,91,0.0
107,92,0.0
107,93,0.0
107,94,0.0
107,95,0.0
108,0,0.0
108,1,0.0
108,2,0.0
108,3,0.0
108,4,0.0
108,5,0.0
108,6,0.0
108,7,0.0
108,8,0.0
108,9,0.0
108,10,0.0
108,11,0.0
108,12,0.0
108,13,0.0
108,14,0.0
108,15,0.0
108,16,0.0
108,17,0.0
108,18,0.0
108,19,0.0
108,20,0.0
108,21,0.0
108,22,0.0
108,23,0.0
108,24,0.0
108,25,133.8756976426654
108,26,235.7893224613602
108,27,357.5306160493748
108,28,491.00475
108,29,627.2455785425509
108,30,753.8016864504419
108,31,857.3503411331118
108,32,924.56881
108,33,947.2192981871308
108,34,937.4037617368724
108,35,912.3090944181776
108,36,889.12219
108,37,880.7571683964252
108,38,883.0370541020684
108,39,887.5120977566775
108,40,885.73255
108,41,871.5899279146682
108,42,848.3408143548536
108,43,821.5830586176123
108,44,796.91451
108,45,778.8465569761515
108,46,767.5447447285165
108,47,762.0881576166233
108,48,761.55588
108,49,765.1163377744753
108,50,772.2953229810798
108,51,782.7079691971444
108,52,795.96941
108,53,811.0411117696973
108,54,824.2698720971644
108,55,831.3488213760493
108,56,827.9710899999999
108,57,812.4682443654859
108,58,793.7255948802629
108,59,783.2668879549084
108,60,792.61587
108,61,829.3969531121091
108,62,885.637212131784
108,63,949.4643875855672
108,64,1009.00622
108,65,1053.7063578735772
108,66,1078.272081592601
108,67,1078.726579515324
108,68,1051.09304
108,69,992.339918674831
108,70,903.216740247812
108,71,785.4182966968873
108,72,640.63938
108,73,473.9094649270984
108,74,303.59675741615
108,75,151.40414619712652
108,76,0.0
108,77,0.0
108,78,0.0
108,79,0.0
108,80,0.0
108,81,0.0
108,82,0.0
108,83,0.0
108,84,0.0
108,85,0.0
108,86,0.0
108,87,0.0
108,88,0.0
108,89,0.0
108,90,0.0
108,91,0.0
108,92,0.0
108,93,0.0
108,94,0.0
108,95,0.0
109,0,0.0
109,1,0.0
109,2,0.0
109,3,0.0
109,4,0.0
109,5,0.0
109,6,0.0
109,7,0.0
109,8,0.0
109,9,0.0
109,10,0.0
109,11,0.0
109,12,0.0
109,13,0.0
109,14,0.0
109,15,0.0
109,16,0.0
109,17,0.0
109,18,0.0
109,19,0.0
109,20,0.0
109,21,0.0
109,22,0.0
109,23,0.0
109,24,0.0
109,25,162.2407503787357
109,26,317.9822785079167
109,27,499.5230248831394
109,28,689.91454
109,29,873.2856487635363
109,30,1038.0742737165515
109,31,1173.7956118112916
109,32,1269.96486
109,33,1319.7408170671192
109,34,1330.856689125876
109,35,1314.6892841216952
109,36,1282.61541
109,37,1245.0425479679873
109,38,1208.500872279944
109,39,1178.5512304519284
109,40,1160.75447
109,41,1158.5490224671814
109,42,1166.8836555043488
109,43,1178.584720789342
109,44,1186.47857
109,45,1185.059940288287
109,46,1175.4971107026606
109,47,1160.6267457657043
109,48,1143.28551
109,49,1126.1936621609211
109,50,1111.605837935008
109,51,1101.6602672415909
109,52,1098.49518
109,53,1103.3202090367772
109,54,1113.6305988073063
109,55,1125.992996674183
109,56,1136.97405
109,57,1144.3294037232197
109,58,1150.570693085765
109,59,1159.3985509054285
109,60,1174.51361
109,61,1197.5165706015955
109,62,1221.608402599633
109,63,1237.8901432978537
109,64,1237.46283
109,65,1213.9997529328973
109,66,1171.4632140157023
109,67,1116.387768090657
109,68,1055.30797
109,69,992.0037659480658
109,70,919.2366675875572
109,71,827.01357793327
109,72,705.3414
109,73,550.0069048373399
109,74,379.916335634069
109,75,219.75580361376367
109,76,0.0
109,77,0.0
109,78,0.0
109,79,0.0
109,80,0.0
109,81,0.0
109,82,0.0
109,83,0.0
109,84,0.0
109,85,0.0
109,86,0.0
109,87,0.0
109,88,0.0
109,89,0.0
109,90,0.0
109,91,0.0
109,92,0.0
109,93,0.0
109,94,0.0
109,95,0.0
110,0,0.0
110,1,0.0
110,2,0.0
110,3,0.0
110,4,0.0
110,5,0.0
110,6,0.0
110,7,0.0
110,8,0.0
110,9,0.0
110,10,0.0
110,11,0.0
110,12,0.0
110,13,0.0
110,14,0.0
110,15,0.0
110,16,0.0
110,17,0.0
110,18,0.0
110,19,0.0
110,20,0.0
110,21,0.0
110,22,0.0
110,23,0.0
110,24,0.0
110,25,178.9715429480661
110,26,353.22649527691885
110,27,545.8060499673121
110,28,730.49687
110,29,885.3183559624739
110,30,1005.2208588691776
110,31,1089.3874673412931
110,32,1137.00127
110,33,1149.561027733289
110,34,1137.8281904963703
110,35,1114.8798805112676
110,36,1093.79322
110,37,1084.808685916874
110,38,1086.8201741453404
110,39,1095.8849353011367
110,40,1108.06022
110,41,1119.8392190679665
110,42,1129.4588841722684
110,43,1135.592107190436
110,44,1136.91178
110,45,1132.9222465612595
110,46,1126.4536591655858
110,47,1121.1676221871194
110,48,1120.72574
110,49,1128.342150936995
110,50,1145.4411291653869
110,51,1172.999482811085
110,52,1211.99402
110,53,1261.1250693782602
110,54,1309.9870416728672
110,55,1345.8978681310407
110,56,1356.17548
110,57,1332.6062779562142
110,58,1284.850540393145
110,59,1227.0370151335032
110,60,1173.29445
110,61,1134.4666716093834
110,62,1108.257821754553
110,63,1089.0871210224466
110,64,1071.37379
110,65,1050.3760948250017
110,66,1024.7084838386418
110,67,993.8244509329612
110,68,957.17749
110,69,912.7852322156097
110,70,852.9218578908792
110,71,768.4256846207094
110,72,650.13503
110,73,494.9584263125609
110,74,324.08526459784144
110,75,164.77515058420133
110,76,0.0
110,77,0.0
110,78,0.0
110,79,0.0
110,80,0.0
110,81,0.0
110,82,0.0
110,83,0.0
110,84,0.0
110,85,0.0
110,86,0.0
110,87,0.0
110,88,0.0
110,89,0.0
110,90,0.0
110,91,0.0
110,92,0.0
110,93,0.0
110,94,0.0
110,95,0.0
111,0,0.0
111,1,0.0
111,2,0.0
111,3,0.0
111,4,0.0
111,5,0.0
111,6,0.0
111,7,0.0
111,8,0.0
111,9,0.0
111,10,0.0
111,11,0.0
111,12,0.0
111,13,0.0
111,14,0.0
111,15,0.0
111,16,0.0
111,17,0.0
111,18,0.0
111,19,0.0
111,20,0.0
111,21,0.0
111,22,0.0
111,23,0.0
111,24,0.0
111,25,142.1969288097424
111,26,269.617723292983
111,27,412.6809636297321
111,28,554.61205
111,29,681.2544857179146
111,30,788.9241866340751
111,31,876.555171733198
111,32,943.08146
111,33,988.2943698810988
111,34,1015.4144176707164
111,35,1028.519419124976
111,36,1031.68719
111,37,1028.9158877264404
111,38,1023.88503643306
111,39,1020.1945019231492
111,40,1021.44415
111,41,1029.1279037443896
111,42,1036.315915347045
111,43,1033.9723942761773
111,44,1013.06155
111,45,968.0759813585006
111,46,907.6218446787624
111,47,843.8336856596429
111,48,788.84605
111,49,752.1127992591078
111,50,732.3650584379061
111,51,725.6532683977515
111,52,728.0278700000001
111,53,736.5032220738182
111,54,751.949355319613
111,55,776.2002184056013
111,56,811.08976
111,57,857.0660951018691
111,58,909.0340040336414
111,59,960.5124334485932
111,60,1005.0203299999998
111,61,1037.7551900187052
111,62,1060.6287085458212
111,63,1077.2311303000265
111,64,1091.1527
111,65,1103.8680491983096
111,66,1108.3893567830744
111,67,1095.613188476302
111,68,1056.43611
111,69,984.0618322505568
111,70,880.9226468218819
111,71,751.7579904822662
111,72,601.3073
111,73,436.6100582057141
111,74,273.90593217939846
111,75,131.7346350633837
111,76,0.0
111,77,0.0
111,78,0.0
111,79,0.0
111,80,0.0
111,81,0.0
111,82,0.0
111,83,0.0
111,84,0.0
111,85,0.0
111,86,0.0
111,87,0.0
111,88,0.0
111,89,0.0
111,90,0.0
111,91,0.0
111,92,0.0
111,93,0.0
111,94,0.0
111,95,0.0
112,0,0.0
112,1,0.0
112,2,0.0
112,3,0.0
112,4,0.0
112,5,0.0
112,6,0.0
112,7,0.0
112,8,0.0
112,9,0.0
112,10,0.0
112,11,0.0
112,12,0.0
112,13,0.0
112,14,0.0
112,15,0.0
112,16,0.0
112,17,0.0
112,18,0.0
112,19,0.0
112,20,0.0
112,21,0.0
112,22,0.0
112,23,0.0
112,24,0.0
112,25,184.0946691445136
112,26,344.0685494146795
112,27,500.6156649775058
112,28,617.61187
112,29,668.812475086251
112,30,667.490616588672
112,31,636.798887296757
112,32,599.88988
112,33,575.184543479232
112,34,562.1772504806322
112,35,555.6307297417162
112,36,550.30771
112,37,542.1799703718208
112,38,532.0554914887994
112,39,521.9513043613784
112,40,513.88444
112,41,509.7644525334854
112,42,511.0709885641704
112,43,519.1762178127705
112,44,535.45231
112,45,560.167177462988
112,46,589.1717030045185
112,47,617.2125120437898
112,48,639.03623
112,49,650.7621662083128
112,50,654.0003656677557
112,51,651.7335572933205
112,52,646.94447
112,53,642.0921934850102
112,54,637.5412605744592
112,55,633.1325648766787
112,56,628.707
112,57,625.2417376641464
112,58,628.2590620344076
112,59,644.4175353874649
112,60,680.37572
112,61,740.5277050771545
112,62,820.2096875379107
112,63,912.4933912297118
112,64,1010.45054
112,65,1105.916151714736
112,66,1185.7784203139497
112,67,1235.6888337561882
112,68,1241.29888
112,69,1192.5967496264016
112,70,1096.917443706291
112,71,965.9326659330344
112,72,811.31412
112,73,645.5566685296575
112,74,484.4478098608877
112,75,344.5982012616741
112,76,242.6185
112,77,189.6675065674684
112,78,175.09659435015868
112,79,182.80527995776967
112,80,196.69308
112,81,203.86760191921903
112,82,204.2688164884776
112,83,201.04478531349744
112,84,197.34357
112,85,195.6408215369057
112,86,195.72254844593087
112,87,196.70234863199053
112,88,197.69382
112,89,198.02364537065807
112,90,197.8708472277989
112,91,197.62753297104024
112,92,197.68581
112,93,198.265035417962
112,94,198.89356514287363
112,95,198.92700479634848
113,0,197.72096
113,1,195.10160936374407
113,2,192.7774234507066
113,3,192.92744581231585
113,4,197.73072
113,5,207.65804915831163
113,6,216.3472748042999
113,7,215.72799804813823
113,8,197.72982
113,9,157.6861432217594
113,10,0.0
113,11,0.0
113,12,0.0
113,13,0.0
113,14,0.0
113,15,0.0
113,16,0.0
113,17,0.0
113,18,0.0
113,19,0.0
113,20,0.0
113,21,0.0
113,22,0.0
113,23,0.0
113,24,0.0
113,25,164.29578230691905
113,26,290.61871144840023
113,27,438.2420948656812
113,28,596.23697
113,29,753.0812415342756
113,30,894.880283118151
113,31,1007.1463356429512
113,32,1075.39164
113,33,1090.3219096809792
113,34,1063.4167485789956
113,35,1011.3492331875146
113,36,950.79244
113,37,897.3251722418086
113,38,862.1491400658659
113,39,855.3717803569905
113,40,887.10053
113,41,961.0943860392872
113,42,1055.7185861575406
113,43,1142.9899281970238
113,44,1194.92521
113,45,1191.140477194794
113,46,1141.6487665539723
113,47,1064.0623626361646
113,48,975.99355
113,49,892.6192470565389
113,50,819.3749076265708
113,51,759.2606193833175
113,52,715.27647
113,53,689.8593034853009
113,54,683.1929891897445
113,55,694.8981527993159
113,56,724.59542
113,57,771.5002636897574
113,58,833.2075456144511
113,59,906.9069747319191
113,60,989.7882600000002
113,61,1077.9565703494195
113,62,1163.1789146024516
113,63,1236.1377615542578
113,64,1287.51558
113,65,1309.3995436625648
113,66,1299.4956459757427
113,67,1256.9145853010489
113,68,1180.7670600000004
113,69,1071.5888523440713
113,70,935.616080244578
113,71,780.5099455227959
113,72,613.93165
113,73,444.5385427424002
113,74,284.9725617959449
113,75,148.8717924515172
113,76,0.0
113,77,0.0
113,78,0.0
113,79,0.0
113,80,0.0
113,81,0.0
113,82,0.0
113,83,0.0
113,84,0.0
113,85,0.0
113,86,0.0
113,87,0.0
113,88,0.0
113,89,0.0
113,90,0.0
113,91,0.0
113,92,0.0
113,93,0.0
113,94,0.0
113,95,0.0
114,0,0.0
114,1,0.0
114,2,0.0
114,3,0.0
114,4,0.0
114,5,0.0
114,6,0.0
114,7,0.0
114,8,0.0
114,9,0.0
114,10,0.0
114,11,0.0
114,12,0.0
114,13,0.0
114,14,0.0
114,15,0.0
114,16,0.0
114,17,0.0
114,18,0.0
114,19,0.0
114,20,0.0
114,21,0.0
114,22,0.0
114,23,0.0
114,24,0.0
114,25,188.0769301631602
114,26,346.36078043687394
114,27,520.0000079921506
114,28,686.10688
114,29,826.3769554130362
114,30,940.8389603102904
114,31,1034.1049125523998
114,32,1110.78683
114,33,1174.368807403445
114,34,1223.8232470719634
114,35,1256.9946282044998
114,36,1271.72743
114,37,1267.253019973182
114,38,1248.3503189018554
114,39,1221.1851358796005
114,40,1191.9232799999995
114,41,1164.862971141325
114,42,1136.832072320614
114,43,1102.7908573395955
114,44,1057.6996
114,45,999.7721470240176
114,46,940.2366368156888
114,47,893.5747806995156
114,48,874.26829
114,49,891.1436202938542
114,50,930.4062041666303
114,51,972.6062184560916
114,52,998.29384
114,53,993.727690863066
114,54,968.0001740177896
114,55,935.9121376636184
114,56,912.26443
114,57,908.020566410132
114,58,918.7947310122112
114,59,936.3637751081852
114,60,952.50455
114,61,960.423394121406
114,62,959.0445944333648
114,63,948.7219250286412
114,64,929.80916
114,65,903.566099916744
114,66,874.8766512543292
114,67,849.5307469647497
114,68,833.31832
114,69,827.6201279303682
114,70,816.1802267993185
114,71,778.3334972686097
114,72,693.4148200000001
114,73,550.0476341430336
114,74,374.00961279839686
114,75,200.3669875545617
114,76,0.0
114,77,0.0
114,78,0.0
114,79,0.0
114,80,0.0
114,81,0.0
114,82,0.0
114,83,0.0
114,84,0.0
114,85,0.0
114,86,0.0
114,87,0.0
114,88,0.0
114,89,0.0
114,90,0.0
114,91,0.0
114,92,0.0
114,93,0.0
114,94,0.0
114,95,0.0
115,0,0.0
115,1,0.0
115,2,0.0
115,3,0.0
115,4,0.0
115,5,0.0
115,6,0.0
115,7,0.0
115,8,0.0
115,9,0.0
115,10,0.0
115,11,0.0
115,12,0.0
115,13,0.0
115,14,0.0
115,15,0.0
115,16,0.0
115,17,0.0
115,18,0.0
115,19,0.0
115,20,0.0
115,21,0.0
115,22,0.0
115,23,0.0
115,24,0.0
115,25,200.0380884913459
115,26,362.8284798183078
115,27,548.8984712361158
115,28,740.17911
115,29,920.412381746114
115,30,1080.584025634305
115,31,1213.490719205343
115,32,1311.92914
115,33,1372.0153574929482
115,34,1403.1430088944726
115,35,1418.0251233487606
115,36,1429.37473
115,37,1445.6874990633432
115,38,1458.589665037804
115,39,1455.4901034933632
115,40,1423.79769
115,41,1357.22739375368
115,42,1274.7185584543113
115,43,1201.5166214277865
115,44,1162.8670199999997
115,45,1175.133997796937
115,46,1219.1570236449516
115,47,1266.8943726704906
115,48,1290.30432
115,49,1270.244485214822
115,50,1223.169865715883
115,51,1174.4348033590013
115,52,1149.39364
115,53,1166.1939947812737
115,54,1214.156595991518
115,55,1275.3954492060031
115,56,1332.02456
115,57,1369.9908156600834
115,58,1390.572630318046
115,59,1398.8812998169858
115,60,1400.0281199999995
115,61,1397.937395390893
115,62,1391.7854652362978
115,63,1379.5616774635537
115,64,1359.2553799999998
115,65,1329.0083890263445
115,66,1287.5723937367627
115,67,1233.8515515787997
115,68,1166.75002
115,69,1084.8653288162304
115,70,985.5684973166518
115,71,865.9239171587471
115,72,722.99598
115,73,557.8880258649837
115,74,387.8591882466303
115,75,234.2075490049617
115,76,0.0
115,77,0.0
115,78,0.0
115,79,0.0
115,80,0.0
115,81,0.0
115,82,0.0
115,83,0.0
115,84,0.0
115,85,0.0
115,86,0.0
115,87,0.0
115,88,0.0
115,89,0.0
115,90,0.0
115,91,0.0
115,92,0.0
115,93,0.0
115,94,0.0
115,95,0.0
116,0,0.0
116,1,0.0
116,2,0.0
116,3,0.0
116,4,0.0
116,5,0.0
116,6,0.0
116,7,0.0
116,8,0.0
116,9,0.0
116,10,0.0
116,11,0.0
116,12,0.0
116,13,0.0
116,14,0.0
116,15,0.0
116,16,0.0
116,17,0.0
116,18,0.0
116,19,0.0
116,20,0.0
116,21,0.0
116,22,0.0
116,23,0.0
116,24,0.0
116,25,214.7641615414344
116,26,380.9700154564047
116,27,564.0654216431727
116,28,741.80438
116,29,896.2803442830682
116,30,1026.9445836802374
116,31,1137.5878212372882
116,32,1232.00078
116,33,1312.461907420043
116,34,1375.200548572645
116,35,1414.933772938925
116,36,1426.37865
116,37,1407.234236818011
116,38,1367.127540779183
116,39,1318.6675568507635
116,40,1274.46328
116,41,1244.2429115579132
116,42,1226.211478310623
116,43,1215.693213408021
116,44,1208.01235
116,45,1200.1053897628346
116,46,1195.357908478325
116,47,1198.767750454653
116,48,1215.3327600000002
116,49,1247.183080328248
116,50,1284.978050276077
116,51,1316.5093075858676
116,52,1329.5684900000003
116,53,1316.3616059554242
116,54,1286.7521466673677
116,55,1255.017974045627
116,56,1235.43695
116,57,1237.983531475056
116,58,1255.4185555544536
116,59,1276.1994543566243
116,60,1288.78366
116,61,1285.3705081443525
116,62,1273.1269486148187
116,63,1262.961834777875
116,64,1265.7840200000005
116,65,1287.439351416284
116,66,1313.5216512362726
116,67,1324.561735438125
116,68,1301.09042
116,69,1228.3368141592616
116,70,1110.3232001900917
116,71,955.7701536258757
116,72,773.39825
116,73,573.9986664779193
116,74,376.64498675336137
116,75,202.4813961521228
116,76,0.0
116,77,0.0
116,78,0.0
116,79,0.0
116,80,0.0
116,81,0.0
116,82,0.0
116,83,0.0
116,84,0.0
116,85,0.0
116,86,0.0
116,87,0.0
116,88,0.0
116,89,0.0
116,90,0.0
116,91,0.0
116,92,0.0
116,93,0.0
116,94,0.0
116,95,0.0
117,0,0.0
117,1,0.0
117,2,0.0
117,3,0.0
117,4,0.0
117,5,0.0
117,6,0.0
117,7,0.0
117,8,0.0
117,9,0.0
117,10,0.0
117,11,0.0
117,12,0.0
117,13,0.0
117,14,0.0
117,15,0.0
117,16,0.0
117,17,0.0
117,18,0.0
117,19,0.0
117,20,0.0
117,21,0.0
117,22,0.0
117,23,0.0
117,24,0.0
117,25,246.65188152456187
117,26,447.5485885786902
117,27,664.1913138434733
117,28,865.61169
117,29,1027.1895847736507
117,30,1149.697806066974
117,31,1240.2573968268102
117,32,1305.9894
117,33,1353.188886099585
117,34,1384.8470359034136
117,35,1403.129057755535
117,36,1410.20016
117,37,1407.6639803592593
117,38,1394.8778740693713
117,39,1370.637625744798
117,40,1333.73902
117,41,1284.7333026196286
117,42,1231.1935640691
117,43,1182.4483559840216
117,44,1147.8262299999997
117,45,1134.4502160372258
117,46,1140.6212571542271
117,47,1162.4347746941146
117,48,1195.98619
117,49,1237.4749108877174
117,50,1283.5162910639915
117,51,1330.82967070827
117,52,1376.13439
117,53,1416.3430777556546
117,54,1449.141517339807
117,55,1472.408780754056
117,56,1484.02394
117,57,1483.2858132459144
117,58,1475.1722033267804
117,59,1466.0806592442564
117,60,1462.40873
117,61,1468.2466973856883
117,62,1478.4557743530722
117,63,1485.5899066439197
117,64,1482.20304
117,65,1461.402657992582
117,66,1418.510395510932
117,67,1349.401425273816
117,68,1249.95092
117,69,1118.3654011127337
117,70,962.1767848532
117,71,791.2483361670664
117,72,615.44332
117,73,444.66322943148407
117,74,288.9624700762682
117,75,158.43367568291816
117,76,0.0
117,77,0.0
117,78,0.0
117,79,0.0
117,80,0.0
117,81,0.0
117,82,0.0
117,83,0.0
117,84,0.0
117,85,0.0
117,86,0.0
117,87,0.0
117,88,0.0
117,89,0.0
117,90,0.0
117,91,0.0
117,92,0.0
117,93,0.0
117,94,0.0
117,95,0.0
118,0,0.0
118,1,0.0
118,2,0.0
118,3,0.0
118,4,0.0
118,5,0.0
118,6,0.0
118,7,0.0
118,8,0.0
118,9,0.0
118,10,0.0
118,11,0.0
118,12,0.0
118,13,0.0
118,14,0.0
118,15,0.0
118,16,0.0
118,17,0.0
118,18,0.0
118,19,0.0
118,20,0.0
118,21,0.0
118,22,0.0
118,23,0.0
118,24,0.0
118,25,235.11111027235071
118,26,418.6869464311974
118,27,617.7077343744453
118,28,805.28358
118,29,959.456350966964
118,30,1077.994961979227
118,31,1163.6000895018767
118,32,1218.97241
118,33,1247.929276328544
118,34,1258.7547469018946
118,35,1260.849556524298
118,36,1263.61444
118,37,1273.5211662188603
118,38,1285.3256404131946
118,39,1290.854801900931
118,40,1281.9355900000005
118,41,1253.561503483515
118,42,1213.392278945328
118,43,1172.2542124344775
118,44,1140.9736
118,45,1127.4468251595808
118,46,1127.8506213054932
118,47,1135.4318092986591
118,48,1143.43721
118,49,1147.005939628163
118,50,1148.8462958326995
118,51,1153.5588716208863
118,52,1165.74426
118,53,1188.4055085152663
118,54,1218.1554828637077
118,55,1250.0095032802951
118,56,1278.98289
118,57,1300.898126154521
118,58,1314.806346462469
118,59,1320.565848539183
118,60,1318.03493
118,61,1306.9842367103993
118,62,1286.833807536416
118,63,1256.9160295942245
118,64,1216.56329
118,65,1165.0686048163825
118,66,1101.5675058918684
118,67,1025.1561540214202
118,68,934.93071
118,69,830.8314054303218
118,70,716.1747551461108
118,71,595.1213447888443
118,72,471.83176
118,73,350.95658861858027
118,74,239.1064272736883
118,75,143.3818747919521
118,76,0.0
118,77,0.0
118,78,0.0
118,79,0.0
118,80,0.0
118,81,0.0
118,82,0.0
118,83,0.0
118,84,0.0
118,85,0.0
118,86,0.0
118,87,0.0
118,88,0.0
118,89,0.0
118,90,0.0
118,91,0.0
118,92,0.0
118,93,0.0
118,94,0.0
118,95,0.0
119,0,0.0
119,1,0.0
119,2,0.0
119,3,0.0
119,4,0.0
119,5,0.0
119,6,0.0
119,7,0.0
119,8,0.0
119,9,0.0
119,10,0.0
119,11,0.0
119,12,0.0
119,13,0.0
119,14,0.0
119,15,0.0
119,16,0.0
119,17,0.0
119,18,0.0
119,19,0.0
119,20,0.0
119,21,0.0
119,22,0.0
119,23,0.0
119,24,0.0
119,25,186.0832715437256
119,26,335.1406193673548
119,27,497.4931375073067
119,28,651.54318
119,29,779.6632726908135
119,30,880.1066286609657
119,31,955.0966328006352
119,32,1006.85667
119,33,1038.1330331617703
119,34,1053.763647238782
119,35,1059.109345196403
119,36,1059.5309599999998
119,37,1060.005164505855
119,38,1063.9719911339057
119,39,1074.4873121950031
119,40,1094.607
119,41,1125.1174380335606
119,42,1157.7270544755968
119,43,1181.874788679835
119,44,1186.99958
119,45,1166.6754689849038
119,46,1131.016900963707
119,47,1094.2734224606563
119,48,1070.69458
119,49,1070.8564249330743
119,50,1090.6410279195754
119,51,1122.2569644462887
119,52,1157.91281
119,53,1191.5432073765496
119,54,1223.987068607992
119,55,1257.809373035439
119,56,1295.5751
119,57,1338.860623841979
119,58,1385.2878988984562
119,59,1431.4902745057054
119,60,1474.1011
119,61,1510.1769422555349
119,62,1538.4672382981832
119,63,1558.1446426917405
119,64,1568.3818100000003
119,65,1567.362709010882
119,66,1549.3165654088104
119,67,1507.4839191023332
119,68,1435.10531
119,69,1327.2407495134362
119,70,1186.228135066575
119,71,1016.2248355864266
119,72,821.38822
119,73,608.9805390291227
119,74,398.68357057488913
119,75,213.2839743332109
119,76,0.0
119,77,0.0
119,78,0.0
119,79,0.0
119,80,0.0
119,81,0.0
119,82,0.0
119,83,0.0
119,84,0.0
119,85,0.0
119,86,0.0
119,87,0.0
119,88,0.0
119,89,0.0
119,90,0.0
119,91,0.0
119,92,0.0
119,93,0.0
119,94,0.0
119,95,0.0
120,0,0.0
120,1,0.0
120,2,0.0
120,3,0.0
120,4,0.0
120,5,0.0
120,6,0.0
120,7,0.0
120,8,0.0
120,9,0.0
120,10,0.0
120,11,0.0
120,12,0.0
120,13,0.0
120,14,0.0
120,15,0.0
120,16,0.0
120,17,0.0
120,18,0.0
120,19,0.0
120,20,0.0
120,21,0.0
120,22,0.0
120,23,0.0
120,24,128.87748000000002
120,25,287.75722540246625
120,26,492.87573842323786
120,27,717.3449347323905
120,28,934.27673
120,29,1120.936619207759
120,30,1271.2044145838277
120,31,1383.1135076679825
120,32,1454.6972899999998
120,33,1486.4277104227476
120,34,1488.5309469914523
120,35,1473.6717350644303
120,36,1454.51481
120,37,1440.0413078512508
120,38,1424.4979674503647
120,39,1398.4479283242963
120,40,1352.45433
120,41,1281.494181765999
120,42,1198.1999719570888
120,43,1119.6180586696344
120,44,1062.7948
120,45,1039.9694352410038
120,46,1044.1527284712804
120,47,1063.5483249659162
120,48,1086.35987
120,49,1102.3246228949852
120,50,1107.3142991577904
120,51,1098.7342283417006
120,52,1073.98974
120,53,1032.5971359915552
120,54,982.516607397558
120,55,933.8193176047816
120,56,896.57643
120,57,878.130160013794
120,58,874.9069312519777
120,59,880.6042193641724
120,60,888.9195
120,61,893.8123339532685
120,62,890.2906225945314
120,63,873.6243524385287
120,64,839.08351
120,65,785.020572923132
120,66,722.1179833698966
120,67,664.1406746317131
120,68,624.85358
120,69,611.931012010454
120,70,608.6848001758822
120,71,592.3361532533693
120,72,540.10628
120,73,437.7467545038021
120,74,305.13061217657474
120,75,170.66125376106007
120,76,0.0
120,77,0.0
120,78,0.0
120,79,0.0
120,80,0.0
120,81,0.0
120,82,0.0
120,83,0.0
120,84,0.0
120,85,0.0
120,86,0.0
120,87,0.0
120,88,0.0
120,89,0.0
120,90,0.0
120,91,0.0
120,92,0.0
120,93,0.0
120,94,0.0
120,95,0.0
121,0,0.0
121,1,0.0
121,2,0.0
121,3,0.0
121,4,0.0
121,5,0.0
121,6,0.0
121,7,0.0
121,8,0.0
121,9,0.0
121,10,0.0
121,11,0.0
121,12,0.0
121,13,0.0
121,14,0.0
121,15,0.0
121,16,0.0
121,17,0.0
121,18,0.0
121,19,0.0
121,20,0.0
121,21,0.0
121,22,0.0
121,23,0.0
121,24,0.0
121,25,217.0642813789304
121,26,355.86875035148046
121,27,506.9186566482904
121,28,653.15468
121,29,778.8923295346145
121,30,873.9464319695993
121,31,929.5066434197844
121,32,936.76262
121,33,892.9320007951114
121,34,819.3443567701228
121,35,743.3572418600727
121,36,692.32821
121,37,686.5732554099396
121,38,718.2421334499099
121,39,772.4430397649253
121,40,834.28417
121,41,890.5187820963802
121,42,934.4803831802376
121,43,961.1475426739764
121,44,965.49883
121,45,946.2079635482902
121,46,916.7292575791396
121,47,894.2121753204194
121,48,895.80618
121,49,931.9000818354592
121,50,985.8400790032036
121,51,1034.211716669346
121,52,1053.60054
121,53,1028.368521922372
121,54,973.9833464080456
121,55,913.689125189696
121,56,870.72997
121,57,862.218517037551
121,58,880.7415003646134
121,59,912.7541785093692
121,60,944.71181
121,61,965.9058782086736
121,62,976.9727658835004
121,63,981.3850806165772
121,64,982.6154299999998
121,65,983.0450691902544
121,66,980.689843601384
121,67,972.4742462118217
121,68,955.32277
121,69,925.3627904990586
121,70,875.5332134609635
121,71,797.9758271923864
121,72,684.83242
121,73,533.9108299072606
121,74,365.6830938047623
121,75,206.28729829988268
121,76,0.0
121,77,0.0
121,78,0.0
121,79,0.0
121,80,0.0
121,81,0.0
121,82,0.0
121,83,0.0
121,84,0.0
121,85,0.0
121,86,0.0
121,87,0.0
121,88,0.0
121,89,0.0
121,90,0.0
121,91,0.0
121,92,0.0
121,93,0.0
121,94,0.0
121,95,0.0
122,0,0.0
122,1,0.0
122,2,0.0
122,3,0.0
122,4,0.0
122,5,0.0
122,6,0.0
122,7,0.0
122,8,0.0
122,9,0.0
122,10,0.0
122,11,0.0
122,12,0.0
122,13,0.0
122,14,0.0
122,15,0.0
122,16,0.0
122,17,0.0
122,18,0.0
122,19,0.0
122,20,0.0
122,21,0.0
122,22,0.0
122,23,0.0
122,24,0.0
122,25,141.30514277358188
122,26,221.83482172519865
122,27,328.3766348142162
122,28,464.85658
122,29,629.701389290383
122,30,799.3407308870655
122,31,944.7050070402152
122,32,1036.7246200000002
122,33,1056.309532564886
122,34,1024.2879497265392
122,35,971.4676370249224
122,36,928.65636
122,37,918.8848148250715
122,38,934.075420206778
122,39,958.3735254850956
122,40,975.92448
122,41,974.7915054785772
122,42,958.709313196349
122,43,935.3304868159464
122,44,912.30761
122,45,895.3688390418694
122,46,882.5446207578261
122,47,869.9409745948697
122,48,853.66392
122,49,831.254755072695
122,50,805.9958925223466
122,51,782.6050237108249
122,52,765.79984
122,53,758.2005678548505
122,54,754.0375741527877
122,55,745.4437608743309
122,56,724.55203
122,57,686.030093351653
122,58,634.6849021165029
122,59,577.8582173231015
122,60,522.8918
122,61,475.3881001447873
122,62,433.99232363120046
122,63,395.6103653020133
122,64,357.14812
122,65,316.4068801316977
122,66,274.7695283586954
122,67,234.5143449063454
122,68,197.91961000000003
122,69,166.61136323467207
122,70,139.606681684018
122,71,0.0
122,72,0.0
122,73,0.0
122,74,0.0
122,75,0.0
122,76,0.0
122,77,0.0
122,78,0.0
122,79,0.0
122,80,0.0
122,81,0.0
122,82,0.0
122,83,0.0
122,84,0.0
122,85,0.0
122,86,0.0
122,87,0.0
122,88,0.0
122,89,0.0
122,90,0.0
122,91,0.0
122,92,0.0
122,93,0.0
122,94,0.0
122,95,0.0
123,0,0.0
123,1,0.0
123,2,0.0
123,3,0.0
123,4,0.0
123,5,0.0
123,6,0.0
123,7,0.0
123,8,0.0
123,9,0.0
123,10,0.0
123,11,0.0
123,12,0.0
123,13,0.0
123,14,0.0
123,15,0.0
123,16,0.0
123,17,0.0
123,18,0.0
123,19,0.0
123,20,0.0
123,21,0.0
123,22,0.0
123,23,0.0
123,24,0.0
123,25,0.0
123,26,0.0
123,27,130.29335029962903
123,28,183.32899
123,29,236.3051221252023
123,30,285.72882069356706
123,31,328.2088314151483
123,32,360.3539
123,33,380.0880895460952
123,34,390.596732703082
123,35,396.3804795085281
123,36,401.9399800000001
123,37,412.3069575029171
123,38,434.6374284941048
123,39,476.61848273824
123,40,545.93721
123,41,645.6148104422365
123,42,760.008925820499
123,43,868.8113082885121
123,44,951.71371
123,45,994.5563421343873
123,46,1007.773251973899
123,47,1007.9469458264616
123,48,1011.65993
123,49,1031.0795541452146
123,50,1060.712541283904
123,51,1090.6504577806415
123,52,1110.98487
123,53,1113.505844253504
123,54,1096.7974466404844
123,55,1061.1422432072225
123,56,1006.8228
123,57,935.7502516532692
123,58,856.3500071541594
123,59,778.6760440779699
123,60,712.78234
123,61,666.0857788209195
123,62,635.4548697428787
123,63,615.1210282933987
123,64,599.31567
123,65,582.1057690005529
123,66,556.9005338743254
123,67,516.9447318109353
123,68,455.48313
123,69,369.4464622081189
123,70,270.5093285098192
123,71,174.03229555660982
123,72,0.0
123,73,0.0
123,74,0.0
123,75,0.0
123,76,0.0
123,77,0.0
123,78,0.0
123,79,0.0
123,80,0.0
123,81,0.0
123,82,0.0
123,83,0.0
123,84,0.0
123,85,0.0
123,86,0.0
123,87,0.0
123,88,0.0
123,89,0.0
123,90,0.0
123,91,0.0
123,92,0.0
123,93,0.0
123,94,0.0
123,95,0.0
124,0,0.0
124,1,0.0
124,2,0.0
124,3,0.0
124,4,0.0
124,5,0.0
124,6,0.0
124,7,0.0
124,8,0.0
124,9,0.0
124,10,0.0
124,11,0.0
124,12,0.0
124,13,0.0
124,14,0.0
124,15,0.0
124,16,0.0
124,17,0.0
124,18,0.0
124,19,0.0
124,20,0.0
124,21,0.0
124,22,0.0
124,23,0.0
124,24,0.0
124,25,250.7993024685697
124,26,428.0543726401208
124,27,611.3067189916113
124,28,770.20202
124,29,881.6751080462809
124,30,951.817431127592
124,31,994.0095911451072
124,32,1021.63219
124,33,1044.8752292525564
124,34,1061.1663090995105
124,35,1064.7424293967097
124,36,1049.84059
124,37,1013.9130893184936
124,38,967.2734199743652
124,39,923.450373143054
124,40,895.97274
124,41,894.3200625359689
124,42,911.774886003029
124,43,937.5705064685744
124,44,960.94022
124,45,973.3551750688808
124,46,975.2379297635192
124,47,969.2488945763978
124,48,958.04848
124,49,944.3990160947576
124,50,931.4705111928944
124,51,922.5348931945844
124,52,920.86409
124,53,927.9690149270896
124,54,938.3165229649028
124,55,944.6124545202648
124,56,939.56265
124,57,918.141045134384
124,58,884.3939569474937
124,59,844.6357977868566
124,60,805.18098
124,61,771.6068731291243
124,62,746.5426754951219
124,63,731.8805426135586
124,64,729.51263
124,65,738.6489673491188
124,66,747.7710810720183
124,67,742.6783717589086
124,68,709.17024
124,69,637.8471329431502
124,70,538.5136839668049
124,71,425.7755730070572
124,72,314.23848
124,73,216.26632775328048
124,74,135.2560105607623
124,75,0.0
124,76,0.0
124,77,0.0
124,78,0.0
124,79,0.0
124,80,0.0
124,81,0.0
124,82,0.0
124,83,0.0
124,84,0.0
124,85,0.0
124,86,0.0
124,87,0.0
124,88,0.0
124,89,0.0
124,90,0.0
124,91,0.0
124,92,0.0
124,93,0.0
124,94,0.0
124,95,0.0
125,0,0.0
125,1,0.0
125,2,0.0
125,3,0.0
125,4,0.0
125,5,0.0
125,6,0.0
125,7,0.0
125,8,0.0
125,9,0.0
125,10,0.0
125,11,0.0
125,12,0.0
125,13,0.0
125,14,0.0
125,15,0.0
125,16,0.0
125,17,0.0
125,18,0.0
125,19,0.0
125,20,0.0
125,21,0.0
125,22,0.0
125,23,0.0
125,24,0.0
125,25,208.24256607597675
125,26,360.9795633234779
125,27,511.1604989092401
125,28,626.90684
125,29,685.3215366883106
125,30,699.4334707699905
125,31,691.2530069666753
125,32,682.79051
125,33,690.711734358281
125,34,710.3039935965596
125,35,731.5099910365585
125,36,744.27243
125,37,741.4937621285653
125,38,727.9154323437707
125,39,711.2386338870907
125,40,699.16456
125,41,697.0917190024575
125,42,701.2078795283575
125,43,705.398125290079
125,44,703.54754
125,45,691.5738127991049
125,46,673.5250545427991
125,47,655.4819815150938
125,48,643.52531
125,49,641.860986988623
125,50,647.1958823004459
125,51,654.3620964620459
125,52,658.19173
125,53,655.3216117464027
125,54,649.6074837554169
125,55,646.7098163867228
125,56,652.28908
125,57,669.459150088266
125,58,691.1475226778863
125,59,707.7350989285633
125,60,709.60278
125,61,689.9989232130335
125,62,653.6417105330385
125,63,608.1167800865242
125,64,561.00977
125,65,518.5224795596004
125,66,481.3213526899602
125,67,448.6889944753401
125,68,419.90801
125,69,393.7579251110652
125,70,367.00594870712047
125,71,335.9162104496156
125,72,296.75284
125,73,247.4023909336389
125,74,192.24111248155785
125,75,137.26767778869785
125,76,0.0
125,77,0.0
125,78,0.0
125,79,0.0
125,80,0.0
125,81,0.0
125,82,0.0
125,83,0.0
125,84,0.0
125,85,0.0
125,86,0.0
125,87,0.0
125,88,0.0
125,89,0.0
125,90,0.0
125,91,0.0
125,92,0.0
125,93,0.0
125,94,0.0
125,95,0.0
126,0,0.0
126,1,0.0
126,2,0.0
126,3,0.0
126,4,0.0
126,5,0.0
126,6,0.0
126,7,0.0
126,8,0.0
126,9,0.0
126,10,0.0
126,11,0.0
126,12,0.0
126,13,0.0
126,14,0.0
126,15,0.0
126,16,0.0
126,17,0.0
126,18,0.0
126,19,0.0
126,20,0.0
126,21,0.0
126,22,0.0
126,23,0.0
126,24,146.88399
126,25,281.5209559853506
126,26,443.8356389435924
126,27,606.2430374300379
126,28,741.15815
126,29,827.3734717365838
126,30,869.1914838340658
126,31,877.2921640145149
126,32,862.35549
126,33,834.209403943314
126,34,799.2737057201442
126,35,763.1161596369025
126,36,731.30453
126,37,708.0117426464105
126,38,691.8313695353572
126,39,679.9621441566253
126,40,669.6028
126,41,658.5394939085437
126,42,646.9080761384267
126,43,635.4318202990962
126,44,624.834
126,45,615.2456481256646
126,46,604.4288346609359
126,47,589.5533888657393
126,48,567.7891399999999
126,49,538.0273298387978
126,50,506.04485021782966
126,51,479.34000548794654
126,52,465.4111
126,53,469.4098390816441
126,54,487.1015319677458
126,55,511.90488886997446
126,56,537.23862
126,57,558.0281755533754
126,58,575.2259656611873
126,59,591.2911404384055
126,60,608.68285
126,61,629.5167422986042
126,62,654.5344566375052
126,63,684.1341301576534
126,64,718.7139
126,65,757.7369752522079
126,66,796.9268527887922
126,67,831.0721014309803
126,68,854.96129
126,69,862.6677434113141
126,70,845.4038109573262
126,71,793.6665980246751
126,72,697.95321
126,73,555.165394852536
126,74,387.8234708819034
126,75,224.85239897031929
126,76,0.0
126,77,0.0
126,78,0.0
126,79,0.0
126,80,0.0
126,81,0.0
126,82,0.0
126,83,0.0
126,84,0.0
126,85,0.0
126,86,0.0
126,87,0.0
126,88,0.0
126,89,0.0
126,90,0.0
126,91,0.0
126,92,0.0
126,93,0.0
126,94,0.0
126,95,0.0
127,0,0.0
127,1,0.0
127,2,0.0
127,3,0.0
127,4,0.0
127,5,0.0
127,6,0.0
127,7,0.0
127,8,0.0
127,9,0.0
127,10,0.0
127,11,0.0
127,12,0.0
127,13,0.0
127,14,0.0
127,15,0.0
127,16,0.0
127,17,0.0
127,18,0.0
127,19,0.0
127,20,0.0
127,21,0.0
127,22,0.0
127,23,0.0
127,24,143.87099
127,25,260.2761265335223
127,26,397.93998875983584
127,27,533.5688716062317
127,28,643.86907
127,29,711.5502978122661
127,30,743.3359446894913
127,31,751.9528192219707
127,32,750.12773
127,33,748.1913481549134
127,34,746.8897949821992
127,35,744.5730543183856
127,36,739.59111
127,37,731.246131755581
127,38,722.6490328817117
127,39,717.8629125669867
127,40,720.95087
127,41,734.2134946665128
127,42,752.9013372409536
127,43,770.5024386949175
127,44,780.50484
127,45,778.7041428596176
127,46,770.1261919044738
127,47,762.1043924970929
127,48,761.97215
127,49,774.4494598325165
127,50,793.8026776411513
127,51,811.6847491292103
127,52,819.74862
127,53,813.5541024978168
127,54,804.2884750309213
127,55,807.0458825485653
127,56,836.92047
127,57,903.9825348637164
127,58,998.2069847351632
127,59,1104.5448797390286
127,60,1207.94728
127,61,1295.565263672317
127,62,1363.3499810284252
127,63,1409.4526003703209
127,64,1432.02429
127,65,1429.1283891970147
127,66,1398.4769211511352
127,67,1337.6940800296884
127,68,1244.40406
127,69,1118.3477948521252
127,70,967.733176867034
127,71,802.8848379484261
127,72,634.12741
127,73,471.39884826948514
127,74,323.09040138072874
127,75,197.206641301608
127,76,0.0
127,77,0.0
127,78,0.0
127,79,0.0
127,80,0.0
127,81,0.0
127,82,0.0
127,83,0.0
127,84,0.0
127,85,0.0
127,86,0.0
127,87,0.0
127,88,0.0
127,89,0.0
127,90,0.0
127,91,0.0
127,92,0.0
127,93,0.0
127,94,0.0
127,95,0.0
128,0,0.0
128,1,0.0
128,2,0.0
128,3,0.0
128,4,0.0
128,5,0.0
128,6,0.0
128,7,0.0
128,8,0.0
128,9,0.0
128,10,0.0
128,11,0.0
128,12,0.0
128,13,0.0
128,14,0.0
128,15,0.0
128,16,0.0
128,17,0.0
128,18,0.0
128,19,0.0
128,20,0.0
128,21,0.0
128,22,0.0
128,23,0.0
128,24,0.0
128,25,180.1905753088641
128,26,286.0012601653574
128,27,400.3520549391719
128,28,510.61526
128,29,607.2555869596074
128,30,693.1073923980541
128,31,774.0974441374738
128,32,856.15251
128,33,943.5663881027064
128,34,1034.1009977424262
128,35,1123.885288510933
128,36,1209.04821
128,37,1285.598116879567
128,38,1349.0609841322405
128,39,1394.8421918187937
128,40,1418.34712
128,41,1417.4076290665255
128,42,1399.561500728611
128,43,1374.772997026391
128,44,1353.00638
128,45,1341.145022791831
128,46,1333.7487429533148
128,47,1322.2964691381414
128,48,1298.26713
128,49,1256.6392289849005
128,50,1206.3895687081292
128,51,1159.9945265772938
128,52,1129.93048
128,53,1124.5139642373174
128,54,1135.4221459641676
128,55,1150.1723497089338
128,56,1156.2819
128,57,1145.3526640658292
128,58,1125.3246799352005
128,59,1108.2225283369712
128,60,1106.07079
128,61,1126.5687663743654
128,62,1160.1146417950308
128,63,1192.781321318181
128,64,1210.64171
128,65,1202.2619896554595
128,66,1166.1814491346768
128,67,1103.4326540465554
128,68,1015.04817
128,69,903.6252953162968
128,70,778.0202591662628
128,71,648.6540234330974
128,72,525.94755
128,73,418.351297204353
128,74,326.43370920027166
128,75,248.79272659605465
128,76,184.02629
128,77,130.87090617879107
128,78,0.0
128,79,0.0
128,80,0.0
128,81,0.0
128,82,0.0
128,83,0.0
128,84,0.0
128,85,0.0
128,86,0.0
128,87,0.0
128,88,0.0
128,89,0.0
128,90,0.0
128,91,0.0
128,92,0.0
128,93,0.0
128,94,0.0
128,95,0.0
129,0,0.0
129,1,0.0
129,2,0.0
129,3,0.0
129,4,0.0
129,5,0.0
129,6,0.0
129,7,0.0
129,8,0.0
129,9,0.0
129,10,0.0
129,11,0.0
129,12,0.0
129,13,0.0
129,14,0.0
129,15,0.0
129,16,0.0
129,17,0.0
129,18,0.0
129,19,0.0
129,20,0.0
129,21,0.0
129,22,0.0
129,23,0.0
129,24,197.96053
129,25,393.76274447517454
129,26,632.8325895714671
129,27,871.0013148820259
129,28,1064.1001700000002
129,29,1177.926791855897
129,30,1218.1443667296603
129,31,1200.382468238594
129,32,1140.27067
129,33,1055.2556757574878
129,34,970.0527097598908
129,35,911.1941263823484
129,36,905.21228
129,37,967.539032926652
129,38,1069.2042792307766
129,39,1170.1374209195128
129,40,1230.26786
129,41,1221.1538525359042
129,42,1160.8690708170027
129,43,1079.1160411896
129,44,1005.59729
129,45,963.795262554731
129,46,952.3120800012128
129,47,963.529782447088
129,48,989.83041
129,49,1023.8388061514216
129,50,1059.151027928147
129,51,1089.6059357407985
129,52,1109.04239
129,53,1112.8469108083325
129,54,1102.5966570362004
129,55,1081.4164472459688
129,56,1052.4311
129,57,1019.8669754590004
129,58,992.3566001770516
129,59,979.6340423065762
129,60,991.43337
129,61,1033.235901730665
129,62,1093.511957255594
129,63,1156.479106652725
129,64,1206.35492
129,65,1231.2364987120875
129,66,1234.7390695505735
129,67,1224.3573906137726
129,68,1207.58622
129,69,1187.6959379522343
129,70,1151.059413292112
129,71,1079.8251369859338
129,72,956.1416
129,73,771.2771721352248
129,74,552.9797385309776
129,75,338.1170631612415
129,76,163.55691
129,77,0.0
129,78,0.0
129,79,0.0
129,80,0.0
129,81,0.0
129,82,0.0
129,83,0.0
129,84,0.0
129,85,0.0
129,86,0.0
129,87,0.0
129,88,0.0
129,89,0.0
129,90,0.0
129,91,0.0
129,92,0.0
129,93,0.0
129,94,0.0
129,95,0.0
130,0,0.0
130,1,0.0
130,2,0.0
130,3,0.0
130,4,0.0
130,5,0.0
130,6,0.0
130,7,0.0
130,8,0.0
130,9,0.0
130,10,0.0
130,11,0.0
130,12,0.0
130,13,0.0
130,14,0.0
130,15,0.0
130,16,0.0
130,17,0.0
130,18,0.0
130,19,0.0
130,20,0.0
130,21,0.0
130,22,0.0
130,23,0.0
130,24,230.22598
130,25,449.1011030301208
130,26,709.4545688326617
130,27,959.8104577188718
130,28,1148.69285
130,29,1239.3115402170033
130,30,1253.619179829672
130,31,1228.2541345275051
130,32,1199.85477
130,33,1197.649044383115
130,34,1221.2232855986483
130,35,1262.7534140148575
130,36,1314.41535
130,37,1367.8080819380357
130,38,1412.2228702757332
130,39,1436.374043475564
130,40,1428.97593
130,41,1384.5315756772432
130,42,1320.6988957984192
130,43,1260.9245230203858
130,44,1228.65509
130,45,1240.0979320717424
130,46,1282.5031952805898
130,47,1335.8817283491423
130,48,1380.24438
130,49,1400.5826302545368
130,50,1401.8104843292208
130,51,1393.8225787392946
130,52,1386.51355
130,53,1387.3215597226106
130,54,1393.8588699025263
130,55,1401.2812676311792
130,56,1404.74454
130,57,1401.5042089800202
130,58,1397.2147360606723
130,59,1399.630317610988
130,60,1416.50515
130,61,1452.432958888558
130,62,1499.3655871047845
130,63,1546.0944067686185
130,64,1581.41079
130,65,1596.170779059497
130,66,1589.48909677019
130,67,1562.5451360957882
130,68,1516.51829
130,69,1450.833332998454
130,70,1357.8965658144557
130,71,1228.359670723229
130,72,1052.87433
130,73,829.3597761341874
130,74,584.8054424719886
130,75,353.4683125737955
130,76,169.60537
130,77,0.0
130,78,0.0
130,79,0.0
130,80,0.0
130,81,0.0
130,82,0.0
130,83,0.0
130,84,0.0
130,85,0.0
130,86,0.0
130,87,0.0
130,88,0.0
130,89,0.0
130,90,0.0
130,91,0.0
130,92,0.0
130,93,0.0
130,94,0.0
130,95,0.0
131,0,0.0
131,1,0.0
131,2,0.0
131,3,0.0
131,4,0.0
131,5,0.0
131,6,0.0
131,7,0.0
131,8,0.0
131,9,0.0
131,10,0.0
131,11,0.0
131,12,0.0
131,13,0.0
131,14,0.0
131,15,0.0
131,16,0.0
131,17,0.0
131,18,0.0
131,19,0.0
131,20,0.0
131,21,0.0
131,22,0.0
131,23,0.0
131,24,225.83263
131,25,420.5490734864339
131,26,657.4027563259579
131,27,900.5625210025029
131,28,1114.1972100000005
131,29,1270.3767767574093
131,30,1372.7756185338085
131,31,1432.969243543303
131,32,1462.53316
131,33,1473.0530641714286
131,34,1476.1554045388093
131,35,1483.4768176367852
131,36,1506.65394
131,37,1552.6137046818758
131,38,1609.4442308109542
131,39,1660.5239340345554
131,40,1689.23123
131,41,1684.785011476068
131,42,1659.766079717374
131,43,1632.595713099993
131,44,1621.69519
131,45,1639.6863778513532
131,46,1675.99350031955
131,47,1714.2413701279718
131,48,1738.0548
131,49,1735.910440087269
131,50,1715.692290254426
131,51,1690.136187794369
131,52,1671.97797
131,53,1670.62417976832
131,54,1682.164182412747
131,55,1699.3580488508
131,56,1714.9658499999998
131,57,1723.5029416207
131,58,1726.5058188445862
131,59,1727.2662616461796
131,60,1729.07605
131,61,1734.1655481238804
131,62,1740.5194572089074
131,63,1745.0610626894809
131,64,1744.71365
131,65,1736.045873696278
131,66,1714.2078648197837
131,67,1673.9951235333972
131,68,1610.20315
131,69,1518.207308966006
131,70,1395.7024235119577
131,71,1240.9631813019307
131,72,1052.26427
131,73,832.6333048146978
131,74,604.1096111323855
131,75,393.4854418838802
131,76,227.55305
131,77,125.55695193145196
131,78,0.0
131,79,0.0
131,80,0.0
131,81,0.0
131,82,0.0
131,83,0.0
131,84,0.0
131,85,0.0
131,86,0.0
131,87,0.0
131,88,0.0
131,89,0.0
131,90,0.0
131,91,0.0
131,92,0.0
131,93,0.0
131,94,0.0
131,95,0.0
132,0,0.0
132,1,0.0
132,2,0.0
132,3,0.0
132,4,0.0
132,5,0.0
132,6,0.0
132,7,0.0
132,8,0.0
132,9,0.0
132,10,0.0
132,11,0.0
132,12,0.0
132,13,0.0
132,14,0.0
132,15,0.0
132,16,0.0
132,17,0.0
132,18,0.0
132,19,0.0
132,20,0.0
132,21,0.0
132,22,0.0
132,23,0.0
132,24,226.64918
132,25,409.0264555358436
132,26,633.2427936551402
132,27,872.149114946867
132,28,1098.59634
132,29,1288.7678003471704
132,30,1432.176471295625
132,31,1521.6677390962684
132,32,1550.08699
132,33,1516.6088082317256
132,34,1445.7245699123575
132,35,1368.254849136811
132,36,1315.02022
132,37,1307.9672542259275
132,38,1333.546514054945
132,39,1369.3345593564895
132,40,1392.90795
132,41,1388.0743634583137
132,42,1363.565947617864
132,43,1334.345967968482
132,44,1315.37769
132,45,1317.8509908470671
132,46,1337.8621942236002
132,47,1367.7342354883333
132,48,1399.79005
132,49,1428.0826061221676
132,50,1453.5850042377351
132,51,1479.0003777344352
132,52,1507.03186
132,53,1539.6282498205128
132,54,1575.7210075754597
132,55,1613.4872590426764
132,56,1651.10413
132,57,1686.453773814531
132,58,1716.2384542104264
132,59,1736.865462501109
132,60,1744.74209
132,61,1737.3858355463638
132,62,1716.7550280828343
132,63,1685.9182040778878
132,64,1647.9439
132,65,1605.1046619687636
132,66,1556.4890747082356
132,67,1500.38973259359
132,68,1435.09923
132,69,1357.6857192348325
132,70,1260.3195843342237
132,71,1133.9467672665032
132,72,969.51321
132,73,764.4464756231572
132,74,542.1006117048703
132,75,332.3112869341482
132,76,164.91417
132,77,0.0
132,78,0.0
132,79,0.0
132,80,0.0
132,81,0.0
132,82,0.0
132,83,0.0
132,84,0.0
132,85,0.0
132,86,0.0
132,87,0.0
132,88,0.0
132,89,0.0
132,90,0.0
132,91,0.0
132,92,0.0
132,93,0.0
132,94,0.0
132,95,0.0
133,0,0.0
133,1,0.0
133,2,0.0
133,3,0.0
133,4,0.0
133,5,0.0
133,6,0.0
133,7,0.0
133,8,0.0
133,9,0.0
133,10,0.0
133,11,0.0
133,12,0.0
133,13,0.0
133,14,0.0
133,15,0.0
133,16,0.0
133,17,0.0
133,18,0.0
133,19,0.0
133,20,0.0
133,21,0.0
133,22,0.0
133,23,0.0
133,24,230.08954
133,25,413.0512480747331
133,26,634.5981458588203
133,27,863.7158832134972
133,28,1069.39011
133,29,1227.8511932875492
133,30,1344.308368977303
133,31,1431.2155901784058
133,32,1501.02681
133,33,1562.848344712571
133,34,1612.395963231967
133,35,1642.0377976353798
133,36,1644.1419800000003
133,37,1614.5706236434185
133,38,1563.161766844829
133,39,1503.247429123824
133,40,1448.15963
133,41,1408.630073057506
133,42,1384.989198138719
133,43,1374.9671291505726
133,44,1376.29399
133,45,1387.1277731890575
133,46,1407.3379456002958
133,47,1437.221842711385
133,48,1477.0768
133,49,1525.9810162175122
133,50,1578.1361432100985
133,51,1626.5246960976351
133,52,1664.12919
133,53,1686.0939208471436
133,54,1696.2103078093112
133,55,1700.4315508668233
133,56,1704.71085
133,57,1713.4783680501646
133,58,1725.072119302657
133,59,1736.3070809038209
133,60,1743.99823
133,61,1745.671911952198
133,62,1741.6999449800603
133,63,1733.1655155178923
133,64,1721.15181
133,65,1705.4493225785436
133,66,1680.6777782771023
133,67,1640.16420983711
133,68,1577.23565
133,69,1485.979413983628
133,70,1363.5239469115309
133,71,1207.7579763836688
133,72,1016.57023
133,73,792.8018935181955
133,74,559.1039853267735
133,75,343.0799819719648
133,76,172.33336
133,77,0.0
133,78,0.0
133,79,0.0
133,80,0.0
133,81,0.0
133,82,0.0
133,83,0.0
133,84,0.0
133,85,0.0
133,86,0.0
133,87,0.0
133,88,0.0
133,89,0.0
133,90,0.0
133,91,0.0
133,92,0.0
133,93,0.0
133,94,0.0
133,95,0.0
134,0,0.0
134,1,0.0
134,2,0.0
134,3,0.0
134,4,0.0
134,5,0.0
134,6,0.0
134,7,0.0
134,8,0.0
134,9,0.0
134,10,0.0
134,11,0.0
134,12,0.0
134,13,0.0
134,14,0.0
134,15,0.0
134,16,0.0
134,17,0.0
134,18,0.0
134,19,0.0
134,20,0.0
134,21,0.0
134,22,0.0
134,23,0.0
134,24,236.31896
134,25,425.34075751355897
134,26,656.705537207833
134,27,900.5214857981906
134,28,1126.89679
134,29,1311.7664248531746
134,30,1454.3725186958077
134,31,1559.7839881905368
134,32,1633.06975
134,33,1679.7439211987428
134,34,1707.1014205089373
134,35,1722.882367064663
134,36,1734.82688
134,37,1748.9442326956046
134,38,1764.3203155184442
134,39,1778.3101730820613
134,40,1788.26885
134,41,1792.2376548938375
134,42,1791.0029524172862
134,43,1786.0373712320918
134,44,1778.81354
134,45,1770.6821019477948
134,46,1762.5057585624108
134,47,1755.0252258958217
134,48,1748.98122
134,49,1744.9724123149836
134,50,1743.02929583307
134,51,1743.0403189346218
134,52,1744.89393
134,53,1748.3203751985202
134,54,1752.4170918553082
134,55,1756.123315084442
134,56,1758.37828
134,57,1757.763192672185
134,58,1751.427142995697
134,59,1736.1611918213607
134,60,1708.7564
134,61,1667.5683523939892
134,62,1617.210729911903
134,63,1563.8617374738649
134,64,1513.69958
134,65,1470.8389029081077
134,66,1431.140113606691
134,67,1388.400060001929
134,68,1336.41559
134,69,1268.9636773798295
134,70,1179.7417994113323
134,71,1062.4275592371691
134,72,910.69856
134,73,723.5782419475736
134,74,521.47339374798
134,75,330.1366411743965
134,76,175.32061
134,77,0.0
134,78,0.0
134,79,0.0
134,80,0.0
134,81,0.0
134,82,0.0
134,83,0.0
134,84,0.0
134,85,0.0
134,86,0.0
134,87,0.0
134,88,0.0
134,89,0.0
134,90,0.0
134,91,0.0
134,92,0.0
134,93,0.0
134,94,0.0
134,95,0.0
135,0,0.0
135,1,0.0
135,2,0.0
135,3,0.0
135,4,0.0
135,5,0.0
135,6,0.0
135,7,0.0
135,8,0.0
135,9,0.0
135,10,0.0
135,11,0.0
135,12,0.0
135,13,0.0
135,14,0.0
135,15,0.0
135,16,0.0
135,17,0.0
135,18,0.0
135,19,0.0
135,20,0.0
135,21,0.0
135,22,0.0
135,23,0.0
135,24,202.04229999999995
135,25,374.3222790771889
135,26,588.2839019718232
135,27,817.501103880546
135,28,1035.54782
135,29,1220.8851367687346
135,30,1371.5227455929253
135,31,1490.357489120653
135,32,1580.28621
135,33,1644.6054371291227
135,34,1688.2104444064762
135,35,1716.3961919805918
135,36,1734.45764
135,37,1746.9881223710254
135,38,1755.7744680311705
135,39,1761.9018796757296
135,40,1766.45556
135,41,1770.2862580742756
135,42,1773.3069084688436
135,43,1775.19599212899
135,44,1775.63199
135,45,1774.5300836131228
135,46,1772.7522568434558
135,47,1771.3971941520613
135,48,1771.56358
135,49,1774.0197420044842
135,50,1778.2125804073326
135,51,1783.2586386065148
135,52,1788.27446
135,53,1791.5754157126903
135,54,1788.2721877772135
135,55,1772.6742859531307
135,56,1739.09122
135,57,1685.479098269754
135,58,1624.3804234838112
135,59,1571.984296955963
135,60,1544.47982
135,61,1552.724290114544
135,62,1586.247789537541
135,63,1629.2485966917673
135,64,1665.92499
135,65,1682.6225489283197
135,66,1674.276057116025
135,67,1637.967599245717
135,68,1570.77926
135,69,1470.4784263596766
135,70,1337.5736944983596
135,71,1173.2589628878627
135,72,978.72813
135,73,759.0078281329733
135,74,534.4556248905365
135,75,329.26182170283147
135,76,167.61672
135,77,0.0
135,78,0.0
135,79,0.0
135,80,0.0
135,81,0.0
135,82,0.0
135,83,0.0
135,84,0.0
135,85,0.0
135,86,0.0
135,87,0.0
135,88,0.0
135,89,0.0
135,90,0.0
135,91,0.0
135,92,0.0
135,93,0.0
135,94,0.0
135,95,0.0
136,0,0.0
136,1,0.0
136,2,0.0
136,3,0.0
136,4,0.0
136,5,0.0
136,6,0.0
136,7,0.0
136,8,0.0
136,9,0.0
136,10,0.0
136,11,0.0
136,12,0.0
136,13,0.0
136,14,0.0
136,15,0.0
136,16,0.0
136,17,0.0
136,18,0.0
136,19,0.0
136,20,0.0
136,21,0.0
136,22,0.0
136,23,128.4343962515273
136,24,242.45176000000004
136,25,405.59163817736624
136,26,603.7793080291959
136,27,817.9058663664275
136,28,1028.86241
136,29,1220.037592557782
136,30,1384.810294935363
136,31,1519.056954845263
136,32,1618.65401
136,33,1681.9003267477556
136,34,1716.7844859793522
136,35,1733.7174972212729
136,36,1743.11037
136,37,1753.3966687324455
136,38,1765.1001773972284
136,39,1776.767234863397
136,40,1786.9441800000002
136,41,1794.4520301974635
136,42,1799.2105169317344
136,43,1801.4140502001378
136,44,1801.25704
136,45,1799.0681829777
136,46,1795.7133223758349
136,47,1792.1925880860515
136,48,1789.5061099999998
136,49,1788.3683192979845
136,50,1788.3508523149271
136,51,1788.7396466744065
136,52,1788.82064
136,53,1788.0408365491123
136,54,1786.491507114457
136,55,1784.4249891225727
136,56,1782.09362
136,57,1779.6728880993162
136,58,1777.030885477246
136,59,1773.9588551165534
136,60,1770.24804
136,61,1765.5349912098734
136,62,1758.8374922265584
136,63,1749.0186346299645
136,64,1734.94151
136,65,1714.9342064361902
136,66,1685.1847981165204
136,67,1641.3463557385903
136,68,1579.0719499999998
136,69,1493.9260749203656
136,70,1381.1189178073612
136,71,1235.772089290676
136,72,1053.0071999999998
136,73,833.4541051323476
136,74,599.7756381540355
136,75,380.1428770987056
136,76,202.7269
136,77,0.0
136,78,0.0
136,79,0.0
136,80,0.0
136,81,0.0
136,82,0.0
136,83,0.0
136,84,0.0
136,85,0.0
136,86,0.0
136,87,0.0
136,88,0.0
136,89,0.0
136,90,0.0
136,91,0.0
136,92,0.0
136,93,0.0
136,94,0.0
136,95,0.0
137,0,0.0
137,1,0.0
137,2,0.0
137,3,0.0
137,4,0.0
137,5,0.0
137,6,0.0
137,7,0.0
137,8,0.0
137,9,0.0
137,10,0.0
137,11,0.0
137,12,0.0
137,13,0.0
137,14,0.0
137,15,0.0
137,16,0.0
137,17,0.0
137,18,0.0
137,19,0.0
137,20,0.0
137,21,0.0
137,22,0.0
137,23,152.2550293718243
137,24,296.15911
137,25,503.60313977016864
137,26,750.5136469246659
137,27,1004.9735156168304
137,28,1235.06563
137,29,1415.5909609851772
137,30,1548.2228265140209
137,31,1641.352631285854
137,32,1703.37178
137,33,1742.306338007873
137,34,1764.721013269251
137,35,1776.8151743960036
137,36,1784.78819
137,37,1793.581021670831
137,38,1803.1010029089748
137,39,1811.9970601926311
137,40,1818.91812
137,41,1822.931348121303
137,42,1824.776867594849
137,43,1825.613040770972
137,44,1826.59823
137,45,1828.532320375208
137,46,1830.781287961628
137,47,1832.3526315672336
137,48,1832.25385
137,49,1829.976335690368
137,50,1826.9470555586408
137,51,1825.0768701475945
137,52,1826.27664
137,53,1831.2870788945747
137,54,1836.1683135538087
137,55,1835.81032393614
137,56,1825.10309
137,57,1801.2730718563348
137,58,1770.8926502261218
137,59,1742.8706859828478
137,60,1726.11604
137,61,1726.6011060238368
137,62,1738.5524092917042
137,63,1753.2600079137194
137,64,1762.01396
137,65,1757.2492388920682
137,66,1735.9804788570625
137,67,1696.3672293935251
137,68,1636.5690400000003
137,69,1553.955587782891
137,70,1442.7370602800472
137,71,1296.33377263718
137,72,1108.1660400000003
137,73,877.9399946638688
137,74,630.5050375227493
137,75,396.9963866202552
137,76,208.54926
137,77,0.0
137,78,0.0
137,79,0.0
137,80,0.0
137,81,0.0
137,82,0.0
137,83,0.0
137,84,0.0
137,85,0.0
137,86,0.0
137,87,0.0
137,88,0.0
137,89,0.0
137,90,0.0
137,91,0.0
137,92,0.0
137,93,0.0
137,94,0.0
137,95,0.0
138,0,0.0
138,1,0.0
138,2,0.0
138,3,0.0
138,4,0.0
138,5,0.0
138,6,0.0
138,7,0.0
138,8,0.0
138,9,0.0
138,10,0.0
138,11,0.0
138,12,0.0
138,13,0.0
138,14,0.0
138,15,0.0
138,16,0.0
138,17,0.0
138,18,0.0
138,19,0.0
138,20,0.0
138,21,0.0
138,22,0.0
138,23,155.96991207575817
138,24,295.32969
138,25,493.0712053209902
138,26,727.58850854185
138,27,970.3033874917846
138,28,1192.63763
138,29,1371.808116361329
138,30,1508.2120967331214
138,31,1608.0419137383528
138,32,1677.4899100000002
138,33,1722.657915639942
138,34,1749.2857107756645
138,35,1763.0225630235548
138,36,1769.51774
138,37,1773.6569263914023
138,38,1777.2714751642209
138,39,1781.4291563549286
138,40,1787.19774
138,41,1795.2167216069488
138,42,1804.412498567453
138,43,1813.2831937442304
138,44,1820.32693
138,45,1824.451235149552
138,46,1826.201256815968
138,47,1826.5315475744
138,48,1826.3966600000003
138,49,1826.6042221698424
138,50,1827.3741641686768
138,51,1828.7794915831728
138,52,1830.89321
138,53,1833.656363358578
138,54,1836.482149009325
138,55,1838.6518026554097
138,56,1839.44656
138,57,1838.326683614596
138,58,1835.4685435440229
138,59,1831.2275367014383
138,60,1825.95906
138,61,1819.820372495539
138,62,1812.1761818145835
138,63,1802.1930577263363
138,64,1789.03757
138,65,1771.1495017157483
138,66,1744.061489197643
138,67,1702.5793820807155
138,68,1641.50903
138,69,1555.6779803289676
138,70,1440.000571394845
138,71,1289.4128392633008
138,72,1098.85082
138,73,869.0747018121323
138,74,624.1412814729756
138,75,393.9315078973312
138,76,208.32633
138,77,0.0
138,78,0.0
138,79,0.0
138,80,0.0
138,81,0.0
138,82,0.0
138,83,0.0
138,84,0.0
138,85,0.0
138,86,0.0
138,87,0.0
138,88,0.0
138,89,0.0
138,90,0.0
138,91,0.0
138,92,0.0
138,93,0.0
138,94,0.0
138,95,0.0
139,0,0.0
139,1,0.0
139,2,0.0
139,3,0.0
139,4,0.0
139,5,0.0
139,6,0.0
139,7,0.0
139,8,0.0
139,9,0.0
139,10,0.0
139,11,0.0
139,12,0.0
139,13,0.0
139,14,0.0
139,15,0.0
139,16,0.0
139,17,0.0
139,18,0.0
139,19,0.0
139,20,0.0
139,21,0.0
139,22,0.0
139,23,148.1552890611435
139,24,282.8851
139,25,475.2817113460284
139,26,704.9571013708036
139,27,944.7909432101768
139,28,1167.66291
139,29,1351.6814734795485
139,30,1495.870299801798
139,31,1604.4818537231486
139,32,1681.7686
139,33,1732.3933503607775
139,34,1762.6603044220049
139,35,1779.2840087722293
139,36,1788.97901
139,37,1797.2845658585911
139,38,1805.0387787601835
139,39,1811.904462281684
139,40,1817.54443
139,41,1821.737694798608
139,42,1824.7280667872608
139,43,1826.8755553822848
139,44,1828.54017
139,45,1829.975615103228
139,46,1831.010375340771
139,47,1831.366630407929
139,48,1830.76656
139,49,1829.0694813509813
139,50,1826.683261849656
139,51,1824.1529064235017
139,52,1822.02342
139,53,1820.6687693365973
139,54,1819.7787685106075
139,55,1818.8721934293133
139,56,1817.46782
139,57,1815.135094115132
139,58,1811.646141607917
139,59,1806.8237582967429
139,60,1800.49074
139,61,1792.4610498278737
139,62,1782.5133200577263
139,63,1770.417350258716
139,64,1755.94294
139,65,1737.952641729623
139,66,1711.680019411178
139,67,1671.4513898871437
139,68,1611.59307
139,69,1526.6572826286333
139,70,1412.099874797561
139,71,1263.602599567708
139,72,1076.8472099999997
139,73,852.9741618183439
139,74,614.9587213985781
139,75,391.2348577795233
139,76,210.23654
139,77,0.0
139,78,0.0
139,79,0.0
139,80,0.0
139,81,0.0
139,82,0.0
139,83,0.0
139,84,0.0
139,85,0.0
139,86,0.0
139,87,0.0
139,88,0.0
139,89,0.0
139,90,0.0
139,91,0.0
139,92,0.0
139,93,0.0
139,94,0.0
139,95,0.0
140,0,0.0
140,1,0.0
140,2,0.0
140,3,0.0
140,4,0.0
140,5,0.0
140,6,0.0
140,7,0.0
140,8,0.0
140,9,0.0
140,10,0.0
140,11,0.0
140,12,0.0
140,13,0.0
140,14,0.0
140,15,0.0
140,16,0.0
140,17,0.0
140,18,0.0
140,19,0.0
140,20,0.0
140,21,0.0
140,22,0.0
140,23,132.5267361777951
140,24,259.00637
140,25,441.9227068208604
140,26,660.5203395959929
140,27,887.1882175731288
140,28,1094.31529
140,29,1260.052789418721
140,30,1385.60108154894
140,31,1477.9228154046891
140,32,1543.98064
140,33,1590.272892066756
140,34,1621.440659208247
140,35,1641.6607167456148
140,36,1655.10984
140,37,1665.3294066892552
140,38,1673.3192041180716
140,39,1679.4436219878526
140,40,1684.06705
140,41,1687.6149393012242
140,42,1690.7569868194664
140,43,1694.2239509279757
140,44,1698.74659
140,45,1704.8773367308484
140,46,1712.4553211040634
140,47,1721.1413474252463
140,48,1730.59622
140,49,1740.368618619132
140,50,1749.55872501428
140,51,1757.154596402288
140,52,1762.14429
140,53,1763.860839105123
140,54,1763.0171813388165
140,55,1760.6712304031012
140,56,1757.8809000000003
140,57,1755.417892147876
140,58,1752.9090621304554
140,59,1749.695053547807
140,60,1745.11651
140,61,1738.5410658971246
140,62,1729.4443188893626
140,63,1717.32885743692
140,64,1701.69727
140,65,1681.3271470761265
140,66,1652.0960873120937
140,67,1609.156691392014
140,68,1547.66156
140,69,1462.86358845462
140,70,1350.4168506122633
140,71,1206.075714963775
140,72,1025.59455
140,73,809.9937506678937
140,74,581.3578177388532
140,75,367.0372784403862
140,76,194.38266
140,77,0.0
140,78,0.0
140,79,0.0
140,80,0.0
140,81,0.0
140,82,0.0
140,83,0.0
140,84,0.0
140,85,0.0
140,86,0.0
140,87,0.0
140,88,0.0
140,89,0.0
140,90,0.0
140,91,0.0
140,92,0.0
140,93,0.0
140,94,0.0
140,95,0.0
141,0,0.0
141,1,0.0
141,2,0.0
141,3,0.0
141,4,0.0
141,5,0.0
141,6,0.0
141,7,0.0
141,8,0.0
141,9,0.0
141,10,0.0
141,11,0.0
141,12,0.0
141,13,0.0
141,14,0.0
141,15,0.0
141,16,0.0
141,17,0.0
141,18,0.0
141,19,0.0
141,20,0.0
141,21,0.0
141,22,0.0
141,23,0.0
141,24,232.43585
141,25,405.3647401607398
141,26,615.5768542618351
141,27,838.153848732013
141,28,1048.17738
141,29,1225.4542910316393
141,30,1368.6921709412377
141,31,1481.323795380217
141,32,1566.78194
141,33,1628.7170979002028
141,34,1671.6506319732152
141,35,1700.32162255962
141,36,1719.46915
141,37,1733.1930406487988
141,38,1743.0361049159017
141,39,1749.9018992250535
141,40,1754.69398
141,41,1758.1563841921009
141,42,1760.3950708631778
141,43,1761.356479602665
141,44,1760.98705
141,45,1759.3902549265465
141,46,1757.2977003813878
141,47,1755.5980256455348
141,48,1755.1798699999997
141,49,1756.5469131329623
141,50,1758.6629963612716
141,51,1760.1070014089453
141,52,1759.45781
141,53,1755.885248947854
141,54,1750.9229254235258
141,55,1746.6953916874347
141,56,1745.3272
141,57,1748.1294168568718
141,58,1753.1591656946248
141,59,1757.660084185066
141,60,1758.8758099999998
141,61,1754.3476550309088
141,62,1742.8076280479734
141,63,1723.2854120410514
141,64,1694.8106900000002
141,65,1656.782491300744
141,66,1610.0772308634816
141,67,1555.940669994478
141,68,1495.61857
141,69,1428.0172555473655
141,70,1342.685304748101
141,71,1226.8318590747865
141,72,1067.66606
141,73,859.8572558847942
141,74,627.9156226441137
141,75,403.8115430813762
141,76,219.51540000000003
141,77,0.0
141,78,0.0
141,79,0.0
141,80,0.0
141,81,0.0
141,82,0.0
141,83,0.0
141,84,0.0
141,85,0.0
141,86,0.0
141,87,0.0
141,88,0.0
141,89,0.0
141,90,0.0
141,91,0.0
141,92,0.0
141,93,0.0
141,94,0.0
141,95,0.0
142,0,0.0
142,1,0.0
142,2,0.0
142,3,0.0
142,4,0.0
142,5,0.0
142,6,0.0
142,7,0.0
142,8,0.0
142,9,0.0
142,10,0.0
142,11,0.0
142,12,0.0
142,13,0.0
142,14,0.0
142,15,0.0
142,16,0.0
142,17,0.0
142,18,0.0
142,19,0.0
142,20,0.0
142,21,0.0
142,22,0.0
142,23,174.27350050374068
142,24,315.99548000000004
142,25,511.2553189978243
142,26,739.1061317973536
142,27,972.200868698206
142,28,1183.19248
142,29,1350.3401482647137
142,30,1474.3279851037653
142,31,1561.4463343909351
142,32,1617.98554
142,33,1650.4190623183206
142,34,1665.9528277875834
142,35,1671.975879363054
142,36,1675.8772599999998
142,37,1683.4479093370028
142,38,1694.0863537459013
142,39,1705.593016281849
142,40,1715.7683199999997
142,41,1722.6709851774183
142,42,1725.3929209788116
142,43,1723.284333790799
142,44,1715.69543
142,45,1702.9455963595742
142,46,1689.2309410888515
142,47,1679.716752773703
142,48,1679.56832
142,49,1691.3431495405343
142,50,1707.1676209157818
142,51,1716.5603318331382
142,52,1709.03988
142,53,1677.9748761032877
142,54,1632.1339827480208
142,55,1584.1358755187437
142,56,1546.59923
142,57,1528.937822452565
142,58,1527.745831842135
142,59,1536.4125378106376
142,60,1548.32722
142,61,1558.269628617703
142,62,1566.581396133439
142,63,1574.9946255824557
142,64,1585.24142
142,65,1597.206569482875
142,66,1603.3856123741098
142,67,1594.4267740782896
142,68,1560.97828
142,69,1494.9907300132977
142,70,1393.6242218701225
142,71,1255.3412277918862
142,72,1078.60422
142,73,866.4103312451847
142,74,639.8953363954002
142,75,424.7296708479154
142,76,246.58377
142,77,124.58003188096328
142,78,0.0
142,79,0.0
142,80,0.0
142,81,0.0
142,82,0.0
142,83,0.0
142,84,0.0
142,85,0.0
142,86,0.0
142,87,0.0
142,88,0.0
142,89,0.0
142,90,0.0
142,91,0.0
142,92,0.0
142,93,0.0
142,94,0.0
142,95,0.0
143,0,0.0
143,1,0.0
143,2,0.0
143,3,0.0
143,4,0.0
143,5,0.0
143,6,0.0
143,7,0.0
143,8,0.0
143,9,0.0
143,10,0.0
143,11,0.0
143,12,0.0
143,13,0.0
143,14,0.0
143,15,0.0
143,16,0.0
143,17,0.0
143,18,0.0
143,19,0.0
143,20,0.0
143,21,0.0
143,22,0.0
143,23,162.43419032332696
143,24,303.77057
143,25,504.40628625308045
143,26,741.3745025956792
143,27,984.3988601404384
143,28,1203.2029999999995
143,29,1373.4474080551447
143,30,1494.5399492592092
143,31,1571.825333333669
143,32,1610.64827
143,33,1617.5018426200909
143,34,1603.4726291174836
143,35,1580.795581056135
143,36,1561.70565
143,37,1554.486001308243
143,38,1551.6126555208566
143,39,1541.6098469730418
143,40,1513.0018100000002
143,41,1459.7513302719383
143,42,1397.5753987990906
143,43,1347.6295579266975
143,44,1331.06935
143,45,1362.0167949477543
143,46,1426.4598230327813
143,47,1503.3528421014175
143,48,1571.65026
143,49,1614.9724761870443
143,50,1635.6038565697845
143,51,1640.4947586676317
143,52,1636.59554
143,53,1630.043949210318
143,54,1623.7272994380817
143,55,1619.7202949468044
143,56,1620.0976400000002
143,57,1626.3155638466844
143,58,1637.3563956778894
143,59,1651.583989670149
143,60,1667.3622
143,61,1682.9932516529443
143,62,1696.532852850362
143,63,1705.975082622598
143,64,1709.31402
143,65,1704.1563075102868
143,66,1686.5588416706642
143,67,1652.191082495709
143,68,1596.72249
143,69,1515.8744747121584
143,70,1405.576249216983
143,71,1261.8089766133155
143,72,1080.55382
143,73,862.9701747348303
143,74,630.9303652114058
143,75,411.4849480822786
143,76,231.68448
143,77,0.0
143,78,0.0
143,79,0.0
143,80,0.0
143,81,0.0
143,82,0.0
143,83,0.0
143,84,0.0
143,85,0.0
143,86,0.0
143,87,0.0
143,88,0.0
143,89,0.0
143,90,0.0
143,91,0.0
143,92,0.0
143,93,0.0
143,94,0.0
143,95,0.0
144,0,0.0
144,1,0.0
144,2,0.0
144,3,0.0
144,4,0.0
144,5,0.0
144,6,0.0
144,7,0.0
144,8,0.0
144,9,0.0
144,10,0.0
144,11,0.0
144,12,0.0
144,13,0.0
144,14,0.0
144,15,0.0
144,16,0.0
144,17,0.0
144,18,0.0
144,19,0.0
144,20,0.0
144,21,0.0
144,22,0.0
144,23,150.95422942605177
144,24,286.11811000000006
144,25,479.3873856168323
144,26,709.157258259803
144,27,946.7935917728724
144,28,1163.66225
144,29,1337.0820783956417
144,30,1468.1838488562337
144,31,1564.0513148887092
144,32,1631.76823
144,33,1677.7214728318518
144,34,1705.5104225652622
144,35,1718.0375835160414
144,36,1718.20546
144,37,1707.8597393394507
144,38,1684.6188408827172
144,39,1645.044366984625
144,40,1585.69792
144,41,1507.1773532478448
144,42,1426.225523903869
144,43,1363.621540107959
144,44,1340.14451
144,45,1368.87816220042
144,46,1432.1247072518067
144,47,1504.4909761772906
144,48,1560.5838
144,49,1581.7051310754755
144,50,1575.937407088904
144,51,1558.0581870578794
144,52,1542.84503
144,53,1541.577823341427
144,54,1551.5457681425792
144,55,1566.5403938724423
144,56,1580.35323
144,57,1588.5373797775674
144,58,1593.6922415907798
144,59,1600.178787608602
144,60,1612.3579899999995
144,61,1632.8244850483036
144,62,1657.107565494302
144,63,1678.9701881931494
144,64,1692.17531
144,65,1691.1511722167186
144,66,1672.9871539320131
144,67,1635.4379186813007
144,68,1576.25813
144,69,1492.8937067098211
144,70,1381.555588777646
144,71,1238.145971456648
144,72,1058.56705
144,73,843.8265648502456
144,74,615.3544372074027
144,75,399.6861334608584
144,76,223.35712000000004
144,77,0.0
144,78,0.0
144,79,0.0
144,80,0.0
144,81,0.0
144,82,0.0
144,83,0.0
144,84,0.0
144,85,0.0
144,86,0.0
144,87,0.0
144,88,0.0
144,89,0.0
144,90,0.0
144,91,0.0
144,92,0.0
144,93,0.0
144,94,0.0
144,95,0.0
145,0,0.0
145,1,0.0
145,2,0.0
145,3,0.0
145,4,0.0
145,5,0.0
145,6,0.0
145,7,0.0
145,8,0.0
145,9,0.0
145,10,0.0
145,11,0.0
145,12,0.0
145,13,0.0
145,14,0.0
145,15,0.0
145,16,0.0
145,17,0.0
145,18,0.0
145,19,0.0
145,20,0.0
145,21,0.0
145,22,0.0
145,23,135.78781811207085
145,24,271.3556300000001
145,25,469.8084334387285
145,26,707.2905879123919
145,27,952.0532759298592
145,28,1172.34768
145,29,1342.347301741297
145,30,1459.9149192106927
145,31,1528.8356295747417
145,32,1552.89453
145,33,1538.3825561585825
145,34,1501.6139977448377
145,35,1461.4089829586744
145,36,1436.58764
145,37,1439.9838378431236
145,38,1460.4864085599563
145,39,1480.9979249968112
145,40,1484.42096
145,41,1459.4542804376729
145,42,1417.9814292653357
145,43,1377.6821434603298
145,44,1356.23616
145,45,1366.4609030624335
145,46,1401.7245456287014
145,47,1450.5329478806184
145,48,1501.39197
145,49,1543.8479498125912
145,50,1571.6091357198586
145,51,1579.4242537671962
145,52,1562.04203
145,53,1517.86320784345
145,54,1459.896600241865
145,55,1404.803037519347
145,56,1369.24335
145,57,1364.6824708448576
145,58,1381.8017445626822
145,59,1406.0866184991653
145,60,1423.0225400000002
145,61,1421.5163417458675
145,62,1404.1603977574068
145,63,1376.9684673902425
145,64,1345.95431
145,65,1316.3845773279195
145,66,1290.537490657691
145,67,1269.944163658617
145,68,1256.13571
145,69,1246.8068594112035
145,70,1224.3068058618294
145,71,1167.148359381541
145,72,1053.8443299999997
145,73,872.7265261210167
145,74,651.402749644991
145,75,427.2998008464698
145,76,237.84448000000003
145,77,0.0
145,78,0.0
145,79,0.0
145,80,0.0
145,81,0.0
145,82,0.0
145,83,0.0
145,84,0.0
145,85,0.0
145,86,0.0
145,87,0.0
145,88,0.0
145,89,0.0
145,90,0.0
145,91,0.0
145,92,0.0
145,93,0.0
145,94,0.0
145,95,0.0
146,0,0.0
146,1,0.0
146,2,0.0
146,3,0.0
146,4,0.0
146,5,0.0
146,6,0.0
146,7,0.0
146,8,0.0
146,9,0.0
146,10,0.0
146,11,0.0
146,12,0.0
146,13,0.0
146,14,0.0
146,15,0.0
146,16,0.0
146,17,0.0
146,18,0.0
146,19,0.0
146,20,0.0
146,21,0.0
146,22,0.0
146,23,156.80571981584467
146,24,301.32845000000003
146,25,506.5005459640883
146,26,738.4174959585055
146,27,953.44362297367
146,28,1107.94325
146,29,1172.1335372462677
146,30,1171.6429937946618
146,31,1145.9529659457248
146,32,1134.5448
146,33,1166.1104316133406
146,34,1226.184153862847
146,35,1289.51084918093
146,36,1330.8354
146,37,1331.878954425369
146,38,1302.2677232539493
146,39,1258.6041829555556
146,40,1217.49081
146,41,1192.3095463101836
146,42,1183.5601956213543
146,43,1188.522027121848
146,44,1204.47431
146,45,1228.7995050213974
146,46,1259.2928392606332
146,47,1293.8527313695524
146,48,1330.3776
146,49,1366.9466504792274
146,50,1402.362234836113
146,51,1435.6074917749424
146,52,1465.6655599999997
146,53,1491.657917280443
146,54,1513.259397644914
146,55,1530.2831741869284
146,56,1542.54242
146,57,1549.5159960240003
146,58,1549.3455145842297
146,59,1539.8382758523442
146,60,1518.8015800000005
146,61,1486.2898806548048
146,62,1451.3462452681667
146,63,1425.2608947474453
146,64,1419.3240499999995
146,65,1439.8966107317804
146,66,1473.6221918431024
146,67,1502.2150870328735
146,68,1507.38959
146,69,1473.6210859493233
146,70,1396.4293261094222
146,71,1274.09515321481
146,72,1104.89941
146,73,892.2072698459262
146,74,659.7212287192083
146,75,436.228113232886
146,76,250.51475
146,77,124.1104327919716
146,78,0.0
146,79,0.0
146,80,0.0
146,81,0.0
146,82,0.0
146,83,0.0
146,84,0.0
146,85,0.0
146,86,0.0
146,87,0.0
146,88,0.0
146,89,0.0
146,90,0.0
146,91,0.0
146,92,0.0
146,93,0.0
146,94,0.0
146,95,0.0
147,0,0.0
147,1,0.0
147,2,0.0
147,3,0.0
147,4,0.0
147,5,0.0
147,6,0.0
147,7,0.0
147,8,0.0
147,9,0.0
147,10,0.0
147,11,0.0
147,12,0.0
147,13,0.0
147,14,0.0
147,15,0.0
147,16,0.0
147,17,0.0
147,18,0.0
147,19,0.0
147,20,0.0
147,21,0.0
147,22,0.0
147,23,167.98651584339697
147,24,311.24570000000006
147,25,510.8086244952188
147,26,737.5441812062784
147,27,953.9489923141988
147,28,1122.5196800000003
147,29,1216.103958786227
147,30,1248.953912561523
147,31,1245.672717556058
147,32,1230.86355
147,33,1224.3354762973745
147,34,1226.721123547629
147,35,1233.859009024069
147,36,1241.58765
147,37,1246.8024669617766
147,38,1250.6264932479608
147,39,1255.2396654101642
147,40,1262.82192
147,41,1274.6192886680192
147,42,1288.1421834605285
147,43,1299.9671115227734
147,44,1306.67058
147,45,1305.753982897397
147,46,1298.4182616599262
147,47,1286.7892445924922
147,48,1272.99276
147,49,1258.863038648643
147,50,1245.0679211497672
147,51,1231.9836505760077
147,52,1219.98647
147,53,1209.5575743830314
147,54,1201.5979662410043
147,55,1197.1135999784756
147,56,1197.1104300000002
147,57,1201.1424838192313
147,58,1202.9560813862145
147,59,1194.84561576009
147,60,1169.10548
147,61,1120.3397853400415
147,62,1052.3915157141373
147,63,971.413373231164
147,64,883.55806
147,65,794.3378181018509
147,66,706.7030495072361
147,67,622.9636961590032
147,68,545.4296999999999
147,69,475.6560419400548
147,70,412.17785875691845
147,71,352.775326195323
147,72,295.2286199999999
147,73,238.08679476293017
147,74,182.97442046509
147,75,132.28494593470478
147,76,0.0
147,77,0.0
147,78,0.0
147,79,0.0
147,80,0.0
147,81,0.0
147,82,0.0
147,83,0.0
147,84,0.0
147,85,0.0
147,86,0.0
147,87,0.0
147,88,0.0
147,89,0.0
147,90,0.0
147,91,0.0
147,92,0.0
147,93,0.0
147,94,0.0
147,95,0.0
148,0,0.0
148,1,0.0
148,2,0.0
148,3,0.0
148,4,0.0
148,5,0.0
148,6,0.0
148,7,0.0
148,8,0.0
148,9,0.0
148,10,0.0
148,11,0.0
148,12,0.0
148,13,0.0
148,14,0.0
148,15,0.0
148,16,0.0
148,17,0.0
148,18,0.0
148,19,0.0
148,20,0.0
148,21,0.0
148,22,0.0
148,23,0.0
148,24,217.6003
148,25,381.3153136357113
148,26,580.7652723862467
148,27,792.1679874436586
148,28,991.74127
148,29,1160.1899590745777
148,30,1296.1670049957168
148,31,1402.8123859189975
148,32,1483.26608
148,33,1540.2680633472287
148,34,1574.9583038808862
148,35,1588.076767474101
148,36,1580.36342
148,37,1554.1565453490075
148,38,1518.187699480738
148,39,1482.7867563720988
148,40,1458.28359
148,41,1452.1766768192383
148,42,1460.6389031961614
148,43,1477.011757975004
148,44,1494.63673
148,45,1508.0865739365374
148,46,1516.8591077346148
148,47,1521.6834151653854
148,48,1523.28858
148,49,1522.298899622111
148,50,1518.919525865377
148,51,1513.250824175954
148,52,1505.39316
148,53,1495.712910387516
148,54,1485.6404988038769
148,55,1476.872360318299
148,56,1471.1049300000004
148,57,1468.980403359074
148,58,1466.9240176691171
148,59,1460.3067706446016
148,60,1444.49966
148,61,1415.6706341449376
148,62,1373.1754442696551
148,63,1317.1667922595448
148,64,1247.79738
148,65,1166.089019123674
148,66,1076.539960252262
148,67,984.5175637547192
148,68,895.38919
148,69,812.5695571728647
148,70,731.6628147212953
148,71,646.320469909078
148,72,550.19403
148,73,439.9855203098664
148,74,324.5990383625566
148,75,215.9891997339684
148,76,126.11062
148,77,0.0
148,78,0.0
148,79,0.0
148,80,0.0
148,81,0.0
148,82,0.0
148,83,0.0
148,84,0.0
148,85,0.0
148,86,0.0
148,87,0.0
148,88,0.0
148,89,0.0
148,90,0.0
148,91,0.0
148,92,0.0
148,93,0.0
148,94,0.0
148,95,0.0
149,0,0.0
149,1,0.0
149,2,0.0
149,3,0.0
149,4,0.0
149,5,0.0
149,6,0.0
149,7,0.0
149,8,0.0
149,9,0.0
149,10,0.0
149,11,0.0
149,12,0.0
149,13,0.0
149,14,0.0
149,15,0.0
149,16,0.0
149,17,0.0
149,18,0.0
149,19,0.0
149,20,0.0
149,21,0.0
149,22,0.0
149,23,0.0
149,24,123.85142
149,25,187.06143666599843
149,26,263.2290258812159
149,27,351.0500121558254
149,28,449.22022
149,29,555.4759189664782
149,30,663.7151587782602
149,31,766.8764342009121
149,32,857.89824
149,33,932.2433848118392
149,34,995.4719327557436
149,35,1055.668261821776
149,36,1120.91675
149,37,1196.5192191299152
149,38,1276.6472664487655
149,39,1352.6899330432336
149,40,1416.03626
149,41,1460.3455242935013
149,42,1488.357946449194
149,43,1505.0839828802896
149,44,1515.53409
149,45,1523.8118233835803
149,46,1530.3931352544591
149,47,1534.8470769981084
149,48,1536.7427
149,49,1536.1923817034274
149,50,1535.4818037829696
149,51,1537.439973971027
149,52,1544.8959
149,53,1559.59283152146
149,54,1578.9309858636625
149,55,1599.2248222740336
149,56,1616.7888000000005
149,57,1628.3318523669825
149,58,1632.1408090123798
149,59,1626.8969736515878
149,60,1611.28165
149,61,1585.212011823111
149,62,1553.5487130868169
149,63,1522.388277807115
149,64,1497.82723
149,65,1483.6110531530733
149,66,1474.0810686403506
149,67,1461.2275573074528
149,68,1437.0408
149,69,1393.511313845846
149,70,1322.6305611017792
149,71,1216.3902403068232
149,72,1066.78205
149,73,871.8307702135436
149,74,653.6935069525318
149,75,440.5604477152541
149,76,260.62178
149,77,135.2143881124804
149,78,0.0
149,79,0.0
149,80,0.0
149,81,0.0
149,82,0.0
149,83,0.0
149,84,0.0
149,85,0.0
149,86,0.0
149,87,0.0
149,88,0.0
149,89,0.0
149,90,0.0
149,91,0.0
149,92,0.0
149,93,0.0
149,94,0.0
149,95,0.0
150,0,0.0
150,1,0.0
150,2,0.0
150,3,0.0
150,4,0.0
150,5,0.0
150,6,0.0
150,7,0.0
150,8,0.0
150,9,0.0
150,10,0.0
150,11,0.0
150,12,0.0
150,13,0.0
150,14,0.0
150,15,0.0
150,16,0.0
150,17,0.0
150,18,0.0
150,19,0.0
150,20,0.0
150,21,0.0
150,22,0.0
150,23,169.0628946241927
150,24,322.35814
150,25,540.2878849734401
150,26,788.9418928262417
150,27,1024.5098567659224
150,28,1203.18147
150,29,1294.4947205792637
150,30,1321.380775927587
150,31,1320.1190983121169
150,32,1326.98915
150,33,1368.507628334507
150,34,1432.1401709634106
150,35,1495.5896506106087
150,36,1536.55894
150,37,1539.403860770209
150,38,1515.0920302187708
150,39,1481.2440145579471
150,40,1455.48038
150,41,1450.6263054596564
150,42,1460.325420661506
150,43,1473.4259680326024
150,44,1478.77619
150,45,1468.5943945786644
150,46,1448.5791521352055
150,47,1427.7990986241434
150,48,1415.3228699999995
150,49,1417.4330474756855
150,50,1429.2679932976728
150,51,1443.1800149708235
150,52,1451.52142
150,53,1449.0344998935927
150,54,1440.0214821741035
150,55,1431.1745783675626
150,56,1429.186
150,57,1438.150609824943
150,58,1451.7738755059122
150,59,1461.1639159339254
150,60,1457.42885
150,61,1434.8733562753844
150,62,1400.5883520522468
150,63,1364.861314302986
150,64,1337.9797200000005
150,65,1327.3983678860195
150,66,1329.2413437851008
150,67,1336.800055291632
150,68,1343.36591
150,69,1340.574855149288
150,70,1313.4409965573502
150,71,1245.322979686738
150,72,1119.5794499999995
150,73,928.3858644855794
150,74,699.1849262354965
150,75,468.2361498676655
150,76,271.79905
150,77,137.4713417521444
150,78,0.0
150,79,0.0
150,80,0.0
150,81,0.0
150,82,0.0
150,83,0.0
150,84,0.0
150,85,0.0
150,86,0.0
150,87,0.0
150,88,0.0
150,89,0.0
150,90,0.0
150,91,0.0
150,92,0.0
150,93,0.0
150,94,0.0
150,95,0.0
151,0,0.0
151,1,0.0
151,2,0.0
151,3,0.0
151,4,0.0
151,5,0.0
151,6,0.0
151,7,0.0
151,8,0.0
151,9,0.0
151,10,0.0
151,11,0.0
151,12,0.0
151,13,0.0
151,14,0.0
151,15,0.0
151,16,0.0
151,17,0.0
151,18,0.0
151,19,0.0
151,20,0.0
151,21,0.0
151,22,0.0
151,23,192.70211631791364
151,24,346.1185
151,25,556.3067041176023
151,26,795.9034257371052
151,27,1029.6899819880562
151,28,1222.44769
151,29,1348.266746554849
151,30,1418.4728670439752
151,31,1453.700646511113
151,32,1474.58468
151,33,1497.6669149755005
151,34,1523.118708586995
151,35,1547.0187704049915
151,36,1565.44581
151,37,1575.6968744806488
151,38,1579.942361108046
151,39,1581.5710046814204
151,40,1583.97154
151,41,1589.6143408519044
151,42,1597.2963369808206
151,43,1604.8960971193264
151,44,1610.29219
151,45,1611.7997113304823
151,46,1609.4798647186708
151,47,1603.8303807475231
151,48,1595.34899
151,49,1585.1080138261646
151,50,1576.4781366444963
151,51,1573.4046336405806
151,52,1579.83278
151,53,1597.8250678961092
151,54,1621.9128574533424
151,55,1644.7447257839046
151,56,1658.96925
151,57,1659.527967714399
151,58,1650.534258542133
151,59,1638.394462598801
151,60,1629.51492
151,61,1628.6810359337956
151,62,1634.1944758781244
151,63,1642.735970383391
151,64,1650.98625
151,65,1655.3479132379186
151,66,1651.1110304453691
151,67,1633.2875399301342
151,68,1596.88938
151,69,1536.724085177029
151,70,1446.781574840401
151,71,1320.8473645835718
151,72,1152.70697
151,73,941.773848397714
151,74,709.9732239430281
151,75,484.8582625168283
151,76,293.98213
151,77,158.26312420086472
151,78,0.0
151,79,0.0
151,80,0.0
151,81,0.0
151,82,0.0
151,83,0.0
151,84,0.0
151,85,0.0
151,86,0.0
151,87,0.0
151,88,0.0
151,89,0.0
151,90,0.0
151,91,0.0
151,92,0.0
151,93,0.0
151,94,0.0
151,95,0.0
152,0,0.0
152,1,0.0
152,2,0.0
152,3,0.0
152,4,0.0
152,5,0.0
152,6,0.0
152,7,0.0
152,8,0.0
152,9,0.0
152,10,0.0
152,11,0.0
152,12,0.0
152,13,0.0
152,14,0.0
152,15,0.0
152,16,0.0
152,17,0.0
152,18,0.0
152,19,0.0
152,20,0.0
152,21,0.0
152,22,0.0
152,23,195.59726281087404
152,24,349.46137
152,25,560.3061646877545
152,26,804.2199384996758
152,27,1050.1567680617588
152,28,1267.07073
152,29,1430.7740846273557
152,30,1544.5118270046296
152,31,1618.387135879589
152,32,1662.50319
152,33,1686.053271802823
152,34,1694.5910784818043
152,35,1692.7604109198828
152,36,1685.20507
152,37,1676.1026648801007
152,38,1667.7660378181529
152,39,1662.0418393471282
152,40,1660.77672
152,41,1665.3585994580235
152,42,1675.3404739955856
152,43,1689.8166090353543
152,44,1707.88127
152,45,1727.791064475305
152,46,1744.451968699506
152,47,1751.9323010739542
152,48,1744.30038
152,49,1718.123736859507
152,50,1679.9667549563906
152,51,1638.893030575079
152,52,1603.9661600000002
152,53,1582.4196565241664
152,54,1574.166701474931
152,55,1577.2903931882302
152,56,1589.8738299999998
152,57,1609.911484387576
152,58,1635.0433253938854
152,59,1662.8206962032516
152,60,1690.79494
152,61,1716.4968471755285
152,62,1737.3749969495282
152,63,1750.8574157487635
152,64,1754.37213
152,65,1745.7158981603106
152,66,1724.1604068080028
152,67,1689.3460745516938
152,68,1640.91332
152,69,1576.8657070582303
152,70,1488.6593808184607
152,71,1366.113631669461
152,72,1199.04775
152,73,983.9528993880194
152,74,744.0077361681542
152,75,509.0627898642118
152,76,308.9685900000001
152,77,166.46821148344188
152,78,0.0
152,79,0.0
152,80,0.0
152,81,0.0
152,82,0.0
152,83,0.0
152,84,0.0
152,85,0.0
152,86,0.0
152,87,0.0
152,88,0.0
152,89,0.0
152,90,0.0
152,91,0.0
152,92,0.0
152,93,0.0
152,94,0.0
152,95,0.0
153,0,0.0
153,1,0.0
153,2,0.0
153,3,0.0
153,4,0.0
153,5,0.0
153,6,0.0
153,7,0.0
153,8,0.0
153,9,0.0
153,10,0.0
153,11,0.0
153,12,0.0
153,13,0.0
153,14,0.0
153,15,0.0
153,16,0.0
153,17,0.0
153,18,0.0
153,19,0.0
153,20,0.0
153,21,0.0
153,22,0.0
153,23,197.820845170708
153,24,352.48274
153,25,563.1227995366846
153,26,804.1693017693049
153,27,1042.6711131172724
153,28,1245.6771
153,29,1388.368096473357
153,30,1478.4528071390391
153,31,1531.771904235202
153,32,1564.1660599999998
153,33,1588.91151175739
153,34,1609.0267571745396
153,35,1624.9658590044194
153,36,1637.18288
153,37,1646.118705872084
153,38,1652.1615141628029
153,39,1655.6863053721202
153,40,1657.06808
153,41,1656.5060627230246
153,42,1653.4963749242493
153,43,1647.3593621633502
153,44,1637.4153700000002
153,45,1623.4386001108176
153,46,1607.0186786401978
153,47,1590.1990878494794
153,48,1575.02331
153,49,1563.1269315212046
153,50,1554.5139555149583
153,51,1548.780489251233
153,52,1545.52264
153,53,1544.2154167731144
153,54,1543.849435549968
153,55,1543.294214051838
153,56,1541.41927
153,57,1538.1059743550884
153,58,1537.2831110351688
153,59,1543.8913171976649
153,60,1562.87123
153,61,1596.3636887752828
153,62,1635.3103415593573
153,63,1667.8530385637534
153,64,1682.13363
153,65,1669.4326074187811
153,66,1633.5850277274017
153,67,1581.5645891723218
153,68,1520.34499
153,69,1453.5607990495923
153,70,1371.4900675310346
153,71,1261.07171724696
153,72,1109.24467
153,73,910.0068396641008
153,74,685.5921083984599
153,75,465.29335043358935
153,76,278.40344
153,77,147.17090323150538
153,78,0.0
153,79,0.0
153,80,0.0
153,81,0.0
153,82,0.0
153,83,0.0
153,84,0.0
153,85,0.0
153,86,0.0
153,87,0.0
153,88,0.0
153,89,0.0
153,90,0.0
153,91,0.0
153,92,0.0
153,93,0.0
153,94,0.0
153,95,0.0
154,0,0.0
154,1,0.0
154,2,0.0
154,3,0.0
154,4,0.0
154,5,0.0
154,6,0.0
154,7,0.0
154,8,0.0
154,9,0.0
154,10,0.0
154,11,0.0
154,12,0.0
154,13,0.0
154,14,0.0
154,15,0.0
154,16,0.0
154,17,0.0
154,18,0.0
154,19,0.0
154,20,0.0
154,21,0.0
154,22,0.0
154,23,177.52807311914253
154,24,322.11118
154,25,521.9780510659335
154,26,754.1793726875342
154,27,988.8368754653676
154,28,1196.07229
154,29,1352.2033566151556
154,30,1458.3318545271943
154,31,1521.755572675636
154,32,1549.7723
154,33,1550.4382946609453
154,34,1534.8436917036888
154,35,1514.837095394588
154,36,1502.26711
154,37,1505.9383891160642
154,38,1522.4797836580506
154,39,1545.4761938710117
154,40,1568.51252
154,41,1586.0480874685477
154,42,1596.0399224141088
154,43,1597.3194761526154
154,44,1588.7182
154,45,1570.4684886659934
154,46,1548.4065104355136
154,47,1529.7693769872776
154,48,1521.7942
154,49,1529.5863708362288
154,50,1549.7243995938368
154,51,1576.6550760545258
154,52,1604.8251899999998
154,53,1629.8257761140906
154,54,1651.8248486891405
154,55,1672.1346669196198
154,56,1692.06749
154,57,1712.3261712699084
154,58,1731.1759406496017
154,59,1746.2726222044946
154,60,1755.27204
154,61,1756.2830455250262
154,62,1749.2265999624526
154,63,1734.476691918653
154,64,1712.40731
154,65,1683.0321855362374
154,66,1644.9240207505875
154,67,1596.2952605896442
154,68,1535.35835
154,69,1459.4530156112749
154,70,1362.4281107851966
154,71,1237.25977056652
154,72,1076.92413
154,73,879.6548452999136
154,74,664.7156573586261
154,75,456.6278282380257
154,76,279.91262
154,77,153.20383350157132
154,78,0.0
154,79,0.0
154,80,0.0
154,81,0.0
154,82,0.0
154,83,0.0
154,84,0.0
154,85,0.0
154,86,0.0
154,87,0.0
154,88,0.0
154,89,0.0
154,90,0.0
154,91,0.0
154,92,0.0
154,93,0.0
154,94,0.0
154,95,0.0
155,0,0.0
155,1,0.0
155,2,0.0
155,3,0.0
155,4,0.0
155,5,0.0
155,6,0.0
155,7,0.0
155,8,0.0
155,9,0.0
155,10,0.0
155,11,0.0
155,12,0.0
155,13,0.0
155,14,0.0
155,15,0.0
155,16,0.0
155,17,0.0
155,18,0.0
155,19,0.0
155,20,0.0
155,21,0.0
155,22,0.0
155,23,126.77522396007504
155,24,216.91889
155,25,336.1385467796894
155,26,471.9086141587108
155,27,608.1923319583767
155,28,728.95294
155,29,821.8797415265756
155,30,889.5662934678288
155,31,938.3322161751676
155,32,974.49713
155,33,1004.3011091452584
155,34,1033.666043219974
155,35,1068.4342756847025
155,36,1114.44815
155,37,1174.8269648611408
155,38,1241.7978399022752
155,39,1304.864849992272
155,40,1353.53207
155,41,1380.1053275039285
155,42,1388.0974609209254
155,43,1383.82306137746
155,44,1373.59672
155,45,1362.7577637168963
155,46,1352.7444626640236
155,47,1344.0198227791393
155,48,1337.04685
155,49,1331.9550213784871
155,50,1327.5396984229808
155,51,1322.2627137559834
155,52,1314.5858999999998
155,53,1303.1042885816544
155,54,1286.945706144054
155,55,1265.371178134426
155,56,1237.64173
155,57,1203.2754714823957
155,58,1162.8188495008048
155,59,1117.0753952688112
155,60,1066.8486400000002
155,61,1012.4793975200126
155,62,952.4576121027268
155,63,884.8105106340774
155,64,807.56532
155,65,720.3662596875532
155,66,629.3255195882881
155,67,542.1722821948789
155,68,466.63573
155,69,407.8999196672745
155,70,360.968404544121
155,71,318.29961214890693
155,72,272.35196999999994
155,73,217.9838230495989
155,74,159.6531859852281
155,75,0.0
155,76,0.0
155,77,0.0
155,78,0.0
155,79,0.0
155,80,0.0
155,81,0.0
155,82,0.0
155,83,0.0
155,84,0.0
155,85,0.0
155,86,0.0
155,87,0.0
155,88,0.0
155,89,0.0
155,90,0.0
155,91,0.0
155,92,0.0
155,93,0.0
155,94,0.0
155,95,0.0
156,0,0.0
156,1,0.0
156,2,0.0
156,3,0.0
156,4,0.0
156,5,0.0
156,6,0.0
156,7,0.0
156,8,0.0
156,9,0.0
156,10,0.0
156,11,0.0
156,12,0.0
156,13,0.0
156,14,0.0
156,15,0.0
156,16,0.0
156,17,0.0
156,18,0.0
156,19,0.0
156,20,0.0
156,21,0.0
156,22,0.0
156,23,0.0
156,24,0.0
156,25,0.0
156,26,0.0
156,27,135.5250244001353
156,28,179.04783
156,29,227.6845010754685
156,30,283.4079036410716
156,31,348.73554688613893
156,32,426.18494
156,33,517.4837402199537
156,34,621.2001969751752
156,35,735.1127077428091
156,36,856.99967
156,37,983.2766930447168
156,38,1104.908233458228
156,39,1211.4959596426245
156,40,1292.64154
156,41,1341.6345390074289
156,42,1366.516105441914
156,43,1379.0152841554425
156,44,1390.86112
156,45,1410.9492232693185
156,46,1436.8414660241158
156,47,1463.2662857668552
156,48,1484.95212
156,49,1498.1733563527962
156,50,1505.388182961622
156,51,1510.6007380896367
156,52,1517.81516
156,53,1529.8250696007458
156,54,1544.5820183793965
156,55,1558.8270404683487
156,56,1569.3011699999995
156,57,1573.572608212971
156,58,1572.518224770792
156,59,1567.8420564432165
156,60,1561.24814
156,61,1553.3850903598684
156,62,1540.6798350374347
156,63,1518.5038796962835
156,64,1482.22873
156,65,1429.004998472555
156,66,1363.0997250794687
156,67,1290.559056646648
156,68,1217.42914
156,69,1146.8732124686612
156,70,1070.5228733946906
156,71,977.126812623374
156,72,855.43372
156,73,699.7057247777987
156,74,526.2587138417699
156,75,356.92201348485594
156,76,213.52495
156,77,0.0
156,78,0.0
156,79,0.0
156,80,0.0
156,81,0.0
156,82,0.0
156,83,0.0
156,84,0.0
156,85,0.0
156,86,0.0
156,87,0.0
156,88,0.0
156,89,0.0
156,90,0.0
156,91,0.0
156,92,0.0
156,93,0.0
156,94,0.0
156,95,0.0
157,0,0.0
157,1,0.0
157,2,0.0
157,3,0.0
157,4,0.0
157,5,0.0
157,6,0.0
157,7,0.0
157,8,0.0
157,9,0.0
157,10,0.0
157,11,0.0
157,12,0.0
157,13,0.0
157,14,0.0
157,15,0.0
157,16,0.0
157,17,0.0
157,18,0.0
157,19,0.0
157,20,0.0
157,21,0.0
157,22,0.0
157,23,0.0
157,24,0.0
157,25,144.42709259875917
157,26,211.15506893211383
157,27,291.10956329941166
157,28,383.77404
157,29,488.25990151881706
157,30,602.1903030831625
157,31,722.8163381059265
157,32,847.3891
157,33,971.4133224197228
157,34,1083.408299985237
157,35,1170.146967558132
157,36,1218.40226
157,37,1221.3784580210413
157,38,1198.005225725892
157,39,1173.6435730677958
157,40,1173.65451
157,41,1215.0613017461126
157,42,1281.5362346111983
157,43,1348.4138501706843
157,44,1391.02869
157,45,1392.4120357757583
157,46,1366.382129579316
157,47,1334.4539535932158
157,48,1318.14249
157,49,1332.8337856196044
157,50,1369.398145821538
157,51,1412.5769406127024
157,52,1447.11154
157,53,1460.7283412770742
157,54,1453.0938508845331
157,55,1426.859602549725
157,56,1384.6771300000005
157,57,1330.1157361470991
157,58,1270.415800640332
157,59,1213.7354723133983
157,60,1168.2329
157,61,1139.741053197028
157,62,1124.79218405414
157,63,1117.5933653841814
157,64,1112.35167
157,65,1102.574836846037
157,66,1078.9732693931087
157,67,1031.5580372436266
157,68,950.34021
157,69,830.0596487938234
157,70,684.3713808734241
157,71,531.6592250163127
157,72,390.307
157,73,275.01647250991925
157,74,185.76120086319457
157,75,0.0
157,76,0.0
157,77,0.0
157,78,0.0
157,79,0.0
157,80,0.0
157,81,0.0
157,82,0.0
157,83,0.0
157,84,0.0
157,85,0.0
157,86,0.0
157,87,0.0
157,88,0.0
157,89,0.0
157,90,0.0
157,91,0.0
157,92,0.0
157,93,0.0
157,94,0.0
157,95,0.0
158,0,0.0
158,1,0.0
158,2,0.0
158,3,0.0
158,4,0.0
158,5,0.0
158,6,0.0
158,7,0.0
158,8,0.0
158,9,0.0
158,10,0.0
158,11,0.0
158,12,0.0
158,13,0.0
158,14,0.0
158,15,0.0
158,16,0.0
158,17,0.0
158,18,0.0
158,19,0.0
158,20,0.0
158,21,0.0
158,22,0.0
158,23,0.0
158,24,0.0
158,25,147.60334378751057
158,26,247.6425960761597
158,27,360.70394782672906
158,28,476.64786
158,29,586.9760647733833
158,30,689.7553791908064
158,31,784.6938915128263
158,32,871.49969
158,33,950.7771241502064
158,34,1026.7155884106144
158,35,1104.400738465716
158,36,1188.91823
158,37,1282.3742194070408
158,38,1374.9568659167353
158,39,1453.874829468062
158,40,1506.33677
158,41,1524.3546533778797
158,42,1519.153669172444
158,43,1506.762312880786
158,44,1503.2090800000003
158,45,1519.752192237689
158,46,1548.5687761434892
158,47,1577.0656844775444
158,48,1592.6497699999998
158,49,1586.076292202614
158,50,1561.4941375036
158,51,1526.400599052786
158,52,1488.29297
158,53,1452.8857156706054
158,54,1418.761990092111
158,55,1382.7221194675608
158,56,1341.56643
158,57,1292.8403655837142
158,58,1237.0698408779565
158,59,1175.5258882332205
158,60,1109.4795399999998
158,61,1040.220483713288
158,62,969.1130276460642
158,63,897.5401352558087
158,64,826.88477
158,65,759.4767011256356
158,66,701.4329210377871
158,67,659.8172279310452
158,68,641.69342
158,69,649.4515961591702
158,70,666.7870582027869
158,71,672.7214086450103
158,72,646.27625
158,73,573.280637362684
158,74,466.7934361510648
158,75,346.68096436391323
158,76,232.80954
158,77,141.31975298384367
158,78,0.0
158,79,0.0
158,80,0.0
158,81,0.0
158,82,0.0
158,83,0.0
158,84,0.0
158,85,0.0
158,86,0.0
158,87,0.0
158,88,0.0
158,89,0.0
158,90,0.0
158,91,0.0
158,92,0.0
158,93,0.0
158,94,0.0
158,95,0.0
159,0,0.0
159,1,0.0
159,2,0.0
159,3,0.0
159,4,0.0
159,5,0.0
159,6,0.0
159,7,0.0
159,8,0.0
159,9,0.0
159,10,0.0
159,11,0.0
159,12,0.0
159,13,0.0
159,14,0.0
159,15,0.0
159,16,0.0
159,17,0.0
159,18,0.0
159,19,0.0
159,20,0.0
159,21,0.0
159,22,0.0
159,23,193.4049597116489
159,24,324.87226
159,25,495.010581757852
159,26,689.795194346297
159,27,891.3059497615934
159,28,1081.6227
159,29,1245.9395567591826
159,30,1381.9076705424393
159,31,1490.2924515544769
159,32,1571.85931
159,33,1628.1534941741677
159,34,1663.8396047339452
159,35,1684.3620804267496
159,36,1695.16536
159,37,1701.0761692003969
159,38,1704.4503817717812
159,39,1707.0261584572745
159,40,1710.54166
159,41,1716.176782617993
159,42,1722.8783644289308
159,43,1729.0349790254031
159,44,1733.0352
159,45,1733.640485952632
159,46,1731.1038355124958
159,47,1726.0511323161122
159,48,1719.10826
159,49,1710.786372321481
159,50,1701.1377035210858
159,51,1690.0997579601476
159,52,1677.61004
159,53,1663.9248464801951
159,54,1650.5756441531614
159,55,1639.4126922495473
159,56,1632.28625
159,57,1630.278109882739
159,58,1631.3961973662688
159,59,1632.8799711666638
159,60,1631.96889
159,61,1626.4319336763483
159,62,1616.156166381764
159,63,1601.558173396298
159,64,1583.05454
159,65,1560.6250972868672
159,66,1532.5026596066757
159,67,1496.4832871231458
159,68,1450.36304
159,69,1390.980752176183
159,70,1311.3463526915343
159,71,1203.5125443611191
159,72,1059.5320300000003
159,73,876.7244054146513
159,74,673.4768383771861
159,75,473.4433896511279
159,76,300.27812
159,77,172.23440132146226
159,78,0.0
159,79,0.0
159,80,0.0
159,81,0.0
159,82,0.0
159,83,0.0
159,84,0.0
159,85,0.0
159,86,0.0
159,87,0.0
159,88,0.0
159,89,0.0
159,90,0.0
159,91,0.0
159,92,0.0
159,93,0.0
159,94,0.0
159,95,0.0
160,0,0.0
160,1,0.0
160,2,0.0
160,3,0.0
160,4,0.0
160,5,0.0
160,6,0.0
160,7,0.0
160,8,0.0
160,9,0.0
160,10,0.0
160,11,0.0
160,12,0.0
160,13,0.0
160,14,0.0
160,15,0.0
160,16,0.0
160,17,0.0
160,18,0.0
160,19,0.0
160,20,0.0
160,21,0.0
160,22,0.0
160,23,0.0
160,24,0.0
160,25,158.84984938554098
160,26,231.60336614385395
160,27,306.77104233024
160,28,375.93561
160,29,432.711882198766
160,30,478.8429959334956
160,31,518.1041692014774
160,32,554.27062
160,33,591.008922756895
160,34,631.5510776221636
160,35,679.0204411763505
160,36,736.5403699999999
160,37,805.6575455236549
160,38,881.6119485778503
160,39,958.0668848431206
160,40,1028.68566
160,41,1089.0799149922368
160,42,1142.6546318164355
160,43,1194.7631277324167
160,44,1250.75872
160,45,1313.8289976323997
160,46,1378.4986366564085
160,47,1437.1265848522123
160,48,1482.07179
160,49,1507.7385132281647
160,50,1516.712269057931
160,51,1513.6238853587329
160,52,1503.10419
160,53,1489.2790569549418
160,54,1474.254544611866
160,55,1459.631757462858
160,56,1447.0118000000002
160,57,1437.6082792645686
160,58,1431.0848124946042
160,59,1426.7175194773374
160,60,1423.78252
160,61,1421.1003033305328
160,62,1415.6688366597166
160,63,1404.030456659042
160,64,1382.7275
160,65,1349.2727953820502
160,66,1305.0611396165295
160,67,1252.4578215427443
160,68,1193.82813
160,69,1129.9267556100167
160,70,1055.0659961241658
160,71,961.9475510762315
160,72,843.27312
160,73,695.9809617091335
160,74,533.9555721368083
160,75,375.31800649607897
160,76,238.18932
160,77,136.53592380344966
160,78,0.0
160,79,0.0
160,80,0.0
160,81,0.0
160,82,0.0
160,83,0.0
160,84,0.0
160,85,0.0
160,86,0.0
160,87,0.0
160,88,0.0
160,89,0.0
160,90,0.0
160,91,0.0
160,92,0.0
160,93,0.0
160,94,0.0
160,95,0.0
161,0,0.0
161,1,0.0
161,2,0.0
161,3,0.0
161,4,0.0
161,5,0.0
161,6,0.0
161,7,0.0
161,8,0.0
161,9,0.0
161,10,0.0
161,11,0.0
161,12,0.0
161,13,0.0
161,14,0.0
161,15,0.0
161,16,0.0
161,17,0.0
161,18,0.0
161,19,0.0
161,20,0.0
161,21,0.0
161,22,0.0
161,23,0.0
161,24,126.1405
161,25,216.4351759195546
161,26,327.5639917034914
161,27,449.4485366356824
161,28,572.0104
161,29,686.9258575888166
161,30,792.889931228506
161,31,890.3523292539423
161,32,979.76276
161,33,1060.528452787679
161,34,1127.8867208824845
161,35,1176.0323985360476
161,36,1199.1603199999995
161,37,1194.810929541717
161,38,1173.9071114915562
161,39,1150.7173601956172
161,40,1139.5101699999998
161,41,1150.426071076701
161,42,1177.0937369012906
161,43,1209.013876775235
161,44,1235.6872000000003
161,45,1249.4239008389798
161,46,1253.7721134032815
161,47,1255.089456765943
161,48,1259.7335500000004
161,49,1272.3550461923812
161,50,1290.776734485583
161,51,1311.114438035993
161,52,1329.48398
161,53,1341.5551134539955
161,54,1341.2133111543858
161,55,1321.897975777584
161,56,1277.04851
161,57,1204.4306454603884
161,58,1119.115429646873
161,59,1040.5002390099212
161,60,987.98245
161,61,973.8884925169522
161,62,982.2610102581224
161,63,990.0717003702316
161,64,974.29226
161,65,919.5050711905538
161,66,840.7352555706382
161,67,760.6186196654035
161,68,701.79097
161,69,679.4095181895829
161,70,678.717096209325
161,71,677.4779411244048
161,72,653.45629
161,73,590.582631519865
161,74,497.45246084206167
161,75,388.8275247432271
161,76,279.46957
161,77,182.09719869970664
161,78,0.0
161,79,0.0
161,80,0.0
161,81,0.0
161,82,0.0
161,83,0.0
161,84,0.0
161,85,0.0
161,86,0.0
161,87,0.0
161,88,0.0
161,89,0.0
161,90,0.0
161,91,0.0
161,92,0.0
161,93,0.0
161,94,0.0
161,95,0.0
162,0,0.0
162,1,0.0
162,2,0.0
162,3,0.0
162,4,0.0
162,5,0.0
162,6,0.0
162,7,0.0
162,8,0.0
162,9,0.0
162,10,0.0
162,11,0.0
162,12,0.0
162,13,0.0
162,14,0.0
162,15,0.0
162,16,0.0
162,17,0.0
162,18,0.0
162,19,0.0
162,20,0.0
162,21,0.0
162,22,0.0
162,23,0.0
162,24,134.50766
162,25,271.5492312296707
162,26,444.8577792474858
162,27,631.6235501415581
162,28,809.03679
162,29,959.1302952103036
162,30,1083.307063357479
162,31,1187.8126423259146
162,32,1278.89258
162,33,1361.6375093353645
162,34,1436.5184035725988
162,35,1502.851321023534
162,36,1559.95232
162,37,1607.628417135738
162,38,1647.650462352126
162,39,1682.2802638924504
162,40,1713.77963
162,41,1743.5134714966837
162,42,1769.2591095188984
162,43,1787.896967781664
162,44,1796.30747
162,45,1792.5773476587783
162,46,1779.6185633222808
162,47,1761.549387324643
162,48,1742.48809
162,49,1725.8065566182045
162,50,1711.8911321919784
162,51,1700.3817766697634
162,52,1690.91845
162,53,1683.5310608684051
162,54,1679.8093129098052
162,55,1681.7328584963022
162,56,1691.28135
162,57,1709.0153749081749
162,58,1729.8192611688007
162,59,1747.1582718450263
162,60,1754.49767
162,61,1746.9056582488956
162,62,1725.8621974149914
162,63,1694.4501878735916
162,64,1655.75253
162,65,1612.2360531899928
162,66,1563.9033029212335
162,67,1510.140753691857
162,68,1450.33488
162,69,1382.4405413348834
162,70,1298.6861371500747
162,71,1189.8684518902294
162,72,1046.78427
162,73,865.6614150642242
162,74,664.451867228467
162,75,466.5386457784765
162,76,295.30477
162,77,168.78419387697008
162,78,0.0
162,79,0.0
162,80,0.0
162,81,0.0
162,82,0.0
162,83,0.0
162,84,0.0
162,85,0.0
162,86,0.0
162,87,0.0
162,88,0.0
162,89,0.0
162,90,0.0
162,91,0.0
162,92,0.0
162,93,0.0
162,94,0.0
162,95,0.0
163,0,0.0
163,1,0.0
163,2,0.0
163,3,0.0
163,4,0.0
163,5,0.0
163,6,0.0
163,7,0.0
163,8,0.0
163,9,0.0
163,10,0.0
163,11,0.0
163,12,0.0
163,13,0.0
163,14,0.0
163,15,0.0
163,16,0.0
163,17,0.0
163,18,0.0
163,19,0.0
163,20,0.0
163,21,0.0
163,22,0.0
163,23,195.4674800636544
163,24,343.11331000000007
163,25,541.4974582251018
163,26,769.9154474141664
163,27,1001.6351653961476
163,28,1209.9245
163,29,1373.4291191919715
163,30,1492.305811487485
163,31,1572.0891455392557
163,32,1618.31369
163,33,1637.4866309445113
163,34,1640.0056241358943
163,35,1637.2409427593302
163,36,1640.56286
163,37,1658.1372518737317
163,38,1685.3124057189366
163,39,1714.2322117046735
163,40,1737.04056
163,41,1747.8447114043122
163,42,1748.6054092383583
163,43,1743.2467674532254
163,44,1735.6929
163,45,1729.13914219652
163,46,1723.8657148276295
163,47,1719.4240600449243
163,48,1715.36562
163,49,1711.5046065283575
163,50,1708.7063102011227
163,51,1708.0987912733265
163,52,1710.81011
163,53,1717.320169502549
163,54,1725.5162443678794
163,55,1732.6374520492695
163,56,1735.92291
163,57,1733.6740684301951
163,58,1728.4417085773598
163,59,1723.838944435845
163,60,1723.47889
163,61,1729.2181117766709
163,62,1735.8869863226814
163,63,1736.559342707351
163,64,1724.30901
163,65,1694.129619150622
163,66,1648.694008631914
163,67,1592.5948187972497
163,68,1530.42469
163,69,1463.7426188083414
163,70,1381.9730266496608
163,71,1271.5066911661502
163,72,1118.73439
163,73,917.3381370222636
163,74,690.1648910194425
163,75,467.3528470069001
163,76,279.0402000000001
163,77,148.04021263385445
163,78,0.0
163,79,0.0
163,80,0.0
163,81,0.0
163,82,0.0
163,83,0.0
163,84,0.0
163,85,0.0
163,86,0.0
163,87,0.0
163,88,0.0
163,89,0.0
163,90,0.0
163,91,0.0
163,92,0.0
163,93,0.0
163,94,0.0
163,95,0.0
164,0,0.0
164,1,0.0
164,2,0.0
164,3,0.0
164,4,0.0
164,5,0.0
164,6,0.0
164,7,0.0
164,8,0.0
164,9,0.0
164,10,0.0
164,11,0.0
164,12,0.0
164,13,0.0
164,14,0.0
164,15,0.0
164,16,0.0
164,17,0.0
164,18,0.0
164,19,0.0
164,20,0.0
164,21,0.0
164,22,0.0
164,23,125.65059318359492
164,24,264.17539
164,25,473.6544244085138
164,26,726.7838311027466
164,27,987.0193672456062
164,28,1217.81679
164,29,1390.9851401164751
164,30,1511.7465926961372
164,31,1593.6766064277306
164,32,1650.35064
164,33,1693.4991518443358
164,34,1727.4725993627055
164,35,1754.776439699723
164,36,1777.91613
164,37,1798.8475095374326
164,38,1817.3279461030413
164,39,1832.5651896171296
164,40,1843.76699
164,41,1850.4630409434344
164,42,1853.4708112251296
164,43,1853.92971339426
164,44,1852.97916
164,45,1851.6315684075792
164,46,1850.39137524644
164,47,1849.6360219620817
164,48,1849.74295
164,49,1851.035743551249
164,50,1853.622557789109
164,51,1857.5576906324127
164,52,1862.89544
164,53,1868.8853641061733
164,54,1871.5580623471249
164,55,1866.1393944145127
164,56,1847.85522
164,57,1813.891343774056
164,58,1769.2733503223924
164,59,1720.986769209533
164,60,1676.01713
164,61,1640.1398343913536
164,62,1614.289772613305
164,63,1598.1917070286042
164,64,1591.5704
164,65,1592.1403720980306
164,66,1589.575176724387
164,67,1571.53812548855
164,68,1525.6925299999998
164,69,1442.4470206540252
164,70,1323.1915029891472
164,71,1172.0612013296957
164,72,993.19134
164,73,793.1845710671188
164,74,588.5132575690244
164,75,398.1171902864178
164,76,240.93616
164,77,130.94285242124934
164,78,0.0
164,79,0.0
164,80,0.0
164,81,0.0
164,82,0.0
164,83,0.0
164,84,0.0
164,85,0.0
164,86,0.0
164,87,0.0
164,88,0.0
164,89,0.0
164,90,0.0
164,91,0.0
164,92,0.0
164,93,0.0
164,94,0.0
164,95,0.0
165,0,0.0
165,1,0.0
165,2,0.0
165,3,0.0
165,4,0.0
165,5,0.0
165,6,0.0
165,7,0.0
165,8,0.0
165,9,0.0
165,10,0.0
165,11,0.0
165,12,0.0
165,13,0.0
165,14,0.0
165,15,0.0
165,16,0.0
165,17,0.0
165,18,0.0
165,19,0.0
165,20,0.0
165,21,0.0
165,22,0.0
165,23,202.283033539038
165,24,354.60787
165,25,559.4338874223672
165,26,794.5346844718704
165,27,1031.2662067854385
165,28,1240.9843999999998
165,29,1401.195381868004
165,30,1514.0059586039756
165,31,1587.6731085379593
165,32,1630.45381
165,33,1650.5537444806168
165,34,1655.9734061122276
165,35,1654.661992187725
165,36,1654.5687
165,37,1661.667931303278
165,38,1674.034905697113
165,39,1687.7700472423917
165,40,1698.97378
165,41,1704.6866529625206
165,42,1705.70971484932
165,43,1703.7841393114588
165,44,1700.6511
165,45,1697.828243877889
165,46,1695.939111155608
165,47,1695.3837153555228
165,48,1696.56207
165,49,1699.523295588423
165,50,1702.9129405282486
165,51,1705.0256602039497
165,52,1704.15611
165,53,1699.4379061121674
165,54,1693.360507981397
165,55,1689.2523358599285
165,56,1690.44181
165,57,1698.9619852754065
165,58,1711.664455046162
165,59,1724.1054472938365
165,60,1731.84119
165,61,1731.5704016924576
165,62,1724.5617630839556
165,63,1713.2264454334756
165,64,1699.97562
165,65,1686.1895112360137
165,66,1669.1245563680163
165,67,1645.0062458160107
165,68,1610.06007
165,69,1559.581075707238
165,70,1485.14253519398
165,71,1377.3872770837318
165,72,1226.9581300000002
165,73,1030.3335601537854
165,74,807.3345841060654
165,75,583.617856005313
165,76,384.84003000000007
165,77,231.24578477137104
165,78,121.43189713175846
165,79,0.0
165,80,0.0
165,81,0.0
165,82,0.0
165,83,0.0
165,84,0.0
165,85,0.0
165,86,0.0
165,87,0.0
165,88,0.0
165,89,0.0
165,90,0.0
165,91,0.0
165,92,0.0
165,93,0.0
165,94,0.0
165,95,0.0
166,0,0.0
166,1,0.0
166,2,0.0
166,3,0.0
166,4,0.0
166,5,0.0
166,6,0.0
166,7,0.0
166,8,0.0
166,9,0.0
166,10,0.0
166,11,0.0
166,12,0.0
166,13,0.0
166,14,0.0
166,15,0.0
166,16,0.0
166,17,0.0
166,18,0.0
166,19,0.0
166,20,0.0
166,21,0.0
166,22,0.0
166,23,152.27505778493588
166,24,284.78814
166,25,471.86013240210593
166,26,692.5028942764586
166,27,919.074771512582
166,28,1123.93411
166,29,1285.419297905532
166,30,1405.7888925051789
166,31,1493.2814933522363
166,32,1556.1357
166,33,1601.7922131632656
166,34,1634.5001382028256
166,35,1657.7106816409732
166,36,1674.87505
166,37,1688.661611160156
166,38,1698.6073784335183
166,39,1703.4665264901214
166,40,1701.99323
166,41,1693.908130008611
166,42,1682.7977330631013
166,43,1673.2150120860413
166,44,1669.71294
166,45,1675.4153144304005
166,46,1687.729231814076
166,47,1702.632613290714
166,48,1716.10338
166,49,1724.9508311760374
166,50,1729.3097784305942
166,51,1730.1464114698535
166,52,1728.42692
166,53,1725.14485211545
166,54,1721.4031894635482
166,55,1718.3322720798726
166,56,1717.06244
166,57,1718.2218600496628
166,58,1720.4300062152129
166,59,1721.8041792731565
166,60,1720.46168
166,61,1714.9505415921485
166,62,1705.5417269255995
166,63,1692.9369312962515
166,64,1677.83785
166,65,1660.390856862994
166,66,1638.5210398323875
166,67,1609.598165385588
166,68,1570.992
166,69,1518.8953212683757
166,70,1444.7929512448488
166,71,1338.9927230988972
166,72,1191.80247
166,73,999.3625568135028
166,74,781.1434751882175
166,75,562.4482484688235
166,76,368.5799
166,77,219.45930304011333
166,78,0.0
166,79,0.0
166,80,0.0
166,81,0.0
166,82,0.0
166,83,0.0
166,84,0.0
166,85,0.0
166,86,0.0
166,87,0.0
166,88,0.0
166,89,0.0
166,90,0.0
166,91,0.0
166,92,0.0
166,93,0.0
166,94,0.0
166,95,0.0
167,0,0.0
167,1,0.0
167,2,0.0
167,3,0.0
167,4,0.0
167,5,0.0
167,6,0.0
167,7,0.0
167,8,0.0
167,9,0.0
167,10,0.0
167,11,0.0
167,12,0.0
167,13,0.0
167,14,0.0
167,15,0.0
167,16,0.0
167,17,0.0
167,18,0.0
167,19,0.0
167,20,0.0
167,21,0.0
167,22,0.0
167,23,195.23200328677183
167,24,343.27422000000007
167,25,541.785043065416
167,26,769.0430509591654
167,27,997.110318373332
167,28,1198.04892
167,29,1349.991484086356
167,30,1455.3528531000036
167,31,1522.6184230636488
167,32,1560.27359
167,33,1576.15305527666
167,34,1575.4887416408203
167,35,1562.861877184571
167,36,1542.85369
167,37,1519.4631237132546
167,38,1494.359984086714
167,39,1468.631792416816
167,40,1443.36607
167,41,1419.5334058078226
167,42,1397.6366595123236
167,43,1378.0617584606628
167,44,1361.19463
167,45,1348.0946082117052
167,46,1342.5146541139914
167,47,1348.881135459282
167,48,1371.62042
167,49,1412.6033210328562
167,50,1463.4784340317103
167,51,1513.3388000147092
167,52,1551.27746
167,53,1569.82389953187
167,54,1575.2533822591672
167,55,1577.277616356881
167,56,1585.6083100000003
167,57,1606.8708639646643
167,58,1635.3454494316209
167,59,1662.2259301827664
167,60,1678.70617
167,61,1678.559332734472
167,62,1665.875782514349
167,63,1647.325183537052
167,64,1629.5772
167,65,1616.9250918161972
167,66,1604.1565017609814
167,67,1583.6826683252752
167,68,1547.91483
167,69,1489.5678670319892
167,70,1402.571226691724
167,71,1281.1579980055967
167,72,1119.56127
167,73,917.3028213058456
167,74,695.0591889721225
167,75,478.795599652338
167,76,294.47728
167,77,161.8835533696278
167,78,0.0
167,79,0.0
167,80,0.0
167,81,0.0
167,82,0.0
167,83,0.0
167,84,0.0
167,85,0.0
167,86,0.0
167,87,0.0
167,88,0.0
167,89,0.0
167,90,0.0
167,91,0.0
167,92,0.0
167,93,0.0
167,94,0.0
167,95,0.0
168,0,0.0
168,1,0.0
168,2,0.0
168,3,0.0
168,4,0.0
168,5,0.0
168,6,0.0
168,7,0.0
168,8,0.0
168,9,0.0
168,10,0.0
168,11,0.0
168,12,0.0
168,13,0.0
168,14,0.0
168,15,0.0
168,16,0.0
168,17,0.0
168,18,0.0
168,19,0.0
168,20,0.0
168,21,0.0
168,22,0.0
168,23,214.8285881125128
168,24,370.39033
168,25,575.2154994584749
168,26,806.9058773380866
168,27,1036.927409048655
168,28,1236.74604
168,29,1384.3476347517926
168,30,1483.797734463107
168,31,1545.6817994428675
168,32,1580.5852900000002
168,33,1597.9031371593549
168,34,1602.2681548094863
168,35,1597.122627554875
168,36,1585.9088399999998
168,37,1571.572638485788
168,38,1555.0741162989473
168,39,1536.876928462633
168,40,1517.4447300000002
168,41,1497.616369991243
168,42,1479.731473744724
168,43,1466.5048606258424
168,44,1460.65135
168,45,1463.9579684242378
168,46,1474.5005712221566
168,47,1489.4272209089972
168,48,1505.88598
168,49,1520.8070722493053
168,50,1530.24936636665
168,51,1530.0538923006695
168,52,1516.06168
168,53,1486.959880078541
168,54,1452.8201258112435
168,55,1426.560171138325
168,56,1421.09777
168,57,1444.1144224365328
168,58,1482.3466128883765
168,59,1517.2945718960318
168,60,1530.45853
168,61,1509.6523497065791
168,62,1467.9444213852523
168,63,1424.7167673712993
168,64,1399.35141
168,65,1405.301552643401
168,66,1432.3051228206157
168,67,1464.171229087522
168,68,1484.70898
168,69,1479.194511438566
168,70,1438.772068582286
168,71,1356.052923934863
168,72,1223.64835
168,73,1039.7210950398344
168,74,824.6398103502406
168,75,604.3246229855263
168,76,404.6956599999999
168,77,246.5334104333457
168,78,130.05981126675167
168,79,0.0
168,80,0.0
168,81,0.0
168,82,0.0
168,83,0.0
168,84,0.0
168,85,0.0
168,86,0.0
168,87,0.0
168,88,0.0
168,89,0.0
168,90,0.0
168,91,0.0
168,92,0.0
168,93,0.0
168,94,0.0
168,95,0.0
169,0,0.0
169,1,0.0
169,2,0.0
169,3,0.0
169,4,0.0
169,5,0.0
169,6,0.0
169,7,0.0
169,8,0.0
169,9,0.0
169,10,0.0
169,11,0.0
169,12,0.0
169,13,0.0
169,14,0.0
169,15,0.0
169,16,0.0
169,17,0.0
169,18,0.0
169,19,0.0
169,20,0.0
169,21,0.0
169,22,0.0
169,23,195.2273055466292
169,24,348.87187
169,25,557.7257771704766
169,26,798.1838598385523
169,27,1039.7344700873518
169,28,1251.86596
169,29,1410.8454066916283
169,30,1520.0547874053948
169,31,1589.6548044164638
169,32,1629.80616
169,33,1649.651766063011
169,34,1654.2633730398695
169,35,1647.6949409967938
169,36,1634.00043
169,37,1616.4309795250804
169,38,1595.026446685128
169,39,1569.0238680026114
169,40,1537.66028
169,41,1501.2647455241688
169,42,1464.5344327196192
169,43,1433.2585360552605
169,44,1413.22625
169,45,1407.629831971995
169,46,1409.273791186395
169,47,1408.3656998075974
169,48,1395.11313
169,49,1363.3756886191009
169,50,1321.6211212848004
169,51,1281.9692083081
169,52,1256.53973
169,53,1254.4101863641015
169,54,1272.488956174403
169,55,1304.642137897503
169,56,1344.73583
169,57,1387.651245611993
169,58,1432.3300565175873
169,59,1478.7290491643878
169,60,1526.80501
169,61,1575.7480097816756
169,62,1621.681256505248
169,63,1659.9612424761965
169,64,1685.94446
169,65,1695.9250347925542
169,66,1689.947626211421
169,67,1668.9945270245769
169,68,1634.04803
169,69,1584.193829798107
169,70,1510.9312286490688
169,71,1403.8629306754965
169,72,1252.5916400000003
169,73,1052.8855174212688
169,74,825.1745504423045
169,75,596.0541832421881
169,76,392.11986
169,77,234.3852962980685
169,78,121.53729333171329
169,79,0.0
169,80,0.0
169,81,0.0
169,82,0.0
169,83,0.0
169,84,0.0
169,85,0.0
169,86,0.0
169,87,0.0
169,88,0.0
169,89,0.0
169,90,0.0
169,91,0.0
169,92,0.0
169,93,0.0
169,94,0.0
169,95,0.0
170,0,0.0
170,1,0.0
170,2,0.0
170,3,0.0
170,4,0.0
170,5,0.0
170,6,0.0
170,7,0.0
170,8,0.0
170,9,0.0
170,10,0.0
170,11,0.0
170,12,0.0
170,13,0.0
170,14,0.0
170,15,0.0
170,16,0.0
170,17,0.0
170,18,0.0
170,19,0.0
170,20,0.0
170,21,0.0
170,22,128.4238707757208
170,23,249.3373131496033
170,24,416.03668
170,25,626.8680015123131
170,26,849.1569991560564
170,27,1042.4743172217711
170,28,1166.3906000000002
170,29,1194.1155743742695
170,30,1153.415297600054
170,31,1085.6949095258108
170,32,1032.3595499999997
170,33,1024.7439838031073
170,34,1053.9014754437278
170,35,1100.8149143624846
170,36,1146.46719
170,37,1174.9945847883014
170,38,1183.1469531250348
170,39,1170.8275423992511
170,40,1137.9396
170,41,1087.8975450124365
170,42,1038.1604833061317
170,43,1009.6986924467612
170,44,1023.48245
170,45,1091.881401255702
170,46,1192.862662400437
170,47,1295.7927173449536
170,48,1370.03805
170,49,1393.2735077772554
170,50,1376.4073920921198
170,51,1338.6563678609243
170,52,1299.2371
170,53,1273.736872010277
170,54,1263.2254417310835
170,55,1265.1431855863486
170,56,1276.93048
170,57,1296.454156369137
170,58,1323.286865983545
170,59,1357.4277151061806
170,60,1398.87581
170,61,1446.6492629819245
170,62,1495.8422105847353
170,63,1540.567795395178
170,64,1574.93916
170,65,1594.652496078165
170,66,1601.736191677514
170,67,1599.8016839381055
170,68,1592.46041
170,69,1579.6622367679147
170,70,1546.710750205208
170,71,1475.2479660398974
170,72,1346.9159
170,73,1151.8636162251753
170,74,914.2683725016528
170,75,666.8144750273038
170,76,442.18623
170,77,266.475637237634
170,78,139.40547103818108
170,79,0.0
170,80,0.0
170,81,0.0
170,82,0.0
170,83,0.0
170,84,0.0
170,85,0.0
170,86,0.0
170,87,0.0
170,88,0.0
170,89,0.0
170,90,0.0
170,91,0.0
170,92,0.0
170,93,0.0
170,94,0.0
170,95,0.0
171,0,0.0
171,1,0.0
171,2,0.0
171,3,0.0
171,4,0.0
171,5,0.0
171,6,0.0
171,7,0.0
171,8,0.0
171,9,0.0
171,10,0.0
171,11,0.0
171,12,0.0
171,13,0.0
171,14,0.0
171,15,0.0
171,16,0.0
171,17,0.0
171,18,0.0
171,19,0.0
171,20,0.0
171,21,0.0
171,22,120.10886815015203
171,23,238.22375981714657
171,24,406.32744
171,25,626.4237339816989
171,26,874.7150978134358
171,27,1120.9536452384546
171,28,1334.89149
171,29,1493.392965727623
171,30,1601.7712855961047
171,31,1672.4518826665344
171,32,1717.86019
171,33,1748.8410131078094
171,34,1769.9166473021448
171,35,1784.028760345408
171,36,1794.11902
171,37,1802.50856121614
171,38,1809.036387695316
171,39,1812.920970326834
171,40,1813.38078
171,41,1810.080479683881
171,42,1804.4695006665909
171,43,1798.4434663160057
171,44,1793.898
171,45,1792.2397289545852
171,46,1792.9192958883189
171,47,1794.8983473778926
171,48,1797.13853
171,49,1798.739855591527
171,50,1799.3557970301335
171,51,1798.7781924536737
171,52,1796.79888
171,53,1793.339446179307
171,54,1788.8404709911474
171,55,1783.872282807414
171,56,1779.00521
171,57,1774.6147659412452
171,58,1770.2972040052769
171,59,1765.4539625666705
171,60,1759.48648
171,61,1752.0482353682128
171,62,1743.800870487744
171,63,1735.658067863404
171,64,1728.53351
171,65,1722.091414929654
171,66,1710.9981427937444
171,67,1688.6705892609623
171,68,1648.52565
171,69,1584.2711078819211
171,70,1490.7782945872782
171,71,1363.2094289989964
171,72,1196.72673
171,73,991.315986511412
171,74,766.2572676071436
171,75,545.6542123993033
171,76,353.61046
171,77,208.81960372868085
171,78,0.0
171,79,0.0
171,80,0.0
171,81,0.0
171,82,0.0
171,83,0.0
171,84,0.0
171,85,0.0
171,86,0.0
171,87,0.0
171,88,0.0
171,89,0.0
171,90,0.0
171,91,0.0
171,92,0.0
171,93,0.0
171,94,0.0
171,95,0.0
172,0,0.0
172,1,0.0
172,2,0.0
172,3,0.0
172,4,0.0
172,5,0.0
172,6,0.0
172,7,0.0
172,8,0.0
172,9,0.0
172,10,0.0
172,11,0.0
172,12,0.0
172,13,0.0
172,14,0.0
172,15,0.0
172,16,0.0
172,17,0.0
172,18,0.0
172,19,0.0
172,20,0.0
172,21,0.0
172,22,137.13491538797638
172,23,242.1189098673395
172,24,365.35784
172,25,501.5208167268476
172,26,642.8395613631893
172,27,780.9364478179363
172,28,907.43385
172,29,1016.5356492529846
172,30,1112.7717566592669
172,31,1203.2535907359154
172,32,1295.09257
172,33,1392.8947473549636
172,34,1491.244713249744
172,35,1582.2216925196524
172,36,1657.9049099999995
172,37,1712.4866782021602
172,38,1748.6116603417563
172,39,1771.0376073104746
172,40,1784.52227
172,41,1792.916466398895
172,42,1796.4432828832291
172,43,1794.4188729259488
172,44,1786.15939
172,45,1771.6354151085095
172,46,1753.4352393753263
172,47,1734.80158145448
172,48,1718.97716
172,49,1708.4548708233165
172,50,1702.728318365465
172,51,1700.5412842248809
172,52,1700.63755
172,53,1700.8027600357236
172,54,1694.9900096628132
172,55,1676.1942569584965
172,56,1637.4104599999998
172,57,1574.7254954400396
172,58,1496.5939142332822
172,59,1414.5621859098835
172,60,1340.17678
172,61,1282.763569766619
172,62,1242.766043404058
172,63,1218.4070928394683
172,64,1207.90961
172,65,1208.7008268997351
172,66,1215.025335900485
172,67,1220.3320694509923
172,68,1218.06996
172,69,1201.44381138444
172,70,1162.681912994001
172,71,1093.7684256065616
172,72,986.68751
172,73,838.2576600625048
172,74,664.6347021235101
172,75,486.80879562276033
172,76,325.7701
172,77,198.33187055304035
172,78,0.0
172,79,0.0
172,80,0.0
172,81,0.0
172,82,0.0
172,83,0.0
172,84,0.0
172,85,0.0
172,86,0.0
172,87,0.0
172,88,0.0
172,89,0.0
172,90,0.0
172,91,0.0
172,92,0.0
172,93,0.0
172,94,0.0
172,95,0.0
173,0,0.0
173,1,0.0
173,2,0.0
173,3,0.0
173,4,0.0
173,5,0.0
173,6,0.0
173,7,0.0
173,8,0.0
173,9,0.0
173,10,0.0
173,11,0.0
173,12,0.0
173,13,0.0
173,14,0.0
173,15,0.0
173,16,0.0
173,17,0.0
173,18,0.0
173,19,0.0
173,20,0.0
173,21,0.0
173,22,0.0
173,23,164.57695094170185
173,24,305.76086
173,25,504.0371436853311
173,26,737.446604697614
173,27,977.1061283610898
173,28,1194.1326
173,29,1365.1626563011666
173,30,1488.9119394017364
173,31,1569.6158428014385
173,32,1611.5097599999997
173,33,1620.179384547503
173,34,1606.6116101954394
173,35,1583.1436307456563
173,36,1562.11264
173,37,1553.7000194150733
173,38,1559.4639010665062
173,39,1578.806604684686
173,40,1611.13045
173,41,1654.685819510955
173,42,1703.115346788537
173,43,1748.90972817185
173,44,1784.55966
173,45,1804.5159442598565
173,46,1811.0698055293465
173,47,1808.472574034164
173,48,1800.97558
173,49,1792.28954844962
173,50,1783.9627835940764
173,51,1777.0029844414948
173,52,1772.41785
173,53,1770.966827566664
173,54,1772.416357594347
173,55,1776.2846288248566
173,56,1782.08983
173,57,1789.1899547212238
173,58,1796.3022160285343
173,59,1801.9836318215785
173,60,1804.79122
173,61,1803.3099340171907
173,62,1796.2364695415142
173,63,1782.2954577950816
173,64,1760.21153
173,65,1729.344067803764
173,66,1691.5914545554074
173,67,1649.4868240293465
173,68,1605.56331
173,69,1559.243133674002
173,70,1497.5048659868564
173,71,1404.2161653062826
173,72,1263.24469
173,73,1066.1301818752263
173,74,835.1007164971666
173,75,600.0564528705236
173,76,390.89755
173,77,231.16671585634296
173,78,0.0
173,79,0.0
173,80,0.0
173,81,0.0
173,82,0.0
173,83,0.0
173,84,0.0
173,85,0.0
173,86,0.0
173,87,0.0
173,88,0.0
173,89,0.0
173,90,0.0
173,91,0.0
173,92,0.0
173,93,0.0
173,94,0.0
173,95,0.0
174,0,0.0
174,1,0.0
174,2,0.0
174,3,0.0
174,4,0.0
174,5,0.0
174,6,0.0
174,7,0.0
174,8,0.0
174,9,0.0
174,10,0.0
174,11,0.0
174,12,0.0
174,13,0.0
174,14,0.0
174,15,0.0
174,16,0.0
174,17,0.0
174,18,0.0
174,19,0.0
174,20,0.0
174,21,0.0
174,22,0.0
174,23,0.0
174,24,0.0
174,25,164.27986846312066
174,26,239.1428963395533
174,27,329.9887510462094
174,28,437.18415
174,29,559.3334844205751
174,30,687.9918407385386
174,31,812.9519791872326
174,32,924.00666
174,33,1013.5580080733292
174,34,1084.445606956293
174,35,1142.11840486111
174,36,1192.02535
174,37,1238.2328862548586
174,38,1279.2774401862905
174,39,1312.3129340245766
174,40,1334.49329
174,41,1344.6529645634864
174,42,1348.348551048546
174,43,1352.8171770093322
174,44,1365.29597
174,45,1390.4923862724447
174,46,1422.995196869526
174,47,1454.863501531844
174,48,1478.1563999999998
174,49,1487.5153926904852
174,50,1487.9115827233516
174,51,1486.898473894542
174,52,1492.02957
174,53,1508.4732671843649
174,54,1531.857530987068
174,55,1555.425219296237
174,56,1572.41919
174,57,1577.9913785720548
174,58,1574.9300308283764
174,59,1567.9324701705098
174,60,1561.6960200000003
174,61,1559.7226980586663
174,62,1560.7332994494272
174,63,1562.2533136154743
174,64,1561.80823
174,65,1557.2830666932794
174,66,1548.0009563739152
174,67,1533.6445603675938
174,68,1513.89654
174,69,1486.0623339182162
174,70,1437.9384900549107
174,71,1354.94433366415
174,72,1222.49919
174,73,1033.3910620088568
174,74,809.8826634064415
174,75,581.6053856008054
174,76,378.1906200000001
174,77,222.9778108588565
174,78,0.0
174,79,0.0
174,80,0.0
174,81,0.0
174,82,0.0
174,83,0.0
174,84,0.0
174,85,0.0
174,86,0.0
174,87,0.0
174,88,0.0
174,89,0.0
174,90,0.0
174,91,0.0
174,92,0.0
174,93,0.0
174,94,0.0
174,95,0.0
175,0,0.0
175,1,0.0
175,2,0.0
175,3,0.0
175,4,0.0
175,5,0.0
175,6,0.0
175,7,0.0
175,8,0.0
175,9,0.0
175,10,0.0
175,11,0.0
175,12,0.0
175,13,0.0
175,14,0.0
175,15,0.0
175,16,0.0
175,17,0.0
175,18,0.0
175,19,0.0
175,20,0.0
175,21,0.0
175,22,0.0
175,23,0.0
175,24,232.33776
175,25,408.10464735125015
175,26,612.5898609053978
175,27,809.5364540068467
175,28,962.68748
175,29,1046.0850069202347
175,30,1074.967161566819
175,31,1074.8710854299936
175,32,1071.33392
175,33,1084.2362726240613
175,34,1110.8326140773274
175,35,1142.72088099193
175,36,1171.49901
175,37,1190.64913820852
175,38,1201.190204623872
175,39,1206.025348727288
175,40,1208.0577099999998
175,41,1209.5518704793587
175,42,1210.2181824271845
175,43,1209.1284406614188
175,44,1205.35444
175,45,1198.097582842797
175,46,1187.07770191739
175,47,1172.144237533288
175,48,1153.14663
175,49,1130.845094868204
175,50,1109.6429486532556
175,51,1094.854283111679
175,52,1091.79319
175,53,1103.3644567468878
175,54,1122.835653469589
175,55,1141.0650459574958
175,56,1148.9109
175,57,1139.650681269246
175,58,1116.2386549683893
175,59,1084.0482861833375
175,60,1048.4530400000003
175,61,1014.8228013011288
175,62,988.5131341568548
175,63,974.8760224341536
175,64,979.26345
175,65,1005.2312110262392
175,66,1049.150340904192
175,67,1105.5956853300486
175,68,1169.14209
175,69,1231.379621937665
175,70,1271.959233476378
175,71,1267.547098276902
175,72,1194.80939
175,73,1040.4278118481002
175,74,831.1461851902955
175,75,603.7238609373429
175,76,394.9201900000001
175,77,234.03430035743293
175,78,120.52442826243976
175,79,0.0
175,80,0.0
175,81,0.0
175,82,0.0
175,83,0.0
175,84,0.0
175,85,0.0
175,86,0.0
175,87,0.0
175,88,0.0
175,89,0.0
175,90,0.0
175,91,0.0
175,92,0.0
175,93,0.0
175,94,0.0
175,95,0.0
176,0,0.0
176,1,0.0
176,2,0.0
176,3,0.0
176,4,0.0
176,5,0.0
176,6,0.0
176,7,0.0
176,8,0.0
176,9,0.0
176,10,0.0
176,11,0.0
176,12,0.0
176,13,0.0
176,14,0.0
176,15,0.0
176,16,0.0
176,17,0.0
176,18,0.0
176,19,0.0
176,20,0.0
176,21,0.0
176,22,0.0
176,23,183.3671085242296
176,24,332.06287
176,25,536.7144617961857
176,26,774.093113961452
176,27,1013.995039145992
176,28,1226.21645
176,29,1387.4208628750032
176,30,1501.7410089278694
176,31,1580.176923016801
176,32,1633.72864
176,33,1671.9202299850513
176,34,1698.3719040770702
176,35,1715.227908630554
176,36,1724.63249
176,37,1728.6072823410416
176,38,1728.6834710138503
176,39,1726.2696291797345
176,40,1722.77433
176,41,1719.7030633070326
176,42,1718.9489856175271
176,43,1722.5021701192586
176,44,1732.3526900000002
176,45,1748.9104933370788
176,46,1766.2650277660396
176,47,1776.9256158119806
176,48,1773.40158
176,49,1751.2380817821522
176,50,1718.123638318314
176,51,1684.7826056953188
176,52,1661.93934
176,53,1657.4288225030627
176,54,1667.528535210704
176,55,1685.6265853129933
176,56,1705.11108
176,57,1720.5619966430963
176,58,1731.3267933388688
176,59,1737.944798365207
176,60,1740.9553399999998
176,61,1740.6921531120513
176,62,1736.6665989338198
176,63,1728.1844452886785
176,64,1714.55146
176,65,1695.041371221198
176,66,1668.7997484258517
176,67,1634.940121417579
176,68,1592.57602
176,69,1539.1716076281557
176,70,1465.5935823627742
176,71,1361.0592759160054
176,72,1214.78602
176,73,1022.0356351411796
176,74,802.2478971230526
176,75,580.9070705433994
176,76,383.4974199999999
176,77,230.193622432126
176,78,0.0
176,79,0.0
176,80,0.0
176,81,0.0
176,82,0.0
176,83,0.0
176,84,0.0
176,85,0.0
176,86,0.0
176,87,0.0
176,88,0.0
176,89,0.0
176,90,0.0
176,91,0.0
176,92,0.0
176,93,0.0
176,94,0.0
176,95,0.0
177,0,0.0
177,1,0.0
177,2,0.0
177,3,0.0
177,4,0.0
177,5,0.0
177,6,0.0
177,7,0.0
177,8,0.0
177,9,0.0
177,10,0.0
177,11,0.0
177,12,0.0
177,13,0.0
177,14,0.0
177,15,0.0
177,16,0.0
177,17,0.0
177,18,0.0
177,19,0.0
177,20,0.0
177,21,0.0
177,22,0.0
177,23,0.0
177,24,241.66899000000004
177,25,425.3091608942956
177,26,645.9181547742519
177,27,872.8737137670823
177,28,1075.55358
177,29,1229.8222418521434
177,30,1337.4911727103497
177,31,1406.8585922133811
177,32,1446.22272
177,33,1463.470766697131
177,34,1464.845906884349
177,35,1456.1803061293929
177,36,1443.3061300000002
177,37,1431.2794882343333
177,38,1422.0522672522536
177,39,1416.8002976440475
177,40,1416.69941
177,41,1422.499481771786
177,42,1433.246577856636
177,43,1447.5608100131672
177,44,1464.06229
177,45,1481.3786456160224
177,46,1498.167568821204
177,47,1513.0942676157829
177,48,1524.82395
177,49,1532.664170607874
177,50,1538.491870608549
177,51,1544.8263378049498
177,52,1554.18686
177,53,1568.5738186712308
177,54,1587.9119699945986
177,55,1611.6071638206674
177,56,1639.06525
177,57,1668.201868144703
177,58,1690.971816913056
177,59,1697.8396847248807
177,60,1679.2700600000005
177,61,1629.7585045312078
177,62,1559.9244736031792
177,63,1484.4183958735614
177,64,1417.8907
177,65,1371.049085292966
177,66,1338.8303336742274
177,67,1312.228497718375
177,68,1282.23763
177,69,1240.1771022656776
177,70,1178.667562949912
177,71,1090.6549796591903
177,72,969.08532
177,73,811.5295226755734
177,74,634.0584107761248
177,75,457.3677784886136
177,76,302.15342
177,77,184.57302062577887
177,78,0.0
177,79,0.0
177,80,0.0
177,81,0.0
177,82,0.0
177,83,0.0
177,84,0.0
177,85,0.0
177,86,0.0
177,87,0.0
177,88,0.0
177,89,0.0
177,90,0.0
177,91,0.0
177,92,0.0
177,93,0.0
177,94,0.0
177,95,0.0
178,0,0.0
178,1,0.0
178,2,0.0
178,3,0.0
178,4,0.0
178,5,0.0
178,6,0.0
178,7,0.0
178,8,0.0
178,9,0.0
178,10,0.0
178,11,0.0
178,12,0.0
178,13,0.0
178,14,0.0
178,15,0.0
178,16,0.0
178,17,0.0
178,18,0.0
178,19,0.0
178,20,0.0
178,21,0.0
178,22,0.0
178,23,160.3012707969991
178,24,300.71907
178,25,498.4561391245446
178,26,731.031523057428
178,27,968.9019729615976
178,28,1182.5242400000002
178,29,1348.8397576362877
178,30,1470.7286885369324
178,31,1557.5558776691107
178,32,1618.68617
178,33,1662.300341892805
178,34,1691.8428952948425
178,35,1709.5742635494587
178,36,1717.75488
178,37,1718.4722554174934
178,38,1713.1222102836975
178,39,1702.927642508053
178,40,1689.11145
178,41,1673.2035889372216
178,42,1657.9622485703674
178,43,1646.4526764183297
178,44,1641.74012
178,45,1645.85819961487
178,46,1656.714026684832
178,47,1671.183085412378
178,48,1686.14086
178,49,1698.962441040798
178,50,1709.0213446903042
178,51,1716.1906934946585
178,52,1720.34361
178,53,1721.694339971937
178,54,1721.821622053951
178,55,1722.645318108989
178,56,1726.08529
178,57,1733.278709071452
178,58,1742.2319845938914
178,59,1750.1688353193854
178,60,1754.31298
178,61,1752.027825304755
178,62,1741.235529570483
178,63,1719.9979390509698
178,64,1686.3769000000002
178,65,1639.8265936157777
178,66,1585.3705408741753
178,67,1529.4245976954858
178,68,1478.40462
178,69,1434.584621013386
178,70,1383.6712431828155
178,71,1307.2292862608374
178,72,1186.82355
178,73,1011.70569858068
178,74,801.8748538945636
178,75,585.0170022611654
178,76,388.81813000000005
178,77,235.35211607014497
178,78,124.2444099889308
178,79,0.0
178,80,0.0
178,81,0.0
178,82,0.0
178,83,0.0
178,84,0.0
178,85,0.0
178,86,0.0
178,87,0.0
178,88,0.0
178,89,0.0
178,90,0.0
178,91,0.0
178,92,0.0
178,93,0.0
178,94,0.0
178,95,0.0
179,0,0.0
179,1,0.0
179,2,0.0
179,3,0.0
179,4,0.0
179,5,0.0
179,6,0.0
179,7,0.0
179,8,0.0
179,9,0.0
179,10,0.0
179,11,0.0
179,12,0.0
179,13,0.0
179,14,0.0
179,15,0.0
179,16,0.0
179,17,0.0
179,18,0.0
179,19,0.0
179,20,0.0
179,21,0.0
179,22,0.0
179,23,163.3771428301455
179,24,303.80789
179,25,500.80131624303925
179,26,732.2622512445614
179,27,969.1776831238028
179,28,1182.5346
179,29,1349.6013403070915
179,30,1472.7716437378233
179,31,1560.7206002996434
179,32,1622.1233
179,33,1664.788696122345
179,34,1693.061195054146
179,35,1710.419066458874
179,36,1720.3405799999998
179,37,1725.6320261410283
179,38,1726.4117785455926
179,39,1722.1262316773607
179,40,1712.22178
179,41,1696.9083540010424
179,42,1679.4500282634829
179,43,1663.874413394182
179,44,1654.20912
179,45,1652.802651604802
179,46,1655.287083400475
179,47,1655.6153834959105
179,48,1647.74052
179,49,1627.8858372359991
179,50,1601.3561843846169
179,51,1575.726786840926
179,52,1558.57287
179,53,1555.289827888702
179,54,1562.5537290610582
179,55,1574.8608107028854
179,56,1586.7073100000002
179,57,1594.0073940216926
179,58,1598.3469493711498
179,59,1602.729792535032
179,60,1610.1597400000005
179,61,1622.1856335245284
179,62,1634.5364159543428
179,63,1641.486055406987
179,64,1637.30852
179,65,1618.0345000051966
179,66,1586.7215743114791
179,67,1548.184043962022
179,68,1507.23621
179,69,1465.3605678609351
179,70,1410.7123905497408
179,71,1328.1151454636758
179,72,1202.3923
179,73,1025.2143490198112
179,74,815.639897239558
179,75,599.5745768395253
179,76,402.92402
179,77,246.50975496606904
179,78,130.81689424202756
179,79,0.0
179,80,0.0
179,81,0.0
179,82,0.0
179,83,0.0
179,84,0.0
179,85,0.0
179,86,0.0
179,87,0.0
179,88,0.0
179,89,0.0
179,90,0.0
179,91,0.0
179,92,0.0
179,93,0.0
179,94,0.0
179,95,0.0
180,0,0.0
180,1,0.0
180,2,0.0
180,3,0.0
180,4,0.0
180,5,0.0
180,6,0.0
180,7,0.0
180,8,0.0
180,9,0.0
180,10,0.0
180,11,0.0
180,12,0.0
180,13,0.0
180,14,0.0
180,15,0.0
180,16,0.0
180,17,0.0
180,18,0.0
180,19,0.0
180,20,0.0
180,21,0.0
180,22,0.0
180,23,146.69129552059462
180,24,279.68806000000006
180,25,468.8046496802105
180,26,693.1154276787661
180,27,924.9381143379388
180,28,1136.5904299999995
180,29,1306.2031228271817
180,30,1435.159052261555
180,31,1530.6541055651503
180,32,1599.88417
180,33,1649.5249957298129
180,34,1684.1717845250143
180,35,1707.8996010577089
180,36,1724.78351
180,37,1738.1694947223168
180,38,1748.487213388387
180,39,1755.4372428602642
180,40,1758.72016
180,41,1758.2912299121697
180,42,1755.1244706714367
180,43,1750.4485885949848
180,44,1745.4922899999997
180,45,1741.0826676602535
180,46,1736.4403601758663
180,47,1730.384392603546
180,48,1721.73379
180,49,1709.8831999155657
180,50,1696.5297598750972
180,51,1683.946229897081
180,52,1674.4053700000002
180,53,1669.9294889274852
180,54,1671.5390903237442
180,55,1680.0042265581317
180,56,1696.09495
180,57,1719.2030773432443
180,58,1743.207482579925
180,59,1760.6088040266427
180,60,1763.90768
180,61,1748.1788468557877
180,62,1718.7934331065558
180,63,1683.6966653040463
180,64,1650.83377
180,65,1625.825476327356
180,66,1604.994523743852
180,67,1582.339154288421
180,68,1551.85761
180,69,1506.942867991038
180,70,1438.5668456680385
180,71,1337.09619551102
180,72,1192.89757
180,73,1002.200066395993
180,74,784.6825610839948
180,75,565.8863752299997
180,76,371.35283
180,77,221.24011517499187
180,78,0.0
180,79,0.0
180,80,0.0
180,81,0.0
180,82,0.0
180,83,0.0
180,84,0.0
180,85,0.0
180,86,0.0
180,87,0.0
180,88,0.0
180,89,0.0
180,90,0.0
180,91,0.0
180,92,0.0
180,93,0.0
180,94,0.0
180,95,0.0
181,0,0.0
181,1,0.0
181,2,0.0
181,3,0.0
181,4,0.0
181,5,0.0
181,6,0.0
181,7,0.0
181,8,0.0
181,9,0.0
181,10,0.0
181,11,0.0
181,12,0.0
181,13,0.0
181,14,0.0
181,15,0.0
181,16,0.0
181,17,0.0
181,18,0.0
181,19,0.0
181,20,0.0
181,21,0.0
181,22,0.0
181,23,152.67669898430722
181,24,289.0865
181,25,482.2330679161509
181,26,710.9652510127526
181,27,947.3368311029776
181,28,1163.40159
181,29,1336.8954446744997
181,30,1468.2828527271874
181,31,1563.7104069162813
181,32,1629.3247
181,33,1671.3792136983502
181,34,1696.5549855784975
181,35,1711.639942169396
181,36,1723.42201
181,37,1736.966308969599
181,38,1750.4467324588218
181,39,1760.3143672186336
181,40,1763.0203
181,41,1756.130542142005
181,42,1741.6708033362156
181,43,1722.7817178623184
181,44,1702.6039199999998
181,45,1684.0147918373807
181,46,1668.838706696315
181,47,1658.6367857070925
181,48,1654.97015
181,49,1658.3845056647228
181,50,1665.363898628524
181,51,1671.376959778063
181,52,1671.89232
181,53,1664.064704878729
181,54,1651.7932187895888
181,55,1640.663060805654
181,56,1636.25943
181,57,1642.3550090391118
181,58,1655.4724149631213
181,59,1670.3217484055697
181,60,1681.61311
181,61,1685.1973502148237
181,62,1681.488318857927
181,63,1672.040615572067
181,64,1658.40884
181,65,1641.470854789095
181,66,1619.397574605171
181,67,1589.683177118662
181,68,1549.82184
181,69,1496.259309378798
181,70,1421.2476052213883
181,71,1315.9903159532853
181,72,1171.69103
181,73,984.9375375394636
181,74,773.8544357592751
181,75,561.9505235994486
181,76,372.7346
181,77,224.86500061959623
181,78,0.0
181,79,0.0
181,80,0.0
181,81,0.0
181,82,0.0
181,83,0.0
181,84,0.0
181,85,0.0
181,86,0.0
181,87,0.0
181,88,0.0
181,89,0.0
181,90,0.0
181,91,0.0
181,92,0.0
181,93,0.0
181,94,0.0
181,95,0.0
182,0,0.0
182,1,0.0
182,2,0.0
182,3,0.0
182,4,0.0
182,5,0.0
182,6,0.0
182,7,0.0
182,8,0.0
182,9,0.0
182,10,0.0
182,11,0.0
182,12,0.0
182,13,0.0
182,14,0.0
182,15,0.0
182,16,0.0
182,17,0.0
182,18,0.0
182,19,0.0
182,20,0.0
182,21,0.0
182,22,0.0
182,23,147.7676895109344
182,24,279.94914
182,25,467.235478847525
182,26,688.6174848638849
182,27,916.3805684483026
182,28,1122.81014
182,29,1286.2229372015745
182,30,1409.0610068691196
182,31,1499.7977231021057
182,32,1566.90646
182,33,1617.6031521899276
182,34,1654.0739764096352
182,35,1677.247669924525
182,36,1688.0529700000002
182,37,1688.167049976215
182,38,1682.2608274923389
182,39,1675.7536562622931
182,40,1674.06489
182,41,1680.4823569677123
182,42,1689.7677836210096
182,43,1694.551370963802
182,44,1687.46332
182,45,1664.254112152936
182,46,1633.1553505236227
182,47,1605.5189186324992
182,48,1592.6967000000002
182,49,1602.1968359830466
182,50,1626.1524992844988
182,51,1652.853120443702
182,52,1670.58813
182,53,1671.1113596961284
182,54,1660.0342460883812
182,55,1646.4326269364435
182,56,1639.38234
182,57,1645.3315224199407
182,58,1660.2175088619765
182,59,1677.3499333730242
182,60,1690.03843
182,61,1693.1413787491097
182,62,1687.712143463713
182,63,1676.35283394646
182,64,1661.66556
182,65,1645.3315357086212
182,66,1625.3483922831706
182,67,1598.7928652161352
182,68,1562.74169
182,69,1513.1869088851556
182,70,1441.7817911536035
182,71,1339.09491284525
182,72,1195.69485
182,73,1007.747553125757
182,74,793.8084706024151
182,75,578.0304252778653
182,76,384.5662400000001
182,77,232.64788876806645
182,78,121.82395018673668
182,79,0.0
182,80,0.0
182,81,0.0
182,82,0.0
182,83,0.0
182,84,0.0
182,85,0.0
182,86,0.0
182,87,0.0
182,88,0.0
182,89,0.0
182,90,0.0
182,91,0.0
182,92,0.0
182,93,0.0
182,94,0.0
182,95,0.0
183,0,0.0
183,1,0.0
183,2,0.0
183,3,0.0
183,4,0.0
183,5,0.0
183,6,0.0
183,7,0.0
183,8,0.0
183,9,0.0
183,10,0.0
183,11,0.0
183,12,0.0
183,13,0.0
183,14,0.0
183,15,0.0
183,16,0.0
183,17,0.0
183,18,0.0
183,19,0.0
183,20,0.0
183,21,0.0
183,22,0.0
183,23,139.39711595845512
183,24,268.80899
183,25,454.3251189964853
183,26,676.007357370345
183,27,907.312622059032
183,28,1121.69783
183,29,1297.907080895769
183,30,1435.833205509124
183,31,1540.6562173679172
183,32,1617.55613
183,33,1671.4879558579387
183,34,1706.5067030931584
183,35,1726.442378781799
183,36,1735.12499
183,37,1736.374586141226
183,38,1733.9713858682412
183,39,1731.6856501611362
183,40,1733.28764
183,41,1741.3387789521576
183,42,1753.565140933876
183,43,1766.483962448656
183,44,1776.61248
183,45,1781.263599143893
183,46,1780.9329016462552
183,47,1776.9116383254895
183,48,1770.49106
183,49,1762.97342962852
183,50,1755.7050587311037
183,51,1750.0432709681354
183,52,1747.34539
183,53,1748.4548685920277
183,54,1752.1596759293316
183,55,1756.7339103019692
183,56,1760.45167
183,57,1761.9503275658694
183,58,1761.3203525515717
183,59,1759.015488761488
183,60,1755.4894799999995
183,61,1750.903135519495
183,62,1744.2455263643824
183,63,1734.2127890270788
183,64,1719.50106
183,65,1698.9629791061518
183,66,1672.0771994908994
183,67,1638.478877630197
183,68,1597.80317
183,69,1547.783305712148
183,70,1478.5448044220198
183,71,1378.3112584208825
183,72,1235.3062600000003
183,73,1044.0016130452582
183,74,823.8619678210213
183,75,600.6001861862738
183,76,399.92913
183,77,242.33976851307
183,78,127.43550054389532
183,79,0.0
183,80,0.0
183,81,0.0
183,82,0.0
183,83,0.0
183,84,0.0
183,85,0.0
183,86,0.0
183,87,0.0
183,88,0.0
183,89,0.0
183,90,0.0
183,91,0.0
183,92,0.0
183,93,0.0
183,94,0.0
183,95,0.0
184,0,0.0
184,1,0.0
184,2,0.0
184,3,0.0
184,4,0.0
184,5,0.0
184,6,0.0
184,7,0.0
184,8,0.0
184,9,0.0
184,10,0.0
184,11,0.0
184,12,0.0
184,13,0.0
184,14,0.0
184,15,0.0
184,16,0.0
184,17,0.0
184,18,0.0
184,19,0.0
184,20,0.0
184,21,0.0
184,22,0.0
184,23,157.16285417107042
184,24,297.7002
184,25,496.4408561050456
184,26,730.0606199986681
184,27,967.9241438929566
184,28,1179.39608
184,29,1340.8896800506764
184,30,1457.01259385102
184,31,1539.4210707258533
184,32,1599.77136
184,33,1647.8612735359986
184,34,1686.0548733472524
184,35,1714.8577839848797
184,36,1734.77563
184,37,1746.6287620553294
184,38,1752.496435259971
184,39,1754.772630834628
184,40,1755.85133
184,41,1757.6397833989345
184,42,1760.0983193628615
184,43,1762.7005356453587
184,44,1764.9200300000002
184,45,1766.372170130183
184,46,1767.2394035385812
184,47,1767.8459476776886
184,48,1768.51602
184,49,1769.4800267053342
184,50,1770.5931289828138
184,51,1771.6166767688865
184,52,1772.3120199999998
184,53,1772.3987424234804
184,54,1771.4293630301645
184,55,1768.9146346217656
184,56,1764.3653099999997
184,57,1757.621311100744
184,58,1749.8392363965293
184,59,1742.50485349405
184,60,1737.1039299999998
184,61,1734.0551447360433
184,62,1729.508821383718
184,63,1718.5481948395343
184,64,1696.2565
184,65,1659.726478392584
184,66,1614.0888980685982
184,67,1566.4840337103128
184,68,1524.05216
184,69,1489.3163796623703
184,70,1446.3311075918907
184,71,1374.533586725465
184,72,1253.36106
184,73,1070.779145770434
184,74,848.8669640638408
184,75,618.2320103253271
184,76,409.48178
184,77,246.97798694339323
184,78,130.09921865274654
184,79,0.0
184,80,0.0
184,81,0.0
184,82,0.0
184,83,0.0
184,84,0.0
184,85,0.0
184,86,0.0
184,87,0.0
184,88,0.0
184,89,0.0
184,90,0.0
184,91,0.0
184,92,0.0
184,93,0.0
184,94,0.0
184,95,0.0
185,0,0.0
185,1,0.0
185,2,0.0
185,3,0.0
185,4,0.0
185,5,0.0
185,6,0.0
185,7,0.0
185,8,0.0
185,9,0.0
185,10,0.0
185,11,0.0
185,12,0.0
185,13,0.0
185,14,0.0
185,15,0.0
185,16,0.0
185,17,0.0
185,18,0.0
185,19,0.0
185,20,0.0
185,21,0.0
185,22,0.0
185,23,149.4601712114055
185,24,289.154
185,25,489.4766551203877
185,26,727.3429069862434
185,27,972.1976153589776
185,28,1193.48564
185,29,1367.148013538297
185,30,1495.1104600731544
185,31,1585.794876571435
185,32,1647.62316
185,33,1688.4264563514257
185,34,1713.6729077211396
185,35,1728.2399052302835
185,36,1737.00484
185,37,1744.0835415247516
185,38,1750.545592792288
185,39,1756.6990151636803
185,40,1762.8518300000003
185,41,1769.1886672370688
185,42,1775.4005911097092
185,43,1781.055274427495
185,44,1785.72039
185,45,1789.055605151974
185,46,1791.0885652688755
185,47,1791.938910251339
185,48,1791.72628
185,49,1790.6332410612854
185,50,1789.0940665647895
185,51,1787.6059562858989
185,52,1786.6661099999997
185,53,1786.6064593528847
185,54,1787.0978634719663
185,55,1787.6459133550652
185,56,1787.7562
185,57,1786.9757140271763
185,58,1785.0170445473443
185,59,1781.6341802938405
185,60,1776.5811100000003
185,61,1769.59483766341
185,62,1760.344428338656
185,63,1748.481962344574
185,64,1733.65952
185,65,1715.3698650066838
185,66,1692.4684945980316
185,67,1663.6515893903636
185,68,1627.61533
185,69,1581.307159497355
185,70,1514.6795707692174
185,71,1415.936319156471
185,72,1273.28116
185,73,1081.1448780976475
185,74,858.8663760750995
185,75,632.0115860150016
185,76,426.14644
185,77,261.8358896745549
185,78,139.64096493038463
185,79,0.0
185,80,0.0
185,81,0.0
185,82,0.0
185,83,0.0
185,84,0.0
185,85,0.0
185,86,0.0
185,87,0.0
185,88,0.0
185,89,0.0
185,90,0.0
185,91,0.0
185,92,0.0
185,93,0.0
185,94,0.0
185,95,0.0
186,0,0.0
186,1,0.0
186,2,0.0
186,3,0.0
186,4,0.0
186,5,0.0
186,6,0.0
186,7,0.0
186,8,0.0
186,9,0.0
186,10,0.0
186,11,0.0
186,12,0.0
186,13,0.0
186,14,0.0
186,15,0.0
186,16,0.0
186,17,0.0
186,18,0.0
186,19,0.0
186,20,0.0
186,21,0.0
186,22,0.0
186,23,156.02508622555817
186,24,300.63322
186,25,507.4740200904527
186,26,752.4016430965968
186,27,1003.5260820544424
186,28,1228.95733
186,29,1403.693944619599
186,30,1530.288742200847
186,31,1618.1831036816718
186,32,1676.81841
186,33,1714.8073268999017
186,34,1737.4476593500146
186,35,1749.2084971251209
186,36,1754.55893
186,37,1757.2542315307949
186,38,1758.1944103990936
186,39,1757.5656590678454
186,40,1755.55417
186,41,1752.5306447894186
186,42,1749.6038215536107
186,43,1748.066947540997
186,44,1749.21327
186,45,1753.7567946240306
186,46,1760.0945608864638
186,47,1766.044366705665
186,48,1769.42401
186,49,1768.7348981207087
186,50,1765.2128761505337
186,51,1760.7773986050915
186,52,1757.34792
186,53,1756.3528914868837
186,54,1757.2567507614012
186,55,1759.0329321552178
186,56,1760.65487
186,57,1761.3749504630057
186,58,1761.5613670538614
186,59,1761.8612651177866
186,60,1762.92179
186,61,1764.761979786094
186,62,1764.8884435231532
186,63,1760.1796829986358
186,64,1747.5142
186,65,1724.6764561738687
186,66,1693.074752603526
186,67,1655.0233502314202
186,68,1612.83651
186,69,1566.0729975496806
186,70,1503.2695973127431
186,71,1410.207598419434
186,72,1272.66829
186,73,1083.264970033658
186,74,861.9389718955023
186,75,635.463637809595
186,76,430.6123099999999
186,77,268.7904707531864
186,78,149.9321626052483
186,79,0.0
186,80,0.0
186,81,0.0
186,82,0.0
186,83,0.0
186,84,0.0
186,85,0.0
186,86,0.0
186,87,0.0
186,88,0.0
186,89,0.0
186,90,0.0
186,91,0.0
186,92,0.0
186,93,0.0
186,94,0.0
186,95,0.0
187,0,0.0
187,1,0.0
187,2,0.0
187,3,0.0
187,4,0.0
187,5,0.0
187,6,0.0
187,7,0.0
187,8,0.0
187,9,0.0
187,10,0.0
187,11,0.0
187,12,0.0
187,13,0.0
187,14,0.0
187,15,0.0
187,16,0.0
187,17,0.0
187,18,0.0
187,19,0.0
187,20,0.0
187,21,0.0
187,22,0.0
187,23,171.44013456470933
187,24,315.11459
187,25,518.8032853711104
187,26,759.0541180595474
187,27,1004.9838442182106
187,28,1225.7092200000004
187,29,1397.0199357388092
187,30,1521.3974184925053
187,31,1607.996029499949
187,32,1665.9701299999997
187,33,1703.7250002674025
187,34,1726.669596720431
187,35,1739.4637948132442
187,36,1746.76747
187,37,1752.4820744415813
187,38,1757.4753671257704
187,39,1761.8566837470744
187,40,1765.73536
187,41,1769.164464935022
187,42,1771.972001026487
187,43,1773.929704104709
187,44,1774.80931
187,45,1774.4854469120792
187,46,1773.2443125182804
187,47,1771.4749968653412
187,48,1769.56659
187,49,1767.782159135411
187,50,1765.880680150392
187,51,1763.495106090177
187,52,1760.25839
187,53,1756.048467327527
187,54,1751.7232031301526
187,55,1748.3854448677014
187,56,1747.13804
187,57,1748.60978389823
187,58,1751.533263578999
187,59,1754.1670139702674
187,60,1754.76957
187,61,1751.9685631733018
187,62,1745.8680113038529
187,63,1736.9410287824785
187,64,1725.6607299999998
187,65,1712.0039790335625
187,66,1693.962638705587
187,67,1669.0323215248188
187,68,1634.70864
187,69,1587.0782049112006
187,70,1516.5916201237976
187,71,1412.290487774496
187,72,1263.21641
187,73,1064.6913838216362
187,74,837.158985799222
187,75,607.3431873771968
187,76,401.96796
187,77,242.221673239754
187,78,127.15028917931345
187,79,0.0
187,80,0.0
187,81,0.0
187,82,0.0
187,83,0.0
187,84,0.0
187,85,0.0
187,86,0.0
187,87,0.0
187,88,0.0
187,89,0.0
187,90,0.0
187,91,0.0
187,92,0.0
187,93,0.0
187,94,0.0
187,95,0.0
188,0,0.0
188,1,0.0
188,2,0.0
188,3,0.0
188,4,0.0
188,5,0.0
188,6,0.0
188,7,0.0
188,8,0.0
188,9,0.0
188,10,0.0
188,11,0.0
188,12,0.0
188,13,0.0
188,14,0.0
188,15,0.0
188,16,0.0
188,17,0.0
188,18,0.0
188,19,0.0
188,20,0.0
188,21,0.0
188,22,0.0
188,23,153.39126733242833
188,24,299.45047
188,25,509.9421917530784
188,26,760.1062414005291
188,27,1017.1540253477152
188,28,1248.29695
188,29,1427.786690453881
188,30,1558.0359965703942
188,31,1648.4978869017104
188,32,1708.6253800000002
188,33,1747.1526970563975
188,34,1769.9388698178936
188,35,1782.1241326704428
188,36,1788.84872
188,37,1794.402719289279
188,38,1799.675630408031
188,39,1804.706806322768
188,40,1809.5356
188,41,1814.0940125052368
188,42,1817.8846372999808
188,43,1820.302715944735
188,44,1820.7434900000003
188,45,1818.8429141272748
188,46,1815.1997953920447
188,47,1810.6536539607928
188,48,1806.04401
188,49,1802.105134423164
188,50,1799.150301131839
188,51,1797.3875347745943
188,52,1797.02486
188,53,1798.0339522425695
188,54,1799.4410900805997
188,55,1800.0362028783293
188,56,1798.60922
188,57,1794.4124130128073
188,58,1788.547422295764
188,59,1782.578230430839
188,60,1778.06882
188,61,1776.0011510187016
188,62,1775.0290932363434
188,63,1773.2244938358142
188,64,1768.6591999999998
188,65,1759.349683693638
188,66,1743.0909160088613
188,67,1717.6224928196543
188,68,1680.68401
188,69,1628.7214734254978
188,70,1553.006528978211
188,71,1443.5172325418189
188,72,1290.23164
188,73,1089.0821169793703
188,74,859.8182680782943
188,75,628.1440076380705
188,76,419.7632500000001
188,77,255.2105200632692
188,78,134.34278495861184
188,79,0.0
188,80,0.0
188,81,0.0
188,82,0.0
188,83,0.0
188,84,0.0
188,85,0.0
188,86,0.0
188,87,0.0
188,88,0.0
188,89,0.0
188,90,0.0
188,91,0.0
188,92,0.0
188,93,0.0
188,94,0.0
188,95,0.0
189,0,0.0
189,1,0.0
189,2,0.0
189,3,0.0
189,4,0.0
189,5,0.0
189,6,0.0
189,7,0.0
189,8,0.0
189,9,0.0
189,10,0.0
189,11,0.0
189,12,0.0
189,13,0.0
189,14,0.0
189,15,0.0
189,16,0.0
189,17,0.0
189,18,0.0
189,19,0.0
189,20,0.0
189,21,0.0
189,22,0.0
189,23,133.16770245856335
189,24,268.53554
189,25,467.1394322382428
189,26,706.1219241694853
189,27,954.920181515985
189,28,1182.97137
189,29,1365.698046128845
189,30,1502.464329550061
189,31,1598.6197306962467
189,32,1659.51376
189,33,1691.3078674651276
189,34,1703.4112613802708
189,35,1706.0450896052785
189,36,1709.4305000000002
189,37,1721.2807105731438
189,38,1739.2772199288556
189,39,1758.5935968201393
189,40,1774.40341
189,41,1783.0707921172962
189,42,1785.7221314043063
189,43,1784.6743799891635
189,44,1782.24449
189,45,1780.2254958014212
189,46,1778.3147607039189
189,47,1775.685730254457
189,48,1771.5118500000003
189,49,1765.3914223332697
189,50,1758.6221770300187
189,51,1752.9267007117585
189,52,1750.0275799999995
189,53,1751.0092978342511
189,54,1754.403922426006
189,55,1758.1054183047586
189,56,1760.00775
189,57,1758.535272892227
189,58,1754.233905765956
189,59,1748.1799582567066
189,60,1741.44974
189,61,1734.8579366905903
189,62,1728.1727382601698
189,63,1720.9007106996644
189,64,1712.54842
189,65,1702.2582589391616
189,66,1687.715927443365
189,67,1666.2429522258865
189,68,1635.16086
189,69,1590.412357865264
189,70,1522.4248744663694
189,71,1420.24701883429
189,72,1272.9274000000005
189,73,1075.7433517872826
189,74,848.887107191157
189,75,618.7796239994532
189,76,411.84186
189,77,249.14596342310665
189,78,130.3688442690025
189,79,0.0
189,80,0.0
189,81,0.0
189,82,0.0
189,83,0.0
189,84,0.0
189,85,0.0
189,86,0.0
189,87,0.0
189,88,0.0
189,89,0.0
189,90,0.0
189,91,0.0
189,92,0.0
189,93,0.0
189,94,0.0
189,95,0.0
190,0,0.0
190,1,0.0
190,2,0.0
190,3,0.0
190,4,0.0
190,5,0.0
190,6,0.0
190,7,0.0
190,8,0.0
190,9,0.0
190,10,0.0
190,11,0.0
190,12,0.0
190,13,0.0
190,14,0.0
190,15,0.0
190,16,0.0
190,17,0.0
190,18,0.0
190,19,0.0
190,20,0.0
190,21,0.0
190,22,0.0
190,23,144.4702603751378
190,24,284.83308
190,25,488.14820409080585
190,26,730.4293854271257
190,27,979.8506540498834
190,28,1204.58604
190,29,1379.6158221013288
190,30,1507.145274309439
190,31,1596.1859193628295
190,32,1655.74928
190,33,1694.1926325038794
190,34,1717.2562673351183
190,35,1730.026228498798
190,36,1737.58856
190,37,1744.112208039404
190,38,1750.097727600088
190,39,1755.1285758607276
190,40,1758.78821
190,41,1760.846933151004
190,42,1761.82243226453
190,43,1762.419240245791
190,44,1763.34189
190,45,1764.99511638783
190,46,1766.5844620917926
190,47,1767.0156717498587
190,48,1765.19449
190,49,1760.542483641426
190,50,1754.5445081182995
190,51,1749.2012410360237
190,52,1746.51336
190,53,1747.8207963902164
190,54,1751.8204966850076
190,55,1756.5486611372953
190,56,1760.0414900000003
190,57,1760.8250215789585
190,58,1759.384646391669
190,59,1756.695593008545
190,60,1753.73309
190,61,1750.9956796376998
190,62,1747.0751589983167
190,63,1740.0866388597758
190,64,1728.14523
190,65,1709.6712545577425
190,66,1684.3058801150637
190,67,1651.9954856148534
190,68,1612.68645
190,69,1564.304972912581
190,70,1496.696536791428
190,71,1397.686444774561
190,72,1255.1
190,73,1063.1937953544332
190,74,841.9495827192231
190,75,617.7804037244017
190,76,417.0993
190,77,260.8682812946867
190,78,148.2452298316792
190,79,0.0
190,80,0.0
190,81,0.0
190,82,0.0
190,83,0.0
190,84,0.0
190,85,0.0
190,86,0.0
190,87,0.0
190,88,0.0
190,89,0.0
190,90,0.0
190,91,0.0
190,92,0.0
190,93,0.0
190,94,0.0
190,95,0.0
191,0,0.0
191,1,0.0
191,2,0.0
191,3,0.0
191,4,0.0
191,5,0.0
191,6,0.0
191,7,0.0
191,8,0.0
191,9,0.0
191,10,0.0
191,11,0.0
191,12,0.0
191,13,0.0
191,14,0.0
191,15,0.0
191,16,0.0
191,17,0.0
191,18,0.0
191,19,0.0
191,20,0.0
191,21,0.0
191,22,0.0
191,23,157.03907284608465
191,24,286.88891
191,25,476.4966361245735
191,26,703.9232755003351
191,27,939.9083546259292
191,28,1155.1914
191,29,1326.5416983719117
191,30,1454.8475774939063
191,31,1547.0271253689484
191,32,1609.99843
191,33,1650.3898842940316
191,34,1673.6711007740398
191,35,1685.0219968670283
191,36,1689.62249
191,37,1691.8227181238374
191,38,1692.6537012849344
191,39,1692.3166800535644
191,40,1691.0128949999996
191,41,1689.1349675074944
191,42,1687.8410422112222
191,43,1688.4806445593392
191,44,1692.4033000000002
191,45,1700.36484129931
191,46,1710.7463304951762
191,47,1721.3351369434536
191,48,1729.91863
191,49,1734.8990587796395
191,50,1737.1381914330732
191,51,1738.1126758699702
191,52,1739.29916
191,53,1741.7965454571315
191,54,1745.192748772531
191,55,1748.6979402016657
191,56,1751.5222900000003
191,57,1753.0058986105846
191,58,1753.0085872268016
191,59,1751.520107229618
191,60,1748.53021
191,61,1743.8314457255306
191,62,1736.4275598202614
191,63,1725.125096504862
191,64,1708.7306
191,65,1686.2460903622932
191,66,1657.4554909921517
191,67,1622.3382011259343
191,68,1580.8736199999998
191,69,1531.1304731377977
191,70,1463.5347912111324
191,71,1366.6019311789016
191,72,1228.84725
191,73,1044.673714274018
191,74,832.0347291633188
191,75,614.7713094709604
191,76,416.72447
191,77,257.15797226613125
191,78,137.02656463559225
191,79,0.0
191,80,0.0
191,81,0.0
191,82,0.0
191,83,0.0
191,84,0.0
191,85,0.0
191,86,0.0
191,87,0.0
191,88,0.0
191,89,0.0
191,90,0.0
191,91,0.0
191,92,0.0
191,93,0.0
191,94,0.0
191,95,0.0
192,0,0.0
192,1,0.0
192,2,0.0
192,3,0.0
192,4,0.0
192,5,0.0
192,6,0.0
192,7,0.0
192,8,0.0
192,9,0.0
192,10,0.0
192,11,0.0
192,12,0.0
192,13,0.0
192,14,0.0
192,15,0.0
192,16,0.0
192,17,0.0
192,18,0.0
192,19,0.0
192,20,0.0
192,21,0.0
192,22,0.0
192,23,139.40800661756126
192,24,260.64171
192,25,441.01842358394896
192,26,660.2671434251237
192,27,891.0591215537366
192,28,1106.0656100000003
192,29,1283.2578602071603
192,30,1421.8071212706018
192,31,1526.1846416987426
192,32,1600.86167
192,33,1650.5803921499091
192,34,1681.166743992469
192,35,1698.7175988387942
192,36,1709.32983
192,37,1718.0614629119525
192,38,1725.8151315095222
192,39,1732.4546218523303
192,40,1737.84372
192,41,1741.9183837022815
192,42,1744.903257469443
192,43,1747.0951575018833
192,44,1748.7909000000002
192,45,1750.1535675914226
192,46,1750.8113086127064
192,47,1750.2585378276367
192,48,1747.9896700000002
192,49,1743.8231032757776
192,50,1738.8731693297314
192,51,1734.5781832188195
192,52,1732.37646
192,53,1733.2157674304674
192,54,1736.0816840683678
192,55,1739.469241172084
192,56,1741.87347
192,57,1742.1977995023526
192,58,1740.9792493967973
192,59,1739.1632370928437
192,60,1737.6951799999997
192,61,1736.9105975288714
192,62,1734.7054170944425
192,63,1728.365668112792
192,64,1715.17738
192,65,1693.0776649134116
192,66,1662.6079659754334
192,67,1624.9608090497386
192,68,1581.32872
192,69,1530.6435818799832
192,70,1462.7947065038245
192,71,1365.410762875753
192,72,1226.12042
192,73,1038.9769125666562
192,74,823.7317380092684
192,75,606.5609594472465
192,76,413.64064
192,77,265.5981401971424
192,78,160.86601020910192
192,79,0.0
192,80,0.0
192,81,0.0
192,82,0.0
192,83,0.0
192,84,0.0
192,85,0.0
192,86,0.0
192,87,0.0
192,88,0.0
192,89,0.0
192,90,0.0
192,91,0.0
192,92,0.0
192,93,0.0
192,94,0.0
192,95,0.0
193,0,0.0
193,1,0.0
193,2,0.0
193,3,0.0
193,4,0.0
193,5,0.0
193,6,0.0
193,7,0.0
193,8,0.0
193,9,0.0
193,10,0.0
193,11,0.0
193,12,0.0
193,13,0.0
193,14,0.0
193,15,0.0
193,16,0.0
193,17,0.0
193,18,0.0
193,19,0.0
193,20,0.0
193,21,0.0
193,22,0.0
193,23,161.43758818465056
193,24,284.55497
193,25,469.7351420025863
193,26,695.1001691373311
193,27,931.1623517034104
193,28,1148.43399
193,29,1323.0944603188543
193,30,1453.991442922042
193,31,1545.6396940642082
193,32,1602.5539700000002
193,33,1630.0933477376204
193,34,1636.9941872995012
193,35,1632.8371694616314
193,36,1627.202975
193,37,1627.646408652539
193,38,1633.6187710049528
193,39,1642.5454866048908
193,40,1651.85198
193,41,1659.259657730349
193,42,1663.6738543056874
193,43,1664.2958862281812
193,44,1660.32707
193,45,1651.7135815979382
193,46,1641.3810348972972
193,47,1632.9999032480086
193,48,1630.24066
193,49,1635.5937293153984
193,50,1646.8293386051214
193,51,1660.5376660922836
193,52,1673.30889
193,53,1682.4949825467177
193,54,1688.4950919322162
193,55,1692.4701603516062
193,56,1695.58113
193,57,1698.6927014352302
193,58,1701.484608666015
193,59,1703.3403440637917
193,60,1703.6434
193,61,1701.7878717123608
193,62,1697.2102659037253
193,63,1689.3576921432273
193,64,1677.67726
193,65,1661.6090703090758
193,66,1640.5651889690837
193,67,1613.9506731445497
193,68,1581.17058
193,69,1539.6094051763343
193,70,1478.56939821994
193,71,1385.3322471535753
193,72,1247.1796400000003
193,73,1058.122677423086
193,74,839.0901106511569
193,75,617.7401035536495
193,76,421.73082
193,77,272.57216185007144
193,78,167.18098292543223
193,79,0.0
193,80,0.0
193,81,0.0
193,82,0.0
193,83,0.0
193,84,0.0
193,85,0.0
193,86,0.0
193,87,0.0
193,88,0.0
193,89,0.0
193,90,0.0
193,91,0.0
193,92,0.0
193,93,0.0
193,94,0.0
193,95,0.0
194,0,0.0
194,1,0.0
194,2,0.0
194,3,0.0
194,4,0.0
194,5,0.0
194,6,0.0
194,7,0.0
194,8,0.0
194,9,0.0
194,10,0.0
194,11,0.0
194,12,0.0
194,13,0.0
194,14,0.0
194,15,0.0
194,16,0.0
194,17,0.0
194,18,0.0
194,19,0.0
194,20,0.0
194,21,0.0
194,22,0.0
194,23,0.0
194,24,247.34741
194,25,442.6425752736152
194,26,679.7828152719397
194,27,927.3015076342944
194,28,1153.73203
194,29,1334.0834866914588
194,30,1469.2678887634029
194,31,1566.6729739536452
194,32,1633.68648
194,33,1677.3673510855494
194,34,1703.4593571744497
194,35,1717.3774746761248
194,36,1724.53668
194,37,1729.5010588100934
194,38,1733.4311337887991
194,39,1736.6365368731056
194,40,1739.4269
194,41,1741.990486642827
194,42,1744.0300864203534
194,43,1745.1271204877037
194,44,1744.86301
194,45,1743.1069530560992
194,46,1740.879255529787
194,47,1739.4880002385812
194,48,1740.24127
194,49,1744.0107684765258
194,50,1749.9226827104983
194,51,1756.6668205892215
194,52,1762.93299
194,53,1767.5586521002976
194,54,1769.9718811282196
194,55,1769.748404592032
194,56,1766.46395
194,57,1760.1363178097847
194,58,1752.5516002766235
194,59,1745.9379626051514
194,60,1742.5235700000003
194,61,1743.492799629315
194,62,1745.8548765152857
194,63,1745.5752376436135
194,64,1738.61932
194,65,1721.9152847667062
194,66,1696.242189912234
194,67,1663.3418176016446
194,68,1624.95595
194,69,1580.3210781788605
194,70,1518.6525288357789
194,71,1426.6603375748082
194,72,1291.05454
194,73,1105.1758482991029
194,74,888.8876809946504
194,75,668.6841331928729
194,76,471.0593
194,77,316.96736690597834
194,78,205.20288093561936
194,79,129.02047949745068
194,80,0.0
194,81,0.0
194,82,0.0
194,83,0.0
194,84,0.0
194,85,0.0
194,86,0.0
194,87,0.0
194,88,0.0
194,89,0.0
194,90,0.0
194,91,0.0
194,92,0.0
194,93,0.0
194,94,0.0
194,95,0.0
195,0,0.0
195,1,0.0
195,2,0.0
195,3,0.0
195,4,0.0
195,5,0.0
195,6,0.0
195,7,0.0
195,8,0.0
195,9,0.0
195,10,0.0
195,11,0.0
195,12,0.0
195,13,0.0
195,14,0.0
195,15,0.0
195,16,0.0
195,17,0.0
195,18,0.0
195,19,0.0
195,20,0.0
195,21,0.0
195,22,0.0
195,23,0.0
195,24,215.40055
195,25,388.555949978735
195,26,600.7588042854372
195,27,825.3765989494209
195,28,1035.7768199999998
195,29,1210.362231300011
195,30,1347.676708046381
195,31,1451.2994032695606
195,32,1524.8094699999997
195,33,1572.3628657587217
195,34,1600.4227660290385
195,35,1616.029150784836
195,36,1626.222
195,37,1636.6041930088527
195,38,1647.0302065874644
195,39,1655.9174168723446
195,40,1661.6832
195,41,1663.1675956433685
195,42,1660.9012976211031
195,43,1655.8376632882862
195,44,1648.93005
195,45,1641.1154108239236
195,46,1633.2650816781236
195,47,1626.2339941932612
195,48,1620.87708
195,49,1617.8376834046862
195,50,1616.9127994164037
195,51,1617.687835719919
195,52,1619.7482
195,53,1622.7259507135805
195,54,1626.4397494062623
195,55,1630.7549083958124
195,56,1635.5367400000002
195,57,1640.301325303491
195,58,1643.1678204585478
195,59,1641.9061503843304
195,60,1634.28624
195,61,1619.155735728705
195,62,1599.6731700095468
195,63,1580.074796785615
195,64,1564.5968700000003
195,65,1555.6627617816896
195,66,1548.4443170032655
195,67,1536.300498723209
195,68,1512.59027
195,69,1470.495101363287
195,70,1402.4864932273902
195,71,1300.8584534777983
195,72,1157.90499
195,73,971.3432980776628
195,74,760.5833225871734
195,75,550.458195803097
195,76,365.80105
195,77,225.9211450760617
195,78,128.03225142391662
195,79,0.0
195,80,0.0
195,81,0.0
195,82,0.0
195,83,0.0
195,84,0.0
195,85,0.0
195,86,0.0
195,87,0.0
195,88,0.0
195,89,0.0
195,90,0.0
195,91,0.0
195,92,0.0
195,93,0.0
195,94,0.0
195,95,0.0
196,0,0.0
196,1,0.0
196,2,0.0
196,3,0.0
196,4,0.0
196,5,0.0
196,6,0.0
196,7,0.0
196,8,0.0
196,9,0.0
196,10,0.0
196,11,0.0
196,12,0.0
196,13,0.0
196,14,0.0
196,15,0.0
196,16,0.0
196,17,0.0
196,18,0.0
196,19,0.0
196,20,0.0
196,21,0.0
196,22,0.0
196,23,0.0
196,24,178.86311
196,25,330.1390334241188
196,26,514.8348205374363
196,27,707.0961998820355
196,28,881.0689
196,29,1017.0022096045504
196,30,1119.55965809346
196,31,1199.5083350356397
196,32,1267.61533
196,33,1332.2072284701792
196,34,1391.8485995887231
196,35,1442.663508412906
196,36,1480.77602
196,37,1503.4688060459823
196,38,1512.658964801646
196,39,1511.4222011564862
196,40,1502.83422
196,41,1489.5185692208909
196,42,1472.2901687046929
196,43,1451.5117813361485
196,44,1427.54617
196,45,1401.3563251954554
196,46,1376.3061478795832
196,47,1356.3597666239195
196,48,1345.48131
196,49,1345.8518420285388
196,50,1352.520168526974
196,51,1358.7520307619218
196,52,1357.81317
196,53,1345.2826098153885
196,54,1325.9925030125207
196,55,1307.088284703393
196,56,1295.71539
196,57,1296.7343501161563
196,58,1305.8660806729438
196,59,1316.5465933932585
196,60,1322.2119
196,61,1317.565142688735
196,62,1302.377985545706
196,63,1277.689223129824
196,64,1244.53765
196,65,1203.860900847653
196,66,1156.1919708942326
196,67,1101.962695493696
196,68,1041.60491
196,69,974.6709667331528
196,70,897.1952858773636
196,71,804.3328045828928
196,72,691.23846
196,73,556.5424887822362
196,74,412.7763255963132
196,75,275.9467046122336
196,76,162.06036
196,77,0.0
196,78,0.0
196,79,0.0
196,80,0.0
196,81,0.0
196,82,0.0
196,83,0.0
196,84,0.0
196,85,0.0
196,86,0.0
196,87,0.0
196,88,0.0
196,89,0.0
196,90,0.0
196,91,0.0
196,92,0.0
196,93,0.0
196,94,0.0
196,95,0.0
197,0,0.0
197,1,0.0
197,2,0.0
197,3,0.0
197,4,0.0
197,5,0.0
197,6,0.0
197,7,0.0
197,8,0.0
197,9,0.0
197,10,0.0
197,11,0.0
197,12,0.0
197,13,0.0
197,14,0.0
197,15,0.0
197,16,0.0
197,17,0.0
197,18,0.0
197,19,0.0
197,20,0.0
197,21,0.0
197,22,0.0
197,23,0.0
197,24,125.95815
197,25,264.6610071001028
197,26,442.0110511732293
197,27,635.1729921597412
197,28,821.31154
197,29,981.7341196545904
197,30,1114.3190161649882
197,31,1221.0872295928918
197,32,1304.05976
197,33,1365.2799741252857
197,34,1406.880705416819
197,35,1431.017153999942
197,36,1439.84452
197,37,1436.032228844266
197,38,1424.306607167737
197,39,1409.908206907339
197,40,1398.07758
197,41,1393.0891948726496
197,42,1395.3531859122334
197,43,1404.3136039957003
197,44,1419.4145
197,45,1439.6814069776358
197,46,1462.4657866833302
197,47,1484.700583047359
197,48,1503.31874
197,49,1515.9180745605574
197,50,1522.755896104447
197,51,1524.7543870961133
197,52,1522.83573
197,53,1517.7212769676353
197,54,1509.3290588988823
197,55,1497.3762763806883
197,56,1481.58013
197,57,1461.985936475152
197,58,1439.9514770500243
197,59,1417.1626490998844
197,60,1395.30535
197,61,1375.771142600508
197,62,1358.7742516510214
197,63,1344.2345673760244
197,64,1332.07198
197,65,1320.718923904067
197,66,1302.6580100958895
197,67,1268.8843937397671
197,68,1210.39323
197,69,1121.1431530332234
197,70,1006.9467129654196
197,71,876.5799389149056
197,72,738.81886
197,73,601.7060028692887
197,74,470.3498842924322
197,75,349.12551856935966
197,76,242.40792
197,77,153.83097173962182
197,78,0.0
197,79,0.0
197,80,0.0
197,81,0.0
197,82,0.0
197,83,0.0
197,84,0.0
197,85,0.0
197,86,0.0
197,87,0.0
197,88,0.0
197,89,0.0
197,90,0.0
197,91,0.0
197,92,0.0
197,93,0.0
197,94,0.0
197,95,0.0
198,0,0.0
198,1,0.0
198,2,0.0
198,3,0.0
198,4,0.0
198,5,0.0
198,6,0.0
198,7,0.0
198,8,0.0
198,9,0.0
198,10,0.0
198,11,0.0
198,12,0.0
198,13,0.0
198,14,0.0
198,15,0.0
198,16,0.0
198,17,0.0
198,18,0.0
198,19,0.0
198,20,0.0
198,21,0.0
198,22,0.0
198,23,0.0
198,24,156.12342
198,25,271.79720863781847
198,26,413.87178767473415
198,27,567.8456378742828
198,28,719.21724
198,29,856.3492174242454
198,30,979.0607639546744
198,31,1090.0352160077657
198,32,1191.95591
198,33,1286.77896182145
198,34,1373.551605256568
198,35,1450.5938535634027
198,36,1516.22572
198,37,1569.247848102455
198,38,1610.383402519052
198,39,1640.836178176123
198,40,1661.80997
198,41,1674.5311735812293
198,42,1680.316587167223
198,43,1680.5056096696044
198,44,1676.43764
198,45,1668.7707721038755
198,46,1655.4378800620573
198,47,1633.69053298921
198,48,1600.7803
198,49,1555.1384330032672
198,50,1499.9149150845485
198,51,1439.439412123556
198,52,1378.04159
198,53,1319.6157171330556
198,54,1266.3144720997482
198,55,1219.8551360165668
198,56,1181.95499
198,57,1153.28617549576
198,58,1130.3402752664583
198,59,1108.5637324039274
198,60,1083.40299
198,61,1052.8513452589018
198,62,1025.089511834418
198,63,1010.8450574927256
198,64,1020.84555
198,65,1060.420615031132
198,66,1113.3081098958694
198,67,1157.8479498126717
198,68,1172.38005
198,69,1140.5281241478187
198,70,1067.0510798321047
198,71,961.9916231003382
198,72,835.39246
198,73,696.9559252525933
198,74,555.0228682757127
198,75,417.5937671609756
198,76,292.6691
198,77,187.0333098418084
198,78,0.0
198,79,0.0
198,80,0.0
198,81,0.0
198,82,0.0
198,83,0.0
198,84,0.0
198,85,0.0
198,86,0.0
198,87,0.0
198,88,0.0
198,89,0.0
198,90,0.0
198,91,0.0
198,92,0.0
198,93,0.0
198,94,0.0
198,95,0.0
199,0,0.0
199,1,0.0
199,2,0.0
199,3,0.0
199,4,0.0
199,5,0.0
199,6,0.0
199,7,0.0
199,8,0.0
199,9,0.0
199,10,0.0
199,11,0.0
199,12,0.0
199,13,0.0
199,14,0.0
199,15,0.0
199,16,0.0
199,17,0.0
199,18,0.0
199,19,0.0
199,20,0.0
199,21,0.0
199,22,0.0
199,23,0.0
199,24,171.80441000000002
199,25,341.9144509093287
199,26,556.589158143833
199,27,788.3131038064209
199,28,1009.57086
199,29,1197.796314887754
199,30,1350.2206208739656
199,31,1469.0242464231949
199,32,1556.38766
199,33,1615.2483181334069
199,34,1651.5716296103049
199,35,1672.0799912820503
199,36,1683.4958
199,37,1691.4652971098694
199,38,1697.330101934815
199,39,1701.355678292353
199,40,1703.80749
199,41,1705.059394833365
199,42,1705.9188264004342
199,43,1707.301612267286
199,44,1710.12358
199,45,1714.936654650419
199,46,1720.8371512134477
199,47,1726.5574821697517
199,48,1730.83006
199,49,1732.7974992212069
199,50,1733.2432224957752
199,51,1733.3608545224563
199,52,1734.34402
199,53,1736.818316277254
199,54,1739.1372313034517
199,55,1739.0862256779235
199,56,1734.45076
199,57,1723.8801180135274
199,58,1709.478876040418
199,59,1694.2154335470996
199,60,1681.05819
199,61,1671.8036883873856
199,62,1663.561045784876
199,63,1652.2675227899283
199,64,1633.86038
199,65,1605.1828973431795
199,66,1566.7024320700782
199,67,1519.7923607619375
199,68,1465.8260599999996
199,69,1404.1504842711463
199,70,1326.006899684812
199,71,1220.6101502560716
199,72,1077.17508
199,73,890.9913210409856
199,74,681.6476579406742
199,75,474.8076633700257
199,76,296.13491
199,77,165.3981100024113
199,78,0.0
199,79,0.0
199,80,0.0
199,81,0.0
199,82,0.0
199,83,0.0
199,84,0.0
199,85,0.0
199,86,0.0
199,87,0.0
199,88,0.0
199,89,0.0
199,90,0.0
199,91,0.0
199,92,0.0
199,93,0.0
199,94,0.0
199,95,0.0
200,0,0.0
200,1,0.0
200,2,0.0
200,3,0.0
200,4,0.0
200,5,0.0
200,6,0.0
200,7,0.0
200,8,0.0
200,9,0.0
200,10,0.0
200,11,0.0
200,12,0.0
200,13,0.0
200,14,0.0
200,15,0.0
200,16,0.0
200,17,0.0
200,18,0.0
200,19,0.0
200,20,0.0
200,21,0.0
200,22,0.0
200,23,0.0
200,24,185.32182
200,25,358.58164215584753
200,26,575.2876546982676
200,27,807.4481573915538
200,28,1027.0714499999997
200,29,1211.5938439305364
200,30,1360.1636971606397
200,31,1477.357379310423
200,32,1567.7512599999998
200,33,1635.7206349345067
200,34,1684.8365041591733
200,35,1718.4687938042532
200,36,1739.98743
200,37,1752.6123650814366
200,38,1758.9636562026667
200,39,1761.511386722564
200,40,1762.72564
200,41,1764.6365922397458
200,42,1767.5147910301584
200,43,1771.1908768054918
200,44,1775.4954899999998
200,45,1780.0905792408305
200,46,1783.9633259267
200,47,1785.93221964922
200,48,1784.8157499999998
200,49,1779.6510950156833
200,50,1770.3501865130415
200,51,1757.043644753879
200,52,1739.86209
200,53,1719.2339527276863
200,54,1696.7789042711331
200,55,1674.4144261790134
200,56,1654.058
200,57,1637.2893375110712
200,58,1624.337071402426
200,59,1615.092064592567
200,60,1609.4451800000002
200,61,1606.8451676967782
200,62,1604.9723263691633
200,63,1601.0648418569665
200,64,1592.3609
200,65,1576.4135506080652
200,66,1552.0352993709212
200,67,1518.3535159483165
200,68,1474.49557
200,69,1418.1572790897108
200,70,1341.3082523971518
200,71,1234.486547006017
200,72,1088.2302199999997
200,73,898.9745094393414
200,74,686.7433772904711
200,75,477.4579664963652
200,76,297.03942
200,77,165.423597840423
200,78,0.0
200,79,0.0
200,80,0.0
200,81,0.0
200,82,0.0
200,83,0.0
200,84,0.0
200,85,0.0
200,86,0.0
200,87,0.0
200,88,0.0
200,89,0.0
200,90,0.0
200,91,0.0
200,92,0.0
200,93,0.0
200,94,0.0
200,95,0.0
201,0,0.0
201,1,0.0
201,2,0.0
201,3,0.0
201,4,0.0
201,5,0.0
201,6,0.0
201,7,0.0
201,8,0.0
201,9,0.0
201,10,0.0
201,11,0.0
201,12,0.0
201,13,0.0
201,14,0.0
201,15,0.0
201,16,0.0
201,17,0.0
201,18,0.0
201,19,0.0
201,20,0.0
201,21,0.0
201,22,0.0
201,23,0.0
201,24,182.65107
201,25,356.5198005897107
201,26,573.2537661846515
201,27,803.2110711872665
201,28,1016.74982
201,29,1190.0918929409054
201,30,1322.9142739904737
201,31,1420.757723044805
201,32,1489.163
201,33,1533.829589521668
201,34,1561.0918753534538
201,35,1577.4429660085132
201,36,1589.37597
201,37,1601.9014769411738
201,38,1614.1000008457113
201,39,1623.569536827393
201,40,1627.90808
201,41,1625.7088158386364
201,42,1619.5456912637007
201,43,1612.987843556915
201,44,1609.60441
201,45,1612.0297320480297
201,46,1619.1589678494845
201,47,1628.9524797261963
201,48,1639.37063
201,49,1648.515420656745
201,50,1655.0554123383615
201,51,1657.800805350797
201,52,1655.5618
201,53,1647.9438289187397
201,54,1637.7332540470695
201,55,1628.5116696518648
201,56,1623.86067
201,57,1626.147581949546
201,58,1632.88266272336
201,59,1640.3619021354934
201,60,1644.88129
201,61,1643.4211442205751
201,62,1635.6990950594904
201,63,1622.1171008686606
201,64,1603.07712
201,65,1578.7847283556528
201,66,1548.6599720386782
201,67,1511.9265147023646
201,68,1467.80802
201,69,1413.8641900130633
201,70,1340.9988805357966
201,71,1238.4519857906312
201,72,1095.4634000000003
201,73,907.4843403420936
201,74,694.8113158181363
201,75,483.9521583851109
201,76,301.4147
201,77,167.65182502481215
201,78,0.0
201,79,0.0
201,80,0.0
201,81,0.0
201,82,0.0
201,83,0.0
201,84,0.0
201,85,0.0
201,86,0.0
201,87,0.0
201,88,0.0
201,89,0.0
201,90,0.0
201,91,0.0
201,92,0.0
201,93,0.0
201,94,0.0
201,95,0.0
202,0,0.0
202,1,0.0
202,2,0.0
202,3,0.0
202,4,0.0
202,5,0.0
202,6,0.0
202,7,0.0
202,8,0.0
202,9,0.0
202,10,0.0
202,11,0.0
202,12,0.0
202,13,0.0
202,14,0.0
202,15,0.0
202,16,0.0
202,17,0.0
202,18,0.0
202,19,0.0
202,20,0.0
202,21,0.0
202,22,0.0
202,23,0.0
202,24,0.0
202,25,263.5808527255753
202,26,471.47053745849314
202,27,697.8977709621644
202,28,912.87775
202,29,1091.953491073517
202,30,1232.7792896366573
202,31,1338.537260881469
202,32,1412.40952
202,33,1458.849067980357
202,34,1487.3924489948784
202,35,1508.8470930119604
202,36,1534.02043
202,37,1570.561364973805
202,38,1613.4847031338293
202,39,1654.6467247269393
202,40,1685.90371
202,41,1701.4221902494237
202,42,1704.6097009698044
202,43,1701.1840287052828
202,44,1696.8629599999997
202,45,1696.1151182472513
202,46,1698.4124742369538
202,47,1701.9778356081797
202,48,1705.03401
202,49,1706.2094433240711
202,50,1705.7551345823804
202,51,1704.3277210494998
202,52,1702.58384
202,53,1701.0037043939649
202,54,1699.3618299335244
202,55,1697.256308006322
202,56,1694.28523
202,57,1690.2434405063202
202,58,1685.7127969335218
202,59,1681.471909893962
202,60,1678.29939
202,61,1676.056546237004
202,62,1670.9354810823884
202,63,1658.210995386579
202,64,1633.15789
202,65,1592.9134640769132
202,66,1542.065009986924
202,67,1487.0623184034723
202,68,1434.3551800000002
202,69,1386.2582246428426
202,70,1328.5454389699162
202,71,1242.8556488120316
202,72,1110.82768
202,73,922.5752015704666
202,74,702.111255383412
202,75,481.92372650465137
202,76,294.5005
202,77,164.57786641904173
202,78,0.0
202,79,0.0
202,80,0.0
202,81,0.0
202,82,0.0
202,83,0.0
202,84,0.0
202,85,0.0
202,86,0.0
202,87,0.0
202,88,0.0
202,89,0.0
202,90,0.0
202,91,0.0
202,92,0.0
202,93,0.0
202,94,0.0
202,95,0.0
203,0,0.0
203,1,0.0
203,2,0.0
203,3,0.0
203,4,0.0
203,5,0.0
203,6,0.0
203,7,0.0
203,8,0.0
203,9,0.0
203,10,0.0
203,11,0.0
203,12,0.0
203,13,0.0
203,14,0.0
203,15,0.0
203,16,0.0
203,17,0.0
203,18,0.0
203,19,0.0
203,20,0.0
203,21,0.0
203,22,0.0
203,23,0.0
203,24,156.43802
203,25,283.747086247718
203,26,446.5366479785564
203,27,626.7949707201165
203,28,806.51032
203,29,970.3437567668274
203,30,1113.647523653294
203,31,1234.4466587131133
203,32,1330.7661999999998
203,33,1401.8428476224728
203,34,1451.7599499082694
203,35,1485.8125172399314
203,36,1509.2955599999998
203,37,1526.6041733682807
203,38,1538.5337917136294
203,39,1544.9799342021624
203,40,1545.83812
203,41,1541.2852853106538
203,42,1532.6240344872149
203,43,1521.4383889201686
203,44,1509.31237
203,45,1497.120200232854
203,46,1482.8969065875117
203,47,1463.9677171484136
203,48,1437.65786
203,49,1402.7478314141804
203,50,1363.8392004127386
203,51,1326.988804204928
203,52,1298.25348
203,53,1281.6975462979249
203,54,1273.4152467615336
203,55,1267.5083063443758
203,56,1258.07845
203,57,1241.3638899566215
203,58,1222.148787541127
203,59,1207.3537913550686
203,60,1203.89955
203,61,1215.6046005943383
203,62,1233.8790343239589
203,63,1247.0308308915996
203,64,1243.36797
203,65,1214.0462021972742
203,66,1161.612361413038
203,67,1091.461052422283
203,68,1008.98688
203,69,918.7173667103152
203,70,821.7117062738896
203,71,718.1620102005194
203,72,608.26039
203,73,493.3979186177159
203,74,379.7615147414041
203,75,274.7370584943903
203,76,185.71043
203,77,0.0
203,78,0.0
203,79,0.0
203,80,0.0
203,81,0.0
203,82,0.0
203,83,0.0
203,84,0.0
203,85,0.0
203,86,0.0
203,87,0.0
203,88,0.0
203,89,0.0
203,90,0.0
203,91,0.0
203,92,0.0
203,93,0.0
203,94,0.0
203,95,0.0
204,0,0.0
204,1,0.0
204,2,0.0
204,3,0.0
204,4,0.0
204,5,0.0
204,6,0.0
204,7,0.0
204,8,0.0
204,9,0.0
204,10,0.0
204,11,0.0
204,12,0.0
204,13,0.0
204,14,0.0
204,15,0.0
204,16,0.0
204,17,0.0
204,18,0.0
204,19,0.0
204,20,0.0
204,21,0.0
204,22,0.0
204,23,0.0
204,24,0.0
204,25,137.42182
204,26,213.94879
204,27,290.47576
204,28,367.00273
204,29,460.255775
204,30,553.50882
204,31,646.761865
204,32,740.01491
204,33,848.20282
204,34,956.39073
204,35,1064.5786400000002
204,36,1172.76655
204,37,1266.8473425
204,38,1360.928135
204,39,1455.0089275
204,40,1549.08972
204,41,1555.251675
204,42,1561.41363
204,43,1567.575585
204,44,1573.73754
204,45,1565.8977875
204,46,1558.058035
204,47,1550.2182825
204,48,1542.37853
204,49,1565.723805
204,50,1589.06908
204,51,1612.414355
204,52,1635.75963
204,53,1616.852405
204,54,1597.9451800000002
204,55,1579.037955
204,56,1560.13073
204,57,1569.0450825
204,58,1577.9594350000002
204,59,1586.8737875000002
204,60,1595.78814
204,61,1567.0459475
204,62,1538.303755
204,63,1509.5615625
204,64,1480.81937
204,65,1444.55425
204,66,1408.28913
204,67,1372.02401
204,68,1335.75889
204,69,1206.8802325
204,70,1078.001575
204,71,949.1229175
204,72,820.24426
204,73,670.98343
204,74,521.7226
204,75,372.46177000000006
204,76,223.2009400000001
204,77,167.40070500000002
204,78,111.60047
204,79,0.0
204,80,0.0
204,81,0.0
204,82,0.0
204,83,0.0
204,84,0.0
204,85,0.0
204,86,0.0
204,87,0.0
204,88,0.0
204,89,0.0
204,90,0.0
204,91,0.0
204,92,0.0
204,93,0.0
204,94,0.0
204,95,0.0
205,0,0.0
205,1,0.0
205,2,0.0
205,3,0.0
205,4,0.0
205,5,0.0
205,6,0.0
205,7,0.0
205,8,0.0
205,9,0.0
205,10,0.0
205,11,0.0
205,12,0.0
205,13,0.0
205,14,0.0
205,15,0.0
205,16,0.0
205,17,0.0
205,18,0.0
205,19,0.0
205,20,0.0
205,21,0.0
205,22,0.0
205,23,0.0
205,24,123.41626
205,25,322.652685
205,26,521.88911
205,27,721.1255349999999
205,28,920.36196
205,29,1055.21126
205,30,1190.06056
205,31,1324.90986
205,32,1459.75916
205,33,1502.091265
205,34,1544.42337
205,35,1586.755475
205,36,1629.08758
205,37,1640.819505
205,38,1652.55143
205,39,1664.283355
205,40,1676.01528
205,41,1683.770915
205,42,1691.52655
205,43,1699.282185
205,44,1707.03782
205,45,1710.659455
205,46,1714.28109
205,47,1717.902725
205,48,1721.52436
205,49,1722.3078025
205,50,1723.091245
205,51,1723.8746875
205,52,1724.65813
205,53,1724.0317075
205,54,1723.405285
205,55,1722.7788625
205,56,1722.15244
205,57,1719.86392
205,58,1717.5754000000002
205,59,1715.28688
205,60,1712.99836
205,61,1688.5817075
205,62,1664.165055
205,63,1639.7484025
205,64,1615.33175
205,65,1598.2214725
205,66,1581.111195
205,67,1564.0009175
205,68,1546.89064
205,69,1439.4652525
205,70,1332.0398650000002
205,71,1224.6144775
205,72,1117.18909
205,73,912.535935
205,74,707.88278
205,75,503.229625
205,76,298.57647
205,77,230.55558
205,78,162.53468999999998
205,79,0.0
205,80,0.0
205,81,0.0
205,82,0.0
205,83,0.0
205,84,0.0
205,85,0.0
205,86,0.0
205,87,0.0
205,88,0.0
205,89,0.0
205,90,0.0
205,91,0.0
205,92,0.0
205,93,0.0
205,94,0.0
205,95,0.0
206,0,0.0
206,1,0.0
206,2,0.0
206,3,0.0
206,4,0.0
206,5,0.0
206,6,0.0
206,7,0.0
206,8,0.0
206,9,0.0
206,10,0.0
206,11,0.0
206,12,0.0
206,13,0.0
206,14,0.0
206,15,0.0
206,16,0.0
206,17,0.0
206,18,0.0
206,19,0.0
206,20,0.0
206,21,0.0
206,22,105.43092
206,23,145.92124
206,24,186.41156
206,25,401.24546
206,26,616.07936
206,27,830.9132599999999
206,28,1045.74716
206,29,1180.676585
206,30,1315.60601
206,31,1450.535435
206,32,1585.46486
206,33,1616.7437575
206,34,1648.022655
206,35,1679.3015525
206,36,1710.58045
206,37,1713.5150325
206,38,1716.449615
206,39,1719.3841975
206,40,1722.31878
206,41,1721.16971
206,42,1720.0206400000002
206,43,1718.87157
206,44,1717.7225
206,45,1718.7254400000002
206,46,1719.72838
206,47,1720.73132
206,48,1721.73426
206,49,1723.45595
206,50,1725.17764
206,51,1726.89933
206,52,1728.62102
206,53,1729.8109450000002
206,54,1731.00087
206,55,1732.190795
206,56,1733.38072
206,57,1729.2872550000002
206,58,1725.19379
206,59,1721.100325
206,60,1717.00686
206,61,1700.8613475
206,62,1684.715835
206,63,1668.5703225
206,64,1652.42481
206,65,1627.3290725
206,66,1602.233335
206,67,1577.1375975
206,68,1552.04186
206,69,1443.56349
206,70,1335.0851200000002
206,71,1226.60675
206,72,1118.12838
206,73,914.4573
206,74,710.7862200000001
206,75,507.1151400000001
206,76,303.44406000000004
206,77,233.463305
206,78,163.48255
206,79,0.0
206,80,0.0
206,81,0.0
206,82,0.0
206,83,0.0
206,84,0.0
206,85,0.0
206,86,0.0
206,87,0.0
206,88,0.0
206,89,0.0
206,90,0.0
206,91,0.0
206,92,0.0
206,93,0.0
206,94,0.0
206,95,0.0
207,0,0.0
207,1,0.0
207,2,0.0
207,3,0.0
207,4,0.0
207,5,0.0
207,6,0.0
207,7,0.0
207,8,0.0
207,9,0.0
207,10,0.0
207,11,0.0
207,12,0.0
207,13,0.0
207,14,0.0
207,15,0.0
207,16,0.0
207,17,0.0
207,18,0.0
207,19,0.0
207,20,0.0
207,21,0.0
207,22,0.0
207,23,117.91315500000002
207,24,157.21754
207,25,371.6476275
207,26,586.077715
207,27,800.5078025
207,28,1014.93789
207,29,1147.43052
207,30,1279.92315
207,31,1412.41578
207,32,1544.90841
207,33,1572.84898
207,34,1600.78955
207,35,1628.73012
207,36,1656.67069
207,37,1678.8964
207,38,1701.1221099999998
207,39,1723.34782
207,40,1745.57353
207,41,1740.6830725
207,42,1735.7926149999998
207,43,1730.9021575
207,44,1726.0117
207,45,1716.2696075
207,46,1706.527515
207,47,1696.7854225
207,48,1687.04333
207,49,1696.766965
207,50,1706.4906
207,51,1716.214235
207,52,1725.93787
207,53,1724.755825
207,54,1723.57378
207,55,1722.391735
207,56,1721.20969
207,57,1720.7747425
207,58,1720.339795
207,59,1719.9048475
207,60,1719.4699
207,61,1712.264535
207,62,1705.05917
207,63,1697.853805
207,64,1690.64844
207,65,1662.094835
207,66,1633.5412299999998
207,67,1604.987625
207,68,1576.43402
207,69,1461.2703875
207,70,1346.1067549999998
207,71,1230.9431224999998
207,72,1115.77949
207,73,905.453735
207,74,695.12798
207,75,484.802225
207,76,274.47647000000006
207,77,211.6894
207,78,148.90233
207,79,0.0
207,80,0.0
207,81,0.0
207,82,0.0
207,83,0.0
207,84,0.0
207,85,0.0
207,86,0.0
207,87,0.0
207,88,0.0
207,89,0.0
207,90,0.0
207,91,0.0
207,92,0.0
207,93,0.0
207,94,0.0
207,95,0.0
208,0,0.0
208,1,0.0
208,2,0.0
208,3,0.0
208,4,0.0
208,5,0.0
208,6,0.0
208,7,0.0
208,8,0.0
208,9,0.0
208,10,0.0
208,11,0.0
208,12,0.0
208,13,0.0
208,14,0.0
208,15,0.0
208,16,0.0
208,17,0.0
208,18,0.0
208,19,0.0
208,20,0.0
208,21,0.0
208,22,0.0
208,23,124.55498
208,24,158.22826000000003
208,25,361.419295
208,26,564.61033
208,27,767.8013649999999
208,28,970.9924
208,29,1105.8768725
208,30,1240.761345
208,31,1375.6458174999998
208,32,1510.53029
208,33,1533.6025925
208,34,1556.674895
208,35,1579.7471975
208,36,1602.8195
208,37,1635.7217475
208,38,1668.623995
208,39,1701.5262425
208,40,1734.42849
208,41,1734.8324275
208,42,1735.236365
208,43,1735.6403025
208,44,1736.04424
208,45,1725.0417175
208,46,1714.0391949999998
208,47,1703.0366725
208,48,1692.03415
208,49,1698.5173599999998
208,50,1705.00057
208,51,1711.48378
208,52,1717.96699
208,53,1702.642395
208,54,1687.3177999999998
208,55,1671.993205
208,56,1656.66861
208,57,1651.2171275
208,58,1645.765645
208,59,1640.3141624999998
208,60,1634.86268
208,61,1641.0133274999998
208,62,1647.163975
208,63,1653.3146225
208,64,1659.46527
208,65,1628.4855
208,66,1597.50573
208,67,1566.52596
208,68,1535.54619
208,69,1424.346445
208,70,1313.1467
208,71,1201.946955
208,72,1090.74721
208,73,885.338855
208,74,679.9304999999999
208,75,474.522145
208,76,269.11379
208,77,208.0995675
208,78,147.085345
208,79,0.0
208,80,0.0
208,81,0.0
208,82,0.0
208,83,0.0
208,84,0.0
208,85,0.0
208,86,0.0
208,87,0.0
208,88,0.0
208,89,0.0
208,90,0.0
208,91,0.0
208,92,0.0
208,93,0.0
208,94,0.0
208,95,0.0
209,0,0.0
209,1,0.0
209,2,0.0
209,3,0.0
209,4,0.0
209,5,0.0
209,6,0.0
209,7,0.0
209,8,0.0
209,9,0.0
209,10,0.0
209,11,0.0
209,12,0.0
209,13,0.0
209,14,0.0
209,15,0.0
209,16,0.0
209,17,0.0
209,18,0.0
209,19,0.0
209,20,0.0
209,21,0.0
209,22,0.0
209,23,119.9891625
209,24,152.18636
209,25,352.8621525
209,26,553.537945
209,27,754.2137375000001
209,28,954.88953
209,29,1097.3803675
209,30,1239.871205
209,31,1382.3620425
209,32,1524.85288
209,33,1547.299765
209,34,1569.74665
209,35,1592.193535
209,36,1614.64042
209,37,1624.71024
209,38,1634.78006
209,39,1644.84988
209,40,1654.9197
209,41,1652.8272825
209,42,1650.734865
209,43,1648.6424475
209,44,1646.55003
209,45,1660.604785
209,46,1674.65954
209,47,1688.7142950000002
209,48,1702.76905
209,49,1711.137005
209,50,1719.5049600000002
209,51,1727.872915
209,52,1736.24087
209,53,1736.58496
209,54,1736.9290500000002
209,55,1737.27314
209,56,1737.61723
209,57,1733.6850875
209,58,1729.7529450000002
209,59,1725.8208025
209,60,1721.88866
209,61,1714.6415075
209,62,1707.394355
209,63,1700.1472025
209,64,1692.90005
209,65,1656.4298675
209,66,1619.959685
209,67,1583.4895025
209,68,1547.01932
209,69,1426.7748825
209,70,1306.530445
209,71,1186.2860075
209,72,1066.04157
209,73,861.8706575000001
209,74,657.6997450000001
209,75,453.5288325
209,76,249.35792000000004
209,77,193.228225
209,78,137.09853
209,79,0.0
209,80,0.0
209,81,0.0
209,82,0.0
209,83,0.0
209,84,0.0
209,85,0.0
209,86,0.0
209,87,0.0
209,88,0.0
209,89,0.0
209,90,0.0
209,91,0.0
209,92,0.0
209,93,0.0
209,94,0.0
209,95,0.0
210,0,0.0
210,1,0.0
210,2,0.0
210,3,0.0
210,4,0.0
210,5,0.0
210,6,0.0
210,7,0.0
210,8,0.0
210,9,0.0
210,10,0.0
210,11,0.0
210,12,0.0
210,13,0.0
210,14,0.0
210,15,0.0
210,16,0.0
210,17,0.0
210,18,0.0
210,19,0.0
210,20,0.0
210,21,0.0
210,22,0.0
210,23,114.135305
210,24,144.37401
210,25,337.816385
210,26,531.2587599999999
210,27,724.701135
210,28,918.14351
210,29,1051.343365
210,30,1184.54322
210,31,1317.743075
210,32,1450.94293
210,33,1478.38043
210,34,1505.81793
210,35,1533.25543
210,36,1560.69293
210,37,1569.93191
210,38,1579.17089
210,39,1588.40987
210,40,1597.64885
210,41,1615.0126475
210,42,1632.376445
210,43,1649.7402425
210,44,1667.10404
210,45,1667.531105
210,46,1667.95817
210,47,1668.385235
210,48,1668.8123
210,49,1677.218565
210,50,1685.62483
210,51,1694.0310949999998
210,52,1702.43736
210,53,1710.8857575
210,54,1719.334155
210,55,1727.7825524999998
210,56,1736.23095
210,57,1734.4456025
210,58,1732.6602549999998
210,59,1730.8749074999998
210,60,1729.08956
210,61,1710.8693825
210,62,1692.649205
210,63,1674.4290274999998
210,64,1656.20885
210,65,1625.4882275
210,66,1594.767605
210,67,1564.0469825
210,68,1533.32636
210,69,1422.7201
210,70,1312.11384
210,71,1201.50758
210,72,1090.90132
210,73,884.7413325
210,74,678.5813449999999
210,75,472.4213574999999
210,76,266.26136999999994
210,77,205.9001775
210,78,145.538985
210,79,0.0
210,80,0.0
210,81,0.0
210,82,0.0
210,83,0.0
210,84,0.0
210,85,0.0
210,86,0.0
210,87,0.0
210,88,0.0
210,89,0.0
210,90,0.0
210,91,0.0
210,92,0.0
210,93,0.0
210,94,0.0
210,95,0.0
211,0,0.0
211,1,0.0
211,2,0.0
211,3,0.0
211,4,0.0
211,5,0.0
211,6,0.0
211,7,0.0
211,8,0.0
211,9,0.0
211,10,0.0
211,11,0.0
211,12,0.0
211,13,0.0
211,14,0.0
211,15,0.0
211,16,0.0
211,17,0.0
211,18,0.0
211,19,0.0
211,20,0.0
211,21,0.0
211,22,0.0
211,23,101.8102025
211,24,127.97629
211,25,318.11372
211,26,508.25115
211,27,698.38858
211,28,888.52601
211,29,1039.5530725
211,30,1190.5801350000002
211,31,1341.6071975
211,32,1492.63426
211,33,1534.7708775
211,34,1576.907495
211,35,1619.0441125
211,36,1661.18073
211,37,1671.9352025
211,38,1682.689675
211,39,1693.4441475
211,40,1704.19862
211,41,1705.552575
211,42,1706.90653
211,43,1708.260485
211,44,1709.61444
211,45,1707.9882125
211,46,1706.361985
211,47,1704.7357575
211,48,1703.10953
211,49,1707.1072375
211,50,1711.104945
211,51,1715.1026525
211,52,1719.10036
211,53,1719.28895
211,54,1719.47754
211,55,1719.66613
211,56,1719.85472
211,57,1711.0043225
211,58,1702.153925
211,59,1693.3035275000002
211,60,1684.45313
211,61,1660.7760525
211,62,1637.098975
211,63,1613.4218975
211,64,1589.74482
211,65,1556.0211399999998
211,66,1522.29746
211,67,1488.5737800000002
211,68,1454.8501
211,69,1348.8284025
211,70,1242.806705
211,71,1136.7850075
211,72,1030.76331
211,73,838.5765100000001
211,74,646.38971
211,75,454.20291
211,76,262.01611
211,77,208.0129075
211,78,154.009705
211,79,100.0065025
211,80,0.0
211,81,0.0
211,82,0.0
211,83,0.0
211,84,0.0
211,85,0.0
211,86,0.0
211,87,0.0
211,88,0.0
211,89,0.0
211,90,0.0
211,91,0.0
211,92,0.0
211,93,0.0
211,94,0.0
211,95,0.0
212,0,0.0
212,1,0.0
212,2,0.0
212,3,0.0
212,4,0.0
212,5,0.0
212,6,0.0
212,7,0.0
212,8,0.0
212,9,0.0
212,10,0.0
212,11,0.0
212,12,0.0
212,13,0.0
212,14,0.0
212,15,0.0
212,16,0.0
212,17,0.0
212,18,0.0
212,19,0.0
212,20,0.0
212,21,0.0
212,22,0.0
212,23,127.43856499999998
212,24,154.98474
212,25,347.1138475
212,26,539.2429549999999
212,27,731.3720625
212,28,923.50117
212,29,1064.4017825
212,30,1205.3023950000002
212,31,1346.2030075
212,32,1487.10362
212,33,1523.162765
212,34,1559.2219100000002
212,35,1595.2810550000002
212,36,1631.3402
212,37,1644.004175
212,38,1656.66815
212,39,1669.332125
212,40,1681.9961
212,41,1679.3241075
212,42,1676.652115
212,43,1673.9801225
212,44,1671.30813
212,45,1668.84976
212,46,1666.39139
212,47,1663.93302
212,48,1661.47465
212,49,1666.71514
212,50,1671.95563
212,51,1677.19612
212,52,1682.43661
212,53,1683.05933
212,54,1683.68205
212,55,1684.30477
212,56,1684.92749
212,57,1683.9052625
212,58,1682.883035
212,59,1681.8608075000002
212,60,1680.83858
212,61,1634.1840875
212,62,1587.529595
212,63,1540.8751025
212,64,1494.22061
212,65,1463.85858
212,66,1433.49655
212,67,1403.13452
212,68,1372.77249
212,69,1262.4266075
212,70,1152.080725
212,71,1041.7348425
212,72,931.38896
212,73,753.4449775
212,74,575.500995
212,75,397.5570124999999
212,76,219.61303
212,77,164.7097725
212,78,109.806515
212,79,0.0
212,80,0.0
212,81,0.0
212,82,0.0
212,83,0.0
212,84,0.0
212,85,0.0
212,86,0.0
212,87,0.0
212,88,0.0
212,89,0.0
212,90,0.0
212,91,0.0
212,92,0.0
212,93,0.0
212,94,0.0
212,95,0.0
213,0,0.0
213,1,0.0
213,2,0.0
213,3,0.0
213,4,0.0
213,5,0.0
213,6,0.0
213,7,0.0
213,8,0.0
213,9,0.0
213,10,0.0
213,11,0.0
213,12,0.0
213,13,0.0
213,14,0.0
213,15,0.0
213,16,0.0
213,17,0.0
213,18,0.0
213,19,0.0
213,20,0.0
213,21,0.0
213,22,0.0
213,23,0.0
213,24,0.0
213,25,0.0
213,26,166.28750999999997
213,27,237.971175
213,28,309.65484
213,29,370.8871325
213,30,432.119425
213,31,493.3517175
213,32,554.58401
213,33,575.63824
213,34,596.69247
213,35,617.7467
213,36,638.80093
213,37,670.61997
213,38,702.43901
213,39,734.25805
213,40,766.07709
213,41,772.0889325
213,42,778.100775
213,43,784.1126174999999
213,44,790.12446
213,45,842.3574
213,46,894.59034
213,47,946.82328
213,48,999.05622
213,49,965.7392575
213,50,932.422295
213,51,899.1053325
213,52,865.78837
213,53,790.5174175
213,54,715.246465
213,55,639.9755125
213,56,564.70456
213,57,528.8053475
213,58,492.906135
213,59,457.0069225
213,60,421.10771
213,61,446.052285
213,62,470.99686
213,63,495.94143500000007
213,64,520.88601
213,65,565.81583
213,66,610.7456500000001
213,67,655.67547
213,68,700.60529
213,69,659.9292375
213,70,619.253185
213,71,578.5771325
213,72,537.90108
213,73,433.498775
213,74,329.09646999999995
213,75,224.694165
213,76,120.29186
213,77,0.0
213,78,0.0
213,79,0.0
213,80,0.0
213,81,0.0
213,82,0.0
213,83,0.0
213,84,0.0
213,85,0.0
213,86,0.0
213,87,0.0
213,88,0.0
213,89,0.0
213,90,0.0
213,91,0.0
213,92,0.0
213,93,0.0
213,94,0.0
213,95,0.0
214,0,0.0
214,1,0.0
214,2,0.0
214,3,0.0
214,4,0.0
214,5,0.0
214,6,0.0
214,7,0.0
214,8,0.0
214,9,0.0
214,10,0.0
214,11,0.0
214,12,0.0
214,13,0.0
214,14,0.0
214,15,0.0
214,16,0.0
214,17,0.0
214,18,0.0
214,19,0.0
214,20,0.0
214,21,0.0
214,22,0.0
214,23,0.0
214,24,0.0
214,25,102.7464025
214,26,164.739505
214,27,226.7326075
214,28,288.72571
214,29,419.4337325
214,30,550.1417550000001
214,31,680.8497775000001
214,32,811.5578
214,33,959.0978425
214,34,1106.637885
214,35,1254.1779275
214,36,1401.71797
214,37,1437.5585225
214,38,1473.3990749999998
214,39,1509.2396275
214,40,1545.08018
214,41,1555.759765
214,42,1566.43935
214,43,1577.118935
214,44,1587.79852
214,45,1589.4146125
214,46,1591.030705
214,47,1592.6467975
214,48,1594.26289
214,49,1594.0031075
214,50,1593.743325
214,51,1593.4835425
214,52,1593.22376
214,53,1591.10238
214,54,1588.981
214,55,1586.85962
214,56,1584.73824
214,57,1587.2802575
214,58,1589.822275
214,59,1592.3642925
214,60,1594.90631
214,61,1581.9336625
214,62,1568.961015
214,63,1555.9883675
214,64,1543.01572
214,65,1501.319265
214,66,1459.62281
214,67,1417.926355
214,68,1376.2299
214,69,1263.3609375
214,70,1150.491975
214,71,1037.6230125
214,72,924.75405
214,73,737.0096425
214,74,549.2652350000001
214,75,361.5208275
214,76,173.77642000000003
214,77,130.332315
214,78,0.0
214,79,0.0
214,80,0.0
214,81,0.0
214,82,0.0
214,83,0.0
214,84,0.0
214,85,0.0
214,86,0.0
214,87,0.0
214,88,0.0
214,89,0.0
214,90,0.0
214,91,0.0
214,92,0.0
214,93,0.0
214,94,0.0
214,95,0.0
215,0,0.0
215,1,0.0
215,2,0.0
215,3,0.0
215,4,0.0
215,5,0.0
215,6,0.0
215,7,0.0
215,8,0.0
215,9,0.0
215,10,0.0
215,11,0.0
215,12,0.0
215,13,0.0
215,14,0.0
215,15,0.0
215,16,0.0
215,17,0.0
215,18,0.0
215,19,0.0
215,20,0.0
215,21,0.0
215,22,0.0
215,23,0.0
215,24,0.0
215,25,277.72438750000003
215,26,465.61878500000006
215,27,653.5131825000001
215,28,841.40758
215,29,990.1937675
215,30,1138.979955
215,31,1287.7661425
215,32,1436.55233
215,33,1474.8897525
215,34,1513.227175
215,35,1551.5645975
215,36,1589.90202
215,37,1603.8202625
215,38,1617.738505
215,39,1631.6567475000002
215,40,1645.57499
215,41,1645.968675
215,42,1646.36236
215,43,1646.756045
215,44,1647.14973
215,45,1642.632575
215,46,1638.11542
215,47,1633.598265
215,48,1629.08111
215,49,1633.4628225
215,50,1637.8445350000002
215,51,1642.2262475
215,52,1646.60796
215,53,1642.276875
215,54,1637.94579
215,55,1633.614705
215,56,1629.28362
215,57,1621.6837799999998
215,58,1614.08394
215,59,1606.4841
215,60,1598.88426
215,61,1588.5089375
215,62,1578.133615
215,63,1567.7582925
215,64,1557.38297
215,65,1515.01334
215,66,1472.6437099999998
215,67,1430.27408
215,68,1387.90445
215,69,1277.8038075
215,70,1167.703165
215,71,1057.6025225
215,72,947.50188
215,73,755.3161425000001
215,74,563.130405
215,75,370.9446674999999
215,76,178.75892999999996
215,77,134.0691975
215,78,0.0
215,79,0.0
215,80,0.0
215,81,0.0
215,82,0.0
215,83,0.0
215,84,0.0
215,85,0.0
215,86,0.0
215,87,0.0
215,88,0.0
215,89,0.0
215,90,0.0
215,91,0.0
215,92,0.0
215,93,0.0
215,94,0.0
215,95,0.0
216,0,0.0
216,1,0.0
216,2,0.0
216,3,0.0
216,4,0.0
216,5,0.0
216,6,0.0
216,7,0.0
216,8,0.0
216,9,0.0
216,10,0.0
216,11,0.0
216,12,0.0
216,13,0.0
216,14,0.0
216,15,0.0
216,16,0.0
216,17,0.0
216,18,0.0
216,19,0.0
216,20,0.0
216,21,0.0
216,22,0.0
216,23,0.0
216,24,0.0
216,25,265.8664225
216,26,449.745415
216,27,633.6244075000001
216,28,817.5034
216,29,971.322485
216,30,1125.14157
216,31,1278.960655
216,32,1432.77974
216,33,1473.950315
216,34,1515.12089
216,35,1556.2914649999998
216,36,1597.46204
216,37,1606.1108375
216,38,1614.759635
216,39,1623.4084325
216,40,1632.05723
216,41,1635.03891
216,42,1638.02059
216,43,1641.00227
216,44,1643.98395
216,45,1641.095745
216,46,1638.20754
216,47,1635.319335
216,48,1632.43113
216,49,1633.417245
216,50,1634.40336
216,51,1635.389475
216,52,1636.37559
216,53,1632.2140975000002
216,54,1628.052605
216,55,1623.8911125
216,56,1619.72962
216,57,1618.2658725
216,58,1616.8021250000002
216,59,1615.3383775
216,60,1613.87463
216,61,1589.7358675
216,62,1565.597105
216,63,1541.4583425
216,64,1517.31958
216,65,1472.569195
216,66,1427.8188100000002
216,67,1383.0684250000002
216,68,1338.31804
216,69,1214.824925
216,70,1091.33181
216,71,967.838695
216,72,844.34558
216,73,707.1236025000001
216,74,569.901625
216,75,432.6796475
216,76,295.45767
216,77,234.825535
216,78,174.1934
216,79,113.561265
216,80,0.0
216,81,0.0
216,82,0.0
216,83,0.0
216,84,0.0
216,85,0.0
216,86,0.0
216,87,0.0
216,88,0.0
216,89,0.0
216,90,0.0
216,91,0.0
216,92,0.0
216,93,0.0
216,94,0.0
216,95,0.0
217,0,0.0
217,1,0.0
217,2,0.0
217,3,0.0
217,4,0.0
217,5,0.0
217,6,0.0
217,7,0.0
217,8,0.0
217,9,0.0
217,10,0.0
217,11,0.0
217,12,0.0
217,13,0.0
217,14,0.0
217,15,0.0
217,16,0.0
217,17,0.0
217,18,0.0
217,19,0.0
217,20,0.0
217,21,0.0
217,22,0.0
217,23,0.0
217,24,0.0
217,25,241.7418975
217,26,404.324265
217,27,566.9066325
217,28,729.489
217,29,899.8748075000001
217,30,1070.260615
217,31,1240.6464225
217,32,1411.03223
217,33,1459.467575
217,34,1507.90292
217,35,1556.338265
217,36,1604.77361
217,37,1609.58033
217,38,1614.3870499999998
217,39,1619.19377
217,40,1624.00049
217,41,1624.0058924999998
217,42,1624.0112949999998
217,43,1624.0166975
217,44,1624.0221
217,45,1628.9865575
217,46,1633.951015
217,47,1638.9154725
217,48,1643.87993
217,49,1643.9681375
217,50,1644.056345
217,51,1644.1445525
217,52,1644.23276
217,53,1644.8260375
217,54,1645.419315
217,55,1646.0125925000002
217,56,1646.60587
217,57,1645.4944025
217,58,1644.382935
217,59,1643.2714675000002
217,60,1642.16
217,61,1628.346655
217,62,1614.53331
217,63,1600.719965
217,64,1586.90662
217,65,1548.97773
217,66,1511.04884
217,67,1473.11995
217,68,1435.19106
217,69,1309.916465
217,70,1184.64187
217,71,1059.367275
217,72,934.09268
217,73,740.6568675
217,74,547.221055
217,75,353.7852425
217,76,160.34942999999998
217,77,121.8976125
217,78,0.0
217,79,0.0
217,80,0.0
217,81,0.0
217,82,0.0
217,83,0.0
217,84,0.0
217,85,0.0
217,86,0.0
217,87,0.0
217,88,0.0
217,89,0.0
217,90,0.0
217,91,0.0
217,92,0.0
217,93,0.0
217,94,0.0
217,95,0.0
218,0,0.0
218,1,0.0
218,2,0.0
218,3,0.0
218,4,0.0
218,5,0.0
218,6,0.0
218,7,0.0
218,8,0.0
218,9,0.0
218,10,0.0
218,11,0.0
218,12,0.0
218,13,0.0
218,14,0.0
218,15,0.0
218,16,0.0
218,17,0.0
218,18,0.0
218,19,0.0
218,20,0.0
218,21,0.0
218,22,0.0
218,23,0.0
218,24,0.0
218,25,254.9393825
218,26,430.042535
218,27,605.1456875
218,28,780.24884
218,29,939.33783
218,30,1098.42682
218,31,1257.51581
218,32,1416.6048
218,33,1458.115925
218,34,1499.62705
218,35,1541.138175
218,36,1582.6493
218,37,1593.58319
218,38,1604.51708
218,39,1615.45097
218,40,1626.38486
218,41,1628.96079
218,42,1631.53672
218,43,1634.11265
218,44,1636.68858
218,45,1635.2982475
218,46,1633.907915
218,47,1632.5175825
218,48,1631.12725
218,49,1633.2472925
218,50,1635.367335
218,51,1637.4873775
218,52,1639.60742
218,53,1636.5045175
218,54,1633.401615
218,55,1630.2987125
218,56,1627.19581
218,57,1625.8781375
218,58,1624.560465
218,59,1623.2427925000002
218,60,1621.92512
218,61,1608.5548675
218,62,1595.184615
218,63,1581.8143625
218,64,1568.44411
218,65,1536.7960575
218,66,1505.148005
218,67,1473.4999524999998
218,68,1441.8519
218,69,1317.5903724999998
218,70,1193.328845
218,71,1069.0673175
218,72,944.80579
218,73,759.3987625
218,74,573.9917350000001
218,75,388.5847075
218,76,203.17768
218,77,164.23114750000002
218,78,125.284615
218,79,0.0
218,80,0.0
218,81,0.0
218,82,0.0
218,83,0.0
218,84,0.0
218,85,0.0
218,86,0.0
218,87,0.0
218,88,0.0
218,89,0.0
218,90,0.0
218,91,0.0
218,92,0.0
218,93,0.0
218,94,0.0
218,95,0.0
219,0,0.0
219,1,0.0
219,2,0.0
219,3,0.0
219,4,0.0
219,5,0.0
219,6,0.0
219,7,0.0
219,8,0.0
219,9,0.0
219,10,0.0
219,11,0.0
219,12,0.0
219,13,0.0
219,14,0.0
219,15,0.0
219,16,0.0
219,17,0.0
219,18,0.0
219,19,0.0
219,20,0.0
219,21,0.0
219,22,0.0
219,23,0.0
219,24,115.38656
219,25,296.17047
219,26,476.95438
219,27,657.73829
219,28,838.5222
219,29,995.0583125
219,30,1151.594425
219,31,1308.1305375
219,32,1464.66665
219,33,1489.4018075
219,34,1514.136965
219,35,1538.8721225
219,36,1563.60728
219,37,1588.3424375
219,38,1613.077595
219,39,1637.8127525
219,40,1662.54791
219,41,1664.78562
219,42,1667.02333
219,43,1669.26104
219,44,1671.49875
219,45,1670.7097075
219,46,1669.920665
219,47,1669.1316225
219,48,1668.34258
219,49,1670.16602
219,50,1671.98946
219,51,1673.8129
219,52,1675.63634
219,53,1680.56699
219,54,1685.49764
219,55,1690.42829
219,56,1695.35894
219,57,1701.8098875
219,58,1708.260835
219,59,1714.7117825
219,60,1721.16273
219,61,1704.4824
219,62,1687.80207
219,63,1671.12174
219,64,1654.44141
219,65,1623.6554649999998
219,66,1592.86952
219,67,1562.083575
219,68,1531.29763
219,69,1397.5296275
219,70,1263.761625
219,71,1129.9936225
219,72,996.22562
219,73,796.7389075000001
219,74,597.252195
219,75,397.7654825000001
219,76,198.27877
219,77,148.838845
219,78,0.0
219,79,0.0
219,80,0.0
219,81,0.0
219,82,0.0
219,83,0.0
219,84,0.0
219,85,0.0
219,86,0.0
219,87,0.0
219,88,0.0
219,89,0.0
219,90,0.0
219,91,0.0
219,92,0.0
219,93,0.0
219,94,0.0
219,95,0.0
220,0,0.0
220,1,0.0
220,2,0.0
220,3,0.0
220,4,0.0
220,5,0.0
220,6,0.0
220,7,0.0
220,8,0.0
220,9,0.0
220,10,0.0
220,11,0.0
220,12,0.0
220,13,0.0
220,14,0.0
220,15,0.0
220,16,0.0
220,17,0.0
220,18,0.0
220,19,0.0
220,20,0.0
220,21,0.0
220,22,0.0
220,23,0.0
220,24,0.0
220,25,272.826025
220,26,465.42238
220,27,658.0187350000001
220,28,850.61509
220,29,1024.9376375
220,30,1199.260185
220,31,1373.5827325
220,32,1547.90528
220,33,1582.4308725
220,34,1616.956465
220,35,1651.4820575
220,36,1686.00765
220,37,1692.2017575
220,38,1698.395865
220,39,1704.5899725
220,40,1710.78408
220,41,1711.7410175
220,42,1712.697955
220,43,1713.6548925
220,44,1714.61183
220,45,1715.9360125
220,46,1717.260195
220,47,1718.5843775
220,48,1719.90856
220,49,1716.4395225
220,50,1712.970485
220,51,1709.5014475
220,52,1706.03241
220,53,1706.879705
220,54,1707.727
220,55,1708.574295
220,56,1709.42159
220,57,1709.8491675
220,58,1710.276745
220,59,1710.7043225
220,60,1711.1319
220,61,1702.48911
220,62,1693.84632
220,63,1685.20353
220,64,1676.56074
220,65,1644.7481425
220,66,1612.9355449999998
220,67,1581.1229475
220,68,1549.31035
220,69,1414.61993
220,70,1279.92951
220,71,1145.23909
220,72,1010.54867
220,73,802.4877650000001
220,74,594.42686
220,75,386.3659550000001
220,76,178.30505000000005
220,77,133.7287875
220,78,0.0
220,79,0.0
220,80,0.0
220,81,0.0
220,82,0.0
220,83,0.0
220,84,0.0
220,85,0.0
220,86,0.0
220,87,0.0
220,88,0.0
220,89,0.0
220,90,0.0
220,91,0.0
220,92,0.0
220,93,0.0
220,94,0.0
220,95,0.0
221,0,0.0
221,1,0.0
221,2,0.0
221,3,0.0
221,4,0.0
221,5,0.0
221,6,0.0
221,7,0.0
221,8,0.0
221,9,0.0
221,10,0.0
221,11,0.0
221,12,0.0
221,13,0.0
221,14,0.0
221,15,0.0
221,16,0.0
221,17,0.0
221,18,0.0
221,19,0.0
221,20,0.0
221,21,0.0
221,22,0.0
221,23,0.0
221,24,0.0
221,25,274.97854
221,26,463.69017
221,27,652.4018000000001
221,28,841.1134300000001
221,29,974.50364
221,30,1107.89385
221,31,1241.28406
221,32,1374.67427
221,33,1420.042185
221,34,1465.4101
221,35,1510.778015
221,36,1556.14593
221,37,1557.608475
221,38,1559.07102
221,39,1560.533565
221,40,1561.99611
221,41,1564.951635
221,42,1567.90716
221,43,1570.862685
221,44,1573.81821
221,45,1605.9525825
221,46,1638.086955
221,47,1670.2213275
221,48,1702.3557
221,49,1706.798735
221,50,1711.24177
221,51,1715.684805
221,52,1720.12784
221,53,1719.6471800000002
221,54,1719.1665200000002
221,55,1718.68586
221,56,1718.2052
221,57,1698.2330075
221,58,1678.260815
221,59,1658.2886225000002
221,60,1638.31643
221,61,1637.8276125
221,62,1637.338795
221,63,1636.8499775
221,64,1636.36116
221,65,1606.1574325
221,66,1575.953705
221,67,1545.7499775
221,68,1515.54625
221,69,1383.56219
221,70,1251.57813
221,71,1119.59407
221,72,987.61001
221,73,782.2621475
221,74,576.9142850000001
221,75,371.5664225
221,76,166.21856000000002
221,77,124.66392
221,78,0.0
221,79,0.0
221,80,0.0
221,81,0.0
221,82,0.0
221,83,0.0
221,84,0.0
221,85,0.0
221,86,0.0
221,87,0.0
221,88,0.0
221,89,0.0
221,90,0.0
221,91,0.0
221,92,0.0
221,93,0.0
221,94,0.0
221,95,0.0
222,0,0.0
222,1,0.0
222,2,0.0
222,3,0.0
222,4,0.0
222,5,0.0
222,6,0.0
222,7,0.0
222,8,0.0
222,9,0.0
222,10,0.0
222,11,0.0
222,12,0.0
222,13,0.0
222,14,0.0
222,15,0.0
222,16,0.0
222,17,0.0
222,18,0.0
222,19,0.0
222,20,0.0
222,21,0.0
222,22,0.0
222,23,0.0
222,24,0.0
222,25,210.3744775
222,26,368.389485
222,27,526.4044925
222,28,684.4195
222,29,866.9193975000001
222,30,1049.419295
222,31,1231.9191925
222,32,1414.41909
222,33,1456.9060725
222,34,1499.393055
222,35,1541.8800375
222,36,1584.36702
222,37,1591.5833625
222,38,1598.799705
222,39,1606.0160474999998
222,40,1613.23239
222,41,1613.49824
222,42,1613.76409
222,43,1614.02994
222,44,1614.29579
222,45,1619.668525
222,46,1625.04126
222,47,1630.413995
222,48,1635.78673
222,49,1628.3372125
222,50,1620.887695
222,51,1613.4381775
222,52,1605.98866
222,53,1587.075
222,54,1568.16134
222,55,1549.24768
222,56,1530.33402
222,57,1541.6948125
222,58,1553.055605
222,59,1564.4163975
222,60,1575.77719
222,61,1572.9655925
222,62,1570.153995
222,63,1567.3423975
222,64,1564.5308
222,65,1523.2249
222,66,1481.919
222,67,1440.6131
222,68,1399.3072
222,69,1260.8202025
222,70,1122.333205
222,71,983.8462075
222,72,845.35921
222,73,674.4864725
222,74,503.613735
222,75,332.74099749999993
222,76,161.86825999999996
222,77,124.08098
222,78,0.0
222,79,0.0
222,80,0.0
222,81,0.0
222,82,0.0
222,83,0.0
222,84,0.0
222,85,0.0
222,86,0.0
222,87,0.0
222,88,0.0
222,89,0.0
222,90,0.0
222,91,0.0
222,92,0.0
222,93,0.0
222,94,0.0
222,95,0.0
223,0,0.0
223,1,0.0
223,2,0.0
223,3,0.0
223,4,0.0
223,5,0.0
223,6,0.0
223,7,0.0
223,8,0.0
223,9,0.0
223,10,0.0
223,11,0.0
223,12,0.0
223,13,0.0
223,14,0.0
223,15,0.0
223,16,0.0
223,17,0.0
223,18,0.0
223,19,0.0
223,20,0.0
223,21,0.0
223,22,0.0
223,23,0.0
223,24,0.0
223,25,229.127975
223,26,407.42864
223,27,585.7293050000001
223,28,764.02997
223,29,939.30146
223,30,1114.57295
223,31,1289.8444399999998
223,32,1465.11593
223,33,1507.64972
223,34,1550.1835099999998
223,35,1592.7173
223,36,1635.25109
223,37,1644.0085275
223,38,1652.765965
223,39,1661.5234025
223,40,1670.28084
223,41,1666.155675
223,42,1662.03051
223,43,1657.905345
223,44,1653.78018
223,45,1653.9902825
223,46,1654.200385
223,47,1654.4104875
223,48,1654.62059
223,49,1634.5450175
223,50,1614.469445
223,51,1594.3938724999998
223,52,1574.3183
223,53,1584.274675
223,54,1594.23105
223,55,1604.187425
223,56,1614.1438
223,57,1614.3130275
223,58,1614.482255
223,59,1614.6514825
223,60,1614.82071
223,61,1609.393315
223,62,1603.96592
223,63,1598.538525
223,64,1593.11113
223,65,1567.6185325
223,66,1542.125935
223,67,1516.6333375
223,68,1491.14074
223,69,1348.43336
223,70,1205.7259800000002
223,71,1063.0186
223,72,920.31122
223,73,735.446565
223,74,550.58191
223,75,365.717255
223,76,180.85259999999997
223,77,141.59443
223,78,102.33626
223,79,0.0
223,80,0.0
223,81,0.0
223,82,0.0
223,83,0.0
223,84,0.0
223,85,0.0
223,86,0.0
223,87,0.0
223,88,0.0
223,89,0.0
223,90,0.0
223,91,0.0
223,92,0.0
223,93,0.0
223,94,0.0
223,95,0.0
224,0,0.0
224,1,0.0
224,2,0.0
224,3,0.0
224,4,0.0
224,5,0.0
224,6,0.0
224,7,0.0
224,8,0.0
224,9,0.0
224,10,0.0
224,11,0.0
224,12,0.0
224,13,0.0
224,14,0.0
224,15,0.0
224,16,0.0
224,17,0.0
224,18,0.0
224,19,0.0
224,20,0.0
224,21,0.0
224,22,0.0
224,23,0.0
224,24,0.0
224,25,267.03256250000004
224,26,452.676425
224,27,638.3202875
224,28,823.96415
224,29,991.0976
224,30,1158.23105
224,31,1325.3645
224,32,1492.49795
224,33,1536.3102199999998
224,34,1580.12249
224,35,1623.93476
224,36,1667.74703
224,37,1672.8450975
224,38,1677.943165
224,39,1683.0412325
224,40,1688.1393
224,41,1690.0407175
224,42,1691.942135
224,43,1693.8435525
224,44,1695.74497
224,45,1696.7722675
224,46,1697.799565
224,47,1698.8268625
224,48,1699.85416
224,49,1700.478605
224,50,1701.1030500000002
224,51,1701.727495
224,52,1702.35194
224,53,1700.7337725
224,54,1699.115605
224,55,1697.4974375
224,56,1695.87927
224,57,1697.9194925
224,58,1699.959715
224,59,1701.9999375
224,60,1704.04016
224,61,1696.3833125
224,62,1688.726465
224,63,1681.0696174999998
224,64,1673.41277
224,65,1645.07701
224,66,1616.74125
224,67,1588.40549
224,68,1560.06973
224,69,1415.4869775
224,70,1270.904225
224,71,1126.3214724999998
224,72,981.73872
224,73,783.36689
224,74,584.99506
224,75,386.62323
224,76,188.2514
224,77,145.796945
224,78,103.34249
224,79,0.0
224,80,0.0
224,81,0.0
224,82,0.0
224,83,0.0
224,84,0.0
224,85,0.0
224,86,0.0
224,87,0.0
224,88,0.0
224,89,0.0
224,90,0.0
224,91,0.0
224,92,0.0
224,93,0.0
224,94,0.0
224,95,0.0
225,0,0.0
225,1,0.0
225,2,0.0
225,3,0.0
225,4,0.0
225,5,0.0
225,6,0.0
225,7,0.0
225,8,0.0
225,9,0.0
225,10,0.0
225,11,0.0
225,12,0.0
225,13,0.0
225,14,0.0
225,15,0.0
225,16,0.0
225,17,0.0
225,18,0.0
225,19,0.0
225,20,0.0
225,21,0.0
225,22,0.0
225,23,0.0
225,24,0.0
225,25,253.4863725
225,26,428.885645
225,27,604.2849174999999
225,28,779.68419
225,29,945.72636
225,30,1111.7685299999998
225,31,1277.8107
225,32,1443.85287
225,33,1464.17341
225,34,1484.49395
225,35,1504.81449
225,36,1525.13503
225,37,1506.615625
225,38,1488.09622
225,39,1469.576815
225,40,1451.05741
225,41,1472.94563
225,42,1494.83385
225,43,1516.72207
225,44,1538.61029
225,45,1548.793185
225,46,1558.97608
225,47,1569.158975
225,48,1579.34187
225,49,1568.7651125
225,50,1558.188355
225,51,1547.6115975
225,52,1537.03484
225,53,1535.402985
225,54,1533.77113
225,55,1532.139275
225,56,1530.50742
225,57,1544.643395
225,58,1558.77937
225,59,1572.915345
225,60,1587.05132
225,61,1579.492995
225,62,1571.93467
225,63,1564.376345
225,64,1556.81802
225,65,1526.240065
225,66,1495.66211
225,67,1465.084155
225,68,1434.5062
225,69,1299.01577
225,70,1163.52534
225,71,1028.03491
225,72,892.54448
225,73,704.8916625
225,74,517.2388450000001
225,75,329.5860275
225,76,141.93321000000003
225,77,115.05041750000002
225,78,0.0
225,79,0.0
225,80,0.0
225,81,0.0
225,82,0.0
225,83,0.0
225,84,0.0
225,85,0.0
225,86,0.0
225,87,0.0
225,88,0.0
225,89,0.0
225,90,0.0
225,91,0.0
225,92,0.0
225,93,0.0
225,94,0.0
225,95,0.0
226,0,0.0
226,1,0.0
226,2,0.0
226,3,0.0
226,4,0.0
226,5,0.0
226,6,0.0
226,7,0.0
226,8,0.0
226,9,0.0
226,10,0.0
226,11,0.0
226,12,0.0
226,13,0.0
226,14,0.0
226,15,0.0
226,16,0.0
226,17,0.0
226,18,0.0
226,19,0.0
226,20,0.0
226,21,0.0
226,22,0.0
226,23,0.0
226,24,0.0
226,25,280.30123
226,26,462.77263
226,27,645.24403
226,28,827.71543
226,29,998.858565
226,30,1170.0017
226,31,1341.144835
226,32,1512.28797
226,33,1545.0769475000002
226,34,1577.865925
226,35,1610.6549025
226,36,1643.44388
226,37,1650.0059175
226,38,1656.567955
226,39,1663.1299924999998
226,40,1669.69203
226,41,1662.2766275
226,42,1654.861225
226,43,1647.4458225
226,44,1640.03042
226,45,1639.7087875
226,46,1639.387155
226,47,1639.0655225
226,48,1638.74389
226,49,1640.7886075
226,50,1642.833325
226,51,1644.8780425
226,52,1646.92276
226,53,1647.7310699999998
226,54,1648.53938
226,55,1649.34769
226,56,1650.156
226,57,1651.6303675
226,58,1653.104735
226,59,1654.5791025
226,60,1656.05347
226,61,1645.3448225
226,62,1634.636175
226,63,1623.9275275
226,64,1613.21888
226,65,1586.055745
226,66,1558.89261
226,67,1531.729475
226,68,1504.56634
226,69,1361.4284575
226,70,1218.290575
226,71,1075.1526925
226,72,932.01481
226,73,733.186465
226,74,534.35812
226,75,335.529775
226,76,136.70142999999996
226,77,102.5260725
226,78,0.0
226,79,0.0
226,80,0.0
226,81,0.0
226,82,0.0
226,83,0.0
226,84,0.0
226,85,0.0
226,86,0.0
226,87,0.0
226,88,0.0
226,89,0.0
226,90,0.0
226,91,0.0
226,92,0.0
226,93,0.0
226,94,0.0
226,95,0.0
227,0,0.0
227,1,0.0
227,2,0.0
227,3,0.0
227,4,0.0
227,5,0.0
227,6,0.0
227,7,0.0
227,8,0.0
227,9,0.0
227,10,0.0
227,11,0.0
227,12,0.0
227,13,0.0
227,14,0.0
227,15,0.0
227,16,0.0
227,17,0.0
227,18,0.0
227,19,0.0
227,20,0.0
227,21,0.0
227,22,0.0
227,23,0.0
227,24,0.0
227,25,240.5106675
227,26,423.524855
227,27,606.5390425
227,28,789.55323
227,29,970.54441
227,30,1151.53559
227,31,1332.52677
227,32,1513.51795
227,33,1537.0941349999998
227,34,1560.67032
227,35,1584.246505
227,36,1607.82269
227,37,1620.21977
227,38,1632.61685
227,39,1645.01393
227,40,1657.41101
227,41,1653.751055
227,42,1650.0911
227,43,1646.431145
227,44,1642.77119
227,45,1642.7800775
227,46,1642.788965
227,47,1642.7978525
227,48,1642.80674
227,49,1642.727135
227,50,1642.64753
227,51,1642.5679249999998
227,52,1642.48832
227,53,1645.3728375
227,54,1648.257355
227,55,1651.1418725
227,56,1654.02639
227,57,1665.11791
227,58,1676.20943
227,59,1687.30095
227,60,1698.39247
227,61,1690.5639275
227,62,1682.735385
227,63,1674.9068425
227,64,1667.0783
227,65,1633.8444375
227,66,1600.610575
227,67,1567.3767125
227,68,1534.14285
227,69,1380.17779
227,70,1226.21273
227,71,1072.24767
227,72,918.28261
227,73,724.6567924999999
227,74,531.030975
227,75,337.4051575000001
227,76,143.77934000000005
227,77,112.232305
227,78,0.0
227,79,0.0
227,80,0.0
227,81,0.0
227,82,0.0
227,83,0.0
227,84,0.0
227,85,0.0
227,86,0.0
227,87,0.0
227,88,0.0
227,89,0.0
227,90,0.0
227,91,0.0
227,92,0.0
227,93,0.0
227,94,0.0
227,95,0.0
228,0,0.0
228,1,0.0
228,2,0.0
228,3,0.0
228,4,0.0
228,5,0.0
228,6,0.0
228,7,0.0
228,8,0.0
228,9,0.0
228,10,0.0
228,11,0.0
228,12,0.0
228,13,0.0
228,14,0.0
228,15,0.0
228,16,0.0
228,17,0.0
228,18,0.0
228,19,0.0
228,20,0.0
228,21,0.0
228,22,0.0
228,23,0.0
228,24,0.0
228,25,248.3432375
228,26,425.156675
228,27,601.9701125
228,28,778.78355
228,29,961.8036725
228,30,1144.823795
228,31,1327.8439175
228,32,1510.86404
228,33,1546.854165
228,34,1582.84429
228,35,1618.834415
228,36,1654.82454
228,37,1664.2479025
228,38,1673.671265
228,39,1683.0946275
228,40,1692.51799
228,41,1692.905585
228,42,1693.29318
228,43,1693.680775
228,44,1694.06837
228,45,1692.298465
228,46,1690.52856
228,47,1688.758655
228,48,1686.98875
228,49,1685.16823
228,50,1683.34771
228,51,1681.52719
228,52,1679.70667
228,53,1679.0450275
228,54,1678.383385
228,55,1677.7217425
228,56,1677.0601
228,57,1676.307045
228,58,1675.55399
228,59,1674.800935
228,60,1674.04788
228,61,1670.8109725
228,62,1667.574065
228,63,1664.3371575
228,64,1661.10025
228,65,1621.86645
228,66,1582.63265
228,67,1543.39885
228,68,1504.16505
228,69,1348.5592625
228,70,1192.953475
228,71,1037.3476875
228,72,881.7419
228,73,688.1200225
228,74,494.498145
228,75,300.87626750000004
228,76,107.25439000000006
228,77,0.0
228,78,0.0
228,79,0.0
228,80,0.0
228,81,0.0
228,82,0.0
228,83,0.0
228,84,0.0
228,85,0.0
228,86,0.0
228,87,0.0
228,88,0.0
228,89,0.0
228,90,0.0
228,91,0.0
228,92,0.0
228,93,0.0
228,94,0.0
228,95,0.0
229,0,0.0
229,1,0.0
229,2,0.0
229,3,0.0
229,4,0.0
229,5,0.0
229,6,0.0
229,7,0.0
229,8,0.0
229,9,0.0
229,10,0.0
229,11,0.0
229,12,0.0
229,13,0.0
229,14,0.0
229,15,0.0
229,16,0.0
229,17,0.0
229,18,0.0
229,19,0.0
229,20,0.0
229,21,0.0
229,22,0.0
229,23,0.0
229,24,0.0
229,25,219.03955
229,26,386.04887
229,27,553.05819
229,28,720.06751
229,29,876.1565625
229,30,1032.245615
229,31,1188.3346675
229,32,1344.42372
229,33,1328.31039
229,34,1312.19706
229,35,1296.0837299999998
229,36,1279.9704
229,37,1196.72952
229,38,1113.48864
229,39,1030.24776
229,40,947.00688
229,41,991.0011325
229,42,1034.995385
229,43,1078.9896375
229,44,1122.98389
229,45,1206.36567
229,46,1289.7474499999998
229,47,1373.12923
229,48,1456.51101
229,49,1473.14962
229,50,1489.78823
229,51,1506.42684
229,52,1523.06545
229,53,1539.85378
229,54,1556.64211
229,55,1573.43044
229,56,1590.21877
229,57,1599.612735
229,58,1609.0067
229,59,1618.400665
229,60,1627.79463
229,61,1620.59659
229,62,1613.39855
229,63,1606.20051
229,64,1599.00247
229,65,1568.3406424999998
229,66,1537.678815
229,67,1507.0169875
229,68,1476.35516
229,69,1318.0573725
229,70,1159.759585
229,71,1001.4617975
229,72,843.16401
229,73,653.4259099999999
229,74,463.68781
229,75,273.94971
229,76,0.0
229,77,0.0
229,78,0.0
229,79,0.0
229,80,0.0
229,81,0.0
229,82,0.0
229,83,0.0
229,84,0.0
229,85,0.0
229,86,0.0
229,87,0.0
229,88,0.0
229,89,0.0
229,90,0.0
229,91,0.0
229,92,0.0
229,93,0.0
229,94,0.0
229,95,0.0
230,0,0.0
230,1,0.0
230,2,0.0
230,3,0.0
230,4,0.0
230,5,0.0
230,6,0.0
230,7,0.0
230,8,0.0
230,9,0.0
230,10,0.0
230,11,0.0
230,12,0.0
230,13,0.0
230,14,0.0
230,15,0.0
230,16,0.0
230,17,0.0
230,18,0.0
230,19,0.0
230,20,0.0
230,21,0.0
230,22,0.0
230,23,0.0
230,24,0.0
230,25,226.51445
230,26,403.71418000000006
230,27,580.91391
230,28,758.11364
230,29,953.2368825
230,30,1148.3601250000002
230,31,1343.4833675
230,32,1538.60661
230,33,1579.8061525
230,34,1621.005695
230,35,1662.2052375
230,36,1703.40478
230,37,1699.8919475
230,38,1696.3791150000002
230,39,1692.8662825
230,40,1689.35345
230,41,1690.79752
230,42,1692.24159
230,43,1693.68566
230,44,1695.12973
230,45,1690.448505
230,46,1685.76728
230,47,1681.086055
230,48,1676.40483
230,49,1678.1402825
230,50,1679.875735
230,51,1681.6111875
230,52,1683.34664
230,53,1690.0121275
230,54,1696.677615
230,55,1703.3431025
230,56,1710.00859
230,57,1708.002465
230,58,1705.99634
230,59,1703.9902149999998
230,60,1701.98409
230,61,1693.2494925
230,62,1684.5148949999998
230,63,1675.7802975
230,64,1667.0457
230,65,1623.1652325
230,66,1579.284765
230,67,1535.4042975
230,68,1491.52383
230,69,1333.0112925
230,70,1174.498755
230,71,1015.9862175
230,72,857.47368
230,73,663.9787225
230,74,470.483765
230,75,276.9888075
230,76,0.0
230,77,0.0
230,78,0.0
230,79,0.0
230,80,0.0
230,81,0.0
230,82,0.0
230,83,0.0
230,84,0.0
230,85,0.0
230,86,0.0
230,87,0.0
230,88,0.0
230,89,0.0
230,90,0.0
230,91,0.0
230,92,0.0
230,93,0.0
230,94,0.0
230,95,0.0
231,0,0.0
231,1,0.0
231,2,0.0
231,3,0.0
231,4,0.0
231,5,0.0
231,6,0.0
231,7,0.0
231,8,0.0
231,9,0.0
231,10,0.0
231,11,0.0
231,12,0.0
231,13,0.0
231,14,0.0
231,15,0.0
231,16,0.0
231,17,0.0
231,18,0.0
231,19,0.0
231,20,0.0
231,21,0.0
231,22,0.0
231,23,0.0
231,24,0.0
231,25,220.4884525
231,26,399.907665
231,27,579.3268775
231,28,758.74609
231,29,947.480065
231,30,1136.21404
231,31,1324.948015
231,32,1513.68199
231,33,1540.7873775
231,34,1567.892765
231,35,1594.9981525
231,36,1622.10354
231,37,1636.510645
231,38,1650.91775
231,39,1665.324855
231,40,1679.73196
231,41,1683.842055
231,42,1687.95215
231,43,1692.062245
231,44,1696.17234
231,45,1695.4623775
231,46,1694.752415
231,47,1694.0424525
231,48,1693.33249
231,49,1691.8604075
231,50,1690.388325
231,51,1688.9162425
231,52,1687.44416
231,53,1686.8338625
231,54,1686.223565
231,55,1685.6132675
231,56,1685.00297
231,57,1688.301
231,58,1691.59903
231,59,1694.89706
231,60,1698.19509
231,61,1687.3210875
231,62,1676.447085
231,63,1665.5730825
231,64,1654.69908
231,65,1616.345935
231,66,1577.99279
231,67,1539.639645
231,68,1501.2865
231,69,1343.0892575
231,70,1184.892015
231,71,1026.6947725
231,72,868.49753
231,73,679.86846
231,74,491.23939
231,75,302.61032
231,76,113.98125000000005
231,77,0.0
231,78,0.0
231,79,0.0
231,80,0.0
231,81,0.0
231,82,0.0
231,83,0.0
231,84,0.0
231,85,0.0
231,86,0.0
231,87,0.0
231,88,0.0
231,89,0.0
231,90,0.0
231,91,0.0
231,92,0.0
231,93,0.0
231,94,0.0
231,95,0.0
232,0,0.0
232,1,0.0
232,2,0.0
232,3,0.0
232,4,0.0
232,5,0.0
232,6,0.0
232,7,0.0
232,8,0.0
232,9,0.0
232,10,0.0
232,11,0.0
232,12,0.0
232,13,0.0
232,14,0.0
232,15,0.0
232,16,0.0
232,17,0.0
232,18,0.0
232,19,0.0
232,20,0.0
232,21,0.0
232,22,0.0
232,23,0.0
232,24,0.0
232,25,218.16061
232,26,395.97821
232,27,573.7958100000001
232,28,751.61341
232,29,939.6980975
232,30,1127.782785
232,31,1315.8674725
232,32,1503.95216
232,33,1543.9143375
232,34,1583.876515
232,35,1623.8386925
232,36,1663.80087
232,37,1671.8140475
232,38,1679.827225
232,39,1687.8404025
232,40,1695.85358
232,41,1694.5361325
232,42,1693.2186849999998
232,43,1691.9012375
232,44,1690.58379
232,45,1684.779705
232,46,1678.97562
232,47,1673.171535
232,48,1667.36745
232,49,1670.0277375
232,50,1672.688025
232,51,1675.3483124999998
232,52,1678.0086
232,53,1677.577975
232,54,1677.14735
232,55,1676.716725
232,56,1676.2861
232,57,1679.7927775
232,58,1683.299455
232,59,1686.8061325
232,60,1690.31281
232,61,1677.8782925
232,62,1665.443775
232,63,1653.0092575
232,64,1640.57474
232,65,1595.8293
232,66,1551.08386
232,67,1506.33842
232,68,1461.59298
232,69,1297.6306975
232,70,1133.668415
232,71,969.7061325
232,72,805.74385
232,73,632.9707
232,74,460.19755
232,75,287.4244
232,76,114.65125
232,77,0.0
232,78,0.0
232,79,0.0
232,80,0.0
232,81,0.0
232,82,0.0
232,83,0.0
232,84,0.0
232,85,0.0
232,86,0.0
232,87,0.0
232,88,0.0
232,89,0.0
232,90,0.0
232,91,0.0
232,92,0.0
232,93,0.0
232,94,0.0
232,95,0.0
233,0,0.0
233,1,0.0
233,2,0.0
233,3,0.0
233,4,0.0
233,5,0.0
233,6,0.0
233,7,0.0
233,8,0.0
233,9,0.0
233,10,0.0
233,11,0.0
233,12,0.0
233,13,0.0
233,14,0.0
233,15,0.0
233,16,0.0
233,17,0.0
233,18,0.0
233,19,0.0
233,20,0.0
233,21,0.0
233,22,0.0
233,23,0.0
233,24,0.0
233,25,199.1238175
233,26,365.346065
233,27,531.5683125
233,28,697.79056
233,29,890.54603
233,30,1083.3015
233,31,1276.05697
233,32,1468.81244
233,33,1516.3621875
233,34,1563.911935
233,35,1611.4616825
233,36,1659.01143
233,37,1662.4547625
233,38,1665.898095
233,39,1669.3414275
233,40,1672.78476
233,41,1668.80421
233,42,1664.82366
233,43,1660.84311
233,44,1656.86256
233,45,1664.602015
233,46,1672.3414699999998
233,47,1680.080925
233,48,1687.82038
233,49,1686.721575
233,50,1685.62277
233,51,1684.523965
233,52,1683.42516
233,53,1683.89279
233,54,1684.36042
233,55,1684.82805
233,56,1685.29568
233,57,1685.4860374999998
233,58,1685.676395
233,59,1685.8667525
233,60,1686.05711
233,61,1676.003125
233,62,1665.94914
233,63,1655.895155
233,64,1645.84117
233,65,1595.8496074999998
233,66,1545.858045
233,67,1495.8664825
233,68,1445.87492
233,69,1270.5665925
233,70,1095.258265
233,71,919.9499375
233,72,744.64161
233,73,584.170215
233,74,423.69882
233,75,263.22742500000004
233,76,102.75603
233,77,0.0
233,78,0.0
233,79,0.0
233,80,0.0
233,81,0.0
233,82,0.0
233,83,0.0
233,84,0.0
233,85,0.0
233,86,0.0
233,87,0.0
233,88,0.0
233,89,0.0
233,90,0.0
233,91,0.0
233,92,0.0
233,93,0.0
233,94,0.0
233,95,0.0
234,0,0.0
234,1,0.0
234,2,0.0
234,3,0.0
234,4,0.0
234,5,0.0
234,6,0.0
234,7,0.0
234,8,0.0
234,9,0.0
234,10,0.0
234,11,0.0
234,12,0.0
234,13,0.0
234,14,0.0
234,15,0.0
234,16,0.0
234,17,0.0
234,18,0.0
234,19,0.0
234,20,0.0
234,21,0.0
234,22,0.0
234,23,0.0
234,24,0.0
234,25,173.77978750000003
234,26,316.62376500000005
234,27,459.4677425
234,28,602.31172
234,29,799.58191
234,30,996.8521
234,31,1194.12229
234,32,1391.39248
234,33,1447.5734225
234,34,1503.754365
234,35,1559.9353075
234,36,1616.11625
234,37,1620.5458925
234,38,1624.975535
234,39,1629.4051775
234,40,1633.83482
234,41,1633.8139675
234,42,1633.793115
234,43,1633.7722625
234,44,1633.75141
234,45,1623.66737
234,46,1613.58333
234,47,1603.49929
234,48,1593.41525
234,49,1548.769025
234,50,1504.1228
234,51,1459.476575
234,52,1414.83035
234,53,1332.216025
234,54,1249.6017
234,55,1166.987375
234,56,1084.37305
234,57,1079.556455
234,58,1074.73986
234,59,1069.923265
234,60,1065.10667
234,61,1019.1553675
234,62,973.204065
234,63,927.2527625
234,64,881.30146
234,65,767.7076925
234,66,654.113925
234,67,540.5201575000001
234,68,426.92639
234,69,386.505095
234,70,346.0838
234,71,305.662505
234,72,265.24121
234,73,205.53375000000003
234,74,145.82629000000003
234,75,0.0
234,76,0.0
234,77,0.0
234,78,0.0
234,79,0.0
234,80,0.0
234,81,0.0
234,82,0.0
234,83,0.0
234,84,0.0
234,85,0.0
234,86,0.0
234,87,0.0
234,88,0.0
234,89,0.0
234,90,0.0
234,91,0.0
234,92,0.0
234,93,0.0
234,94,0.0
234,95,0.0
235,0,0.0
235,1,0.0
235,2,0.0
235,3,0.0
235,4,0.0
235,5,0.0
235,6,0.0
235,7,0.0
235,8,0.0
235,9,0.0
235,10,0.0
235,11,0.0
235,12,0.0
235,13,0.0
235,14,0.0
235,15,0.0
235,16,0.0
235,17,0.0
235,18,0.0
235,19,0.0
235,20,0.0
235,21,0.0
235,22,0.0
235,23,0.0
235,24,0.0
235,25,0.0
235,26,125.57823
235,27,186.906475
235,28,248.23472
235,29,426.88522
235,30,605.53572
235,31,784.18622
235,32,962.83672
235,33,1062.713125
235,34,1162.58953
235,35,1262.465935
235,36,1362.34234
235,37,1417.0554925
235,38,1471.768645
235,39,1526.4817975
235,40,1581.19495
235,41,1572.1504975
235,42,1563.106045
235,43,1554.0615925
235,44,1545.01714
235,45,1529.3886575
235,46,1513.760175
235,47,1498.1316925
235,48,1482.50321
235,49,1481.0928175
235,50,1479.682425
235,51,1478.2720325
235,52,1476.86164
235,53,1482.370975
235,54,1487.88031
235,55,1493.389645
235,56,1498.89898
235,57,1488.820185
235,58,1478.74139
235,59,1468.662595
235,60,1458.5838
235,61,1460.6558975
235,62,1462.7279950000002
235,63,1464.8000925
235,64,1466.87219
235,65,1393.73618
235,66,1320.6001700000002
235,67,1247.46416
235,68,1174.32815
235,69,998.1842725
235,70,822.040395
235,71,645.8965175
235,72,469.75263999999993
235,73,360.3149125
235,74,250.877185
235,75,141.4394575
235,76,0.0
235,77,0.0
235,78,0.0
235,79,0.0
235,80,0.0
235,81,0.0
235,82,0.0
235,83,0.0
235,84,0.0
235,85,0.0
235,86,0.0
235,87,0.0
235,88,0.0
235,89,0.0
235,90,0.0
235,91,0.0
235,92,0.0
235,93,0.0
235,94,0.0
235,95,0.0
236,0,0.0
236,1,0.0
236,2,0.0
236,3,0.0
236,4,0.0
236,5,0.0
236,6,0.0
236,7,0.0
236,8,0.0
236,9,0.0
236,10,0.0
236,11,0.0
236,12,0.0
236,13,0.0
236,14,0.0
236,15,0.0
236,16,0.0
236,17,0.0
236,18,0.0
236,19,0.0
236,20,0.0
236,21,0.0
236,22,0.0
236,23,0.0
236,24,0.0
236,25,180.31674250000003
236,26,332.21208500000006
236,27,484.1074275000001
236,28,636.00277
236,29,830.024115
236,30,1024.04546
236,31,1218.066805
236,32,1412.08815
236,33,1456.111505
236,34,1500.13486
236,35,1544.158215
236,36,1588.18157
236,37,1605.9283325
236,38,1623.675095
236,39,1641.4218575
236,40,1659.16862
236,41,1660.0682375
236,42,1660.967855
236,43,1661.8674725
236,44,1662.76709
236,45,1657.1480475
236,46,1651.529005
236,47,1645.9099625
236,48,1640.29092
236,49,1632.94544
236,50,1625.59996
236,51,1618.25448
236,52,1610.909
236,53,1597.1447500000002
236,54,1583.3805000000002
236,55,1569.61625
236,56,1555.852
236,57,1559.6036225
236,58,1563.3552450000002
236,59,1567.1068675
236,60,1570.85849
236,61,1567.818135
236,62,1564.77778
236,63,1561.737425
236,64,1558.69707
236,65,1517.6404925
236,66,1476.583915
236,67,1435.5273375
236,68,1394.47076
236,69,1216.8057175
236,70,1039.140675
236,71,861.4756325000001
236,72,683.81059
236,73,522.74716
236,74,361.68373
236,75,200.62030000000004
236,76,0.0
236,77,0.0
236,78,0.0
236,79,0.0
236,80,0.0
236,81,0.0
236,82,0.0
236,83,0.0
236,84,0.0
236,85,0.0
236,86,0.0
236,87,0.0
236,88,0.0
236,89,0.0
236,90,0.0
236,91,0.0
236,92,0.0
236,93,0.0
236,94,0.0
236,95,0.0
237,0,0.0
237,1,0.0
237,2,0.0
237,3,0.0
237,4,0.0
237,5,0.0
237,6,0.0
237,7,0.0
237,8,0.0
237,9,0.0
237,10,0.0
237,11,0.0
237,12,0.0
237,13,0.0
237,14,0.0
237,15,0.0
237,16,0.0
237,17,0.0
237,18,0.0
237,19,0.0
237,20,0.0
237,21,0.0
237,22,0.0
237,23,0.0
237,24,0.0
237,25,180.904725
237,26,336.68351
237,27,492.462295
237,28,648.24108
237,29,852.8583075
237,30,1057.475535
237,31,1262.0927625
237,32,1466.70999
237,33,1502.5422125
237,34,1538.3744350000002
237,35,1574.2066575
237,36,1610.03888
237,37,1623.6128625
237,38,1637.1868450000002
237,39,1650.7608275
237,40,1664.33481
237,41,1656.2139825
237,42,1648.093155
237,43,1639.9723275
237,44,1631.8515
237,45,1631.06558
237,46,1630.27966
237,47,1629.49374
237,48,1628.70782
237,49,1635.330715
237,50,1641.95361
237,51,1648.576505
237,52,1655.1994
237,53,1664.4573675
237,54,1673.715335
237,55,1682.9733025
237,56,1692.23127
237,57,1692.5766275
237,58,1692.921985
237,59,1693.2673424999998
237,60,1693.6127
237,61,1683.2024849999998
237,62,1672.79227
237,63,1662.382055
237,64,1651.97184
237,65,1600.86677
237,66,1549.7617
237,67,1498.65663
237,68,1447.55156
237,69,1262.8000325
237,70,1078.048505
237,71,893.2969775
237,72,708.54545
237,73,554.4988874999999
237,74,400.452325
237,75,246.4057625
237,76,0.0
237,77,0.0
237,78,0.0
237,79,0.0
237,80,0.0
237,81,0.0
237,82,0.0
237,83,0.0
237,84,0.0
237,85,0.0
237,86,0.0
237,87,0.0
237,88,0.0
237,89,0.0
237,90,0.0
237,91,0.0
237,92,0.0
237,93,0.0
237,94,0.0
237,95,0.0
238,0,0.0
238,1,0.0
238,2,0.0
238,3,0.0
238,4,0.0
238,5,0.0
238,6,0.0
238,7,0.0
238,8,0.0
238,9,0.0
238,10,0.0
238,11,0.0
238,12,0.0
238,13,0.0
238,14,0.0
238,15,0.0
238,16,0.0
238,17,0.0
238,18,0.0
238,19,0.0
238,20,0.0
238,21,0.0
238,22,0.0
238,23,0.0
238,24,0.0
238,25,171.78873750000002
238,26,323.98073500000004
238,27,476.17273250000005
238,28,628.36473
238,29,839.0368100000001
238,30,1049.70889
238,31,1260.38097
238,32,1471.05305
238,33,1517.3944075
238,34,1563.735765
238,35,1610.0771225
238,36,1656.41848
238,37,1666.90356
238,38,1677.38864
238,39,1687.87372
238,40,1698.3588
238,41,1701.158515
238,42,1703.95823
238,43,1706.7579449999998
238,44,1709.55766
238,45,1708.92152
238,46,1708.2853799999998
238,47,1707.64924
238,48,1707.0131
238,49,1708.206055
238,50,1709.39901
238,51,1710.591965
238,52,1711.78492
238,53,1705.8385225000002
238,54,1699.892125
238,55,1693.9457275
238,56,1687.99933
238,57,1683.43855
238,58,1678.87777
238,59,1674.31699
238,60,1669.75621
238,61,1660.110045
238,62,1650.46388
238,63,1640.817715
238,64,1631.17155
238,65,1574.68402
238,66,1518.19649
238,67,1461.70896
238,68,1405.22143
238,69,1221.9576575
238,70,1038.693885
238,71,855.4301125
238,72,672.16634
238,73,526.83781
238,74,381.50928
238,75,236.18075
238,76,0.0
238,77,0.0
238,78,0.0
238,79,0.0
238,80,0.0
238,81,0.0
238,82,0.0
238,83,0.0
238,84,0.0
238,85,0.0
238,86,0.0
238,87,0.0
238,88,0.0
238,89,0.0
238,90,0.0
238,91,0.0
238,92,0.0
238,93,0.0
238,94,0.0
238,95,0.0
239,0,0.0
239,1,0.0
239,2,0.0
239,3,0.0
239,4,0.0
239,5,0.0
239,6,0.0
239,7,0.0
239,8,0.0
239,9,0.0
239,10,0.0
239,11,0.0
239,12,0.0
239,13,0.0
239,14,0.0
239,15,0.0
239,16,0.0
239,17,0.0
239,18,0.0
239,19,0.0
239,20,0.0
239,21,0.0
239,22,0.0
239,23,0.0
239,24,0.0
239,25,170.24097
239,26,322.18328
239,27,474.12558999999993
239,28,626.0679
239,29,832.5313675
239,30,1038.994835
239,31,1245.4583025
239,32,1451.92177
239,33,1493.4512875
239,34,1534.980805
239,35,1576.5103224999998
239,36,1618.03984
239,37,1629.7592925
239,38,1641.478745
239,39,1653.1981975
239,40,1664.91765
239,41,1666.0352975
239,42,1667.152945
239,43,1668.2705925
239,44,1669.38824
239,45,1666.8361325
239,46,1664.284025
239,47,1661.7319175
239,48,1659.17981
239,49,1664.50607
239,50,1669.8323300000002
239,51,1675.15859
239,52,1680.48485
239,53,1689.5280675
239,54,1698.571285
239,55,1707.6145025
239,56,1716.65772
239,57,1715.3687025
239,58,1714.079685
239,59,1712.7906675
239,60,1711.50165
239,61,1692.8814475
239,62,1674.261245
239,63,1655.6410425
239,64,1637.02084
239,65,1586.2335225
239,66,1535.446205
239,67,1484.6588875
239,68,1433.87157
239,69,1241.21958
239,70,1048.56759
239,71,855.9156
239,72,663.26361
239,73,516.99088
239,74,370.71815
239,75,224.44542
239,76,0.0
239,77,0.0
239,78,0.0
239,79,0.0
239,80,0.0
239,81,0.0
239,82,0.0
239,83,0.0
239,84,0.0
239,85,0.0
239,86,0.0
239,87,0.0
239,88,0.0
239,89,0.0
239,90,0.0
239,91,0.0
239,92,0.0
239,93,0.0
239,94,0.0
239,95,0.0
240,0,0.0
240,1,0.0
240,2,0.0
240,3,0.0
240,4,0.0
240,5,0.0
240,6,0.0
240,7,0.0
240,8,0.0
240,9,0.0
240,10,0.0
240,11,0.0
240,12,0.0
240,13,0.0
240,14,0.0
240,15,0.0
240,16,0.0
240,17,0.0
240,18,0.0
240,19,0.0
240,20,0.0
240,21,0.0
240,22,0.0
240,23,0.0
240,24,0.0
240,25,152.54317500000002
240,26,292.75295
240,27,432.962725
240,28,573.1725
240,29,785.6231625
240,30,998.073825
240,31,1210.5244875
240,32,1422.97515
240,33,1477.686535
240,34,1532.39792
240,35,1587.109305
240,36,1641.82069
240,37,1650.6561975
240,38,1659.491705
240,39,1668.3272125
240,40,1677.16272
240,41,1675.276765
240,42,1673.39081
240,43,1671.504855
240,44,1669.6189
240,45,1671.6451674999998
240,46,1673.671435
240,47,1675.6977025
240,48,1677.72397
240,49,1675.281945
240,50,1672.83992
240,51,1670.397895
240,52,1667.95587
240,53,1664.9972475
240,54,1662.038625
240,55,1659.0800025
240,56,1656.12138
240,57,1658.075825
240,58,1660.03027
240,59,1661.984715
240,60,1663.93916
240,61,1650.4777075
240,62,1637.016255
240,63,1623.5548025
240,64,1610.09335
240,65,1552.9544975
240,66,1495.815645
240,67,1438.6767925
240,68,1381.53794
240,69,1189.99077
240,70,998.4436
240,71,806.89643
240,72,615.34926
240,73,471.91778
240,74,328.4863
240,75,185.05481999999995
240,76,0.0
240,77,0.0
240,78,0.0
240,79,0.0
240,80,0.0
240,81,0.0
240,82,0.0
240,83,0.0
240,84,0.0
240,85,0.0
240,86,0.0
240,87,0.0
240,88,0.0
240,89,0.0
240,90,0.0
240,91,0.0
240,92,0.0
240,93,0.0
240,94,0.0
240,95,0.0
241,0,0.0
241,1,0.0
241,2,0.0
241,3,0.0
241,4,0.0
241,5,0.0
241,6,0.0
241,7,0.0
241,8,0.0
241,9,0.0
241,10,0.0
241,11,0.0
241,12,0.0
241,13,0.0
241,14,0.0
241,15,0.0
241,16,0.0
241,17,0.0
241,18,0.0
241,19,0.0
241,20,0.0
241,21,0.0
241,22,0.0
241,23,0.0
241,24,0.0
241,25,158.96409
241,26,306.81226000000004
241,27,454.6604300000001
241,28,602.5086
241,29,818.242385
241,30,1033.97617
241,31,1249.7099549999998
241,32,1465.44374
241,33,1516.1814625
241,34,1566.919185
241,35,1617.6569075
241,36,1668.39463
241,37,1675.523515
241,38,1682.6524
241,39,1689.781285
241,40,1696.91017
241,41,1700.4218275
241,42,1703.933485
241,43,1707.4451425
241,44,1710.9568
241,45,1712.99909
241,46,1715.04138
241,47,1717.08367
241,48,1719.12596
241,49,1719.3424325
241,50,1719.558905
241,51,1719.7753775
241,52,1719.99185
241,53,1720.9300075
241,54,1721.868165
241,55,1722.8063225
241,56,1723.74448
241,57,1723.8654675
241,58,1723.986455
241,59,1724.1074425
241,60,1724.22843
241,61,1704.22866
241,62,1684.22889
241,63,1664.22912
241,64,1644.22935
241,65,1585.4960475
241,66,1526.762745
241,67,1468.0294425
241,68,1409.29614
241,69,1205.8379375
241,70,1002.379735
241,71,798.9215325
241,72,595.46333
241,73,455.0632075
241,74,314.663085
241,75,174.2629625
241,76,0.0
241,77,0.0
241,78,0.0
241,79,0.0
241,80,0.0
241,81,0.0
241,82,0.0
241,83,0.0
241,84,0.0
241,85,0.0
241,86,0.0
241,87,0.0
241,88,0.0
241,89,0.0
241,90,0.0
241,91,0.0
241,92,0.0
241,93,0.0
241,94,0.0
241,95,0.0
242,0,0.0
242,1,0.0
242,2,0.0
242,3,0.0
242,4,0.0
242,5,0.0
242,6,0.0
242,7,0.0
242,8,0.0
242,9,0.0
242,10,0.0
242,11,0.0
242,12,0.0
242,13,0.0
242,14,0.0
242,15,0.0
242,16,0.0
242,17,0.0
242,18,0.0
242,19,0.0
242,20,0.0
242,21,0.0
242,22,0.0
242,23,0.0
242,24,0.0
242,25,153.25280999999998
242,26,290.77648
242,27,428.3001499999999
242,28,565.82382
242,29,784.161155
242,30,1002.49849
242,31,1220.835825
242,32,1439.17316
242,33,1496.5660575000002
242,34,1553.958955
242,35,1611.3518525
242,36,1668.74475
242,37,1675.774075
242,38,1682.8034
242,39,1689.832725
242,40,1696.86205
242,41,1693.94653
242,42,1691.0310100000002
242,43,1688.11549
242,44,1685.19997
242,45,1682.28445
242,46,1679.36893
242,47,1676.45341
242,48,1673.53789
242,49,1673.2659075
242,50,1672.993925
242,51,1672.7219424999998
242,52,1672.44996
242,53,1674.52305
242,54,1676.59614
242,55,1678.66923
242,56,1680.74232
242,57,1684.8216175
242,58,1688.9009150000002
242,59,1692.9802125
242,60,1697.05951
242,61,1683.941675
242,62,1670.82384
242,63,1657.706005
242,64,1644.58817
242,65,1578.87172
242,66,1513.15527
242,67,1447.43882
242,68,1381.72237
242,69,1177.479535
242,70,973.2367
242,71,768.993865
242,72,564.75103
242,73,434.47487
242,74,304.19871
242,75,173.92255
242,76,0.0
242,77,0.0
242,78,0.0
242,79,0.0
242,80,0.0
242,81,0.0
242,82,0.0
242,83,0.0
242,84,0.0
242,85,0.0
242,86,0.0
242,87,0.0
242,88,0.0
242,89,0.0
242,90,0.0
242,91,0.0
242,92,0.0
242,93,0.0
242,94,0.0
242,95,0.0
243,0,0.0
243,1,0.0
243,2,0.0
243,3,0.0
243,4,0.0
243,5,0.0
243,6,0.0
243,7,0.0
243,8,0.0
243,9,0.0
243,10,0.0
243,11,0.0
243,12,0.0
243,13,0.0
243,14,0.0
243,15,0.0
243,16,0.0
243,17,0.0
243,18,0.0
243,19,0.0
243,20,0.0
243,21,0.0
243,22,0.0
243,23,0.0
243,24,0.0
243,25,0.0
243,26,185.88967896136285
243,27,327.4643112845737
243,28,503.57174
243,29,708.6962666642606
243,30,920.884895568862
243,31,1114.0753066890325
243,32,1262.20518
243,33,1347.2786904042368
243,34,1383.5659925131893
243,35,1393.4037358655469
243,36,1399.12857
243,37,1417.7111815625424
243,38,1444.6584056283816
243,39,1470.1111143800306
243,40,1484.21018
243,41,1480.2157922518445
243,42,1463.8654112232846
243,43,1444.015814583082
243,44,1429.52378
243,45,1426.7836823988296
243,46,1432.3402857284807
243,47,1440.2759511938912
243,48,1444.6730399999997
243,49,1441.786867527836
243,50,1436.5645658627925
243,51,1436.1262212663523
243,52,1447.5919200000003
243,53,1474.0770834273262
243,54,1502.6784733203503
243,55,1516.4881865531995
243,56,1498.59832
243,57,1438.2911947003597
243,58,1349.6100283558062
243,59,1252.7882628333502
243,60,1168.05934
243,61,1110.4485843337366
243,62,1074.1488507564245
243,63,1048.1448768009
243,64,1021.4214
243,65,984.3149412459452
243,66,932.5691548684962
243,67,863.2794785567993
243,68,773.54135
243,69,662.7355289637333
243,70,539.3840635195905
243,71,414.2943238156527
243,72,298.27368
243,73,200.3276391491217
243,74,122.2542560531412
243,75,0.0
243,76,0.0
243,77,0.0
243,78,0.0
243,79,0.0
243,80,0.0
243,81,0.0
243,82,0.0
243,83,0.0
243,84,0.0
243,85,0.0
243,86,0.0
243,87,0.0
243,88,0.0
243,89,0.0
243,90,0.0
243,91,0.0
243,92,0.0
243,93,0.0
243,94,0.0
243,95,0.0
244,0,0.0
244,1,0.0
244,2,0.0
244,3,0.0
244,4,0.0
244,5,0.0
244,6,0.0
244,7,0.0
244,8,0.0
244,9,0.0
244,10,0.0
244,11,0.0
244,12,0.0
244,13,0.0
244,14,0.0
244,15,0.0
244,16,0.0
244,17,0.0
244,18,0.0
244,19,0.0
244,20,0.0
244,21,0.0
244,22,0.0
244,23,0.0
244,24,0.0
244,25,0.0
244,26,147.68643647057343
244,27,252.06884812849424
244,28,364.81419
244,29,476.3500947745984
244,30,576.1461321043403
244,31,653.4323558819118
244,32,697.43882
244,33,702.5072113554902
244,34,683.4257488620655
244,35,660.094284437608
244,36,652.41267
244,37,674.6746569909409
244,38,718.7495949473979
244,39,770.9007329301562
244,40,817.39132
244,41,848.3815108369967
244,42,869.6190825983429
244,43,890.7487180605176
244,44,921.4151
244,45,967.8298282548224
244,46,1022.4721709092304
244,47,1074.388313109023
244,48,1112.6244399999998
244,49,1128.9803486437138
244,50,1126.270283764735
244,51,1110.0621020033886
244,52,1085.9236599999997
244,53,1059.3108687328229
244,54,1035.2318565318294
244,55,1018.5828060649216
244,56,1014.2599
244,57,1025.0132982999949
244,58,1045.009070107947
244,59,1066.2672618619256
244,60,1080.80792
244,61,1082.145832129698
244,62,1069.774750536383
244,63,1044.6831686748762
244,64,1007.85958
244,65,959.7769605249632
244,66,898.846216496522
244,67,822.9627367198198
244,68,730.02191
244,69,619.8519182704496
244,70,500.0121159775296
244,71,379.9946506958447
244,72,269.29167
244,73,175.85630279948884
244,74,0.0
244,75,0.0
244,76,0.0
244,77,0.0
244,78,0.0
244,79,0.0
244,80,0.0
244,81,0.0
244,82,0.0
244,83,0.0
244,84,0.0
244,85,0.0
244,86,0.0
244,87,0.0
244,88,0.0
244,89,0.0
244,90,0.0
244,91,0.0
244,92,0.0
244,93,0.0
244,94,0.0
244,95,0.0
245,0,0.0
245,1,0.0
245,2,0.0
245,3,0.0
245,4,0.0
245,5,0.0
245,6,0.0
245,7,0.0
245,8,0.0
245,9,0.0
245,10,0.0
245,11,0.0
245,12,0.0
245,13,0.0
245,14,0.0
245,15,0.0
245,16,0.0
245,17,0.0
245,18,0.0
245,19,0.0
245,20,0.0
245,21,0.0
245,22,0.0
245,23,0.0
245,24,0.0
245,25,0.0
245,26,0.0
245,27,0.0
245,28,0.0
245,29,153.66230378854044
245,30,212.31653434652884
245,31,268.4655752312527
245,32,313.84097
245,33,343.4326178497305
245,34,365.2638405360931
245,35,390.6163154544092
245,36,430.77172
245,37,493.8262007500378
245,38,575.1337810090989
245,39,666.8629532636106
245,40,761.18221
245,41,850.3944977438683
245,42,927.3405791775112
245,43,984.9956710223984
245,44,1016.33499
245,45,1017.512976399489
245,46,997.4009647808562
245,47,968.0495132717948
245,48,941.50918
245,49,927.8838907206753
245,50,929.4910416990645
245,51,946.7013968279214
245,52,979.88572
245,53,1026.32628181156
245,54,1070.9513796728863
245,55,1095.6008176977691
245,56,1082.1143999999997
245,57,1020.493428283084
245,58,933.38519460939
245,59,851.5984886310008
245,60,805.9421
245,61,816.970230524853
245,62,864.2187306395534
245,63,916.9688629344772
245,64,944.50189
245,65,924.051745398754
245,66,864.6630465823962
245,67,783.3330819748403
245,68,697.05914
245,69,618.7668786613812
245,70,545.0954342808615
245,71,468.6123127599111
245,72,381.88502
245,73,281.11428667447115
245,74,177.0337425441577
245,75,0.0
245,76,0.0
245,77,0.0
245,78,0.0
245,79,0.0
245,80,0.0
245,81,0.0
245,82,0.0
245,83,0.0
245,84,0.0
245,85,0.0
245,86,0.0
245,87,0.0
245,88,0.0
245,89,0.0
245,90,0.0
245,91,0.0
245,92,0.0
245,93,0.0
245,94,0.0
245,95,0.0
246,0,0.0
246,1,0.0
246,2,0.0
246,3,0.0
246,4,0.0
246,5,0.0
246,6,0.0
246,7,0.0
246,8,0.0
246,9,0.0
246,10,0.0
246,11,0.0
246,12,0.0
246,13,0.0
246,14,0.0
246,15,0.0
246,16,0.0
246,17,0.0
246,18,0.0
246,19,0.0
246,20,0.0
246,21,0.0
246,22,0.0
246,23,0.0
246,24,0.0
246,25,0.0
246,26,242.2439494664149
246,27,410.7161253963274
246,28,607.81741
246,29,823.9264056954681
246,30,1040.97690094504
246,31,1238.7914807220918
246,32,1397.19273
246,33,1501.6693374773324
246,34,1560.3744067534249
246,35,1587.1271451528046
246,36,1595.74676
246,37,1598.083268926452
246,38,1598.109930791261
246,39,1597.830814760439
246,40,1599.24999
246,41,1603.6528740043589
246,42,1609.4502775815329
246,43,1614.3343598679403
246,44,1615.99728
246,45,1612.8748203686123
246,46,1606.3772563826087
246,47,1598.6584867053
246,48,1591.87241
246,49,1587.6922821774408
246,50,1585.868788138034
246,51,1585.67197002961
246,52,1586.37187
246,53,1587.471830296624
246,54,1589.408393565256
246,55,1592.85140255126
246,56,1598.4707
246,57,1606.4195031985637
246,58,1614.784527600942
246,59,1621.1358632028491
246,60,1623.0436
246,61,1618.7164097216205
246,62,1608.917291030977
246,63,1595.047824324844
246,64,1578.50959
246,65,1557.9604243212038
246,66,1521.0831870251525
246,67,1452.8169937165242
246,68,1338.10096
246,69,1168.3380564310628
246,70,960.786673368414
246,71,739.1690561215581
246,72,527.20745
246,73,344.9435126107943
246,74,197.69655075119204
246,75,0.0
246,76,0.0
246,77,0.0
246,78,0.0
246,79,0.0
246,80,0.0
246,81,0.0
246,82,0.0
246,83,0.0
246,84,0.0
246,85,0.0
246,86,0.0
246,87,0.0
246,88,0.0
246,89,0.0
246,90,0.0
246,91,0.0
246,92,0.0
246,93,0.0
246,94,0.0
246,95,0.0
247,0,0.0
247,1,0.0
247,2,0.0
247,3,0.0
247,4,0.0
247,5,0.0
247,6,0.0
247,7,0.0
247,8,0.0
247,9,0.0
247,10,0.0
247,11,0.0
247,12,0.0
247,13,0.0
247,14,0.0
247,15,0.0
247,16,0.0
247,17,0.0
247,18,0.0
247,19,0.0
247,20,0.0
247,21,0.0
247,22,0.0
247,23,0.0
247,24,0.0
247,25,0.0
247,26,209.29214369931125
247,27,366.69357702627616
247,28,555.49811
247,29,767.747185081104
247,30,983.426948587036
247,31,1179.5097227994495
247,32,1332.96783
247,33,1427.6668992778934
247,34,1475.0457869525453
247,35,1493.4366561509246
247,36,1501.17167
247,37,1513.0504089010733
247,38,1529.742122352783
247,39,1548.3834771281013
247,40,1566.11114
247,41,1580.3447076178134
247,42,1589.6354961363224
247,43,1592.8177515866705
247,44,1588.72572
247,45,1577.0191673464233
247,46,1560.6599393519268
247,47,1543.4354016814673
247,48,1529.13292
247,49,1520.5777047152442
247,50,1516.74634520597
247,51,1515.6532755937108
247,52,1515.31293
247,53,1514.361268480101
247,54,1513.9203548241935
247,55,1515.7337787561898
247,56,1521.54513
247,57,1532.177156051854
247,58,1544.7692354972564
247,59,1555.53990469403
247,60,1560.7077000000002
247,61,1557.5282418437337
247,62,1547.405486936782
247,63,1532.7804760614388
247,64,1516.09425
247,65,1496.753053291961
247,66,1462.023945505617
247,67,1396.1391899664648
247,68,1283.33105
247,69,1114.6833040509232
247,70,908.6857910407508
247,71,690.679865010203
247,72,486.00688
247,73,315.6120072230961
247,74,182.85568658137987
247,75,0.0
247,76,0.0
247,77,0.0
247,78,0.0
247,79,0.0
247,80,0.0
247,81,0.0
247,82,0.0
247,83,0.0
247,84,0.0
247,85,0.0
247,86,0.0
247,87,0.0
247,88,0.0
247,89,0.0
247,90,0.0
247,91,0.0
247,92,0.0
247,93,0.0
247,94,0.0
247,95,0.0
248,0,0.0
248,1,0.0
248,2,0.0
248,3,0.0
248,4,0.0
248,5,0.0
248,6,0.0
248,7,0.0
248,8,0.0
248,9,0.0
248,10,0.0
248,11,0.0
248,12,0.0
248,13,0.0
248,14,0.0
248,15,0.0
248,16,0.0
248,17,0.0
248,18,0.0
248,19,0.0
248,20,0.0
248,21,0.0
248,22,0.0
248,23,0.0
248,24,0.0
248,25,0.0
248,26,201.5375348622609
248,27,346.3059003746575
248,28,528.46978
248,29,743.249297930609
248,30,969.3233689517832
248,31,1181.2356054970658
248,32,1353.52962
248,33,1467.66237745258
248,34,1532.7442530806054
248,35,1564.7989746683284
248,36,1579.85027
248,37,1590.9995961653212
248,38,1599.6593274757945
248,39,1604.31956754837
248,40,1603.47042
248,41,1596.5598058548846
248,42,1586.8669157662173
248,43,1578.6287577944415
248,44,1576.08234
248,45,1582.0211776026406
248,46,1593.4648144593357
248,47,1605.989301586363
248,48,1615.17069
248,49,1617.9445420158022
248,50,1616.6844651464392
248,51,1615.123578203856
248,52,1616.995
248,53,1624.949512927899
248,54,1637.3085537049074
248,55,1651.3112226294625
248,56,1664.19662
248,57,1673.6658790851016
248,58,1679.26826503393
248,59,1681.0150759657938
248,60,1678.91761
248,61,1672.9167388566943
248,62,1662.6716286593712
248,63,1647.7710191323622
248,64,1627.80365
248,65,1599.9432998631214
248,66,1551.7039028285851
248,67,1468.184431879757
248,68,1334.48386
248,69,1142.9454088783204
248,70,914.889295026287
248,71,678.8799836611101
248,72,463.48194000000007
248,73,291.69848056109737
248,74,164.28832706626653
248,75,0.0
248,76,0.0
248,77,0.0
248,78,0.0
248,79,0.0
248,80,0.0
248,81,0.0
248,82,0.0
248,83,0.0
248,84,0.0
248,85,0.0
248,86,0.0
248,87,0.0
248,88,0.0
248,89,0.0
248,90,0.0
248,91,0.0
248,92,0.0
248,93,0.0
248,94,0.0
248,95,0.0
249,0,0.0
249,1,0.0
249,2,0.0
249,3,0.0
249,4,0.0
249,5,0.0
249,6,0.0
249,7,0.0
249,8,0.0
249,9,0.0
249,10,0.0
249,11,0.0
249,12,0.0
249,13,0.0
249,14,0.0
249,15,0.0
249,16,0.0
249,17,0.0
249,18,0.0
249,19,0.0
249,20,0.0
249,21,0.0
249,22,0.0
249,23,0.0
249,24,0.0
249,25,0.0
249,26,208.55150041612265
249,27,359.03231067315386
249,28,547.76994
249,29,769.7292338688648
249,30,1003.58338252926
249,31,1223.9326624250252
249,32,1405.37735
249,33,1529.1712131672614
249,34,1603.1819857168373
249,35,1641.9308929079946
249,36,1659.93916
249,37,1669.5254608058403
249,38,1674.1982633533903
249,39,1675.2634842242448
249,40,1674.02704
249,41,1671.6231725156267
249,42,1668.4994246196013
249,43,1664.9316644137748
249,44,1661.19576
249,45,1657.249409444153
249,46,1651.7776306682056
249,47,1643.1472715581556
249,48,1629.72518
249,49,1611.1100459577622
249,50,1591.8279277075767
249,51,1577.6367256036024
249,52,1574.29434
249,53,1585.5212590685464
249,54,1606.8883222514874
249,55,1631.9289568086842
249,56,1654.17659
249,57,1668.5086910493014
249,58,1675.1788970364753
249,59,1675.784887005411
249,60,1671.92434
249,61,1664.7579572029974
249,62,1653.6985283526135
249,63,1637.721865325923
249,64,1615.80378
249,65,1584.6996157637086
249,66,1532.282842053071
249,67,1444.206459815898
249,68,1306.12347
249,69,1110.898171460918
249,70,880.2400546851036
249,71,643.0699080667375
249,72,428.30852
249,73,259.09237620511925
249,74,135.4207517065145
249,75,0.0
249,76,0.0
249,77,0.0
249,78,0.0
249,79,0.0
249,80,0.0
249,81,0.0
249,82,0.0
249,83,0.0
249,84,0.0
249,85,0.0
249,86,0.0
249,87,0.0
249,88,0.0
249,89,0.0
249,90,0.0
249,91,0.0
249,92,0.0
249,93,0.0
249,94,0.0
249,95,0.0
250,0,0.0
250,1,0.0
250,2,0.0
250,3,0.0
250,4,0.0
250,5,0.0
250,6,0.0
250,7,0.0
250,8,0.0
250,9,0.0
250,10,0.0
250,11,0.0
250,12,0.0
250,13,0.0
250,14,0.0
250,15,0.0
250,16,0.0
250,17,0.0
250,18,0.0
250,19,0.0
250,20,0.0
250,21,0.0
250,22,0.0
250,23,0.0
250,24,0.0
250,25,0.0
250,26,174.75306858349953
250,27,318.84433922055945
250,28,502.82893000000007
250,29,722.7791862430737
250,30,956.8195568195224
250,31,1178.587516486209
250,32,1361.72054
250,33,1486.6113327792657
250,34,1560.6735228884113
250,35,1598.0759690533516
250,36,1612.98753
250,37,1617.7521107648647
250,38,1617.4138016268323
250,39,1615.1917391753836
250,40,1614.30506
250,41,1617.018876817525
250,42,1621.782206854259
250,43,1626.090043463863
250,44,1627.43738
250,45,1624.189600558784
250,46,1618.1936522061324
250,47,1612.1668727504152
250,48,1608.8266
250,49,1609.9891878223395
250,50,1613.8670543212122
250,51,1617.7716336594788
250,52,1619.01436
250,53,1615.8463736206077
250,54,1610.2776392590188
250,55,1605.2578277679202
250,56,1603.73661
250,57,1607.600157382729
250,58,1614.4806436427125
250,59,1620.94674308134
250,60,1623.56713
250,61,1619.5683273172262
250,62,1608.8082524201309
250,63,1591.8026713129698
250,64,1569.06735
250,65,1538.5690594421162
250,66,1488.078590426765
250,67,1402.8177386980312
250,68,1268.0083
250,69,1076.195257570559
250,70,849.2163446228095
250,71,616.2324818636552
250,72,406.40459
250,73,242.9352376193972
250,74,125.1935848319968
250,75,0.0
250,76,0.0
250,77,0.0
250,78,0.0
250,79,0.0
250,80,0.0
250,81,0.0
250,82,0.0
250,83,0.0
250,84,0.0
250,85,0.0
250,86,0.0
250,87,0.0
250,88,0.0
250,89,0.0
250,90,0.0
250,91,0.0
250,92,0.0
250,93,0.0
250,94,0.0
250,95,0.0
251,0,0.0
251,1,0.0
251,2,0.0
251,3,0.0
251,4,0.0
251,5,0.0
251,6,0.0
251,7,0.0
251,8,0.0
251,9,0.0
251,10,0.0
251,11,0.0
251,12,0.0
251,13,0.0
251,14,0.0
251,15,0.0
251,16,0.0
251,17,0.0
251,18,0.0
251,19,0.0
251,20,0.0
251,21,0.0
251,22,0.0
251,23,0.0
251,24,0.0
251,25,0.0
251,26,0.0
251,27,120.78467584972176
251,28,204.88707
251,29,314.9038512609169
251,30,445.0062692264743
251,31,587.4567750787945
251,32,734.51782
251,33,878.6906260469614
251,34,1013.4314987755412
251,35,1132.4355146163502
251,36,1229.39775
251,37,1299.7867504887383
251,38,1346.164938171362
251,39,1372.868204268305
251,40,1384.23244
251,41,1385.0266249668357
251,42,1381.7520922890114
251,43,1381.3432634666815
251,44,1390.73456
251,45,1414.26110464392
251,46,1445.8608251725925
251,47,1476.8723506149688
251,48,1498.6343099999997
251,49,1505.0899627074857
251,50,1500.601089520619
251,51,1492.134101573443
251,52,1486.65541
251,53,1488.6186257761383
251,54,1492.4261592449311
251,55,1489.9676205912583
251,56,1473.13262
251,57,1436.3680693442118
251,58,1384.3500872496566
251,59,1324.312094030273
251,60,1263.48751
251,61,1207.3972340345142
251,62,1154.7120792564428
251,63,1102.39033735015
251,64,1047.3903
251,65,986.5291460802302
251,66,916.0596032245712
251,67,832.0932862566267
251,68,730.74181
251,69,610.6856855508144
251,70,480.88100909527145
251,71,352.85277309209283
251,72,238.12597
251,73,145.98119593526246
251,74,0.0
251,75,0.0
251,76,0.0
251,77,0.0
251,78,0.0
251,79,0.0
251,80,0.0
251,81,0.0
251,82,0.0
251,83,0.0
251,84,0.0
251,85,0.0
251,86,0.0
251,87,0.0
251,88,0.0
251,89,0.0
251,90,0.0
251,91,0.0
251,92,0.0
251,93,0.0
251,94,0.0
251,95,0.0
252,0,0.0
252,1,0.0
252,2,0.0
252,3,0.0
252,4,0.0
252,5,0.0
252,6,0.0
252,7,0.0
252,8,0.0
252,9,0.0
252,10,0.0
252,11,0.0
252,12,0.0
252,13,0.0
252,14,0.0
252,15,0.0
252,16,0.0
252,17,0.0
252,18,0.0
252,19,0.0
252,20,0.0
252,21,0.0
252,22,0.0
252,23,0.0
252,24,0.0
252,25,0.0
252,26,0.0
252,27,148.05492913873047
252,28,247.97364
252,29,377.2419510146162
252,30,527.8753640385042
252,31,689.5158700431401
252,32,851.80546
252,33,1004.9609692746352
252,34,1141.4986108088965
252,35,1254.5094419387094
252,36,1337.08452
252,37,1385.5764589180935
252,38,1409.3840989759112
252,39,1421.167837045773
252,40,1433.58807
252,41,1455.866253177991
252,42,1483.4680757874603
252,43,1508.420285503199
252,44,1522.74963
252,45,1521.2481232136918
252,46,1509.7688441242487
252,47,1496.9301379726808
252,48,1491.35035
252,49,1499.1973561547416
252,50,1516.8371552155452
252,51,1538.1852766685763
252,52,1557.1572500000002
252,53,1569.1768866985915
252,54,1575.7011262635694
252,55,1579.6951901967627
252,56,1584.1243
252,57,1591.150083925892
252,58,1599.7197972301765
252,59,1607.9771019193724
252,60,1614.06566
252,61,1616.2129361915904
252,62,1612.9816060657247
252,63,1603.0181479069968
252,64,1584.96904
252,65,1555.3958492764966
252,66,1502.5204972569245
252,67,1412.4799941088902
252,68,1271.41135
252,69,1072.8091704524234
252,70,839.598442406578
252,71,602.0617481574434
252,72,390.48167
252,73,228.73578860130988
252,74,0.0
252,75,0.0
252,76,0.0
252,77,0.0
252,78,0.0
252,79,0.0
252,80,0.0
252,81,0.0
252,82,0.0
252,83,0.0
252,84,0.0
252,85,0.0
252,86,0.0
252,87,0.0
252,88,0.0
252,89,0.0
252,90,0.0
252,91,0.0
252,92,0.0
252,93,0.0
252,94,0.0
252,95,0.0
253,0,0.0
253,1,0.0
253,2,0.0
253,3,0.0
253,4,0.0
253,5,0.0
253,6,0.0
253,7,0.0
253,8,0.0
253,9,0.0
253,10,0.0
253,11,0.0
253,12,0.0
253,13,0.0
253,14,0.0
253,15,0.0
253,16,0.0
253,17,0.0
253,18,0.0
253,19,0.0
253,20,0.0
253,21,0.0
253,22,0.0
253,23,0.0
253,24,0.0
253,25,0.0
253,26,175.8794763017717
253,27,325.56571986473614
253,28,520.022
253,29,755.6581678256272
253,30,1006.3483900391976
253,31,1240.3329122331688
253,32,1425.85198
253,33,1539.323295359569
253,34,1589.8743860414386
253,35,1594.810236202588
253,36,1571.43583
253,37,1534.6543749548446
253,38,1489.7619720450489
253,39,1439.6529456127284
253,40,1387.22162
253,41,1335.5959895085523
253,42,1288.838728278367
253,43,1251.246180408998
253,44,1227.11469
253,45,1219.4601454484462
253,46,1226.176612341484
253,47,1243.87770056378
253,48,1269.1770200000003
253,49,1299.296336041413
253,50,1333.8900361056972
253,51,1373.2206631171327
253,52,1417.55076
253,53,1466.2283647609022
253,54,1514.9434957357278
253,55,1558.4716663426898
253,56,1591.58839
253,57,1609.7266610087302
253,58,1610.949397201392
253,59,1593.9769972933582
253,60,1557.52986
253,61,1501.535855422928
253,62,1430.752739208704
253,63,1351.145738390128
253,64,1268.6800800000003
253,65,1187.1850802683082
253,66,1101.946412213792
253,67,1006.1138380523798
253,68,892.83712
253,69,758.3929361600901
253,70,611.5656281861282
253,71,464.2664536191022
253,72,328.40667
253,73,213.9655655600816
253,74,123.19455129169508
253,75,0.0
253,76,0.0
253,77,0.0
253,78,0.0
253,79,0.0
253,80,0.0
253,81,0.0
253,82,0.0
253,83,0.0
253,84,0.0
253,85,0.0
253,86,0.0
253,87,0.0
253,88,0.0
253,89,0.0
253,90,0.0
253,91,0.0
253,92,0.0
253,93,0.0
253,94,0.0
253,95,0.0
254,0,0.0
254,1,0.0
254,2,0.0
254,3,0.0
254,4,0.0
254,5,0.0
254,6,0.0
254,7,0.0
254,8,0.0
254,9,0.0
254,10,0.0
254,11,0.0
254,12,0.0
254,13,0.0
254,14,0.0
254,15,0.0
254,16,0.0
254,17,0.0
254,18,0.0
254,19,0.0
254,20,0.0
254,21,0.0
254,22,0.0
254,23,0.0
254,24,0.0
254,25,0.0
254,26,170.87297373754186
254,27,311.326026607101
254,28,500.56758
254,29,737.3628676107369
254,30,995.1389583433591
254,31,1240.9883799043018
254,32,1442.0036600000003
254,33,1573.8876496203409
254,34,1646.7844928890215
254,35,1679.4486572131916
254,36,1690.6346099999998
254,37,1696.0517370328998
254,38,1699.229097600555
254,39,1700.650669367933
254,40,1700.80043
254,41,1700.07209959181
254,42,1698.4983679587583
254,43,1696.0216673463278
254,44,1692.5844300000003
254,45,1688.2234531936108
254,46,1683.3529943144113
254,47,1678.481675778006
254,48,1674.11812
254,49,1670.695952008747
254,50,1668.348807283597
254,51,1667.1353239166483
254,52,1667.11414
254,53,1668.2958958026502
254,54,1670.4992403012002
254,55,1673.4948246491497
254,56,1677.0533
254,57,1680.867761343151
254,58,1684.321079011602
254,59,1686.7185671742518
254,60,1687.3655400000002
254,61,1685.369957418496
254,62,1679.0503624023925
254,63,1666.5279436850929
254,64,1645.9238899999998
254,65,1613.2129972641148
254,66,1555.7844901288274
254,67,1458.8812004291267
254,68,1307.7459599999995
254,69,1095.6917188375453
254,70,848.3118995822974
254,71,599.2700430359009
254,72,382.22969
254,73,223.19451191695413
254,74,0.0
254,75,0.0
254,76,0.0
254,77,0.0
254,78,0.0
254,79,0.0
254,80,0.0
254,81,0.0
254,82,0.0
254,83,0.0
254,84,0.0
254,85,0.0
254,86,0.0
254,87,0.0
254,88,0.0
254,89,0.0
254,90,0.0
254,91,0.0
254,92,0.0
254,93,0.0
254,94,0.0
254,95,0.0
255,0,0.0
255,1,0.0
255,2,0.0
255,3,0.0
255,4,0.0
255,5,0.0
255,6,0.0
255,7,0.0
255,8,0.0
255,9,0.0
255,10,0.0
255,11,0.0
255,12,0.0
255,13,0.0
255,14,0.0
255,15,0.0
255,16,0.0
255,17,0.0
255,18,0.0
255,19,0.0
255,20,0.0
255,21,0.0
255,22,0.0
255,23,0.0
255,24,0.0
255,25,0.0
255,26,159.08561076662403
255,27,297.7818504105538
255,28,482.47968
255,29,711.4175732327047
255,30,959.7616772820656
255,31,1196.9100576903934
255,32,1392.26078
255,33,1523.150937579799
255,34,1598.6737351051138
255,35,1635.861405077872
255,36,1651.74618
255,37,1660.6588942606006
255,38,1666.12478979748
255,39,1668.967710435619
255,40,1670.0115
255,41,1669.976059127799
255,42,1669.165515704968
255,43,1667.7800544296529
255,44,1666.01986
255,45,1664.0290973532033
255,46,1661.7278523826494
255,47,1658.9801912207702
255,48,1655.65018
255,49,1651.770431771887
255,50,1648.0477472644357
255,51,1645.357474124767
255,52,1644.5749599999997
255,53,1646.2524705592498
255,54,1649.649943559608
255,55,1653.7042347801628
255,56,1657.3522
255,57,1659.6868214598646
255,58,1660.4255872471315
255,59,1659.4421119108324
255,60,1656.61001
255,61,1651.3644589137914
255,62,1641.386887451866
255,63,1623.9202872640076
255,64,1596.2076500000005
255,65,1553.9592488224694
255,66,1486.7544829454057
255,67,1382.6400330956385
255,68,1229.6625799999997
255,69,1023.0062632963304
255,70,786.4050582665129
255,71,550.7303991034386
255,72,346.85372
255,73,198.5188511172075
255,74,0.0
255,75,0.0
255,76,0.0
255,77,0.0
255,78,0.0
255,79,0.0
255,80,0.0
255,81,0.0
255,82,0.0
255,83,0.0
255,84,0.0
255,85,0.0
255,86,0.0
255,87,0.0
255,88,0.0
255,89,0.0
255,90,0.0
255,91,0.0
255,92,0.0
255,93,0.0
255,94,0.0
255,95,0.0
256,0,0.0
256,1,0.0
256,2,0.0
256,3,0.0
256,4,0.0
256,5,0.0
256,6,0.0
256,7,0.0
256,8,0.0
256,9,0.0
256,10,0.0
256,11,0.0
256,12,0.0
256,13,0.0
256,14,0.0
256,15,0.0
256,16,0.0
256,17,0.0
256,18,0.0
256,19,0.0
256,20,0.0
256,21,0.0
256,22,0.0
256,23,0.0
256,24,0.0
256,25,0.0
256,26,138.509549036048
256,27,266.78795982918683
256,28,443.19371
256,29,667.0139009070926
256,30,909.5983237606972
256,31,1135.312442233953
256,32,1308.52172
256,33,1404.3680456154943
256,34,1441.0990071711633
256,35,1447.7386176412504
256,36,1453.3108900000002
256,37,1479.8506685059292
256,38,1521.4361225546495
256,39,1565.1562528260451
256,40,1598.10006
256,41,1610.8088852045375
256,42,1607.6334313602374
256,43,1596.3767418358186
256,44,1584.84186
256,45,1579.1283031759203
256,46,1578.5214845044
256,47,1580.6032910806794
256,48,1582.95561
256,49,1583.7528074042812
256,50,1583.5391656221625
256,51,1583.4514460289624
256,52,1584.62641
256,53,1587.8830623632052
256,54,1592.769381756951
256,55,1598.5155902722213
256,56,1604.35191
256,57,1609.5548265803984
256,58,1613.5858798500346
256,59,1615.9528731946534
256,60,1616.16361
256,61,1613.2954125652009
256,62,1604.703678842911
256,63,1587.3133256991648
256,64,1558.0492700000002
256,65,1512.535312221297
256,66,1441.1907872783224
256,67,1333.1339136961865
256,68,1177.48291
256,69,970.3424396433592
256,70,735.762945793799
256,71,504.7813165473392
256,72,308.43444
256,73,170.33859998651613
256,74,0.0
256,75,0.0
256,76,0.0
256,77,0.0
256,78,0.0
256,79,0.0
256,80,0.0
256,81,0.0
256,82,0.0
256,83,0.0
256,84,0.0
256,85,0.0
256,86,0.0
256,87,0.0
256,88,0.0
256,89,0.0
256,90,0.0
256,91,0.0
256,92,0.0
256,93,0.0
256,94,0.0
256,95,0.0
257,0,0.0
257,1,0.0
257,2,0.0
257,3,0.0
257,4,0.0
257,5,0.0
257,6,0.0
257,7,0.0
257,8,0.0
257,9,0.0
257,10,0.0
257,11,0.0
257,12,0.0
257,13,0.0
257,14,0.0
257,15,0.0
257,16,0.0
257,17,0.0
257,18,0.0
257,19,0.0
257,20,0.0
257,21,0.0
257,22,0.0
257,23,0.0
257,24,0.0
257,25,108.37647
257,26,213.2541
257,27,318.13173
257,28,423.00936
257,29,585.5251575
257,30,748.040955
257,31,910.5567525
257,32,1073.07255
257,33,1137.641815
257,34,1202.21108
257,35,1266.780345
257,36,1331.34961
257,37,1362.5902875
257,38,1393.830965
257,39,1425.0716425
257,40,1456.31232
257,41,1477.4474
257,42,1498.58248
257,43,1519.71756
257,44,1540.85264
257,45,1501.46899
257,46,1462.08534
257,47,1422.70169
257,48,1383.31804
257,49,1378.9109600000002
257,50,1374.5038800000002
257,51,1370.0968
257,52,1365.68972
257,53,1351.4536575000002
257,54,1337.217595
257,55,1322.9815325
257,56,1308.74547
257,57,1283.3496825
257,58,1257.953895
257,59,1232.5581075
257,60,1207.16232
257,61,1229.741255
257,62,1252.32019
257,63,1274.899125
257,64,1297.47806
257,65,1156.36586
257,66,1015.25366
257,67,874.14146
257,68,733.02926
257,69,572.5382875
257,70,412.047315
257,71,251.55634250000003
257,72,0.0
257,73,0.0
257,74,0.0
257,75,0.0
257,76,0.0
257,77,0.0
257,78,0.0
257,79,0.0
257,80,0.0
257,81,0.0
257,82,0.0
257,83,0.0
257,84,0.0
257,85,0.0
257,86,0.0
257,87,0.0
257,88,0.0
257,89,0.0
257,90,0.0
257,91,0.0
257,92,0.0
257,93,0.0
257,94,0.0
257,95,0.0
258,0,0.0
258,1,0.0
258,2,0.0
258,3,0.0
258,4,0.0
258,5,0.0
258,6,0.0
258,7,0.0
258,8,0.0
258,9,0.0
258,10,0.0
258,11,0.0
258,12,0.0
258,13,0.0
258,14,0.0
258,15,0.0
258,16,0.0
258,17,0.0
258,18,0.0
258,19,0.0
258,20,0.0
258,21,0.0
258,22,0.0
258,23,0.0
258,24,0.0
258,25,106.872365
258,26,213.74473
258,27,320.617095
258,28,427.48946
258,29,551.5384425
258,30,675.5874249999999
258,31,799.6364075
258,32,923.68539
258,33,960.0643625
258,34,996.443335
258,35,1032.8223075
258,36,1069.20128
258,37,1024.401095
258,38,979.60091
258,39,934.800725
258,40,890.00054
258,41,947.6323425
258,42,1005.264145
258,43,1062.8959475
258,44,1120.52775
258,45,1095.988375
258,46,1071.449
258,47,1046.909625
258,48,1022.37025
258,49,1078.605585
258,50,1134.84092
258,51,1191.076255
258,52,1247.31159
258,53,1262.776
258,54,1278.24041
258,55,1293.70482
258,56,1309.16923
258,57,1291.5193925
258,58,1273.869555
258,59,1256.2197175
258,60,1238.56988
258,61,1193.1471075
258,62,1147.724335
258,63,1102.3015625
258,64,1056.87879
258,65,971.6758875
258,66,886.472985
258,67,801.2700825
258,68,716.06718
258,69,589.7462875
258,70,463.425395
258,71,337.1045025
258,72,210.78361
258,73,158.08770750000002
258,74,105.391805
258,75,0.0
258,76,0.0
258,77,0.0
258,78,0.0
258,79,0.0
258,80,0.0
258,81,0.0
258,82,0.0
258,83,0.0
258,84,0.0
258,85,0.0
258,86,0.0
258,87,0.0
258,88,0.0
258,89,0.0
258,90,0.0
258,91,0.0
258,92,0.0
258,93,0.0
258,94,0.0
258,95,0.0
259,0,0.0
259,1,0.0
259,2,0.0
259,3,0.0
259,4,0.0
259,5,0.0
259,6,0.0
259,7,0.0
259,8,0.0
259,9,0.0
259,10,0.0
259,11,0.0
259,12,0.0
259,13,0.0
259,14,0.0
259,15,0.0
259,16,0.0
259,17,0.0
259,18,0.0
259,19,0.0
259,20,0.0
259,21,0.0
259,22,0.0
259,23,0.0
259,24,0.0
259,25,0.0
259,26,189.31558
259,27,283.97337000000005
259,28,378.63116
259,29,612.2796625
259,30,845.928165
259,31,1079.5766675
259,32,1313.22517
259,33,1360.7541
259,34,1408.28303
259,35,1455.81196
259,36,1503.34089
259,37,1508.2260925
259,38,1513.111295
259,39,1517.9964974999998
259,40,1522.8817
259,41,1513.20993
259,42,1503.53816
259,43,1493.86639
259,44,1484.19462
259,45,1489.1117425
259,46,1494.028865
259,47,1498.9459875
259,48,1503.86311
259,49,1493.3727225
259,50,1482.882335
259,51,1472.3919475
259,52,1461.90156
259,53,1436.524675
259,54,1411.14779
259,55,1385.770905
259,56,1360.39402
259,57,1352.3090425
259,58,1344.224065
259,59,1336.1390875
259,60,1328.05411
259,61,1294.1194975
259,62,1260.184885
259,63,1226.2502725
259,64,1192.31566
259,65,1129.5815525
259,66,1066.847445
259,67,1004.1133375
259,68,941.37923
259,69,776.58772
259,70,611.79621
259,71,447.0047
259,72,282.21318999999994
259,73,239.9364625
259,74,197.659735
259,75,155.3830075
259,76,113.10628
259,77,0.0
259,78,0.0
259,79,0.0
259,80,0.0
259,81,0.0
259,82,0.0
259,83,0.0
259,84,0.0
259,85,0.0
259,86,0.0
259,87,0.0
259,88,0.0
259,89,0.0
259,90,0.0
259,91,0.0
259,92,0.0
259,93,0.0
259,94,0.0
259,95,0.0
260,0,0.0
260,1,0.0
260,2,0.0
260,3,0.0
260,4,0.0
260,5,0.0
260,6,0.0
260,7,0.0
260,8,0.0
260,9,0.0
260,10,0.0
260,11,0.0
260,12,0.0
260,13,0.0
260,14,0.0
260,15,0.0
260,16,0.0
260,17,0.0
260,18,0.0
260,19,0.0
260,20,0.0
260,21,0.0
260,22,0.0
260,23,0.0
260,24,0.0
260,25,0.0
260,26,143.62681
260,27,215.440215
260,28,287.25362
260,29,397.3528175
260,30,507.452015
260,31,617.5512125
260,32,727.65041
260,33,797.7823324999999
260,34,867.9142549999999
260,35,938.0461775
260,36,1008.1781
260,37,1047.8482725
260,38,1087.518445
260,39,1127.1886175
260,40,1166.85879
260,41,1218.8722225
260,42,1270.885655
260,43,1322.8990875
260,44,1374.91252
260,45,1349.16939
260,46,1323.4262600000002
260,47,1297.68313
260,48,1271.94
260,49,1259.0845575
260,50,1246.229115
260,51,1233.3736725
260,52,1220.51823
260,53,1179.5261075
260,54,1138.533985
260,55,1097.5418625
260,56,1056.54974
260,57,1012.79149
260,58,969.03324
260,59,925.27499
260,60,881.51674
260,61,810.26322
260,62,739.0097000000001
260,63,667.75618
260,64,596.50266
260,65,549.2649025
260,66,502.027145
260,67,454.7893875
260,68,407.55163
260,69,333.840105
260,70,260.12858
260,71,186.417055
260,72,112.70553
260,73,0.0
260,74,0.0
260,75,0.0
260,76,0.0
260,77,0.0
260,78,0.0
260,79,0.0
260,80,0.0
260,81,0.0
260,82,0.0
260,83,0.0
260,84,0.0
260,85,0.0
260,86,0.0
260,87,0.0
260,88,0.0
260,89,0.0
260,90,0.0
260,91,0.0
260,92,0.0
260,93,0.0
260,94,0.0
260,95,0.0
261,0,0.0
261,1,0.0
261,2,0.0
261,3,0.0
261,4,0.0
261,5,0.0
261,6,0.0
261,7,0.0
261,8,0.0
261,9,0.0
261,10,0.0
261,11,0.0
261,12,0.0
261,13,0.0
261,14,0.0
261,15,0.0
261,16,0.0
261,17,0.0
261,18,0.0
261,19,0.0
261,20,0.0
261,21,0.0
261,22,0.0
261,23,0.0
261,24,0.0
261,25,0.0
261,26,0.0
261,27,0.0
261,28,132.54574
261,29,226.6825275
261,30,320.819315
261,31,414.9561025
261,32,509.09289
261,33,679.9302625
261,34,850.7676349999999
261,35,1021.6050075
261,36,1192.44238
261,37,1233.55888
261,38,1274.67538
261,39,1315.79188
261,40,1356.90838
261,41,1377.7360625
261,42,1398.563745
261,43,1419.3914275
261,44,1440.21911
261,45,1431.6464475
261,46,1423.073785
261,47,1414.5011225
261,48,1405.92846
261,49,1416.40636
261,50,1426.88426
261,51,1437.36216
261,52,1447.84006
261,53,1498.4584725
261,54,1549.076885
261,55,1599.6952975
261,56,1650.31371
261,57,1600.662725
261,58,1551.01174
261,59,1501.360755
261,60,1451.70977
261,61,1387.10251
261,62,1322.49525
261,63,1257.88799
261,64,1193.28073
261,65,1042.11796
261,66,890.9551899999999
261,67,739.79242
261,68,588.62965
261,69,484.67189
261,70,380.71413
261,71,276.75637
261,72,172.79861
261,73,134.8722
261,74,0.0
261,75,0.0
261,76,0.0
261,77,0.0
261,78,0.0
261,79,0.0
261,80,0.0
261,81,0.0
261,82,0.0
261,83,0.0
261,84,0.0
261,85,0.0
261,86,0.0
261,87,0.0
261,88,0.0
261,89,0.0
261,90,0.0
261,91,0.0
261,92,0.0
261,93,0.0
261,94,0.0
261,95,0.0
262,0,0.0
262,1,0.0
262,2,0.0
262,3,0.0
262,4,0.0
262,5,0.0
262,6,0.0
262,7,0.0
262,8,0.0
262,9,0.0
262,10,0.0
262,11,0.0
262,12,0.0
262,13,0.0
262,14,0.0
262,15,0.0
262,16,0.0
262,17,0.0
262,18,0.0
262,19,0.0
262,20,0.0
262,21,0.0
262,22,0.0
262,23,0.0
262,24,0.0
262,25,0.0
262,26,0.0
262,27,178.28021867824594
262,28,328.13561
262,29,536.4074272725142
262,30,777.8908705597613
262,31,1019.8037360671282
262,32,1229.36382
262,33,1381.4791178747912
262,34,1481.8184224520226
262,35,1543.7407258032426
262,36,1580.60502
262,37,1603.9054863845715
262,38,1617.6770633821488
262,39,1624.089878688652
262,40,1625.31406
262,41,1623.3328175244217
262,42,1619.381691519381
262,43,1614.5093047546495
262,44,1609.76428
262,45,1606.0539128927408
262,46,1603.7201905403265
262,47,1602.963772917749
262,48,1603.98532
262,49,1606.754447623366
262,50,1610.3165950693133
262,51,1613.486157480604
262,52,1615.07753
262,53,1614.3379309887962
262,54,1612.2458716824206
262,55,1610.2126865348346
262,56,1609.64971
262,57,1611.4125520151993
262,58,1614.1339244510043
262,59,1615.8908146613069
262,60,1614.76021
262,61,1608.2133529816551
262,62,1591.298506763562
262,63,1558.458189663687
262,64,1504.1349199999995
262,65,1423.2371915269289
262,66,1312.5373997447482
262,67,1169.2739155901934
262,68,990.68511
262,69,778.9010609106286
262,70,555.6186742574444
262,71,347.42656297553805
262,72,180.91334
262,73,0.0
262,74,0.0
262,75,0.0
262,76,0.0
262,77,0.0
262,78,0.0
262,79,0.0
262,80,0.0
262,81,0.0
262,82,0.0
262,83,0.0
262,84,0.0
262,85,0.0
262,86,0.0
262,87,0.0
262,88,0.0
262,89,0.0
262,90,0.0
262,91,0.0
262,92,0.0
262,93,0.0
262,94,0.0
262,95,0.0
263,0,0.0
263,1,0.0
263,2,0.0
263,3,0.0
263,4,0.0
263,5,0.0
263,6,0.0
263,7,0.0
263,8,0.0
263,9,0.0
263,10,0.0
263,11,0.0
263,12,0.0
263,13,0.0
263,14,0.0
263,15,0.0
263,16,0.0
263,17,0.0
263,18,0.0
263,19,0.0
263,20,0.0
263,21,0.0
263,22,0.0
263,23,0.0
263,24,0.0
263,25,0.0
263,26,0.0
263,27,136.07276121747222
263,28,270.00642
263,29,465.1208031121065
263,30,697.6601111218124
263,31,936.107011070612
263,32,1148.94417
263,33,1311.5978029772
263,34,1427.2683171723525
263,35,1506.099667781329
263,36,1558.2358099999997
263,37,1592.610469354095
263,38,1613.3164526887772
263,39,1623.2363371790714
263,40,1625.2527
263,41,1622.0763941376722
263,42,1615.731375822538
263,43,1608.069877096135
263,44,1600.9441300000003
263,45,1595.8848140952182
263,46,1593.1363990210707
263,47,1592.621801936388
263,48,1594.2639400000005
263,49,1597.861342606456
263,50,1602.7149880931793
263,51,1608.001467033313
263,52,1612.89737
263,53,1616.7278031352082
263,54,1619.4119348562117
263,55,1621.0174491491089
263,56,1621.61203
263,57,1621.1540906339608
263,58,1619.1649612319743
263,59,1615.056701214001
263,60,1608.24137
263,61,1597.181565266449
263,62,1576.5420377158914
263,63,1540.038076307388
263,64,1481.38497
263,65,1395.1113978314943
263,66,1278.9995991544606
263,67,1131.6452034001973
263,68,951.64384
263,69,742.0410971575752
263,70,523.6823981662658
263,71,321.8631250918234
263,72,161.87866
263,73,0.0
263,74,0.0
263,75,0.0
263,76,0.0
263,77,0.0
263,78,0.0
263,79,0.0
263,80,0.0
263,81,0.0
263,82,0.0
263,83,0.0
263,84,0.0
263,85,0.0
263,86,0.0
263,87,0.0
263,88,0.0
263,89,0.0
263,90,0.0
263,91,0.0
263,92,0.0
263,93,0.0
263,94,0.0
263,95,0.0
264,0,0.0
264,1,0.0
264,2,0.0
264,3,0.0
264,4,0.0
264,5,0.0
264,6,0.0
264,7,0.0
264,8,0.0
264,9,0.0
264,10,0.0
264,11,0.0
264,12,0.0
264,13,0.0
264,14,0.0
264,15,0.0
264,16,0.0
264,17,0.0
264,18,0.0
264,19,0.0
264,20,0.0
264,21,0.0
264,22,0.0
264,23,0.0
264,24,0.0
264,25,0.0
264,26,0.0
264,27,151.29821321516468
264,28,288.36168
264,29,483.4970050536891
264,30,713.2591593292914
264,31,946.8122639402482
264,32,1153.3204400000002
264,33,1308.9124220439294
264,34,1417.5753982951817
264,35,1490.2611703988432
264,36,1537.92154
264,37,1570.170852239343
264,38,1591.2736262399817
264,39,1604.156924620629
264,40,1611.74781
264,41,1616.566481029949
264,42,1619.505680494893
264,43,1621.051287212391
264,44,1621.68918
264,45,1621.5048497346115
264,46,1618.9822355304464
264,47,1612.2048885610582
264,48,1599.25636
264,49,1579.637717062855
264,50,1558.5200911333216
264,51,1542.4921296371272
264,52,1538.14248
264,53,1549.6128892014688
264,54,1571.2575024362675
264,55,1594.9835644529326
264,56,1612.69832
264,57,1618.4217762875207
264,58,1614.6249903716086
264,59,1605.891781769892
264,60,1596.80597
264,61,1589.3862434609478
264,62,1575.3907660772977
264,63,1544.0125706549986
264,64,1484.44469
264,65,1388.3396451811889
264,66,1257.1879103192014
264,67,1094.9394477976136
264,68,905.54422
264,69,695.9669044080481
264,70,485.23103889589663
264,71,295.37487643579675
264,72,148.43667
264,73,0.0
264,74,0.0
264,75,0.0
264,76,0.0
264,77,0.0
264,78,0.0
264,79,0.0
264,80,0.0
264,81,0.0
264,82,0.0
264,83,0.0
264,84,0.0
264,85,0.0
264,86,0.0
264,87,0.0
264,88,0.0
264,89,0.0
264,90,0.0
264,91,0.0
264,92,0.0
264,93,0.0
264,94,0.0
264,95,0.0
265,0,0.0
265,1,0.0
265,2,0.0
265,3,0.0
265,4,0.0
265,5,0.0
265,6,0.0
265,7,0.0
265,8,0.0
265,9,0.0
265,10,0.0
265,11,0.0
265,12,0.0
265,13,0.0
265,14,0.0
265,15,0.0
265,16,0.0
265,17,0.0
265,18,0.0
265,19,0.0
265,20,0.0
265,21,0.0
265,22,0.0
265,23,0.0
265,24,0.0
265,25,0.0
265,26,0.0
265,27,0.0
265,28,232.89678
265,29,426.49210557152526
265,30,663.5369602727959
265,31,908.7627498376684
265,32,1126.90088
265,33,1290.090499754568
265,34,1400.1017311398357
265,35,1466.1124394551848
265,36,1497.30049
265,37,1502.749445722702
265,38,1491.165660167863
265,39,1471.1611845290922
265,40,1451.34807
265,41,1438.4835798546237
265,42,1431.905825688713
265,43,1429.098131178446
265,44,1427.54382
265,45,1425.1625750150529
265,46,1421.6195158272842
265,47,1417.016121225873
265,48,1411.45387
265,49,1405.0471038351643
265,50,1397.9616160021503
265,51,1390.3760626680607
265,52,1382.4691
265,53,1374.6650571442888
265,54,1368.370955164115
265,55,1365.239488101884
265,56,1366.92335
265,57,1374.50394571268
265,58,1386.7775233413893
265,59,1401.9690417994038
265,60,1418.30346
265,61,1432.866565004991
265,62,1438.1874564703285
265,63,1425.6560622005022
265,64,1386.6623099999997
265,65,1314.1309100486071
265,66,1207.1257020272967
265,67,1066.2453079923378
265,68,892.08835
265,69,689.3694265193304
265,70,479.267041670485
265,71,287.0756759863971
265,72,138.08981
265,73,0.0
265,74,0.0
265,75,0.0
265,76,0.0
265,77,0.0
265,78,0.0
265,79,0.0
265,80,0.0
265,81,0.0
265,82,0.0
265,83,0.0
265,84,0.0
265,85,0.0
265,86,0.0
265,87,0.0
265,88,0.0
265,89,0.0
265,90,0.0
265,91,0.0
265,92,0.0
265,93,0.0
265,94,0.0
265,95,0.0
266,0,0.0
266,1,0.0
266,2,0.0
266,3,0.0
266,4,0.0
266,5,0.0
266,6,0.0
266,7,0.0
266,8,0.0
266,9,0.0
266,10,0.0
266,11,0.0
266,12,0.0
266,13,0.0
266,14,0.0
266,15,0.0
266,16,0.0
266,17,0.0
266,18,0.0
266,19,0.0
266,20,0.0
266,21,0.0
266,22,0.0
266,23,0.0
266,24,0.0
266,25,0.0
266,26,0.0
266,27,159.14731649095154
266,28,292.87867
266,29,485.6254791351133
266,30,713.6673862834159
266,31,945.7015927900104
266,32,1150.4253
266,33,1303.5861860901127
266,34,1409.1338365635793
266,35,1478.068313755256
266,36,1521.38968
266,37,1548.815167910686
266,38,1564.9306912122663
266,39,1573.0393339077143
266,40,1576.44418
266,41,1577.8989319546436
266,42,1577.9597660873542
266,43,1576.6334771763875
266,44,1573.9268599999998
266,45,1569.895301926989
266,46,1564.7885606883174
266,47,1558.9049866054866
266,48,1552.54293
266,49,1546.1993709623996
266,50,1541.1658086593775
266,51,1538.9323720266675
266,52,1540.98919
266,53,1548.1390806296638
266,54,1558.4356184241722
266,55,1569.245067006594
266,56,1577.93369
266,57,1582.5084423001958
266,58,1583.539043893935
266,59,1582.2359060407064
266,60,1579.80944
266,61,1575.7627826695525
266,62,1562.7699735000886
266,63,1531.7977775805805
266,64,1473.81296
266,65,1381.6456796778443
266,66,1255.5796708557104
266,67,1097.762061605721
266,68,910.33998
266,69,699.1049762753207
266,70,484.4262893270689
266,71,290.31758021528265
266,72,140.79251
266,73,0.0
266,74,0.0
266,75,0.0
266,76,0.0
266,77,0.0
266,78,0.0
266,79,0.0
266,80,0.0
266,81,0.0
266,82,0.0
266,83,0.0
266,84,0.0
266,85,0.0
266,86,0.0
266,87,0.0
266,88,0.0
266,89,0.0
266,90,0.0
266,91,0.0
266,92,0.0
266,93,0.0
266,94,0.0
266,95,0.0
267,0,0.0
267,1,0.0
267,2,0.0
267,3,0.0
267,4,0.0
267,5,0.0
267,6,0.0
267,7,0.0
267,8,0.0
267,9,0.0
267,10,0.0
267,11,0.0
267,12,0.0
267,13,0.0
267,14,0.0
267,15,0.0
267,16,0.0
267,17,0.0
267,18,0.0
267,19,0.0
267,20,0.0
267,21,0.0
267,22,0.0
267,23,0.0
267,24,0.0
267,25,0.0
267,26,0.0
267,27,157.40035229523664
267,28,288.85081999999994
267,29,479.26483270403605
267,30,706.30708007607
267,31,940.3218749100688
267,32,1151.6535299999998
267,33,1316.9817215961064
267,34,1438.3275797737297
267,35,1524.0475980644885
267,36,1582.4982699999998
267,37,1621.137580286539
267,38,1643.8294783290112
267,39,1653.5394047069776
267,40,1653.2328
267,41,1645.7063892889864
267,42,1633.082035660226
267,43,1617.3128867013525
267,44,1600.35209
267,45,1584.2320533387644
267,46,1571.302225280085
267,47,1563.9913145813632
267,48,1564.7280300000002
267,49,1574.4812617309565
267,50,1588.3806257194344
267,51,1600.095919348195
267,52,1603.2969400000002
267,53,1594.0633570811592
267,54,1578.114328092177
267,55,1563.5788825571062
267,56,1558.58605
267,57,1568.6252793194064
267,58,1588.6276969118574
267,59,1610.8848485483795
267,60,1627.6882799999998
267,61,1631.9301926724645
267,62,1618.9054105103935
267,63,1584.5094130931257
267,64,1524.63768
267,65,1435.6024918657351
267,66,1315.383333546569
267,67,1162.376490954118
267,68,974.97825
267,69,756.3575828333446
267,70,528.7742065533314
267,71,319.2605244966526
267,72,154.84893999999997
267,73,0.0
267,74,0.0
267,75,0.0
267,76,0.0
267,77,0.0
267,78,0.0
267,79,0.0
267,80,0.0
267,81,0.0
267,82,0.0
267,83,0.0
267,84,0.0
267,85,0.0
267,86,0.0
267,87,0.0
267,88,0.0
267,89,0.0
267,90,0.0
267,91,0.0
267,92,0.0
267,93,0.0
267,94,0.0
267,95,0.0
268,0,0.0
268,1,0.0
268,2,0.0
268,3,0.0
268,4,0.0
268,5,0.0
268,6,0.0
268,7,0.0
268,8,0.0
268,9,0.0
268,10,0.0
268,11,0.0
268,12,0.0
268,13,0.0
268,14,0.0
268,15,0.0
268,16,0.0
268,17,0.0
268,18,0.0
268,19,0.0
268,20,0.0
268,21,0.0
268,22,0.0
268,23,0.0
268,24,0.0
268,25,0.0
268,26,0.0
268,27,169.4170580379592
268,28,325.25925
268,29,547.1217473525969
268,30,806.105334055785
268,31,1064.4301637310805
268,32,1284.31639
268,33,1437.1737025240243
268,34,1531.1699351244956
268,35,1583.6624576627191
268,36,1612.00864
268,37,1630.7395808325543
268,38,1643.0812941962324
268,39,1649.433522961794
268,40,1650.19601
268,41,1646.0160033645084
268,42,1638.5307718405754
268,43,1629.6250893963545
268,44,1621.18373
268,45,1614.7654716469117
268,46,1610.6251084414669
268,47,1608.6914385152886
268,48,1608.89326
268,49,1611.0791422353457
268,50,1614.7767393935578
268,51,1619.433476854991
268,52,1624.4967799999995
268,53,1629.492155661706
268,54,1634.257436484302
268,55,1638.7085365647465
268,56,1642.76137
268,57,1646.3480843365794
268,58,1649.4657609192343
268,59,1652.1277145422723
268,60,1654.34726
268,61,1654.610926991976
268,62,1645.2981048387608
268,63,1617.261397766165
268,64,1561.3534100000002
268,65,1470.081789414266
268,66,1342.5743584757226
268,67,1179.613983299318
268,68,981.98353
268,69,754.8666817572087
268,70,521.0503900083481
268,71,307.72242325531346
268,72,142.07055
268,73,0.0
268,74,0.0
268,75,0.0
268,76,0.0
268,77,0.0
268,78,0.0
268,79,0.0
268,80,0.0
268,81,0.0
268,82,0.0
268,83,0.0
268,84,0.0
268,85,0.0
268,86,0.0
268,87,0.0
268,88,0.0
268,89,0.0
268,90,0.0
268,91,0.0
268,92,0.0
268,93,0.0
268,94,0.0
268,95,0.0
269,0,0.0
269,1,0.0
269,2,0.0
269,3,0.0
269,4,0.0
269,5,0.0
269,6,0.0
269,7,0.0
269,8,0.0
269,9,0.0
269,10,0.0
269,11,0.0
269,12,0.0
269,13,0.0
269,14,0.0
269,15,0.0
269,16,0.0
269,17,0.0
269,18,0.0
269,19,0.0
269,20,0.0
269,21,0.0
269,22,0.0
269,23,0.0
269,24,0.0
269,25,0.0
269,26,0.0
269,27,177.0429358843945
269,28,331.31185
269,29,548.3715993976004
269,30,801.6684189365577
269,31,1056.5090240072366
269,32,1278.2001299999995
269,33,1440.0524872896
269,34,1547.3929861883396
269,35,1613.5525519929097
269,36,1651.86211
269,37,1673.649292068999
269,38,1682.228556310083
269,39,1678.9110673961256
269,40,1665.0079899999998
269,41,1642.4628577156536
269,42,1615.748679821328
269,43,1589.9708345163383
269,44,1570.2347
269,45,1560.4364476933863
269,46,1559.6354219046043
269,47,1565.6817601635205
269,48,1576.4256
269,49,1589.861190104551
269,50,1604.5592238102531
269,51,1619.2345056108288
269,52,1632.60184
269,53,1643.3728222009097
269,54,1650.2462103543824
269,55,1651.9175533306643
269,56,1647.0824
269,57,1635.57040609181
269,58,1621.747654772216
269,59,1611.114336066514
269,60,1609.17064
269,61,1617.9613379630996
269,62,1625.709526806753
269,63,1617.18288474703
269,64,1577.14909
269,65,1493.401438618292
269,66,1365.8356980007725
269,67,1197.3732533828663
269,68,990.93549
269,69,753.7819320949825
269,70,510.5246599401583
269,71,290.1138928152548
269,72,121.49985
269,73,0.0
269,74,0.0
269,75,0.0
269,76,0.0
269,77,0.0
269,78,0.0
269,79,0.0
269,80,0.0
269,81,0.0
269,82,0.0
269,83,0.0
269,84,0.0
269,85,0.0
269,86,0.0
269,87,0.0
269,88,0.0
269,89,0.0
269,90,0.0
269,91,0.0
269,92,0.0
269,93,0.0
269,94,0.0
269,95,0.0
270,0,0.0
270,1,0.0
270,2,0.0
270,3,0.0
270,4,0.0
270,5,0.0
270,6,0.0
270,7,0.0
270,8,0.0
270,9,0.0
270,10,0.0
270,11,0.0
270,12,0.0
270,13,0.0
270,14,0.0
270,15,0.0
270,16,0.0
270,17,0.0
270,18,0.0
270,19,0.0
270,20,0.0
270,21,0.0
270,22,0.0
270,23,0.0
270,24,0.0
270,25,0.0
270,26,0.0
270,27,162.99221938491772
270,28,318.01342
270,29,541.68653508513
270,30,804.7692902702337
270,31,1068.8386453202204
270,32,1295.4715600000002
270,33,1455.1966770383062
270,34,1554.3493710191708
270,35,1608.216699490451
270,36,1632.08572
270,37,1639.3550616053942
270,38,1635.8696394030817
270,39,1625.5859399992278
270,40,1612.46045
270,41,1599.5710038838663
270,42,1586.4808276185036
270,43,1571.8744950438886
270,44,1554.43658
270,45,1533.40673332789
270,46,1510.2449138729053
270,47,1486.966157481468
270,48,1465.5855
270,49,1448.2838846795742
270,50,1437.905884389875
270,51,1437.461979405238
270,52,1449.96265
270,53,1476.601149360063
270,54,1511.3018223175948
270,55,1546.171786616329
270,56,1573.31816
270,57,1586.8421220989237
270,58,1588.821100089746
270,59,1583.3265830356952
270,60,1574.43006
270,61,1564.2374400567423
270,62,1546.992312323421
270,63,1514.9726859283892
270,64,1460.45657
270,65,1376.6643500178575
270,66,1260.58591686657
270,67,1110.153537781997
270,68,923.29948
270,69,703.2076695593286
270,70,474.06866771029945
270,71,265.3246945061207
270,72,0.0
270,73,0.0
270,74,0.0
270,75,0.0
270,76,0.0
270,77,0.0
270,78,0.0
270,79,0.0
270,80,0.0
270,81,0.0
270,82,0.0
270,83,0.0
270,84,0.0
270,85,0.0
270,86,0.0
270,87,0.0
270,88,0.0
270,89,0.0
270,90,0.0
270,91,0.0
270,92,0.0
270,93,0.0
270,94,0.0
270,95,0.0
271,0,0.0
271,1,0.0
271,2,0.0
271,3,0.0
271,4,0.0
271,5,0.0
271,6,0.0
271,7,0.0
271,8,0.0
271,9,0.0
271,10,0.0
271,11,0.0
271,12,0.0
271,13,0.0
271,14,0.0
271,15,0.0
271,16,0.0
271,17,0.0
271,18,0.0
271,19,0.0
271,20,0.0
271,21,0.0
271,22,0.0
271,23,0.0
271,24,0.0
271,25,0.0
271,26,0.0
271,27,151.30576799099472
271,28,298.31178
271,29,511.57705986289335
271,30,762.6234160527031
271,31,1014.0113517161616
271,32,1228.30137
271,33,1377.0354232341729
271,34,1467.6812604815216
271,35,1516.6880799881096
271,36,1540.50508
271,37,1553.1132009504145
271,38,1558.6203520212098
271,39,1558.6661845814
271,40,1554.89035
271,41,1548.7902190579182
271,42,1541.294040183639
271,43,1533.1877812175403
271,44,1525.25741
271,45,1518.160051099162
271,46,1512.0374559942336
271,47,1506.9025328921884
271,48,1502.76819
271,49,1499.857674514184
271,50,1499.235589589426
271,51,1502.1768773699555
271,52,1509.95648
271,53,1523.1140427191028
271,54,1539.2480231480615
271,55,1555.22158200299
271,56,1567.89788
271,57,1573.9389211719056
271,58,1569.2020828183263
271,59,1549.3435855555842
271,60,1510.01965
271,61,1448.2475804057751
271,62,1366.489015578632
271,63,1268.566677962173
271,64,1158.30329
271,65,1038.745800017494
271,66,909.8380598671456
271,67,770.7481472832245
271,68,620.64414
271,69,461.39805046174985
271,70,305.6976299527861
271,71,168.93456446742934
271,72,0.0
271,73,0.0
271,74,0.0
271,75,0.0
271,76,0.0
271,77,0.0
271,78,0.0
271,79,0.0
271,80,0.0
271,81,0.0
271,82,0.0
271,83,0.0
271,84,0.0
271,85,0.0
271,86,0.0
271,87,0.0
271,88,0.0
271,89,0.0
271,90,0.0
271,91,0.0
271,92,0.0
271,93,0.0
271,94,0.0
271,95,0.0
272,0,0.0
272,1,0.0
272,2,0.0
272,3,0.0
272,4,0.0
272,5,0.0
272,6,0.0
272,7,0.0
272,8,0.0
272,9,0.0
272,10,0.0
272,11,0.0
272,12,0.0
272,13,0.0
272,14,0.0
272,15,0.0
272,16,0.0
272,17,0.0
272,18,0.0
272,19,0.0
272,20,0.0
272,21,0.0
272,22,0.0
272,23,0.0
272,24,0.0
272,25,0.0
272,26,0.0
272,27,0.0
272,28,0.0
272,29,0.0
272,30,180.08577362374643
272,31,253.4589863385308
272,32,330.18837
272,33,406.32557112790136
272,34,482.3638912867394
272,35,559.9070458022078
272,36,640.55875
272,37,724.3471115475558
272,38,804.9978074792963
272,39,874.6609071713887
272,40,925.48648
272,41,953.1024095568756
272,42,967.0478362960756
272,43,980.3397148872376
272,44,1005.995
272,45,1052.2946600686912
272,46,1108.5757185864018
272,47,1159.4392128109112
272,48,1189.48618
272,49,1189.0027014183593
272,50,1171.0150343583186
272,51,1154.2344801191186
272,52,1157.37234
272,53,1192.8536617578727
272,54,1247.9584789803248
272,55,1303.6805717126144
272,56,1341.01372
272,57,1346.3801906126505
272,58,1327.916197220382
272,59,1299.1864402179226
272,60,1273.75562
272,61,1259.6070931352754
272,62,1242.3988408881469
272,63,1202.2075006969442
272,64,1119.10971
272,65,980.7552462212476
272,66,805.0864467270313
272,67,617.6187888692997
272,68,443.86775
272,69,304.216010573485
272,70,198.51506345372792
272,71,121.48360460710688
272,72,0.0
272,73,0.0
272,74,0.0
272,75,0.0
272,76,0.0
272,77,0.0
272,78,0.0
272,79,0.0
272,80,0.0
272,81,0.0
272,82,0.0
272,83,0.0
272,84,0.0
272,85,0.0
272,86,0.0
272,87,0.0
272,88,0.0
272,89,0.0
272,90,0.0
272,91,0.0
272,92,0.0
272,93,0.0
272,94,0.0
272,95,0.0
273,0,0.0
273,1,0.0
273,2,0.0
273,3,0.0
273,4,0.0
273,5,0.0
273,6,0.0
273,7,0.0
273,8,0.0
273,9,0.0
273,10,0.0
273,11,0.0
273,12,0.0
273,13,0.0
273,14,0.0
273,15,0.0
273,16,0.0
273,17,0.0
273,18,0.0
273,19,0.0
273,20,0.0
273,21,0.0
273,22,0.0
273,23,0.0
273,24,0.0
273,25,0.0
273,26,0.0
273,27,0.0
273,28,0.0
273,29,122.02611424410532
273,30,171.06563237176323
273,31,223.6583018135395
273,32,276.56696
273,33,327.372324849148
273,34,376.92663622873687
273,35,426.90001449395714
273,36,478.96258
273,37,535.3714646405529
273,38,600.7318464632898
273,39,680.235915054382
273,40,779.07586
273,41,897.6178592448908
273,42,1016.924044168104
273,43,1113.2305345072657
273,44,1162.77345
273,45,1151.482254317384
273,46,1104.059786864294
273,47,1054.9022309790569
273,48,1038.40577
273,49,1078.504086141823
273,50,1157.28085712472
273,51,1246.357259545257
273,52,1317.35447
273,53,1349.6034351778228
273,54,1353.274182136826
273,55,1346.246508027416
273,56,1346.40021
273,57,1366.1271486156347
273,58,1395.867438077976
273,59,1420.5732560013291
273,60,1425.19678
273,61,1397.299820672138
273,62,1334.8827205512705
273,63,1238.5554551547675
273,64,1108.928
273,65,949.1339711958128
273,66,772.401547216943
273,67,594.4825471296016
273,68,431.12879
273,69,295.1582793883613
273,70,187.6537568309583
273,71,0.0
273,72,0.0
273,73,0.0
273,74,0.0
273,75,0.0
273,76,0.0
273,77,0.0
273,78,0.0
273,79,0.0
273,80,0.0
273,81,0.0
273,82,0.0
273,83,0.0
273,84,0.0
273,85,0.0
273,86,0.0
273,87,0.0
273,88,0.0
273,89,0.0
273,90,0.0
273,91,0.0
273,92,0.0
273,93,0.0
273,94,0.0
273,95,0.0
274,0,0.0
274,1,0.0
274,2,0.0
274,3,0.0
274,4,0.0
274,5,0.0
274,6,0.0
274,7,0.0
274,8,0.0
274,9,0.0
274,10,0.0
274,11,0.0
274,12,0.0
274,13,0.0
274,14,0.0
274,15,0.0
274,16,0.0
274,17,0.0
274,18,0.0
274,19,0.0
274,20,0.0
274,21,0.0
274,22,0.0
274,23,0.0
274,24,0.0
274,25,0.0
274,26,0.0
274,27,0.0
274,28,235.77263
274,29,451.1011212023459
274,30,714.0507067585062
274,31,983.9058914354132
274,32,1219.95118
274,33,1390.721038024296
274,34,1501.7497743007186
274,35,1567.8216584267818
274,36,1603.72096
274,37,1622.48043170047
274,38,1630.126758538619
274,39,1630.935108607459
274,40,1629.18065
274,41,1628.311946267575
274,42,1628.471142794805
274,43,1628.9737804246322
274,44,1629.1354
274,45,1628.2560893229795
274,46,1625.5741240321609
274,47,1620.3123267252615
274,48,1611.69352
274,49,1599.668554409255
274,50,1587.1003923265507
274,51,1577.5800240805709
274,52,1574.69844
274,53,1580.9002505399988
274,54,1594.0445466616354
274,55,1610.8440394524544
274,56,1628.01144
274,57,1642.7738629619994
274,58,1654.4160372769074
274,59,1662.737095453362
274,60,1667.53617
274,61,1666.8835269870042
274,62,1651.9339667307352
274,63,1612.1134231090982
274,64,1536.8478299999997
274,65,1418.5982256524842
274,66,1261.9660658001517
274,67,1074.587910547744
274,68,864.10032
274,69,640.484993371809
274,70,423.1041863186562
274,71,233.66529360617528
274,72,0.0
274,73,0.0
274,74,0.0
274,75,0.0
274,76,0.0
274,77,0.0
274,78,0.0
274,79,0.0
274,80,0.0
274,81,0.0
274,82,0.0
274,83,0.0
274,84,0.0
274,85,0.0
274,86,0.0
274,87,0.0
274,88,0.0
274,89,0.0
274,90,0.0
274,91,0.0
274,92,0.0
274,93,0.0
274,94,0.0
274,95,0.0
275,0,0.0
275,1,0.0
275,2,0.0
275,3,0.0
275,4,0.0
275,5,0.0
275,6,0.0
275,7,0.0
275,8,0.0
275,9,0.0
275,10,0.0
275,11,0.0
275,12,0.0
275,13,0.0
275,14,0.0
275,15,0.0
275,16,0.0
275,17,0.0
275,18,0.0
275,19,0.0
275,20,0.0
275,21,0.0
275,22,0.0
275,23,0.0
275,24,0.0
275,25,0.0
275,26,0.0
275,27,0.0
275,28,256.15816
275,29,467.0108714575502
275,30,721.3828162582145
275,31,981.3025479297712
275,32,1208.79862
275,33,1374.5197448588167
275,34,1483.595270344687
275,35,1549.7747031582137
275,36,1586.80755
275,37,1606.7871336384328
275,38,1615.1820411130382
275,39,1615.8046755311238
275,40,1612.46744
275,41,1608.2335007437005
275,42,1603.1690764531606
275,43,1596.5911489360406
275,44,1587.8167
275,45,1576.4610866680148
275,46,1563.3331668243195
275,47,1549.5401735684643
275,48,1536.18934
275,49,1524.4317863342403
275,50,1515.5941812495607
275,51,1511.0470805401008
275,52,1512.16104
275,53,1519.5151776825237
275,54,1530.522860677437
275,55,1541.8060183336324
275,56,1549.9865799999998
275,57,1552.849728873166
275,58,1552.8336635406906
275,59,1553.5398364378707
275,60,1558.5697
275,61,1568.378519793563
275,62,1570.8368139097995
275,63,1550.668913571136
275,64,1492.59915
275,65,1385.458470233831
275,66,1234.5042845701112
275,67,1049.1006191213364
275,68,838.6115
275,69,614.5129872398642
275,70,396.729276559756
275,71,207.29659759977
275,72,0.0
275,73,0.0
275,74,0.0
275,75,0.0
275,76,0.0
275,77,0.0
275,78,0.0
275,79,0.0
275,80,0.0
275,81,0.0
275,82,0.0
275,83,0.0
275,84,0.0
275,85,0.0
275,86,0.0
275,87,0.0
275,88,0.0
275,89,0.0
275,90,0.0
275,91,0.0
275,92,0.0
275,93,0.0
275,94,0.0
275,95,0.0
276,0,0.0
276,1,0.0
276,2,0.0
276,3,0.0
276,4,0.0
276,5,0.0
276,6,0.0
276,7,0.0
276,8,0.0
276,9,0.0
276,10,0.0
276,11,0.0
276,12,0.0
276,13,0.0
276,14,0.0
276,15,0.0
276,16,0.0
276,17,0.0
276,18,0.0
276,19,0.0
276,20,0.0
276,21,0.0
276,22,0.0
276,23,0.0
276,24,0.0
276,25,0.0
276,26,0.0
276,27,0.0
276,28,227.66161
276,29,418.1529477087685
276,30,649.7491756169929
276,31,889.0663232167208
276,32,1102.72042
276,33,1264.349394071229
276,34,1375.678767984206
276,35,1445.45596290508
276,36,1482.4284
276,37,1495.1059267875662
276,38,1491.048096196184
276,39,1477.5768875067097
276,40,1462.01428
276,41,1450.0612458097569
276,42,1440.93472848106
276,43,1432.230664411833
276,44,1421.54499
276,45,1407.6411240359062
276,46,1393.9524148795772
276,47,1385.0796932834594
276,48,1385.62379
276,49,1398.620144609119
276,50,1420.842632000632
276,51,1447.4997358918292
276,52,1473.79994
276,53,1495.644592527619
276,54,1511.706499617895
276,55,1521.351331899224
276,56,1523.9447600000003
276,57,1519.8257274679077
276,58,1513.2262695277889
276,59,1509.3516943237755
276,60,1513.40731
276,61,1526.6721922882514
276,62,1534.72048727095
276,63,1519.2001086181735
276,64,1461.75897
276,65,1349.6441768165869
276,66,1192.4996013884102
276,67,1005.5683077660292
276,68,804.09336
276,69,602.9265107579029
276,70,415.3542671754084
276,71,254.27182500520965
276,72,132.57438
276,73,0.0
276,74,0.0
276,75,0.0
276,76,0.0
276,77,0.0
276,78,0.0
276,79,0.0
276,80,0.0
276,81,0.0
276,82,0.0
276,83,0.0
276,84,0.0
276,85,0.0
276,86,0.0
276,87,0.0
276,88,0.0
276,89,0.0
276,90,0.0
276,91,0.0
276,92,0.0
276,93,0.0
276,94,0.0
276,95,0.0
277,0,0.0
277,1,0.0
277,2,0.0
277,3,0.0
277,4,0.0
277,5,0.0
277,6,0.0
277,7,0.0
277,8,0.0
277,9,0.0
277,10,0.0
277,11,0.0
277,12,0.0
277,13,0.0
277,14,0.0
277,15,0.0
277,16,0.0
277,17,0.0
277,18,0.0
277,19,0.0
277,20,0.0
277,21,0.0
277,22,0.0
277,23,0.0
277,24,0.0
277,25,0.0
277,26,0.0
277,27,0.0
277,28,229.21023
277,29,418.3340803306127
277,30,648.720446825218
277,31,886.3678224072144
277,32,1097.2747
277,33,1254.9967655121764
277,34,1363.318476793157
277,35,1433.5814846775593
277,36,1477.12744
277,37,1504.026478245682
277,38,1519.2626735021531
277,39,1526.548584507548
277,40,1529.59677
277,41,1531.2817857238456
277,42,1531.126175448229
277,43,1527.8144799484985
277,44,1520.0312400000005
277,45,1507.305151202686
277,46,1492.5415284549294
277,47,1479.4898414797085
277,48,1471.8995600000003
277,49,1472.31534649666
277,50,1478.4626344820524
277,51,1486.862050226419
277,52,1494.03422
277,53,1497.463193591924
277,54,1498.4867148668611
277,55,1499.4059512083677
277,56,1502.52207
277,57,1509.355516010644
277,58,1518.3038435505036
277,59,1526.983884315111
277,60,1533.01247
277,61,1532.9485990842493
277,62,1519.1199371811244
277,63,1482.7963166874372
277,64,1415.2475700000002
277,65,1310.1817470273586
277,66,1171.0597677249982
277,67,1003.7807695601392
277,68,814.24389
277,69,610.6837614000659
277,70,410.6769956688817
277,71,234.13569960325665
277,72,0.0
277,73,0.0
277,74,0.0
277,75,0.0
277,76,0.0
277,77,0.0
277,78,0.0
277,79,0.0
277,80,0.0
277,81,0.0
277,82,0.0
277,83,0.0
277,84,0.0
277,85,0.0
277,86,0.0
277,87,0.0
277,88,0.0
277,89,0.0
277,90,0.0
277,91,0.0
277,92,0.0
277,93,0.0
277,94,0.0
277,95,0.0
278,0,0.0
278,1,0.0
278,2,0.0
278,3,0.0
278,4,0.0
278,5,0.0
278,6,0.0
278,7,0.0
278,8,0.0
278,9,0.0
278,10,0.0
278,11,0.0
278,12,0.0
278,13,0.0
278,14,0.0
278,15,0.0
278,16,0.0
278,17,0.0
278,18,0.0
278,19,0.0
278,20,0.0
278,21,0.0
278,22,0.0
278,23,0.0
278,24,0.0
278,25,0.0
278,26,0.0
278,27,0.0
278,28,218.9806
278,29,417.3557236648818
278,30,661.5120943232706
278,31,915.169485320024
278,32,1142.0476700000002
278,33,1313.5115702635355
278,34,1431.5067022328888
278,35,1505.6237305857976
278,36,1545.45332
278,37,1560.4220998122262
278,38,1559.3005579951746
278,39,1550.6951471805355
278,40,1543.21232
278,41,1543.13552111256
278,42,1547.4561632864138
278,43,1550.842651317061
278,44,1547.9633899999997
278,45,1535.4513873000333
278,46,1517.7980638591696
278,47,1501.4594434887213
278,48,1492.89155
278,49,1496.6241149998075
278,50,1509.4817012769076
278,51,1526.362579415554
278,52,1542.16502
278,53,1552.9581761382365
278,54,1559.4947310331995
278,55,1563.698250411563
278,56,1567.4922999999997
278,57,1572.3324251347462
278,58,1577.8020895902923
278,59,1583.0167367506924
278,60,1587.09181
278,61,1587.3273951977783
278,62,1573.7621481056306
278,63,1534.6193669606669
278,64,1458.12235
278,65,1336.5589159491394
278,66,1178.474965487186
278,67,996.4809197816396
278,68,803.1872
278,69,610.9274200681649
278,70,430.9279649456263
278,71,274.1384123502746
278,72,151.50834
278,73,0.0
278,74,0.0
278,75,0.0
278,76,0.0
278,77,0.0
278,78,0.0
278,79,0.0
278,80,0.0
278,81,0.0
278,82,0.0
278,83,0.0
278,84,0.0
278,85,0.0
278,86,0.0
278,87,0.0
278,88,0.0
278,89,0.0
278,90,0.0
278,91,0.0
278,92,0.0
278,93,0.0
278,94,0.0
278,95,0.0
279,0,0.0
279,1,0.0
279,2,0.0
279,3,0.0
279,4,0.0
279,5,0.0
279,6,0.0
279,7,0.0
279,8,0.0
279,9,0.0
279,10,0.0
279,11,0.0
279,12,0.0
279,13,0.0
279,14,0.0
279,15,0.0
279,16,0.0
279,17,0.0
279,18,0.0
279,19,0.0
279,20,0.0
279,21,0.0
279,22,0.0
279,23,0.0
279,24,0.0
279,25,0.0
279,26,0.0
279,27,0.0
279,28,200.67458
279,29,389.5224657796386
279,30,621.5168417356522
279,31,861.3559943238395
279,32,1073.7382100000002
279,33,1231.12321392774
279,34,1337.0164861018925
279,35,1402.684945225099
279,36,1439.39551
279,37,1457.2577335094024
279,38,1461.751706356778
279,39,1457.2001535257643
279,40,1447.9258
279,41,1437.6691831284004
279,42,1427.8420897209955
279,43,1419.274118953093
279,44,1412.79487
279,45,1408.9590283519951
279,46,1407.2216247592396
279,47,1406.762776286864
279,48,1406.7626
279,49,1406.707775182368
279,50,1407.311229992046
279,51,1409.592454805701
279,52,1414.57094
279,53,1422.7549618560329
279,54,1432.6079402725763
279,55,1442.082081052832
279,56,1449.1295899999998
279,57,1452.3029453622523
279,58,1452.5557151676485
279,59,1451.44173988922
279,60,1450.51486
279,61,1448.7996143512091
279,62,1435.2033353068302
279,63,1396.104053609036
279,64,1317.8798
279,65,1191.6583533266614
279,66,1027.5664848550302
279,67,840.4807139558842
279,68,645.27756
279,69,456.2932960921452
279,70,285.70321027304794
279,71,145.14234431742673
279,72,0.0
279,73,0.0
279,74,0.0
279,75,0.0
279,76,0.0
279,77,0.0
279,78,0.0
279,79,0.0
279,80,0.0
279,81,0.0
279,82,0.0
279,83,0.0
279,84,0.0
279,85,0.0
279,86,0.0
279,87,0.0
279,88,0.0
279,89,0.0
279,90,0.0
279,91,0.0
279,92,0.0
279,93,0.0
279,94,0.0
279,95,0.0
280,0,0.0
280,1,0.0
280,2,0.0
280,3,0.0
280,4,0.0
280,5,0.0
280,6,0.0
280,7,0.0
280,8,0.0
280,9,0.0
280,10,0.0
280,11,0.0
280,12,0.0
280,13,0.0
280,14,0.0
280,15,0.0
280,16,0.0
280,17,0.0
280,18,0.0
280,19,0.0
280,20,0.0
280,21,0.0
280,22,0.0
280,23,0.0
280,24,0.0
280,25,0.0
280,26,0.0
280,27,0.0
280,28,141.2064
280,29,299.5654901127123
280,30,501.7207234469944
280,31,718.3534500577791
280,32,920.14502
280,33,1083.502640138248
280,34,1207.7369445757438
280,35,1297.8844242253683
280,36,1358.98157
280,37,1396.2043208967966
280,38,1415.286408250029
280,39,1422.101011478247
280,40,1422.52131
280,41,1421.3877567433165
280,42,1419.4098986741396
280,43,1416.264556267893
280,44,1411.62855
280,45,1405.4605888486883
280,46,1398.846935803412
280,47,1393.1557423564293
280,48,1389.7551600000002
280,49,1389.6221930181798
280,50,1392.1692568622127
280,51,1396.4176197751392
280,52,1401.38855
280,53,1406.2984093910918
280,54,1411.1439342477368
280,55,1416.1169544805136
280,56,1421.4093000000005
280,57,1426.9973545737023
280,58,1431.995717396839
280,59,1435.303541521556
280,60,1435.81998
280,61,1430.779859032849
280,62,1410.760697414907
280,63,1364.6756870895122
280,64,1281.43802
280,65,1154.0970378886525
280,66,992.246681693532
280,67,809.6170421516454
280,68,619.93821
280,69,436.5171780062906
280,70,270.9685470609643
280,71,134.4838200851558
280,72,0.0
280,73,0.0
280,74,0.0
280,75,0.0
280,76,0.0
280,77,0.0
280,78,0.0
280,79,0.0
280,80,0.0
280,81,0.0
280,82,0.0
280,83,0.0
280,84,0.0
280,85,0.0
280,86,0.0
280,87,0.0
280,88,0.0
280,89,0.0
280,90,0.0
280,91,0.0
280,92,0.0
280,93,0.0
280,94,0.0
280,95,0.0
281,0,0.0
281,1,0.0
281,2,0.0
281,3,0.0
281,4,0.0
281,5,0.0
281,6,0.0
281,7,0.0
281,8,0.0
281,9,0.0
281,10,0.0
281,11,0.0
281,12,0.0
281,13,0.0
281,14,0.0
281,15,0.0
281,16,0.0
281,17,0.0
281,18,0.0
281,19,0.0
281,20,0.0
281,21,0.0
281,22,0.0
281,23,0.0
281,24,0.0
281,25,0.0
281,26,0.0
281,27,0.0
281,28,124.25413
281,29,210.85673697909112
281,30,320.034434774842
281,31,445.2971551831717
281,32,580.15483
281,33,716.8092630638912
281,34,842.2297463839931
281,35,942.0774440120985
281,36,1002.01352
281,37,1013.4767162340936
281,38,991.0160859391852
281,39,954.9582601746844
281,40,925.62987
281,41,918.3314576247348
281,42,928.259209859266
281,43,945.5832246641644
281,44,960.4736
281,45,965.6437238919674
281,46,963.9801446237512
281,47,960.9127005436592
281,48,961.87123
281,49,970.152121807396
281,50,980.5179666457296
281,51,985.5979056611988
281,52,978.02108
281,53,952.3705643471988
281,54,911.0451675433302
281,55,858.3976319677963
281,56,798.7807
281,57,737.3679298663088
281,58,682.6161431809497
281,59,643.802977405116
281,60,630.20607
281,61,645.9674558750667
281,62,674.6867597328709
281,63,694.8280037242395
281,64,684.85521
281,65,629.8022914771748
281,66,540.9827241375672
281,67,436.27987472917584
281,68,333.57711
281,69,247.58722977873447
281,70,180.3407662168608
281,71,130.69768454655667
281,72,0.0
281,73,0.0
281,74,0.0
281,75,0.0
281,76,0.0
281,77,0.0
281,78,0.0
281,79,0.0
281,80,0.0
281,81,0.0
281,82,0.0
281,83,0.0
281,84,0.0
281,85,0.0
281,86,0.0
281,87,0.0
281,88,0.0
281,89,0.0
281,90,0.0
281,91,0.0
281,92,0.0
281,93,0.0
281,94,0.0
281,95,0.0
282,0,0.0
282,1,0.0
282,2,0.0
282,3,0.0
282,4,0.0
282,5,0.0
282,6,0.0
282,7,0.0
282,8,0.0
282,9,0.0
282,10,0.0
282,11,0.0
282,12,0.0
282,13,0.0
282,14,0.0
282,15,0.0
282,16,0.0
282,17,0.0
282,18,0.0
282,19,0.0
282,20,0.0
282,21,0.0
282,22,0.0
282,23,0.0
282,24,0.0
282,25,0.0
282,26,0.0
282,27,0.0
282,28,130.97537
282,29,244.2702449772017
282,30,388.840772459324
282,31,546.1262337117842
282,32,697.56591
282,33,827.7775324203458
282,34,934.0926313930224
282,35,1017.021187169188
282,36,1077.07318
282,37,1115.8886283101656
282,38,1139.6277032185865
282,39,1155.5806140177142
282,40,1171.03757
282,41,1190.9995857452425
282,42,1211.310896982631
282,43,1225.5265447287045
282,44,1227.20157
282,45,1212.5610015213658
282,46,1188.509818850889
282,47,1164.622989254968
282,48,1150.47548
282,49,1152.9228639505448
282,50,1167.9431363638128
282,51,1188.794898095174
282,52,1208.73675
282,53,1222.8297209577038
282,54,1233.3445519438608
282,55,1244.3544119580872
282,56,1259.93247
282,57,1282.6899851873893
282,58,1309.3905771107443
282,59,1335.3359554787266
282,60,1355.82783
282,61,1365.5479839177383
282,62,1356.698494613163
282,63,1320.8615130020055
282,64,1249.61919
282,65,1137.938589297907
282,66,994.3264256866042
282,67,830.6743267319999
282,68,658.87392
282,69,490.62539373438415
282,70,336.8631788904193
282,71,208.3302671012448
282,72,0.0
282,73,0.0
282,74,0.0
282,75,0.0
282,76,0.0
282,77,0.0
282,78,0.0
282,79,0.0
282,80,0.0
282,81,0.0
282,82,0.0
282,83,0.0
282,84,0.0
282,85,0.0
282,86,0.0
282,87,0.0
282,88,0.0
282,89,0.0
282,90,0.0
282,91,0.0
282,92,0.0
282,93,0.0
282,94,0.0
282,95,0.0
283,0,0.0
283,1,0.0
283,2,0.0
283,3,0.0
283,4,0.0
283,5,0.0
283,6,0.0
283,7,0.0
283,8,0.0
283,9,0.0
283,10,0.0
283,11,0.0
283,12,0.0
283,13,0.0
283,14,0.0
283,15,0.0
283,16,0.0
283,17,0.0
283,18,0.0
283,19,0.0
283,20,0.0
283,21,0.0
283,22,0.0
283,23,0.0
283,24,0.0
283,25,0.0
283,26,0.0
283,27,0.0
283,28,197.77174
283,29,356.44724865827715
283,30,561.2076901295668
283,31,785.250239036073
283,32,1001.77207
283,33,1187.7350473798954
283,34,1335.159794479683
283,35,1439.831624339629
283,36,1497.5358500000002
283,37,1507.4873196346405
283,38,1482.6190219517016
283,39,1439.293480792912
283,40,1393.87322
283,41,1359.6109378315423
283,42,1337.3200302135103
283,43,1324.7040674887232
283,44,1319.46662
283,45,1318.8654712266891
283,46,1318.3752571942562
283,47,1313.0248270646948
283,48,1297.84303
283,49,1270.5284391367006
283,50,1239.458523509465
283,51,1215.680476127497
283,52,1210.24149
283,53,1229.6401061327588
283,54,1262.1802575178842
283,55,1291.617225144067
283,56,1301.70629
283,57,1281.9244796135142
283,58,1244.6358076689996
283,59,1207.926034389985
283,60,1189.8809199999998
283,61,1201.3891885381845
283,62,1224.551419306118
283,63,1234.2711554209932
283,64,1205.45194
283,65,1120.272316858749
283,66,990.010832606528
283,67,833.2210345510426
283,68,668.45647
283,69,511.9625641830693
283,70,370.7522540177704
283,71,249.53035434358628
283,72,153.00168
283,73,0.0
283,74,0.0
283,75,0.0
283,76,0.0
283,77,0.0
283,78,0.0
283,79,0.0
283,80,0.0
283,81,0.0
283,82,0.0
283,83,0.0
283,84,0.0
283,85,0.0
283,86,0.0
283,87,0.0
283,88,0.0
283,89,0.0
283,90,0.0
283,91,0.0
283,92,0.0
283,93,0.0
283,94,0.0
283,95,0.0
284,0,0.0
284,1,0.0
284,2,0.0
284,3,0.0
284,4,0.0
284,5,0.0
284,6,0.0
284,7,0.0
284,8,0.0
284,9,0.0
284,10,0.0
284,11,0.0
284,12,0.0
284,13,0.0
284,14,0.0
284,15,0.0
284,16,0.0
284,17,0.0
284,18,0.0
284,19,0.0
284,20,0.0
284,21,0.0
284,22,0.0
284,23,0.0
284,24,0.0
284,25,0.0
284,26,0.0
284,27,0.0
284,28,152.46013
284,29,335.33255312661674
284,30,559.121744644719
284,31,778.7035363404619
284,32,948.95376
284,33,1037.3646824876255
284,34,1061.894310980181
284,35,1053.1170877326458
284,36,1041.607455
284,37,1050.979346844756
284,38,1077.0046645595576
284,39,1108.4948012445802
284,40,1134.26115
284,41,1145.9257261489752
284,42,1146.3530339065896
284,43,1141.2181997109092
284,44,1136.19635
284,45,1136.0270748874684
284,46,1141.7078191890846
284,47,1153.3004913961583
284,48,1170.867
284,49,1193.7797300824009
284,50,1218.6529730870727
284,51,1241.4114970482078
284,52,1257.9800700000003
284,53,1265.638042282929
284,54,1267.0830934626256
284,55,1266.3674854110095
284,56,1267.5434800000005
284,57,1273.5828412546343
284,58,1283.1353418124247
284,59,1293.770256464003
284,60,1303.0568599999997
284,61,1306.6061476985342
284,62,1292.1959967876746
284,63,1245.6460049829775
284,64,1152.7757699999995
284,65,1005.8878806074788
284,66,823.2168897868762
284,67,629.4803415728355
284,68,449.39578
284,69,302.90247534030084
284,70,190.8266028148208
284,71,0.0
284,72,0.0
284,73,0.0
284,74,0.0
284,75,0.0
284,76,0.0
284,77,0.0
284,78,0.0
284,79,0.0
284,80,0.0
284,81,0.0
284,82,0.0
284,83,0.0
284,84,0.0
284,85,0.0
284,86,0.0
284,87,0.0
284,88,0.0
284,89,0.0
284,90,0.0
284,91,0.0
284,92,0.0
284,93,0.0
284,94,0.0
284,95,0.0
285,0,0.0
285,1,0.0
285,2,0.0
285,3,0.0
285,4,0.0
285,5,0.0
285,6,0.0
285,7,0.0
285,8,0.0
285,9,0.0
285,10,0.0
285,11,0.0
285,12,0.0
285,13,0.0
285,14,0.0
285,15,0.0
285,16,0.0
285,17,0.0
285,18,0.0
285,19,0.0
285,20,0.0
285,21,0.0
285,22,0.0
285,23,0.0
285,24,0.0
285,25,0.0
285,26,0.0
285,27,0.0
285,28,0.0
285,29,164.2048861545119
285,30,277.85857275536983
285,31,415.1013929785428
285,32,569.69497
285,33,734.225252939647
285,34,896.5754946931366
285,35,1043.453274100058
285,36,1161.5661700000005
285,37,1241.4649070868998
285,38,1289.0727934720835
285,39,1314.1562831212257
285,40,1326.48183
285,41,1334.112956056504
285,42,1338.3014551685285
285,43,1338.596189196289
285,44,1334.54602
285,45,1326.3816285308349
285,46,1317.0609721038018
285,47,1310.2238271248675
285,48,1309.50997
285,49,1316.748454663907
285,50,1326.5254451662645
285,51,1331.6163830854898
285,52,1324.7967099999998
285,53,1301.0182160947877
285,54,1263.938085981141
285,55,1219.389852876924
285,56,1173.20705
285,57,1130.684814706943
285,58,1094.9647009091711
285,59,1068.649866656814
285,60,1054.34347
285,61,1051.2984935149404
285,62,1045.367217882174
285,63,1019.0517483083204
285,64,954.85419
285,65,841.7765706082948
285,66,694.8206075621332
285,67,535.4879407349049
285,68,385.28021
285,69,261.72738467688004
285,70,166.47275186929335
285,71,0.0
285,72,0.0
285,73,0.0
285,74,0.0
285,75,0.0
285,76,0.0
285,77,0.0
285,78,0.0
285,79,0.0
285,80,0.0
285,81,0.0
285,82,0.0
285,83,0.0
285,84,0.0
285,85,0.0
285,86,0.0
285,87,0.0
285,88,0.0
285,89,0.0
285,90,0.0
285,91,0.0
285,92,0.0
285,93,0.0
285,94,0.0
285,95,0.0
286,0,0.0
286,1,0.0
286,2,0.0
286,3,0.0
286,4,0.0
286,5,0.0
286,6,0.0
286,7,0.0
286,8,0.0
286,9,0.0
286,10,0.0
286,11,0.0
286,12,0.0
286,13,0.0
286,14,0.0
286,15,0.0
286,16,0.0
286,17,0.0
286,18,0.0
286,19,0.0
286,20,0.0
286,21,0.0
286,22,0.0
286,23,0.0
286,24,0.0
286,25,0.0
286,26,0.0
286,27,0.0
286,28,131.36512
286,29,273.3506796564987
286,30,437.1615515330545
286,31,579.205367643083
286,32,655.88976
286,33,639.7541649583951
286,34,567.8652362375536
286,35,493.42143189793546
286,36,469.62121
286,37,533.4561934786714
286,38,657.090664766731
286,39,796.4820711714251
286,40,907.58786
286,41,958.4383406581696
286,42,965.3552709455224
286,43,956.7332707601136
286,44,960.96696
286,45,998.6037406073996
286,46,1058.8021427011795
286,47,1122.87347844437
286,48,1172.12906
286,49,1192.857496599732
286,50,1191.2565857497586
286,51,1178.501422024906
286,52,1165.7671
286,53,1161.8785523686734
286,54,1166.2600642997857
286,55,1175.9857590810057
286,56,1188.12976
286,57,1200.480421269326
286,58,1213.683020801098
286,59,1229.097067432322
286,60,1248.08207
286,61,1268.8263752102728
286,62,1276.8336812458203
286,63,1254.4365241584578
286,64,1183.96744
286,65,1054.5721700770823
286,66,882.6492767156196
286,67,691.4105274963472
286,68,504.06769
286,69,340.4038935438981
286,70,206.487714391701
286,71,0.0
286,72,0.0
286,73,0.0
286,74,0.0
286,75,0.0
286,76,0.0
286,77,0.0
286,78,0.0
286,79,0.0
286,80,0.0
286,81,0.0
286,82,0.0
286,83,0.0
286,84,0.0
286,85,0.0
286,86,0.0
286,87,0.0
286,88,0.0
286,89,0.0
286,90,0.0
286,91,0.0
286,92,0.0
286,93,0.0
286,94,0.0
286,95,0.0
287,0,0.0
287,1,0.0
287,2,0.0
287,3,0.0
287,4,0.0
287,5,0.0
287,6,0.0
287,7,0.0
287,8,0.0
287,9,0.0
287,10,0.0
287,11,0.0
287,12,0.0
287,13,0.0
287,14,0.0
287,15,0.0
287,16,0.0
287,17,0.0
287,18,0.0
287,19,0.0
287,20,0.0
287,21,0.0
287,22,0.0
287,23,0.0
287,24,0.0
287,25,0.0
287,26,0.0
287,27,0.0
287,28,139.48971
287,29,300.8915889018876
287,30,506.43918823378544
287,31,725.0747759487904
287,32,925.74062
287,33,1083.6315272681857
287,34,1198.952460344817
287,35,1278.1609207490403
287,36,1327.71441
287,37,1353.8683171816208
287,38,1362.0695816369457
287,39,1357.5630302737975
287,40,1345.59349
287,41,1331.0704693178318
287,42,1317.5622031074
287,43,1308.3016078432684
287,44,1306.5216000000005
287,45,1312.142831640802
287,46,1311.836897183454
287,47,1288.9631266343788
287,48,1226.8808500000002
287,49,1117.355150212711
287,50,985.7741219087844
287,51,865.9316126504664
287,52,791.62147
287,53,786.3854131333561
287,54,832.7566476814081
287,55,903.016250888756
287,56,969.4453
287,57,1011.1612711601156
287,58,1034.6272361155832
287,59,1053.142665513259
287,60,1080.0070299999998
287,61,1122.2997692574318
287,62,1162.2201991062589
287,63,1175.7476044019568
287,64,1138.86127
287,65,1035.6556755601582
287,66,882.6860799593815
287,67,704.622936878914
287,68,526.1367000000001
287,69,368.3350688144349
287,70,238.07472605621527
287,71,138.649600269888
287,72,0.0
287,73,0.0
287,74,0.0
287,75,0.0
287,76,0.0
287,77,0.0
287,78,0.0
287,79,0.0
287,80,0.0
287,81,0.0
287,82,0.0
287,83,0.0
287,84,0.0
287,85,0.0
287,86,0.0
287,87,0.0
287,88,0.0
287,89,0.0
287,90,0.0
287,91,0.0
287,92,0.0
287,93,0.0
287,94,0.0
287,95,0.0
288,0,0.0
288,1,0.0
288,2,0.0
288,3,0.0
288,4,0.0
288,5,0.0
288,6,0.0
288,7,0.0
288,8,0.0
288,9,0.0
288,10,0.0
288,11,0.0
288,12,0.0
288,13,0.0
288,14,0.0
288,15,0.0
288,16,0.0
288,17,0.0
288,18,0.0
288,19,0.0
288,20,0.0
288,21,0.0
288,22,0.0
288,23,0.0
288,24,0.0
288,25,0.0
288,26,0.0
288,27,0.0
288,28,129.12803
288,29,288.5877111605736
288,30,493.7059642994168
288,31,714.4247927885516
288,32,920.6862
288,33,1088.1194142509505
288,34,1215.1025636392546
288,35,1305.7010012079315
288,36,1363.98008
288,37,1394.5236969918758
288,38,1403.989924893566
288,39,1399.555380348473
288,40,1388.39668
288,41,1376.512943719045
288,42,1365.193304286482
288,43,1354.549397710678
288,44,1344.69286
288,45,1335.683292506943
288,46,1327.3721579605062
288,47,1319.5588844338165
288,48,1312.0429000000004
288,49,1304.592481409433
288,50,1296.8513001214933
288,51,1288.4318762728062
288,52,1278.94673
288,53,1267.7770087303238
288,54,1253.378369053521
288,55,1233.9750948499577
288,56,1207.79147
288,57,1173.2100971067707
288,58,1129.2468536644224
288,59,1075.0759358898624
288,60,1009.8715399999998
288,61,933.150561748842
288,62,845.8006950387895
288,63,749.0523333093424
288,64,644.13587
288,65,533.311728866611
288,66,422.9604549304193
288,67,320.49262352901803
288,68,233.31881
288,69,166.831632628464
288,70,0.0
288,71,0.0
288,72,0.0
288,73,0.0
288,74,0.0
288,75,0.0
288,76,0.0
288,77,0.0
288,78,0.0
288,79,0.0
288,80,0.0
288,81,0.0
288,82,0.0
288,83,0.0
288,84,0.0
288,85,0.0
288,86,0.0
288,87,0.0
288,88,0.0
288,89,0.0
288,90,0.0
288,91,0.0
288,92,0.0
288,93,0.0
288,94,0.0
288,95,0.0
289,0,0.0
289,1,0.0
289,2,0.0
289,3,0.0
289,4,0.0
289,5,0.0
289,6,0.0
289,7,0.0
289,8,0.0
289,9,0.0
289,10,0.0
289,11,0.0
289,12,0.0
289,13,0.0
289,14,0.0
289,15,0.0
289,16,0.0
289,17,0.0
289,18,0.0
289,19,0.0
289,20,0.0
289,21,0.0
289,22,0.0
289,23,0.0
289,24,0.0
289,25,0.0
289,26,0.0
289,27,0.0
289,28,121.01127
289,29,276.24016878339137
289,30,477.0002462338324
289,31,696.2448880673571
289,32,906.92748
289,33,1086.657383012757
289,34,1231.667859146472
289,35,1342.8481457069508
289,36,1421.08748
289,37,1468.4256840093306
289,38,1491.5049184302793
289,39,1498.1179286360882
289,40,1496.05746
289,41,1491.75668626242
289,42,1486.21049463241
289,43,1479.054200686195
289,44,1469.92312
289,45,1458.7869193784888
289,46,1446.9526705400808
289,47,1436.0617964316318
289,48,1427.75572
289,49,1423.337771536124
289,50,1422.7589107072686
289,51,1425.6320045247787
289,52,1431.56992
289,53,1440.0584358832643
289,54,1450.0749778808456
289,55,1460.4698834380044
289,56,1470.09349
289,57,1477.8112135245683
289,58,1482.548784019349
289,59,1483.247010004454
289,60,1478.8467
289,61,1466.2529429872118
289,62,1434.2279497917607
289,63,1369.4982117004292
289,64,1258.79022
289,65,1095.0915009328344
289,66,896.433720563609
289,67,687.109579912579
289,68,491.4117800000001
289,69,329.40417687520096
289,70,204.23524670380405
289,71,0.0
289,72,0.0
289,73,0.0
289,74,0.0
289,75,0.0
289,76,0.0
289,77,0.0
289,78,0.0
289,79,0.0
289,80,0.0
289,81,0.0
289,82,0.0
289,83,0.0
289,84,0.0
289,85,0.0
289,86,0.0
289,87,0.0
289,88,0.0
289,89,0.0
289,90,0.0
289,91,0.0
289,92,0.0
289,93,0.0
289,94,0.0
289,95,0.0
290,0,0.0
290,1,0.0
290,2,0.0
290,3,0.0
290,4,0.0
290,5,0.0
290,6,0.0
290,7,0.0
290,8,0.0
290,9,0.0
290,10,0.0
290,11,0.0
290,12,0.0
290,13,0.0
290,14,0.0
290,15,0.0
290,16,0.0
290,17,0.0
290,18,0.0
290,19,0.0
290,20,0.0
290,21,0.0
290,22,0.0
290,23,0.0
290,24,0.0
290,25,0.0
290,26,0.0
290,27,0.0
290,28,0.0
290,29,258.0132644398297
290,30,454.42213080752686
290,31,670.5841992714604
290,32,879.90765
290,33,1060.069353178271
290,34,1205.8209390584234
290,35,1316.1827279093643
290,36,1390.17504
290,37,1428.660521753337
290,38,1439.8711242087795
290,39,1433.8811245598326
290,40,1420.7648
290,41,1408.740504495882
290,42,1398.6028991064586
290,43,1389.2907216638057
290,44,1379.7427099999998
290,45,1369.3325476068862
290,46,1359.1737006153865
290,47,1350.8145808161937
290,48,1345.8036
290,49,1345.2600046078244
290,50,1348.5863796819951
290,51,1354.7561449151688
290,52,1362.74272
290,53,1371.5944713055671
290,54,1380.6595519066327
290,55,1389.3610615543816
290,56,1397.1221
290,57,1403.3106042324089
290,58,1407.073860191476
290,59,1407.5039910548048
290,60,1403.69312
290,61,1392.6074861397974
290,62,1362.7097923274637
290,63,1300.3368573513983
290,64,1191.8255
290,65,1030.0380619896507
290,66,833.9389767486678
290,67,629.0182006333508
290,68,440.76569
290,69,289.7960204328488
290,70,177.2222444278646
290,71,0.0
290,72,0.0
290,73,0.0
290,74,0.0
290,75,0.0
290,76,0.0
290,77,0.0
290,78,0.0
290,79,0.0
290,80,0.0
290,81,0.0
290,82,0.0
290,83,0.0
290,84,0.0
290,85,0.0
290,86,0.0
290,87,0.0
290,88,0.0
290,89,0.0
290,90,0.0
290,91,0.0
290,92,0.0
290,93,0.0
290,94,0.0
290,95,0.0
291,0,0.0
291,1,0.0
291,2,0.0
291,3,0.0
291,4,0.0
291,5,0.0
291,6,0.0
291,7,0.0
291,8,0.0
291,9,0.0
291,10,0.0
291,11,0.0
291,12,0.0
291,13,0.0
291,14,0.0
291,15,0.0
291,16,0.0
291,17,0.0
291,18,0.0
291,19,0.0
291,20,0.0
291,21,0.0
291,22,0.0
291,23,0.0
291,24,0.0
291,25,0.0
291,26,0.0
291,27,0.0
291,28,0.0
291,29,238.30775319326813
291,30,419.6593987599717
291,31,620.0329349466891
291,32,814.68777
291,33,982.95651398194
291,34,1120.464584216373
291,35,1226.9105998426196
291,36,1301.99318
291,37,1346.7441938477214
291,38,1367.5285106245358
291,39,1372.0442495890827
291,40,1367.98953
291,41,1361.7678751584244
291,42,1354.604424535483
291,43,1346.4297216448
291,44,1337.17431
291,45,1327.0552819248303
291,46,1317.435924983532
291,47,1309.966075550467
291,48,1306.29557
291,49,1307.3851860485036
291,50,1311.43946678039
291,51,1315.9738966220816
291,52,1318.50396
291,53,1317.4560479436552
291,54,1314.900177894908
291,55,1313.8172738987062
291,56,1317.18826
291,57,1326.6302631143758
291,58,1338.3052216399788
291,59,1347.0112768455922
291,60,1347.5465700000002
291,61,1333.8652380363412
291,62,1296.5454005451777
291,63,1225.321172781425
291,64,1109.92667
291,65,945.8543264590086
291,66,751.6298524293117
291,67,551.5372771849588
291,68,369.86063
291,69,226.07521315887425
291,70,120.42142098757624
291,71,0.0
291,72,0.0
291,73,0.0
291,74,0.0
291,75,0.0
291,76,0.0
291,77,0.0
291,78,0.0
291,79,0.0
291,80,0.0
291,81,0.0
291,82,0.0
291,83,0.0
291,84,0.0
291,85,0.0
291,86,0.0
291,87,0.0
291,88,0.0
291,89,0.0
291,90,0.0
291,91,0.0
291,92,0.0
291,93,0.0
291,94,0.0
291,95,0.0
292,0,0.0
292,1,0.0
292,2,0.0
292,3,0.0
292,4,0.0
292,5,0.0
292,6,0.0
292,7,0.0
292,8,0.0
292,9,0.0
292,10,0.0
292,11,0.0
292,12,0.0
292,13,0.0
292,14,0.0
292,15,0.0
292,16,0.0
292,17,0.0
292,18,0.0
292,19,0.0
292,20,0.0
292,21,0.0
292,22,0.0
292,23,0.0
292,24,0.0
292,25,0.0
292,26,0.0
292,27,0.0
292,28,0.0
292,29,217.4776290441945
292,30,393.3749627459309
292,31,590.0277500747021
292,32,784.71275
292,33,958.0034309435624
292,34,1103.660099136108
292,35,1218.7397702605992
292,36,1300.29946
292,37,1347.4165726503054
292,38,1367.2500669596377
292,39,1368.979290289151
292,40,1361.78359
292,41,1353.296523455216
292,42,1344.968488025341
292,43,1336.704091082796
292,44,1328.40794
292,45,1319.984547591332
292,46,1311.3380484389984
292,47,1302.3724825671657
292,48,1292.99189
292,49,1283.309223366958
292,50,1274.2730857186657
292,51,1267.0409927110406
292,52,1262.7704599999995
292,53,1262.324618159586
292,54,1265.3890574363384
292,55,1271.3549829949216
292,56,1279.6135999999997
292,57,1289.2695777446977
292,58,1298.28144203598
292,59,1304.3211828092724
292,60,1305.06079
292,61,1296.3969696116235
292,62,1267.1252919197414
292,63,1204.2660432679893
292,64,1094.83951
292,65,932.457318027559
292,66,737.0964515350535
292,67,535.3252342750212
292,68,353.71199
292,69,213.3438720281406
292,70,0.0
292,71,0.0
292,72,0.0
292,73,0.0
292,74,0.0
292,75,0.0
292,76,0.0
292,77,0.0
292,78,0.0
292,79,0.0
292,80,0.0
292,81,0.0
292,82,0.0
292,83,0.0
292,84,0.0
292,85,0.0
292,86,0.0
292,87,0.0
292,88,0.0
292,89,0.0
292,90,0.0
292,91,0.0
292,92,0.0
292,93,0.0
292,94,0.0
292,95,0.0
293,0,0.0
293,1,0.0
293,2,0.0
293,3,0.0
293,4,0.0
293,5,0.0
293,6,0.0
293,7,0.0
293,8,0.0
293,9,0.0
293,10,0.0
293,11,0.0
293,12,0.0
293,13,0.0
293,14,0.0
293,15,0.0
293,16,0.0
293,17,0.0
293,18,0.0
293,19,0.0
293,20,0.0
293,21,0.0
293,22,0.0
293,23,0.0
293,24,0.0
293,25,0.0
293,26,0.0
293,27,0.0
293,28,0.0
293,29,222.4902198628508
293,30,411.6724482339331
293,31,621.1117974880489
293,32,824.33999
293,33,999.2619447051788
293,34,1141.2753667813413
293,35,1250.151157966833
293,36,1325.6602199999998
293,37,1369.0149602226834
293,38,1387.193808390702
293,39,1388.6166998633696
293,40,1381.70357
293,41,1373.3793389353373
293,42,1364.5888659058503
293,43,1354.781994923438
293,44,1343.4085699999998
293,45,1330.4669232547178
293,46,1318.1493392358973
293,47,1309.196590599129
293,48,1306.34945
293,49,1310.752108045792
293,50,1317.1624271505586
293,51,1318.7416876800455
293,52,1308.65117
293,53,1283.446479718364
293,54,1253.2605234118678
293,55,1231.6205328994376
293,56,1232.05374
293,57,1262.0530046432518
293,58,1304.9736992019705
293,59,1338.1368241597042
293,60,1338.86338
293,61,1289.764962021129
293,62,1194.6155447802498
293,63,1062.4796976492462
293,64,902.42199
293,65,724.5877536784839
293,66,543.4453704270301
293,67,374.5439844620613
293,68,233.43274
293,69,131.70695842118613
293,70,0.0
293,71,0.0
293,72,0.0
293,73,0.0
293,74,0.0
293,75,0.0
293,76,0.0
293,77,0.0
293,78,0.0
293,79,0.0
293,80,0.0
293,81,0.0
293,82,0.0
293,83,0.0
293,84,0.0
293,85,0.0
293,86,0.0
293,87,0.0
293,88,0.0
293,89,0.0
293,90,0.0
293,91,0.0
293,92,0.0
293,93,0.0
293,94,0.0
293,95,0.0
294,0,0.0
294,1,0.0
294,2,0.0
294,3,0.0
294,4,0.0
294,5,0.0
294,6,0.0
294,7,0.0
294,8,0.0
294,9,0.0
294,10,0.0
294,11,0.0
294,12,0.0
294,13,0.0
294,14,0.0
294,15,0.0
294,16,0.0
294,17,0.0
294,18,0.0
294,19,0.0
294,20,0.0
294,21,0.0
294,22,0.0
294,23,0.0
294,24,0.0
294,25,0.0
294,26,0.0
294,27,0.0
294,28,0.0
294,29,0.0
294,30,220.1046244735004
294,31,351.759611387243
294,32,511.25366
294,33,693.3219034638411
294,34,879.0263417960573
294,35,1046.0106917302446
294,36,1171.91867
294,37,1240.540462227878
294,38,1260.2521295922702
294,39,1245.5762021605276
294,40,1211.03521
294,41,1169.750420124647
294,42,1129.2380473348614
294,43,1095.613043377645
294,44,1074.99036
294,45,1071.5046086797847
294,46,1081.3690398182848
294,47,1098.8165635476423
294,48,1118.08009
294,49,1133.818424531214
294,50,1142.3939533919995
294,51,1140.5949580567851
294,52,1125.20972
294,53,1094.7592928828583
294,54,1054.6958191137162
294,55,1012.204213287716
294,56,974.46939
294,57,946.3710644061036
294,58,923.568153903136
294,59,899.4143764486006
294,60,867.26345
294,61,821.476175742728
294,62,760.44168777374
294,63,683.5562034178819
294,64,590.21594
294,65,481.75014293548486
294,66,367.2201700019047
294,67,257.62040706737207
294,68,163.94524
294,69,0.0
294,70,0.0
294,71,0.0
294,72,0.0
294,73,0.0
294,74,0.0
294,75,0.0
294,76,0.0
294,77,0.0
294,78,0.0
294,79,0.0
294,80,0.0
294,81,0.0
294,82,0.0
294,83,0.0
294,84,0.0
294,85,0.0
294,86,0.0
294,87,0.0
294,88,0.0
294,89,0.0
294,90,0.0
294,91,0.0
294,92,0.0
294,93,0.0
294,94,0.0
294,95,0.0
295,0,0.0
295,1,0.0
295,2,0.0
295,3,0.0
295,4,0.0
295,5,0.0
295,6,0.0
295,7,0.0
295,8,0.0
295,9,0.0
295,10,0.0
295,11,0.0
295,12,0.0
295,13,0.0
295,14,0.0
295,15,0.0
295,16,0.0
295,17,0.0
295,18,0.0
295,19,0.0
295,20,0.0
295,21,0.0
295,22,0.0
295,23,0.0
295,24,0.0
295,25,0.0
295,26,0.0
295,27,0.0
295,28,0.0
295,29,189.86227407674528
295,30,351.3823931130577
295,31,529.582938092841
295,32,701.27643
295,33,847.270789246869
295,34,964.3555339595022
295,35,1053.3155816923847
295,36,1114.93585
295,37,1150.9550247170282
295,38,1166.9268647989325
295,39,1169.35889748137
295,40,1164.75865
295,41,1158.6768404787672
295,42,1152.8369505947676
295,43,1148.0056529133844
295,44,1144.94962
295,45,1144.5518935241523
295,46,1148.1609915719964
295,47,1157.2418013338431
295,48,1173.25921
295,49,1196.9246412058728
295,50,1225.935664367245
295,51,1257.2363853449945
295,52,1287.77091
295,53,1314.5835944648563
295,54,1335.1197959590231
295,55,1346.925121973679
295,56,1347.54518
295,57,1335.7588242159525
295,58,1315.277895546661
295,59,1291.047481604039
295,60,1268.01267
295,61,1247.460201483834
295,62,1216.043429354333
295,63,1156.7573600476655
295,64,1052.597
295,65,894.011637036212
295,66,701.2676845360073
295,67,502.0858372677989
295,68,324.18679
295,69,189.41030365256788
295,70,0.0
295,71,0.0
295,72,0.0
295,73,0.0
295,74,0.0
295,75,0.0
295,76,0.0
295,77,0.0
295,78,0.0
295,79,0.0
295,80,0.0
295,81,0.0
295,82,0.0
295,83,0.0
295,84,0.0
295,85,0.0
295,86,0.0
295,87,0.0
295,88,0.0
295,89,0.0
295,90,0.0
295,91,0.0
295,92,0.0
295,93,0.0
295,94,0.0
295,95,0.0
296,0,0.0
296,1,0.0
296,2,0.0
296,3,0.0
296,4,0.0
296,5,0.0
296,6,0.0
296,7,0.0
296,8,0.0
296,9,0.0
296,10,0.0
296,11,0.0
296,12,0.0
296,13,0.0
296,14,0.0
296,15,0.0
296,16,0.0
296,17,0.0
296,18,0.0
296,19,0.0
296,20,0.0
296,21,0.0
296,22,0.0
296,23,0.0
296,24,0.0
296,25,0.0
296,26,0.0
296,27,0.0
296,28,0.0
296,29,172.56427005476596
296,30,329.701751492537
296,31,512.7664296840397
296,32,704.98489
296,33,890.2255660935984
296,34,1054.9242847478308
296,35,1186.1587210281484
296,36,1271.00655
296,37,1301.6327980708406
296,38,1290.551897016139
296,39,1255.3656299533675
296,40,1213.67578
296,41,1180.1565934980392
296,42,1157.7721696876129
296,43,1146.5590710333804
296,44,1146.55386
296,45,1156.9671518432526
296,46,1173.705772983409
296,47,1191.8506026318605
296,48,1206.4825199999998
296,49,1214.2744491289504
296,50,1218.2674933787523
296,51,1223.0948009391782
296,52,1233.38952
296,53,1252.275522578447
296,54,1276.8395760015817
296,55,1302.6591714239255
296,56,1325.3118
296,57,1341.1116344635125
296,58,1349.3195738649204
296,59,1349.933198833868
296,60,1342.95009
296,61,1326.1671561300034
296,62,1288.578618538737
296,63,1216.978026678102
296,64,1098.15893
296,65,925.8056778914738
296,66,721.165819480132
296,67,512.3777038287241
296,68,327.57968
296,69,188.82232808535127
296,70,0.0
296,71,0.0
296,72,0.0
296,73,0.0
296,74,0.0
296,75,0.0
296,76,0.0
296,77,0.0
296,78,0.0
296,79,0.0
296,80,0.0
296,81,0.0
296,82,0.0
296,83,0.0
296,84,0.0
296,85,0.0
296,86,0.0
296,87,0.0
296,88,0.0
296,89,0.0
296,90,0.0
296,91,0.0
296,92,0.0
296,93,0.0
296,94,0.0
296,95,0.0
297,0,0.0
297,1,0.0
297,2,0.0
297,3,0.0
297,4,0.0
297,5,0.0
297,6,0.0
297,7,0.0
297,8,0.0
297,9,0.0
297,10,0.0
297,11,0.0
297,12,0.0
297,13,0.0
297,14,0.0
297,15,0.0
297,16,0.0
297,17,0.0
297,18,0.0
297,19,0.0
297,20,0.0
297,21,0.0
297,22,0.0
297,23,0.0
297,24,0.0
297,25,0.0
297,26,0.0
297,27,0.0
297,28,0.0
297,29,199.3517849497101
297,30,375.38883308048014
297,31,566.3787296710102
297,32,744.5615899999999
297,33,887.4046256856099
297,34,993.28343370384
297,35,1065.80070737015
297,36,1108.55914
297,37,1125.9694885578504
297,38,1125.6747646041606
297,39,1116.1260433483906
297,40,1105.7744000000002
297,41,1101.2487697704894
297,42,1101.8895278795187
297,43,1105.214909548789
297,44,1108.74315
297,45,1110.666182047693
297,46,1111.8707288777655
297,47,1113.9172112689553
297,48,1118.36605
297,49,1125.7514761012396
297,50,1132.5029616094205
297,51,1134.0237888128909
297,52,1125.71724
297,53,1105.7542785473493
297,54,1083.3765921845534
297,55,1070.593549729481
297,56,1079.4145199999998
297,57,1116.7475795531136
297,58,1169.0956359023658
297,59,1217.8603043004348
297,60,1244.4432
297,61,1233.585448552696
297,62,1183.3862167059838
297,63,1095.2841815062795
297,64,970.71802
297,65,813.8478410798513
297,66,639.7194810236986
297,67,466.1002079556964
297,68,310.75729
297,69,187.8889877528988
297,70,0.0
297,71,0.0
297,72,0.0
297,73,0.0
297,74,0.0
297,75,0.0
297,76,0.0
297,77,0.0
297,78,0.0
297,79,0.0
297,80,0.0
297,81,0.0
297,82,0.0
297,83,0.0
297,84,0.0
297,85,0.0
297,86,0.0
297,87,0.0
297,88,0.0
297,89,0.0
297,90,0.0
297,91,0.0
297,92,0.0
297,93,0.0
297,94,0.0
297,95,0.0
298,0,0.0
298,1,0.0
298,2,0.0
298,3,0.0
298,4,0.0
298,5,0.0
298,6,0.0
298,7,0.0
298,8,0.0
298,9,0.0
298,10,0.0
298,11,0.0
298,12,0.0
298,13,0.0
298,14,0.0
298,15,0.0
298,16,0.0
298,17,0.0
298,18,0.0
298,19,0.0
298,20,0.0
298,21,0.0
298,22,0.0
298,23,0.0
298,24,0.0
298,25,0.0
298,26,0.0
298,27,0.0
298,28,0.0
298,29,190.02062105214023
298,30,349.0735787192657
298,31,526.0933670267583
298,32,699.66701
298,33,851.9332557415898
298,34,979.2377486629962
298,35,1081.4778572529042
298,36,1158.55095
298,37,1211.1311397315003
298,38,1242.9995166287497
298,39,1258.7139152116242
298,40,1262.83217
298,41,1259.5680156449089
298,42,1251.7587873220052
298,43,1241.897720338099
298,44,1232.47805
298,45,1225.5949153451145
298,46,1221.7510703332298
298,47,1221.0511726547302
298,48,1223.59988
298,49,1229.3278954746345
298,50,1237.470103845076
298,51,1247.0874352929795
298,52,1257.24082
298,53,1267.1626480688487
298,54,1276.7711492864664
298,55,1286.156013360851
298,56,1295.40693
298,57,1304.309999281221
298,58,1311.4369627590584
298,59,1315.0559723573667
298,60,1313.43518
298,61,1302.2825734000176
298,62,1267.0654834273005
298,63,1190.6910767409324
298,64,1056.06652
298,65,855.494214306208
298,66,618.8574985317412
298,67,385.4349459914037
298,68,194.50513
298,69,0.0
298,70,0.0
298,71,0.0
298,72,0.0
298,73,0.0
298,74,0.0
298,75,0.0
298,76,0.0
298,77,0.0
298,78,0.0
298,79,0.0
298,80,0.0
298,81,0.0
298,82,0.0
298,83,0.0
298,84,0.0
298,85,0.0
298,86,0.0
298,87,0.0
298,88,0.0
298,89,0.0
298,90,0.0
298,91,0.0
298,92,0.0
298,93,0.0
298,94,0.0
298,95,0.0
299,0,0.0
299,1,0.0
299,2,0.0
299,3,0.0
299,4,0.0
299,5,0.0
299,6,0.0
299,7,0.0
299,8,0.0
299,9,0.0
299,10,0.0
299,11,0.0
299,12,0.0
299,13,0.0
299,14,0.0
299,15,0.0
299,16,0.0
299,17,0.0
299,18,0.0
299,19,0.0
299,20,0.0
299,21,0.0
299,22,0.0
299,23,0.0
299,24,0.0
299,25,0.0
299,26,0.0
299,27,0.0
299,28,0.0
299,29,0.0
299,30,171.163323783073
299,31,269.21627687953185
299,32,396.15856
299,33,551.0717542626347
299,34,717.2417875960375
299,35,874.0056746314216
299,36,1000.70043
299,37,1082.147416185634
299,38,1125.1053870827773
299,39,1141.8174444385322
299,40,1144.52669
299,41,1143.707642401079
299,42,1142.7604878228522
299,43,1143.3168293331996
299,44,1147.00827
299,45,1154.9034918663
299,46,1165.8194928758137
299,47,1178.01034994742
299,48,1189.73014
299,49,1199.4762184149702
299,50,1206.7190544238936
299,51,1211.1723957208703
299,52,1212.5499899999998
299,53,1210.8727561925689
299,54,1207.3902981786114
299,55,1203.659391075348
299,56,1201.23681
299,57,1200.094202752254
299,58,1193.8627078616607
299,59,1174.5883365402372
299,60,1134.3171
299,61,1067.3985687359157
299,62,977.3965503747462
299,63,870.1784118262037
299,64,751.61152
299,65,627.4220049603341
299,66,502.77104938935486
299,67,382.6785991236981
299,68,272.1646
299,69,175.783090485248
299,70,0.0
299,71,0.0
299,72,0.0
299,73,0.0
299,74,0.0
299,75,0.0
299,76,0.0
299,77,0.0
299,78,0.0
299,79,0.0
299,80,0.0
299,81,0.0
299,82,0.0
299,83,0.0
299,84,0.0
299,85,0.0
299,86,0.0
299,87,0.0
299,88,0.0
299,89,0.0
299,90,0.0
299,91,0.0
299,92,0.0
299,93,0.0
299,94,0.0
299,95,0.0
300,0,0.0
300,1,0.0
300,2,0.0
300,3,0.0
300,4,0.0
300,5,0.0
300,6,0.0
300,7,0.0
300,8,0.0
300,9,0.0
300,10,0.0
300,11,0.0
300,12,0.0
300,13,0.0
300,14,0.0
300,15,0.0
300,16,0.0
300,17,0.0
300,18,0.0
300,19,0.0
300,20,0.0
300,21,0.0
300,22,0.0
300,23,0.0
300,24,0.0
300,25,0.0
300,26,0.0
300,27,0.0
300,28,0.0
300,29,204.9801818482385
300,30,399.4577833224532
300,31,613.3532606354413
300,32,817.05304
300,33,986.2655382190844
300,34,1117.987134456282
300,35,1214.5361984653389
300,36,1278.2311
300,37,1312.5089094941736
300,38,1325.2815001024178
300,39,1325.579445659453
300,40,1322.43332
300,41,1323.0030083354711
300,42,1326.9656413840469
300,43,1332.127661240599
300,44,1336.29551
300,45,1337.9376877889415
300,46,1338.1709268613945
300,47,1338.7740175031506
300,48,1341.52575
300,49,1347.1714095712628
300,50,1352.3222611703743
300,51,1352.5560646842985
300,52,1343.45058
300,53,1322.8508715822568
300,54,1297.6712222071078
300,55,1277.093219228405
300,56,1270.29845
300,57,1283.1167005059583
300,58,1307.970551251194
300,59,1333.9307813708324
300,60,1350.06817
300,61,1345.501635143909
300,62,1309.5426502881164
300,63,1231.5508277882657
300,64,1100.88578
300,65,913.894262980906
300,66,694.8716075963409
300,67,475.10028841360537
300,68,285.86278
300,69,151.17678605746752
300,70,0.0
300,71,0.0
300,72,0.0
300,73,0.0
300,74,0.0
300,75,0.0
300,76,0.0
300,77,0.0
300,78,0.0
300,79,0.0
300,80,0.0
300,81,0.0
300,82,0.0
300,83,0.0
300,84,0.0
300,85,0.0
300,86,0.0
300,87,0.0
300,88,0.0
300,89,0.0
300,90,0.0
300,91,0.0
300,92,0.0
300,93,0.0
300,94,0.0
300,95,0.0
301,0,0.0
301,1,0.0
301,2,0.0
301,3,0.0
301,4,0.0
301,5,0.0
301,6,0.0
301,7,0.0
301,8,0.0
301,9,0.0
301,10,0.0
301,11,0.0
301,12,0.0
301,13,0.0
301,14,0.0
301,15,0.0
301,16,0.0
301,17,0.0
301,18,0.0
301,19,0.0
301,20,0.0
301,21,0.0
301,22,0.0
301,23,0.0
301,24,0.0
301,25,0.0
301,26,0.0
301,27,0.0
301,28,0.0
301,29,185.26676693431764
301,30,366.93006203619
301,31,575.8108211199673
301,32,789.88748
301,33,989.2520554317372
301,34,1162.4508879350217
301,35,1300.1438989707958
301,36,1392.99101
301,37,1435.9480844637335
301,38,1441.1547537237232
301,39,1425.0465911218505
301,40,1404.05917
301,41,1391.0314989008275
301,42,1384.416327170086
301,43,1379.0698393543018
301,44,1369.84822
301,45,1353.244134151705
301,46,1332.2961688459325
301,47,1311.6793916171928
301,48,1296.06887
301,49,1288.8463010548512
301,50,1288.2198999461853
301,51,1291.1045113644268
301,52,1294.4149800000002
301,53,1296.00588959764
301,54,1297.490780119327
301,55,1301.42293058135
301,56,1310.35562
301,57,1325.4081493045885
301,58,1341.963907076508
301,59,1353.9723038101745
301,60,1355.38275
301,61,1339.467955996507
301,62,1296.793831574641
301,63,1217.2495863654544
301,64,1090.72443
301,65,913.371088428134
301,66,706.3963528749281
301,67,497.2705308842583
301,68,313.46393
301,69,176.41352669720737
301,70,0.0
301,71,0.0
301,72,0.0
301,73,0.0
301,74,0.0
301,75,0.0
301,76,0.0
301,77,0.0
301,78,0.0
301,79,0.0
301,80,0.0
301,81,0.0
301,82,0.0
301,83,0.0
301,84,0.0
301,85,0.0
301,86,0.0
301,87,0.0
301,88,0.0
301,89,0.0
301,90,0.0
301,91,0.0
301,92,0.0
301,93,0.0
301,94,0.0
301,95,0.0
302,0,0.0
302,1,0.0
302,2,0.0
302,3,0.0
302,4,0.0
302,5,0.0
302,6,0.0
302,7,0.0
302,8,0.0
302,9,0.0
302,10,0.0
302,11,0.0
302,12,0.0
302,13,0.0
302,14,0.0
302,15,0.0
302,16,0.0
302,17,0.0
302,18,0.0
302,19,0.0
302,20,0.0
302,21,0.0
302,22,0.0
302,23,0.0
302,24,0.0
302,25,0.0
302,26,0.0
302,27,0.0
302,28,0.0
302,29,187.7489682294432
302,30,369.7466511135208
302,31,575.451705940838
302,32,780.56856
302,33,964.1748341057496
302,34,1118.8409231773794
302,35,1240.5104156603195
302,36,1325.1269
302,37,1371.1877894100585
302,38,1387.405796176962
302,39,1385.0474573553845
302,40,1375.37931
302,41,1367.473592785266
302,42,1361.6253508647728
302,43,1355.9353310118931
302,44,1348.50428
302,45,1338.1865194488769
302,46,1326.8506703639466
302,47,1317.1189285970431
302,48,1311.61349
302,49,1311.9939534817274
302,50,1316.0695301794417
302,51,1320.686834287435
302,52,1322.69248
302,53,1319.806255061713
302,54,1313.240641418287
302,55,1305.0812945657171
302,56,1297.41387
302,57,1291.9812178339198
302,58,1289.1549666474111
302,59,1288.9639396371963
302,60,1291.4369599999998
302,61,1293.134776415108
302,62,1276.7458394920689
302,63,1221.4905253229954
302,64,1106.58921
302,65,921.0785677556484
302,66,693.2604653843138
302,67,461.2530678208224
302,68,263.17454000000004
302,69,128.1084225622988
302,70,0.0
302,71,0.0
302,72,0.0
302,73,0.0
302,74,0.0
302,75,0.0
302,76,0.0
302,77,0.0
302,78,0.0
302,79,0.0
302,80,0.0
302,81,0.0
302,82,0.0
302,83,0.0
302,84,0.0
302,85,0.0
302,86,0.0
302,87,0.0
302,88,0.0
302,89,0.0
302,90,0.0
302,91,0.0
302,92,0.0
302,93,0.0
302,94,0.0
302,95,0.0
303,0,0.0
303,1,0.0
303,2,0.0
303,3,0.0
303,4,0.0
303,5,0.0
303,6,0.0
303,7,0.0
303,8,0.0
303,9,0.0
303,10,0.0
303,11,0.0
303,12,0.0
303,13,0.0
303,14,0.0
303,15,0.0
303,16,0.0
303,17,0.0
303,18,0.0
303,19,0.0
303,20,0.0
303,21,0.0
303,22,0.0
303,23,0.0
303,24,0.0
303,25,0.0
303,26,0.0
303,27,0.0
303,28,0.0
303,29,180.05037632440957
303,30,347.9484498450931
303,31,537.7348334432302
303,32,727.52233
303,33,898.5591734366294
303,34,1044.635321834532
303,35,1162.6761643151683
303,36,1249.60709
303,37,1304.171272897823
303,38,1332.383026566779
303,39,1342.074449452345
303,40,1341.0776400000002
303,41,1336.1141179408285
303,42,1329.4630881483522
303,43,1322.2931767816997
303,44,1315.77301
303,45,1310.6539894013629
303,46,1306.0186183398132
303,47,1300.5321756083567
303,48,1292.85994
303,49,1282.2972546099716
303,50,1270.6597197423964
303,51,1260.3930000036232
303,52,1253.94276
303,53,1253.122509190001
303,54,1257.2171364406013
303,55,1264.879375470901
303,56,1274.76196
303,57,1285.057699723774
303,58,1292.119708245198
303,59,1291.8411751440233
303,60,1280.1152899999995
303,61,1251.8789541024037
303,62,1198.2439155786062
303,63,1109.3656342655063
303,64,975.39957
303,65,793.077836522862
303,66,585.4391631903757
303,67,382.0989332627015
303,68,212.67253
303,69,0.0
303,70,0.0
303,71,0.0
303,72,0.0
303,73,0.0
303,74,0.0
303,75,0.0
303,76,0.0
303,77,0.0
303,78,0.0
303,79,0.0
303,80,0.0
303,81,0.0
303,82,0.0
303,83,0.0
303,84,0.0
303,85,0.0
303,86,0.0
303,87,0.0
303,88,0.0
303,89,0.0
303,90,0.0
303,91,0.0
303,92,0.0
303,93,0.0
303,94,0.0
303,95,0.0
304,0,0.0
304,1,0.0
304,2,0.0
304,3,0.0
304,4,0.0
304,5,0.0
304,6,0.0
304,7,0.0
304,8,0.0
304,9,0.0
304,10,0.0
304,11,0.0
304,12,0.0
304,13,0.0
304,14,0.0
304,15,0.0
304,16,0.0
304,17,0.0
304,18,0.0
304,19,0.0
304,20,0.0
304,21,0.0
304,22,0.0
304,23,0.0
304,24,0.0
304,25,0.0
304,26,0.0
304,27,0.0
304,28,0.0
304,29,161.51733377520202
304,30,330.7707941552973
304,31,530.531594957744
304,32,742.94517
304,33,950.8911910852066
304,34,1140.1862819592377
304,35,1297.3813043536495
304,36,1409.02712
304,37,1466.5747532902217
304,38,1481.0758792577524
304,39,1468.4823355964072
304,40,1444.7459599999995
304,41,1422.9660613789072
304,42,1404.8318335097526
304,43,1389.1799413857211
304,44,1374.84705
304,45,1361.04861338165
304,46,1348.5152417032382
304,47,1338.3563341732072
304,48,1331.6812900000002
304,49,1329.3253872819928
304,50,1331.0274196772953
304,51,1336.25205973395
304,52,1344.4639799999998
304,53,1355.0384635841283
304,54,1366.9932358375809
304,55,1379.256632672243
304,56,1390.75699
304,57,1399.5318838502426
304,58,1400.0558507223811
304,59,1385.9126672333289
304,60,1350.68611
304,61,1288.5878617961505
304,62,1196.3412300228956
304,63,1071.297428238193
304,64,910.80767
304,65,716.9210075589065
304,66,510.4778479360368
304,67,317.0164368451488
304,68,162.07502
304,69,0.0
304,70,0.0
304,71,0.0
304,72,0.0
304,73,0.0
304,74,0.0
304,75,0.0
304,76,0.0
304,77,0.0
304,78,0.0
304,79,0.0
304,80,0.0
304,81,0.0
304,82,0.0
304,83,0.0
304,84,0.0
304,85,0.0
304,86,0.0
304,87,0.0
304,88,0.0
304,89,0.0
304,90,0.0
304,91,0.0
304,92,0.0
304,93,0.0
304,94,0.0
304,95,0.0
305,0,0.0
305,1,0.0
305,2,0.0
305,3,0.0
305,4,0.0
305,5,0.0
305,6,0.0
305,7,0.0
305,8,0.0
305,9,0.0
305,10,0.0
305,11,0.0
305,12,0.0
305,13,0.0
305,14,0.0
305,15,0.0
305,16,0.0
305,17,0.0
305,18,0.0
305,19,0.0
305,20,0.0
305,21,0.0
305,22,0.0
305,23,0.0
305,24,0.0
305,25,0.0
305,26,0.0
305,27,0.0
305,28,0.0
305,29,140.7308799346605
305,30,295.0278539290868
305,31,478.3128859589696
305,32,674.63819
305,33,868.5894525936593
305,34,1046.8862505445902
305,35,1196.781633223226
305,36,1305.52865
305,37,1364.8529425032025
305,38,1384.370521392552
305,39,1378.169989585626
305,40,1360.33995
305,41,1342.571390206032
305,42,1326.9648363852014
305,43,1313.22319937177
305,44,1301.04939
305,45,1290.186981828921
305,46,1280.5421993166428
305,47,1272.061929646043
305,48,1264.69306
305,49,1258.512708103283
305,50,1254.1189138482275
305,51,1252.2399476690578
305,52,1253.60408
305,53,1258.671517632945
305,54,1266.8302127904478
305,55,1277.2000540527265
305,56,1288.9009299999998
305,57,1300.2126527711846
305,58,1306.054728739981
305,59,1300.5065878387873
305,60,1277.64766
305,61,1231.8920248760662
305,62,1158.9923609996274
305,63,1055.0359966233752
305,64,916.11026
305,65,742.762012880801
305,66,553.3762510115088
305,67,370.7975036364622
305,68,217.8703
305,69,0.0
305,70,0.0
305,71,0.0
305,72,0.0
305,73,0.0
305,74,0.0
305,75,0.0
305,76,0.0
305,77,0.0
305,78,0.0
305,79,0.0
305,80,0.0
305,81,0.0
305,82,0.0
305,83,0.0
305,84,0.0
305,85,0.0
305,86,0.0
305,87,0.0
305,88,0.0
305,89,0.0
305,90,0.0
305,91,0.0
305,92,0.0
305,93,0.0
305,94,0.0
305,95,0.0
306,0,0.0
306,1,0.0
306,2,0.0
306,3,0.0
306,4,0.0
306,5,0.0
306,6,0.0
306,7,0.0
306,8,0.0
306,9,0.0
306,10,0.0
306,11,0.0
306,12,0.0
306,13,0.0
306,14,0.0
306,15,0.0
306,16,0.0
306,17,0.0
306,18,0.0
306,19,0.0
306,20,0.0
306,21,0.0
306,22,0.0
306,23,0.0
306,24,0.0
306,25,0.0
306,26,0.0
306,27,0.0
306,28,0.0
306,29,0.0
306,30,252.98121200254548
306,31,422.5280922653779
306,32,612.8072099999999
306,33,811.6898429745113
306,34,1002.6782161371592
306,35,1168.1822912312273
306,36,1290.61203
306,37,1358.0468153322645
306,38,1381.2437146988182
306,39,1376.629216715963
306,40,1360.62981
306,41,1346.6066097589314
306,42,1335.6592375675673
306,43,1325.8219415924198
306,44,1315.12897
306,45,1302.26826485076
306,46,1288.5425437809122
306,47,1275.908218320608
306,48,1266.3217
306,49,1261.4127395880275
306,50,1261.5044448087838
306,51,1266.5932626251476
306,52,1276.67564
306,53,1291.4407574221284
306,54,1309.348729483953
306,55,1328.5524043038008
306,56,1347.20463
306,57,1363.067764629708
306,58,1372.342206005405
306,59,1370.8378618783984
306,60,1354.36464
306,61,1317.9140499965392
306,62,1253.204008994429
306,63,1151.1340359951043
306,64,1002.60365
306,65,805.2878764778866
306,66,583.9637667668803
306,67,370.1838786724341
306,68,195.50077
306,69,0.0
306,70,0.0
306,71,0.0
306,72,0.0
306,73,0.0
306,74,0.0
306,75,0.0
306,76,0.0
306,77,0.0
306,78,0.0
306,79,0.0
306,80,0.0
306,81,0.0
306,82,0.0
306,83,0.0
306,84,0.0
306,85,0.0
306,86,0.0
306,87,0.0
306,88,0.0
306,89,0.0
306,90,0.0
306,91,0.0
306,92,0.0
306,93,0.0
306,94,0.0
306,95,0.0
307,0,0.0
307,1,0.0
307,2,0.0
307,3,0.0
307,4,0.0
307,5,0.0
307,6,0.0
307,7,0.0
307,8,0.0
307,9,0.0
307,10,0.0
307,11,0.0
307,12,0.0
307,13,0.0
307,14,0.0
307,15,0.0
307,16,0.0
307,17,0.0
307,18,0.0
307,19,0.0
307,20,0.0
307,21,0.0
307,22,0.0
307,23,0.0
307,24,0.0
307,25,0.0
307,26,0.0
307,27,0.0
307,28,0.0
307,29,0.0
307,30,169.50067253779366
307,31,277.1555960551808
307,32,406.24489
307,33,552.5582350688899
307,34,705.1506979597281
307,35,851.3936918707024
307,36,978.65863
307,37,1077.197221972931
307,38,1148.782363123294
307,39,1198.0672452120095
307,40,1229.70506
307,41,1248.0902032893866
307,42,1256.5818870470966
307,43,1258.2805272812582
307,44,1256.28654
307,45,1253.1966981507728
307,46,1249.59320243832
307,47,1245.5546105067071
307,48,1241.1594799999998
307,49,1236.751094263772
307,50,1233.7316394496231
307,51,1233.7680274106635
307,52,1238.52717
307,53,1248.9787849503905
307,54,1263.3038135131867
307,55,1278.9860028193891
307,56,1293.5091
307,57,1304.284765465917
307,58,1308.4363127476306
307,59,1303.014968655529
307,60,1285.07196
307,61,1250.5053328734416
307,62,1190.6004104962908
307,63,1095.4893353709947
307,64,955.30425
307,65,766.9793786653166
307,66,554.657272767206
307,67,349.28256548549234
307,68,181.79989
307,69,0.0
307,70,0.0
307,71,0.0
307,72,0.0
307,73,0.0
307,74,0.0
307,75,0.0
307,76,0.0
307,77,0.0
307,78,0.0
307,79,0.0
307,80,0.0
307,81,0.0
307,82,0.0
307,83,0.0
307,84,0.0
307,85,0.0
307,86,0.0
307,87,0.0
307,88,0.0
307,89,0.0
307,90,0.0
307,91,0.0
307,92,0.0
307,93,0.0
307,94,0.0
307,95,0.0
308,0,0.0
308,1,0.0
308,2,0.0
308,3,0.0
308,4,0.0
308,5,0.0
308,6,0.0
308,7,0.0
308,8,0.0
308,9,0.0
308,10,0.0
308,11,0.0
308,12,0.0
308,13,0.0
308,14,0.0
308,15,0.0
308,16,0.0
308,17,0.0
308,18,0.0
308,19,0.0
308,20,0.0
308,21,0.0
308,22,0.0
308,23,0.0
308,24,0.0
308,25,0.0
308,26,227.68956372792047
308,27,361.6424068748028
308,28,496.52146
308,29,619.5124733968898
308,30,729.16738116326
308,31,826.879663348
308,32,914.0428000000002
308,33,991.1410456641128
308,34,1055.0217528690396
308,35,1101.6230486394472
308,36,1126.88306
308,37,1128.91906254041
308,38,1114.5649261105805
308,39,1092.8336691254603
308,40,1072.73831
308,41,1061.4416008929966
308,42,1058.7052289386384
308,43,1062.4406150149607
308,44,1070.55918
308,45,1081.310976075103
308,46,1094.3005806348665
308,47,1109.4712023771965
308,48,1126.76605
308,49,1146.1914423065898
308,50,1168.0061385218964
308,51,1192.5320079762546
308,52,1220.09092
308,53,1249.2469511047875
308,54,1271.5330065275489
308,55,1276.7241986865356
308,56,1254.59564
308,57,1197.0074135867612
308,58,1104.1594853679096
308,59,978.3367919651032
308,60,821.82427
308,61,640.1238129856679
308,62,451.6051420008133
308,63,277.8549350155521
308,64,140.45987
308,65,0.0
308,66,0.0
308,67,0.0
308,68,0.0
308,69,0.0
308,70,0.0
308,71,0.0
308,72,0.0
308,73,0.0
308,74,0.0
308,75,0.0
308,76,0.0
308,77,0.0
308,78,0.0
308,79,0.0
308,80,0.0
308,81,0.0
308,82,0.0
308,83,0.0
308,84,0.0
308,85,0.0
308,86,0.0
308,87,0.0
308,88,0.0
308,89,0.0
308,90,0.0
308,91,0.0
308,92,0.0
308,93,0.0
308,94,0.0
308,95,0.0
309,0,0.0
309,1,0.0
309,2,0.0
309,3,0.0
309,4,0.0
309,5,0.0
309,6,0.0
309,7,0.0
309,8,0.0
309,9,0.0
309,10,0.0
309,11,0.0
309,12,0.0
309,13,0.0
309,14,0.0
309,15,0.0
309,16,0.0
309,17,0.0
309,18,0.0
309,19,0.0
309,20,0.0
309,21,0.0
309,22,0.0
309,23,0.0
309,24,0.0
309,25,0.0
309,26,0.0
309,27,138.38752723060074
309,28,240.92013
309,29,380.37757430837496
309,30,543.6096518808533
309,31,713.3763635129052
309,32,872.43771
309,33,1006.0712974437292
309,34,1109.625153170172
309,35,1180.9649098115287
309,36,1217.9562
309,37,1221.0033448229578
309,38,1200.665419188459
309,39,1170.0401864597302
309,40,1142.22541
309,41,1127.4496667019391
309,42,1124.4647875759931
309,43,1129.1534171620506
309,44,1137.3982
309,45,1145.8171693067854
309,46,1153.969913007569
309,47,1162.151407704568
309,48,1170.65663
309,49,1178.9375438834195
309,50,1183.0740628937317
309,51,1178.3030879571777
309,52,1159.86152
309,53,1124.1052217220358
309,54,1071.8659029175049
309,55,1005.0942351542212
309,56,925.74089
309,57,835.5599207909364
309,58,735.5189079362491
309,59,626.3888136134373
309,60,508.9406
309,61,385.5900112079683
309,62,265.3319190874989
309,63,158.80597742327996
309,64,0.0
309,65,0.0
309,66,0.0
309,67,0.0
309,68,0.0
309,69,0.0
309,70,0.0
309,71,0.0
309,72,0.0
309,73,0.0
309,74,0.0
309,75,0.0
309,76,0.0
309,77,0.0
309,78,0.0
309,79,0.0
309,80,0.0
309,81,0.0
309,82,0.0
309,83,0.0
309,84,0.0
309,85,0.0
309,86,0.0
309,87,0.0
309,88,0.0
309,89,0.0
309,90,0.0
309,91,0.0
309,92,0.0
309,93,0.0
309,94,0.0
309,95,0.0
310,0,0.0
310,1,0.0
310,2,0.0
310,3,0.0
310,4,0.0
310,5,0.0
310,6,0.0
310,7,0.0
310,8,0.0
310,9,0.0
310,10,0.0
310,11,0.0
310,12,0.0
310,13,0.0
310,14,0.0
310,15,0.0
310,16,0.0
310,17,0.0
310,18,0.0
310,19,0.0
310,20,0.0
310,21,0.0
310,22,0.0
310,23,0.0
310,24,0.0
310,25,0.0
310,26,245.03613246129103
310,27,412.4902675065288
310,28,604.50404
310,29,810.3125103700562
310,30,1012.1489360429352
310,31,1190.496123694347
310,32,1325.83688
310,33,1404.559427959367
310,34,1436.6736558669686
310,35,1438.0948683410857
310,36,1424.73837
310,37,1409.4867977924748
310,38,1393.0921179891914
310,39,1373.2736291913125
310,40,1347.75063
310,41,1315.404567276984
310,42,1279.7654809262658
310,43,1245.5255591124148
310,44,1217.37699
310,45,1198.952639193339
310,46,1189.6480820557451
310,47,1187.799571390278
310,48,1191.74336
310,49,1200.3611343871587
310,50,1214.7163158507535
310,51,1236.4177593889715
310,52,1267.0743200000002
310,53,1305.6938049767757
310,54,1340.8798307912398
310,55,1358.634966210084
310,56,1344.96178
310,57,1288.7927361744887
310,58,1190.7798797342873
310,59,1054.5051509269424
310,60,883.55049
310,61,684.8774104815194
310,62,478.9657190216108
310,63,289.67479555089665
310,64,140.86402
310,65,0.0
310,66,0.0
310,67,0.0
310,68,0.0
310,69,0.0
310,70,0.0
310,71,0.0
310,72,0.0
310,73,0.0
310,74,0.0
310,75,0.0
310,76,0.0
310,77,0.0
310,78,0.0
310,79,0.0
310,80,0.0
310,81,0.0
310,82,0.0
310,83,0.0
310,84,0.0
310,85,0.0
310,86,0.0
310,87,0.0
310,88,0.0
310,89,0.0
310,90,0.0
310,91,0.0
310,92,0.0
310,93,0.0
310,94,0.0
310,95,0.0
311,0,0.0
311,1,0.0
311,2,0.0
311,3,0.0
311,4,0.0
311,5,0.0
311,6,0.0
311,7,0.0
311,8,0.0
311,9,0.0
311,10,0.0
311,11,0.0
311,12,0.0
311,13,0.0
311,14,0.0
311,15,0.0
311,16,0.0
311,17,0.0
311,18,0.0
311,19,0.0
311,20,0.0
311,21,0.0
311,22,0.0
311,23,0.0
311,24,0.0
311,25,0.0
311,26,261.7449618270699
311,27,440.23454440922126
311,28,643.91123
311,29,860.9710893826211
311,30,1072.8003207845093
311,31,1259.0826542941434
311,32,1399.50182
311,33,1479.9360702318818
311,34,1511.041746284891
311,35,1509.669711695455
311,36,1492.67083
311,37,1474.0632331273516
311,38,1456.534126575926
311,39,1439.9379842365372
311,40,1424.12928
311,41,1409.1938927274623
311,42,1396.1433211614058
311,43,1386.2204690146464
311,44,1380.6682399999995
311,45,1380.3098519003
311,46,1384.289778778451
311,47,1391.332808767377
311,48,1400.1637299999998
311,49,1409.9645576400883
311,50,1421.7462149747894
311,51,1436.9768523220955
311,52,1457.12462
311,53,1481.2390401955972
311,54,1498.6951225723917
311,55,1496.4492486629904
311,56,1461.4578
311,57,1383.753377827523
311,58,1265.673462235644
311,59,1112.631753025943
311,60,930.04195
311,61,725.9288342755606
311,62,518.761512235032
311,63,329.6201715769876
311,64,179.585
311,65,0.0
311,66,0.0
311,67,0.0
311,68,0.0
311,69,0.0
311,70,0.0
311,71,0.0
311,72,0.0
311,73,0.0
311,74,0.0
311,75,0.0
311,76,0.0
311,77,0.0
311,78,0.0
311,79,0.0
311,80,0.0
311,81,0.0
311,82,0.0
311,83,0.0
311,84,0.0
311,85,0.0
311,86,0.0
311,87,0.0
311,88,0.0
311,89,0.0
311,90,0.0
311,91,0.0
311,92,0.0
311,93,0.0
311,94,0.0
311,95,0.0
312,0,0.0
312,1,0.0
312,2,0.0
312,3,0.0
312,4,0.0
312,5,0.0
312,6,0.0
312,7,0.0
312,8,0.0
312,9,0.0
312,10,0.0
312,11,0.0
312,12,0.0
312,13,0.0
312,14,0.0
312,15,0.0
312,16,0.0
312,17,0.0
312,18,0.0
312,19,0.0
312,20,0.0
312,21,0.0
312,22,0.0
312,23,0.0
312,24,0.0
312,25,0.0
312,26,240.84296754313112
312,27,403.3201397059946
312,28,587.38465
312,29,781.6062581318923
312,30,968.2112250245672
312,31,1127.8399369049584
312,32,1241.13278
312,33,1295.5354322699786
312,34,1305.7147386085992
312,35,1293.14283564292
312,36,1279.2918599999998
312,37,1280.5856823194422
312,38,1293.2551092910348
312,39,1308.4826816171096
312,40,1317.45094
312,41,1313.7458120460012
312,42,1300.566772977261
312,43,1283.5166849198904
312,44,1268.19841
312,45,1258.641020434053
312,46,1252.578428799921
312,47,1246.1707577658287
312,48,1235.57813
312,49,1217.8602338740377
312,50,1193.675020573055
312,51,1164.580006985545
312,52,1132.13271
312,53,1097.1807831322974
312,54,1057.732426407859
312,55,1011.085976479491
312,56,954.53977
312,57,885.5388253155219
312,58,802.1148875455085
312,59,702.446383502741
312,60,584.71174
312,61,450.0805334181146
312,62,311.6869384101064
312,63,185.65627919704505
312,64,0.0
312,65,0.0
312,66,0.0
312,67,0.0
312,68,0.0
312,69,0.0
312,70,0.0
312,71,0.0
312,72,0.0
312,73,0.0
312,74,0.0
312,75,0.0
312,76,0.0
312,77,0.0
312,78,0.0
312,79,0.0
312,80,0.0
312,81,0.0
312,82,0.0
312,83,0.0
312,84,0.0
312,85,0.0
312,86,0.0
312,87,0.0
312,88,0.0
312,89,0.0
312,90,0.0
312,91,0.0
312,92,0.0
312,93,0.0
312,94,0.0
312,95,0.0
313,0,0.0
313,1,0.0
313,2,0.0
313,3,0.0
313,4,0.0
313,5,0.0
313,6,0.0
313,7,0.0
313,8,0.0
313,9,0.0
313,10,0.0
313,11,0.0
313,12,0.0
313,13,0.0
313,14,0.0
313,15,0.0
313,16,0.0
313,17,0.0
313,18,0.0
313,19,0.0
313,20,0.0
313,21,0.0
313,22,0.0
313,23,0.0
313,24,0.0
313,25,0.0
313,26,147.19012824943783
313,27,247.2405874509089
313,28,372.66369
313,29,521.1077992578099
313,30,681.7344721404795
313,31,841.5835639529091
313,32,987.69493
313,33,1109.3464888267622
313,34,1204.7684119386442
313,35,1274.4289340812045
313,36,1318.79629
313,37,1339.3903621538914
313,38,1341.937623854944
313,39,1333.2161961285244
313,40,1320.0042
313,41,1307.9938733389226
313,42,1298.5339213915809
313,43,1291.887166248449
313,44,1288.31643
313,45,1288.0793098029187
313,46,1291.412503078733
313,47,1298.5474823151803
313,48,1309.71572
313,49,1324.6514993244027
313,50,1341.1003462934884
313,51,1356.3105976158297
313,52,1367.53059
313,53,1371.859785243221
313,54,1365.802145497314
313,55,1345.71275800275
313,56,1307.94671
313,57,1248.5442953277134
313,58,1162.2866342172556
313,59,1043.64005349817
313,60,887.07088
313,61,692.735637664675
313,62,483.551638883664
313,63,288.1263931608209
313,64,135.06741
313,65,0.0
313,66,0.0
313,67,0.0
313,68,0.0
313,69,0.0
313,70,0.0
313,71,0.0
313,72,0.0
313,73,0.0
313,74,0.0
313,75,0.0
313,76,0.0
313,77,0.0
313,78,0.0
313,79,0.0
313,80,0.0
313,81,0.0
313,82,0.0
313,83,0.0
313,84,0.0
313,85,0.0
313,86,0.0
313,87,0.0
313,88,0.0
313,89,0.0
313,90,0.0
313,91,0.0
313,92,0.0
313,93,0.0
313,94,0.0
313,95,0.0
314,0,0.0
314,1,0.0
314,2,0.0
314,3,0.0
314,4,0.0
314,5,0.0
314,6,0.0
314,7,0.0
314,8,0.0
314,9,0.0
314,10,0.0
314,11,0.0
314,12,0.0
314,13,0.0
314,14,0.0
314,15,0.0
314,16,0.0
314,17,0.0
314,18,0.0
314,19,0.0
314,20,0.0
314,21,0.0
314,22,0.0
314,23,0.0
314,24,0.0
314,25,0.0
314,26,205.38660234396403
314,27,345.8846694205648
314,28,514.1082700000001
314,29,702.9575774939233
314,30,894.0814602613375
314,31,1066.3159603980828
314,32,1198.49712
314,33,1275.5914659289258
314,34,1307.087464110686
314,35,1308.6040652371034
314,36,1295.7602199999997
314,37,1281.5102626966232
314,38,1268.1500620459174
314,39,1255.3108703722537
314,40,1242.6239400000002
314,41,1230.0271165658314
314,42,1218.684618955642
314,43,1210.067259367632
314,44,1205.64585
314,45,1206.3924411963017
314,46,1211.2840358815138
314,47,1218.798875125969
314,48,1227.4152
314,49,1235.929297711462
314,50,1244.4096400183032
314,51,1253.2427448159924
314,52,1262.81513
314,53,1272.596767957849
314,54,1278.3914490452732
314,55,1275.086418110061
314,56,1257.56892
314,57,1220.2176067071427
314,58,1155.376758800604
314,59,1054.882063993763
314,60,910.56921
314,61,720.7697072448302
314,62,509.79835700231126
314,63,308.46578325863675
314,64,147.58261000000002
314,65,0.0
314,66,0.0
314,67,0.0
314,68,0.0
314,69,0.0
314,70,0.0
314,71,0.0
314,72,0.0
314,73,0.0
314,74,0.0
314,75,0.0
314,76,0.0
314,77,0.0
314,78,0.0
314,79,0.0
314,80,0.0
314,81,0.0
314,82,0.0
314,83,0.0
314,84,0.0
314,85,0.0
314,86,0.0
314,87,0.0
314,88,0.0
314,89,0.0
314,90,0.0
314,91,0.0
314,92,0.0
314,93,0.0
314,94,0.0
314,95,0.0
315,0,0.0
315,1,0.0
315,2,0.0
315,3,0.0
315,4,0.0
315,5,0.0
315,6,0.0
315,7,0.0
315,8,0.0
315,9,0.0
315,10,0.0
315,11,0.0
315,12,0.0
315,13,0.0
315,14,0.0
315,15,0.0
315,16,0.0
315,17,0.0
315,18,0.0
315,19,0.0
315,20,0.0
315,21,0.0
315,22,0.0
315,23,0.0
315,24,0.0
315,25,0.0
315,26,180.97651316019312
315,27,317.722917868402
315,28,485.60018
315,29,678.9138400767545
315,30,878.6738746935571
315,31,1062.5663694635814
315,32,1208.27741
315,33,1299.6107120398442
315,34,1344.8405118155786
315,35,1358.3586756835232
315,36,1354.5570699999998
315,37,1345.513871451367
315,38,1334.0524980441287
315,39,1320.6826781148256
315,40,1305.91414
315,41,1290.498664810938
315,42,1276.1562447579076
315,43,1264.848924825924
315,44,1258.5387500000002
315,45,1258.6165505548815
315,46,1264.1882979242405
315,47,1273.7887488314786
315,48,1285.95266
315,49,1299.5409384382851
315,50,1314.7190922951304
315,51,1331.9787800044107
315,52,1351.81166
315,53,1372.930689754477
315,54,1386.934022895237
315,55,1383.641112088378
315,56,1352.87141
315,57,1286.3476491063068
315,58,1183.4056811239227
315,59,1045.284637579577
315,60,873.22365
315,61,672.4299238202959
315,62,463.9829601090722
315,63,272.93033384331267
315,64,124.31962
315,65,0.0
315,66,0.0
315,67,0.0
315,68,0.0
315,69,0.0
315,70,0.0
315,71,0.0
315,72,0.0
315,73,0.0
315,74,0.0
315,75,0.0
315,76,0.0
315,77,0.0
315,78,0.0
315,79,0.0
315,80,0.0
315,81,0.0
315,82,0.0
315,83,0.0
315,84,0.0
315,85,0.0
315,86,0.0
315,87,0.0
315,88,0.0
315,89,0.0
315,90,0.0
315,91,0.0
315,92,0.0
315,93,0.0
315,94,0.0
315,95,0.0
316,0,0.0
316,1,0.0
316,2,0.0
316,3,0.0
316,4,0.0
316,5,0.0
316,6,0.0
316,7,0.0
316,8,0.0
316,9,0.0
316,10,0.0
316,11,0.0
316,12,0.0
316,13,0.0
316,14,0.0
316,15,0.0
316,16,0.0
316,17,0.0
316,18,0.0
316,19,0.0
316,20,0.0
316,21,0.0
316,22,0.0
316,23,0.0
316,24,0.0
316,25,0.0
316,26,0.0
316,27,0.0
316,28,149.75311
316,29,257.46591347738143
316,30,387.094152638537
316,31,522.2927279804242
316,32,646.71654
316,33,747.5146745880606
316,34,825.8129592107553
316,35,886.2314067280724
316,36,933.39003
316,37,971.3352786391264
316,38,1001.8193492684414
316,39,1026.020875263536
316,40,1045.11849
316,41,1060.153438980434
316,42,1071.617416215479
316,43,1079.8647278427836
316,44,1085.24968
316,45,1088.6678410641375
316,46,1093.1798283696442
316,47,1102.387521490329
316,48,1119.8928
316,49,1147.914677856767
316,50,1183.1407065559447
316,51,1220.8755719771502
316,52,1256.4239600000003
316,53,1285.0612773525456
316,54,1301.9458141565774
316,55,1302.20658138232
316,56,1280.97259
316,57,1233.4274521080515
316,58,1154.973184317747
316,59,1041.0664043685692
316,60,887.16373
316,61,694.2642415589991
316,62,485.5368698224349
316,63,289.69300817465324
316,64,135.44405
316,65,0.0
316,66,0.0
316,67,0.0
316,68,0.0
316,69,0.0
316,70,0.0
316,71,0.0
316,72,0.0
316,73,0.0
316,74,0.0
316,75,0.0
316,76,0.0
316,77,0.0
316,78,0.0
316,79,0.0
316,80,0.0
316,81,0.0
316,82,0.0
316,83,0.0
316,84,0.0
316,85,0.0
316,86,0.0
316,87,0.0
316,88,0.0
316,89,0.0
316,90,0.0
316,91,0.0
316,92,0.0
316,93,0.0
316,94,0.0
316,95,0.0
317,0,0.0
317,1,0.0
317,2,0.0
317,3,0.0
317,4,0.0
317,5,0.0
317,6,0.0
317,7,0.0
317,8,0.0
317,9,0.0
317,10,0.0
317,11,0.0
317,12,0.0
317,13,0.0
317,14,0.0
317,15,0.0
317,16,0.0
317,17,0.0
317,18,0.0
317,19,0.0
317,20,0.0
317,21,0.0
317,22,0.0
317,23,0.0
317,24,0.0
317,25,0.0
317,26,191.6802192390641
317,27,336.1209066074363
317,28,510.83546999999993
317,29,708.7346241747496
317,30,909.6767003467652
317,31,1090.2569338453984
317,32,1227.07056
317,33,1303.4403624560916
317,34,1329.5993181238748
317,35,1322.5079522297206
317,36,1299.12679
317,37,1273.635419282133
317,38,1249.0896784077347
317,39,1225.764468329469
317,40,1203.93469
317,41,1183.8042430716264
317,42,1165.2930219951863
317,43,1148.2499199211532
317,44,1132.52383
317,45,1118.009707025112
317,46,1104.7867523615205
317,47,1092.9802290171688
317,48,1082.7154
317,49,1073.3399194529266
317,50,1061.0910060587328
317,51,1041.428269635173
317,52,1009.8113200000004
317,53,963.2492320381824
317,54,904.9489409035484
317,55,839.6668468171398
317,56,772.15935
317,57,705.5329661443435
317,58,636.2946728270741
317,59,559.3015630962676
317,60,469.41073
317,61,364.5337319781935
317,62,254.79998903815545
317,63,153.3933865790397
317,64,0.0
317,65,0.0
317,66,0.0
317,67,0.0
317,68,0.0
317,69,0.0
317,70,0.0
317,71,0.0
317,72,0.0
317,73,0.0
317,74,0.0
317,75,0.0
317,76,0.0
317,77,0.0
317,78,0.0
317,79,0.0
317,80,0.0
317,81,0.0
317,82,0.0
317,83,0.0
317,84,0.0
317,85,0.0
317,86,0.0
317,87,0.0
317,88,0.0
317,89,0.0
317,90,0.0
317,91,0.0
317,92,0.0
317,93,0.0
317,94,0.0
317,95,0.0
318,0,0.0
318,1,0.0
318,2,0.0
318,3,0.0
318,4,0.0
318,5,0.0
318,6,0.0
318,7,0.0
318,8,0.0
318,9,0.0
318,10,0.0
318,11,0.0
318,12,0.0
318,13,0.0
318,14,0.0
318,15,0.0
318,16,0.0
318,17,0.0
318,18,0.0
318,19,0.0
318,20,0.0
318,21,0.0
318,22,0.0
318,23,0.0
318,24,0.0
318,25,0.0
318,26,0.0
318,27,0.0
318,28,0.0
318,29,0.0
318,30,0.0
318,31,0.0
318,32,133.66788
318,33,156.20752747476087
318,34,188.78706158790564
318,35,237.0487274070976
318,36,306.63477
318,37,398.6967570989328
318,38,496.4235470948421
318,39,578.5133210433303
318,40,623.66426
318,41,618.0809431920078
318,42,577.993542532726
318,43,527.1386281070812
318,44,489.25277000000006
318,45,481.6755691955361
318,46,496.1587502742543
318,47,518.0570687158449
318,48,532.72528
318,49,528.950516588347
318,50,509.2494188702576
318,51,479.5710042170394
318,52,445.86429
318,53,412.6545727323255
318,54,378.7722654947154
318,55,341.6240605097475
318,56,298.61665
318,57,248.41018904485108
318,58,194.67868415088097
318,59,142.3496046814704
318,60,0.0
318,61,0.0
318,62,0.0
318,63,0.0
318,64,0.0
318,65,0.0
318,66,0.0
318,67,0.0
318,68,0.0
318,69,0.0
318,70,0.0
318,71,0.0
318,72,0.0
318,73,0.0
318,74,0.0
318,75,0.0
318,76,0.0
318,77,0.0
318,78,0.0
318,79,0.0
318,80,0.0
318,81,0.0
318,82,0.0
318,83,0.0
318,84,0.0
318,85,0.0
318,86,0.0
318,87,0.0
318,88,0.0
318,89,0.0
318,90,0.0
318,91,0.0
318,92,0.0
318,93,0.0
318,94,0.0
318,95,0.0
319,0,0.0
319,1,0.0
319,2,0.0
319,3,0.0
319,4,0.0
319,5,0.0
319,6,0.0
319,7,0.0
319,8,0.0
319,9,0.0
319,10,0.0
319,11,0.0
319,12,0.0
319,13,0.0
319,14,0.0
319,15,0.0
319,16,0.0
319,17,0.0
319,18,0.0
319,19,0.0
319,20,0.0
319,21,0.0
319,22,0.0
319,23,0.0
319,24,0.0
319,25,0.0
319,26,174.5039160373862
319,27,297.83444193738404
319,28,433.75893
319,29,572.8695885705629
319,30,706.5432886504725
319,31,826.3530669051457
319,32,923.87196
319,33,993.1953810990528
319,34,1038.5082493607238
319,35,1066.517860442033
319,36,1083.93151
319,37,1096.2612646894756
319,38,1104.2382751566322
319,39,1107.398463045473
319,40,1105.27775
319,41,1098.1503556117948
319,42,1089.2436912627477
319,43,1082.5234662823264
319,44,1081.95539
319,45,1089.1542850508451
319,46,1096.3314272923776
319,47,1093.3472058877212
319,48,1070.06201
319,49,1020.578417778574
319,50,955.967763317742
319,51,891.5435696980393
319,52,842.61936
319,53,818.6487752411093
319,54,805.6459281866543
319,55,783.7650495388718
319,56,733.16037
319,57,640.6822223507387
319,58,519.965347685641
319,59,391.3405891777228
319,60,275.13879
319,61,187.19372660593567
319,62,125.3509085707818
319,63,0.0
319,64,0.0
319,65,0.0
319,66,0.0
319,67,0.0
319,68,0.0
319,69,0.0
319,70,0.0
319,71,0.0
319,72,0.0
319,73,0.0
319,74,0.0
319,75,0.0
319,76,0.0
319,77,0.0
319,78,0.0
319,79,0.0
319,80,0.0
319,81,0.0
319,82,0.0
319,83,0.0
319,84,0.0
319,85,0.0
319,86,0.0
319,87,0.0
319,88,0.0
319,89,0.0
319,90,0.0
319,91,0.0
319,92,0.0
319,93,0.0
319,94,0.0
319,95,0.0
320,0,0.0
320,1,0.0
320,2,0.0
320,3,0.0
320,4,0.0
320,5,0.0
320,6,0.0
320,7,0.0
320,8,0.0
320,9,0.0
320,10,0.0
320,11,0.0
320,12,0.0
320,13,0.0
320,14,0.0
320,15,0.0
320,16,0.0
320,17,0.0
320,18,0.0
320,19,0.0
320,20,0.0
320,21,0.0
320,22,0.0
320,23,0.0
320,24,0.0
320,25,0.0
320,26,0.0
320,27,157.67250431215786
320,28,227.62617000000003
320,29,300.25941568267046
320,30,376.1397607561812
320,31,456.91020545160137
320,32,544.21375
320,33,638.3530539864344
320,34,734.2694144119139
320,35,825.5637876314365
320,36,905.83713
320,37,969.694316496592
320,38,1015.755896596163
320,39,1043.6463383976518
320,40,1052.99011
320,41,1044.386709714697
320,42,1022.3357567034348
320,43,992.3119003404548
320,44,959.78979
320,45,928.1643768321202
320,46,892.511819090099
320,47,845.8285768030282
320,48,781.11111
320,49,695.4930279568226
320,50,602.6565369361697
320,51,520.4209924474322
320,52,466.60575
320,53,452.02673649683976
320,54,459.48616441522194
320,55,464.7828176259932
320,56,443.71548
320,57,379.7550507433185
320,58,287.0608904029425
320,59,187.4644748610953
320,60,0.0
320,61,0.0
320,62,0.0
320,63,0.0
320,64,0.0
320,65,0.0
320,66,0.0
320,67,0.0
320,68,0.0
320,69,0.0
320,70,0.0
320,71,0.0
320,72,0.0
320,73,0.0
320,74,0.0
320,75,0.0
320,76,0.0
320,77,0.0
320,78,0.0
320,79,0.0
320,80,0.0
320,81,0.0
320,82,0.0
320,83,0.0
320,84,0.0
320,85,0.0
320,86,0.0
320,87,0.0
320,88,0.0
320,89,0.0
320,90,0.0
320,91,0.0
320,92,0.0
320,93,0.0
320,94,0.0
320,95,0.0
321,0,0.0
321,1,0.0
321,2,0.0
321,3,0.0
321,4,0.0
321,5,0.0
321,6,0.0
321,7,0.0
321,8,0.0
321,9,0.0
321,10,0.0
321,11,0.0
321,12,0.0
321,13,0.0
321,14,0.0
321,15,0.0
321,16,0.0
321,17,0.0
321,18,0.0
321,19,0.0
321,20,0.0
321,21,0.0
321,22,0.0
321,23,0.0
321,24,0.0
321,25,0.0
321,26,0.0
321,27,0.0
321,28,151.18049
321,29,174.9883803017658
321,30,186.7681881183039
321,31,189.0729693756901
321,32,184.45578
321,33,176.10093990655955
321,34,169.71782496769515
321,35,171.64707504498315
321,36,188.22933
321,37,224.32291913449583
321,38,278.8569295109155
321,39,349.2781376318775
321,40,433.03332
321,41,526.372000117957
321,42,620.7546894886427
321,43,706.4446466150072
321,44,773.70513
321,45,815.0109611749265
321,46,831.6832137845136
321,47,827.2545245018439
321,48,805.25753
321,49,770.4113097135875
321,50,732.1807141233032
321,51,701.2170364713675
321,52,688.17157
321,53,699.7214060644739
321,54,726.6468284722736
321,55,755.7539191439364
321,56,773.84876
321,57,769.4146450910173
321,58,737.6437169876028
321,59,675.405330390387
321,60,579.56884
321,61,451.2205921652071
321,62,308.314899827315
321,63,173.0230675757654
321,64,0.0
321,65,0.0
321,66,0.0
321,67,0.0
321,68,0.0
321,69,0.0
321,70,0.0
321,71,0.0
321,72,0.0
321,73,0.0
321,74,0.0
321,75,0.0
321,76,0.0
321,77,0.0
321,78,0.0
321,79,0.0
321,80,0.0
321,81,0.0
321,82,0.0
321,83,0.0
321,84,0.0
321,85,0.0
321,86,0.0
321,87,0.0
321,88,0.0
321,89,0.0
321,90,0.0
321,91,0.0
321,92,0.0
321,93,0.0
321,94,0.0
321,95,0.0
322,0,0.0
322,1,0.0
322,2,0.0
322,3,0.0
322,4,0.0
322,5,0.0
322,6,0.0
322,7,0.0
322,8,0.0
322,9,0.0
322,10,0.0
322,11,0.0
322,12,0.0
322,13,0.0
322,14,0.0
322,15,0.0
322,16,0.0
322,17,0.0
322,18,0.0
322,19,0.0
322,20,0.0
322,21,0.0
322,22,0.0
322,23,0.0
322,24,0.0
322,25,0.0
322,26,157.67109894196753
322,27,286.89159114404885
322,28,448.92451
322,29,638.8622114087435
322,30,835.9723303654789
322,31,1015.5663216394748
322,32,1152.95564
322,33,1229.439049127373
322,34,1250.2645483461165
322,35,1226.667445891801
322,36,1169.88305
322,37,1091.7148734880127
322,38,1006.239247500055
322,39,928.1007077620696
322,40,871.94379
322,41,848.1025467643246
322,42,849.6690979036633
322,43,865.4250800911701
322,44,884.15213
322,45,896.9016311734383
322,46,903.803954635292
322,47,907.2592182795
322,48,909.66754
322,49,912.9152086981728
322,50,916.8331973051684
322,51,920.73864975958
322,52,923.94871
322,53,926.4339799713712
322,54,930.7788936440344
322,55,940.2213429946804
322,56,957.99922
322,57,982.6712350100933
322,58,994.0793718686944
322,59,967.3864327929492
322,60,877.75522
322,61,711.6582835820069
322,62,500.8071651311874
322,63,288.22315411477405
322,64,0.0
322,65,0.0
322,66,0.0
322,67,0.0
322,68,0.0
322,69,0.0
322,70,0.0
322,71,0.0
322,72,0.0
322,73,0.0
322,74,0.0
322,75,0.0
322,76,0.0
322,77,0.0
322,78,0.0
322,79,0.0
322,80,0.0
322,81,0.0
322,82,0.0
322,83,0.0
322,84,0.0
322,85,0.0
322,86,0.0
322,87,0.0
322,88,0.0
322,89,0.0
322,90,0.0
322,91,0.0
322,92,0.0
322,93,0.0
322,94,0.0
322,95,0.0
323,0,0.0
323,1,0.0
323,2,0.0
323,3,0.0
323,4,0.0
323,5,0.0
323,6,0.0
323,7,0.0
323,8,0.0
323,9,0.0
323,10,0.0
323,11,0.0
323,12,0.0
323,13,0.0
323,14,0.0
323,15,0.0
323,16,0.0
323,17,0.0
323,18,0.0
323,19,0.0
323,20,0.0
323,21,0.0
323,22,0.0
323,23,0.0
323,24,0.0
323,25,0.0
323,26,141.78292260215756
323,27,272.6170140243301
323,28,451.7640400000001
323,29,677.3571498754752
323,30,915.7646769639898
323,31,1125.4137505705094
323,32,1264.7315
323,33,1305.4987715566936
323,34,1272.911279541884
323,35,1205.5184552561327
323,36,1141.86973
323,37,1111.6556674915014
323,38,1109.131361118474
323,39,1119.6930366862096
323,40,1128.73692
323,41,1124.9235222273005
323,42,1109.9704959842202
323,43,1088.8597792490289
323,44,1066.5733099999998
323,45,1047.6620604742957
323,46,1034.9531399446455
323,47,1030.8426919426734
323,48,1037.72686
323,49,1056.5279222817678
323,50,1082.272695487197
323,51,1108.5141309490275
323,52,1128.80518
323,53,1137.7917989923835
323,54,1134.4919643565663
323,55,1119.016657542466
323,56,1091.4768600000002
323,57,1050.5584079986982
323,58,989.2465570865376
323,59,899.1014176311083
323,60,771.6831
323,61,604.5735508878245
323,62,419.4420622972833
323,63,243.97976255810056
323,64,0.0
323,65,0.0
323,66,0.0
323,67,0.0
323,68,0.0
323,69,0.0
323,70,0.0
323,71,0.0
323,72,0.0
323,73,0.0
323,74,0.0
323,75,0.0
323,76,0.0
323,77,0.0
323,78,0.0
323,79,0.0
323,80,0.0
323,81,0.0
323,82,0.0
323,83,0.0
323,84,0.0
323,85,0.0
323,86,0.0
323,87,0.0
323,88,0.0
323,89,0.0
323,90,0.0
323,91,0.0
323,92,0.0
323,93,0.0
323,94,0.0
323,95,0.0
324,0,0.0
324,1,0.0
324,2,0.0
324,3,0.0
324,4,0.0
324,5,0.0
324,6,0.0
324,7,0.0
324,8,0.0
324,9,0.0
324,10,0.0
324,11,0.0
324,12,0.0
324,13,0.0
324,14,0.0
324,15,0.0
324,16,0.0
324,17,0.0
324,18,0.0
324,19,0.0
324,20,0.0
324,21,0.0
324,22,0.0
324,23,0.0
324,24,0.0
324,25,0.0
324,26,137.09343870806583
324,27,257.2868327494372
324,28,417.61986
324,29,616.3271053298747
324,30,830.0500528367658
324,31,1030.031911425274
324,32,1187.51589
324,33,1281.4481138365895
324,34,1321.5863736948709
324,35,1325.3913767057168
324,36,1310.32383
324,37,1291.1139116675165
324,38,1271.5696836337509
324,39,1252.7686787831096
324,40,1235.7884300000003
324,41,1221.4720273058444
324,42,1209.7247892701264
324,43,1200.2175915993453
324,44,1192.62131
324,45,1186.689208952856
324,46,1182.504108035744
324,47,1180.2312156007597
324,48,1180.03574
324,49,1181.8582707889807
324,50,1184.7409223368977
324,51,1187.501190216365
324,52,1188.95657
324,53,1186.8262957037214
324,54,1174.4365551166666
324,55,1144.0152744712786
324,56,1087.79038
324,57,1000.2625120211349
324,58,885.0231671964365
324,59,747.9365562735198
324,60,594.86689
324,61,433.2864151179893
324,62,277.0995223475876
324,63,141.8186384033922
324,64,0.0
324,65,0.0
324,66,0.0
324,67,0.0
324,68,0.0
324,69,0.0
324,70,0.0
324,71,0.0
324,72,0.0
324,73,0.0
324,74,0.0
324,75,0.0
324,76,0.0
324,77,0.0
324,78,0.0
324,79,0.0
324,80,0.0
324,81,0.0
324,82,0.0
324,83,0.0
324,84,0.0
324,85,0.0
324,86,0.0
324,87,0.0
324,88,0.0
324,89,0.0
324,90,0.0
324,91,0.0
324,92,0.0
324,93,0.0
324,94,0.0
324,95,0.0
325,0,0.0
325,1,0.0
325,2,0.0
325,3,0.0
325,4,0.0
325,5,0.0
325,6,0.0
325,7,0.0
325,8,0.0
325,9,0.0
325,10,0.0
325,11,0.0
325,12,0.0
325,13,0.0
325,14,0.0
325,15,0.0
325,16,0.0
325,17,0.0
325,18,0.0
325,19,0.0
325,20,0.0
325,21,0.0
325,22,0.0
325,23,0.0
325,24,0.0
325,25,0.0
325,26,0.0
325,27,199.99657329502912
325,28,356.43892
325,29,567.6344224507309
325,30,801.5704252355747
325,31,1017.5881854026312
325,32,1175.02896
325,33,1245.431522112428
325,34,1249.1247089712494
325,35,1218.6348738444462
325,36,1186.48837
325,37,1177.7868255058077
325,38,1187.932967629428
325,39,1204.9047984383342
325,40,1216.68032
325,41,1214.6028961768409
325,42,1203.4773380110385
325,43,1191.473818339717
325,44,1186.76251
325,45,1195.3337221305792
325,46,1214.4583090764183
325,47,1239.2272614840483
325,48,1264.73157
325,49,1286.0547392070916
325,50,1298.2503294332876
325,51,1296.36441494284
325,52,1275.4430699999998
325,53,1232.0414510410542
325,54,1168.7510431904311
325,55,1089.672413744592
325,56,998.90613
325,57,899.57205147244
325,58,790.8672065549879
325,59,671.0079158600417
325,60,538.2105
325,61,393.6754024441851
325,62,250.53955808961723
325,63,124.92402469024069
325,64,0.0
325,65,0.0
325,66,0.0
325,67,0.0
325,68,0.0
325,69,0.0
325,70,0.0
325,71,0.0
325,72,0.0
325,73,0.0
325,74,0.0
325,75,0.0
325,76,0.0
325,77,0.0
325,78,0.0
325,79,0.0
325,80,0.0
325,81,0.0
325,82,0.0
325,83,0.0
325,84,0.0
325,85,0.0
325,86,0.0
325,87,0.0
325,88,0.0
325,89,0.0
325,90,0.0
325,91,0.0
325,92,0.0
325,93,0.0
325,94,0.0
325,95,0.0
326,0,0.0
326,1,0.0
326,2,0.0
326,3,0.0
326,4,0.0
326,5,0.0
326,6,0.0
326,7,0.0
326,8,0.0
326,9,0.0
326,10,0.0
326,11,0.0
326,12,0.0
326,13,0.0
326,14,0.0
326,15,0.0
326,16,0.0
326,17,0.0
326,18,0.0
326,19,0.0
326,20,0.0
326,21,0.0
326,22,0.0
326,23,0.0
326,24,0.0
326,25,0.0
326,26,0.0
326,27,210.7581468077453
326,28,365.3769699999999
326,29,569.1254367063566
326,30,795.9498474376917
326,31,1012.8697194501808
326,32,1186.90457
326,33,1293.8006411449485
326,34,1344.2110741493198
326,35,1357.5157350790314
326,36,1353.09449
326,37,1346.7247143388493
326,38,1339.7738209650286
326,39,1330.0067321086938
326,40,1315.1883700000003
326,41,1294.2968736871544
326,42,1271.163249490566
326,43,1250.8317205486942
326,44,1238.34651
326,45,1237.369478412534
326,46,1246.0330360727096
326,47,1261.0872306965302
326,48,1279.28211
326,49,1297.9509945377094
326,50,1316.760296218596
326,51,1335.9596997901851
326,52,1355.79889
326,53,1374.869423124128
326,54,1385.1303415529048
326,55,1376.8825592052292
326,56,1340.42699
326,57,1267.9637710907791
326,58,1159.2899325697842
326,59,1016.1017277638972
326,60,840.09541
326,61,636.9169270440061
326,62,428.0110044179584
326,63,238.77206208293128
326,64,0.0
326,65,0.0
326,66,0.0
326,67,0.0
326,68,0.0
326,69,0.0
326,70,0.0
326,71,0.0
326,72,0.0
326,73,0.0
326,74,0.0
326,75,0.0
326,76,0.0
326,77,0.0
326,78,0.0
326,79,0.0
326,80,0.0
326,81,0.0
326,82,0.0
326,83,0.0
326,84,0.0
326,85,0.0
326,86,0.0
326,87,0.0
326,88,0.0
326,89,0.0
326,90,0.0
326,91,0.0
326,92,0.0
326,93,0.0
326,94,0.0
326,95,0.0
327,0,0.0
327,1,0.0
327,2,0.0
327,3,0.0
327,4,0.0
327,5,0.0
327,6,0.0
327,7,0.0
327,8,0.0
327,9,0.0
327,10,0.0
327,11,0.0
327,12,0.0
327,13,0.0
327,14,0.0
327,15,0.0
327,16,0.0
327,17,0.0
327,18,0.0
327,19,0.0
327,20,0.0
327,21,0.0
327,22,0.0
327,23,0.0
327,24,0.0
327,25,0.0
327,26,0.0
327,27,233.13134734585896
327,28,397.22132
327,29,610.4194050693578
327,30,846.367063149088
327,31,1071.8732471542744
327,32,1253.74691
327,33,1367.3459054124428
327,34,1422.2236903621576
327,35,1436.4826226307932
327,36,1428.22506
327,37,1412.797969374621
327,38,1394.5267541522817
327,39,1374.9814268538014
327,40,1355.732
327,41,1338.2611095890727
327,42,1323.7018855287158
327,43,1313.1000812040008
327,44,1307.50145
327,45,1307.6310814878386
327,46,1312.9314099828566
327,47,1322.5242059864456
327,48,1335.53124
327,49,1351.2747393033223
327,50,1369.878758289858
327,51,1391.6678081314656
327,52,1416.9664
327,53,1443.9476705176226
327,54,1462.179258107709
327,55,1459.0774266439414
327,56,1422.05844
327,57,1341.459902688689
327,58,1219.3047817793051
327,59,1060.5373849802686
327,60,870.10202
327,61,656.2012746651221
327,62,440.0708572750706
327,63,246.2047562474837
327,64,0.0
327,65,0.0
327,66,0.0
327,67,0.0
327,68,0.0
327,69,0.0
327,70,0.0
327,71,0.0
327,72,0.0
327,73,0.0
327,74,0.0
327,75,0.0
327,76,0.0
327,77,0.0
327,78,0.0
327,79,0.0
327,80,0.0
327,81,0.0
327,82,0.0
327,83,0.0
327,84,0.0
327,85,0.0
327,86,0.0
327,87,0.0
327,88,0.0
327,89,0.0
327,90,0.0
327,91,0.0
327,92,0.0
327,93,0.0
327,94,0.0
327,95,0.0
328,0,0.0
328,1,0.0
328,2,0.0
328,3,0.0
328,4,0.0
328,5,0.0
328,6,0.0
328,7,0.0
328,8,0.0
328,9,0.0
328,10,0.0
328,11,0.0
328,12,0.0
328,13,0.0
328,14,0.0
328,15,0.0
328,16,0.0
328,17,0.0
328,18,0.0
328,19,0.0
328,20,0.0
328,21,0.0
328,22,0.0
328,23,0.0
328,24,0.0
328,25,0.0
328,26,0.0
328,27,207.0747393427428
328,28,365.59771
328,29,578.0621114626744
328,30,815.6597318531682
328,31,1041.7354113170777
328,32,1219.63399
328,33,1322.6931985188792
328,34,1364.22232937605
328,35,1367.523565545196
328,36,1355.89909
328,37,1347.7156972743103
328,38,1341.5986281426328
328,39,1331.2377349396386
328,40,1310.32287
328,41,1275.1120200401308
328,42,1232.1357093034196
328,43,1190.4925964149986
328,44,1159.28134
328,45,1145.2016786589172
328,46,1145.3576708936891
328,47,1154.4544551816168
328,48,1167.19717
328,49,1179.5385054804506
328,50,1192.4213583718229
328,51,1208.0361770772845
328,52,1228.57341
328,53,1253.9546275442813
328,54,1275.0258881190184
328,55,1280.3643721342462
328,56,1258.5472600000005
328,57,1200.2815754361743
328,58,1104.7937154021035
328,59,973.439920166981
328,60,807.57643
328,61,612.6187174297704
328,62,410.2191840225668
328,63,226.08946360407973
328,64,0.0
328,65,0.0
328,66,0.0
328,67,0.0
328,68,0.0
328,69,0.0
328,70,0.0
328,71,0.0
328,72,0.0
328,73,0.0
328,74,0.0
328,75,0.0
328,76,0.0
328,77,0.0
328,78,0.0
328,79,0.0
328,80,0.0
328,81,0.0
328,82,0.0
328,83,0.0
328,84,0.0
328,85,0.0
328,86,0.0
328,87,0.0
328,88,0.0
328,89,0.0
328,90,0.0
328,91,0.0
328,92,0.0
328,93,0.0
328,94,0.0
328,95,0.0
329,0,0.0
329,1,0.0
329,2,0.0
329,3,0.0
329,4,0.0
329,5,0.0
329,6,0.0
329,7,0.0
329,8,0.0
329,9,0.0
329,10,0.0
329,11,0.0
329,12,0.0
329,13,0.0
329,14,0.0
329,15,0.0
329,16,0.0
329,17,0.0
329,18,0.0
329,19,0.0
329,20,0.0
329,21,0.0
329,22,0.0
329,23,0.0
329,24,0.0
329,25,0.0
329,26,0.0
329,27,141.81940788300685
329,28,241.42622
329,29,370.9638278012682
329,30,519.2354351803092
329,31,671.9248199691955
329,32,814.71576
329,33,934.9537185862976
329,34,1026.6309009676725
329,35,1085.4011978652104
329,36,1106.9185000000002
329,37,1090.2399816035418
329,38,1048.0359509490015
329,39,996.3799998199604
329,40,951.34572
329,41,925.4360548432854
329,42,916.8713539863212
329,43,920.3013186361964
329,44,930.37565
329,45,942.0201379295664
329,46,951.2649268557136
329,47,954.4162498540036
329,48,947.78034
329,49,928.1101356259484
329,50,893.9453960908249
329,51,844.272586010289
329,52,778.07817
329,53,696.3651564416404
329,54,608.202728780987
329,55,524.6766142298402
329,56,456.87254
329,57,411.8302093887403
329,58,380.4052300352273
329,59,349.4071856641006
329,60,305.64566
329,61,240.4677488158987
329,62,163.37059607810414
329,63,0.0
329,64,0.0
329,65,0.0
329,66,0.0
329,67,0.0
329,68,0.0
329,69,0.0
329,70,0.0
329,71,0.0
329,72,0.0
329,73,0.0
329,74,0.0
329,75,0.0
329,76,0.0
329,77,0.0
329,78,0.0
329,79,0.0
329,80,0.0
329,81,0.0
329,82,0.0
329,83,0.0
329,84,0.0
329,85,0.0
329,86,0.0
329,87,0.0
329,88,0.0
329,89,0.0
329,90,0.0
329,91,0.0
329,92,0.0
329,93,0.0
329,94,0.0
329,95,0.0
330,0,0.0
330,1,0.0
330,2,0.0
330,3,0.0
330,4,0.0
330,5,0.0
330,6,0.0
330,7,0.0
330,8,0.0
330,9,0.0
330,10,0.0
330,11,0.0
330,12,0.0
330,13,0.0
330,14,0.0
330,15,0.0
330,16,0.0
330,17,0.0
330,18,0.0
330,19,0.0
330,20,0.0
330,21,0.0
330,22,0.0
330,23,0.0
330,24,0.0
330,25,0.0
330,26,0.0
330,27,0.0
330,28,198.75958
330,29,395.4714665245639
330,30,636.2542806069986
330,31,880.6840593859339
330,32,1088.33684
330,33,1228.439529063136
330,34,1308.822511090522
330,35,1346.9670400726468
330,36,1360.35437
330,37,1363.2433706603913
330,38,1357.0033750309133
330,39,1339.7813318859787
330,40,1309.72419
330,41,1267.023862045298
330,42,1220.0521162858247
330,43,1179.2256848834393
330,44,1154.9613
330,45,1154.4540483459157
330,46,1172.0124348257875
330,47,1198.7233188927655
330,48,1225.67356
330,49,1245.8206522272883
330,50,1259.6046281610245
330,51,1269.3361550142474
330,52,1277.3258999999998
330,53,1284.1097257136798
330,54,1283.1242762801155
330,55,1266.0313912064937
330,56,1224.4929099999997
330,57,1151.7966647617422
330,58,1047.7344579685134
330,59,913.724084691028
330,60,751.18334
330,61,565.227167270601
330,62,375.7591030958303
330,63,206.3798323731444
330,64,0.0
330,65,0.0
330,66,0.0
330,67,0.0
330,68,0.0
330,69,0.0
330,70,0.0
330,71,0.0
330,72,0.0
330,73,0.0
330,74,0.0
330,75,0.0
330,76,0.0
330,77,0.0
330,78,0.0
330,79,0.0
330,80,0.0
330,81,0.0
330,82,0.0
330,83,0.0
330,84,0.0
330,85,0.0
330,86,0.0
330,87,0.0
330,88,0.0
330,89,0.0
330,90,0.0
330,91,0.0
330,92,0.0
330,93,0.0
330,94,0.0
330,95,0.0
331,0,0.0
331,1,0.0
331,2,0.0
331,3,0.0
331,4,0.0
331,5,0.0
331,6,0.0
331,7,0.0
331,8,0.0
331,9,0.0
331,10,0.0
331,11,0.0
331,12,0.0
331,13,0.0
331,14,0.0
331,15,0.0
331,16,0.0
331,17,0.0
331,18,0.0
331,19,0.0
331,20,0.0
331,21,0.0
331,22,0.0
331,23,0.0
331,24,0.0
331,25,0.0
331,26,0.0
331,27,151.5221255446883
331,28,275.79036
331,29,456.5149789877697
331,30,669.6323292977423
331,31,883.4670024588438
331,32,1066.34359
331,33,1193.8688586916412
331,34,1270.7782762702188
331,35,1309.0894857136866
331,36,1320.8201299999996
331,37,1316.6734787456642
331,38,1302.095308121383
331,39,1281.21702093641
331,40,1258.17002
331,41,1236.5939242944528
331,42,1218.1612174942506
331,43,1204.0525994469235
331,44,1195.44877
331,45,1193.169704545276
331,46,1196.5924806516143
331,47,1204.733451432145
331,48,1216.60897
331,49,1231.127304555694
331,50,1246.764383649292
331,51,1261.8880509182436
331,52,1274.86615
331,53,1282.8804473881976
331,54,1278.3684010012184
331,55,1252.58139161363
331,56,1196.7708
331,57,1104.894577610265
331,58,981.7369585958344
331,59,834.7887477834869
331,60,671.54075
331,61,500.7018496707423
331,62,335.8532496154432
331,63,191.7942322524225
331,64,0.0
331,65,0.0
331,66,0.0
331,67,0.0
331,68,0.0
331,69,0.0
331,70,0.0
331,71,0.0
331,72,0.0
331,73,0.0
331,74,0.0
331,75,0.0
331,76,0.0
331,77,0.0
331,78,0.0
331,79,0.0
331,80,0.0
331,81,0.0
331,82,0.0
331,83,0.0
331,84,0.0
331,85,0.0
331,86,0.0
331,87,0.0
331,88,0.0
331,89,0.0
331,90,0.0
331,91,0.0
331,92,0.0
331,93,0.0
331,94,0.0
331,95,0.0
332,0,0.0
332,1,0.0
332,2,0.0
332,3,0.0
332,4,0.0
332,5,0.0
332,6,0.0
332,7,0.0
332,8,0.0
332,9,0.0
332,10,0.0
332,11,0.0
332,12,0.0
332,13,0.0
332,14,0.0
332,15,0.0
332,16,0.0
332,17,0.0
332,18,0.0
332,19,0.0
332,20,0.0
332,21,0.0
332,22,0.0
332,23,0.0
332,24,0.0
332,25,0.0
332,26,0.0
332,27,0.0
332,28,187.52659
332,29,266.8749988845455
332,30,351.57446521478784
332,31,434.1698689376364
332,32,507.20609
332,33,565.7238977771816
332,34,614.7476193580604
332,35,661.7974712599091
332,36,714.39367
332,37,777.2120825067277
332,38,843.5511773529704
332,39,903.865073522728
332,40,948.60789
332,41,971.1934262584076
332,42,976.8742037300578
332,43,973.862424336679
332,44,970.37029
332,45,973.130456678392
332,46,982.9573964767982
332,47,999.1860355368054
332,48,1021.1513
332,49,1048.0629799967746
332,50,1078.630321612749
332,51,1111.4374349223488
332,52,1145.06843
332,53,1176.4920314595097
332,54,1196.2154220722057
332,55,1193.1303991487996
332,56,1156.1287599999998
332,57,1077.5153652589377
332,58,963.2473288484272
332,59,822.6948280137028
332,60,665.22804
332,61,500.8981145359895
332,62,342.48009128408574
332,63,203.4299823901393
332,64,0.0
332,65,0.0
332,66,0.0
332,67,0.0
332,68,0.0
332,69,0.0
332,70,0.0
332,71,0.0
332,72,0.0
332,73,0.0
332,74,0.0
332,75,0.0
332,76,0.0
332,77,0.0
332,78,0.0
332,79,0.0
332,80,0.0
332,81,0.0
332,82,0.0
332,83,0.0
332,84,0.0
332,85,0.0
332,86,0.0
332,87,0.0
332,88,0.0
332,89,0.0
332,90,0.0
332,91,0.0
332,92,0.0
332,93,0.0
332,94,0.0
332,95,0.0
333,0,0.0
333,1,0.0
333,2,0.0
333,3,0.0
333,4,0.0
333,5,0.0
333,6,0.0
333,7,0.0
333,8,0.0
333,9,0.0
333,10,0.0
333,11,0.0
333,12,0.0
333,13,0.0
333,14,0.0
333,15,0.0
333,16,0.0
333,17,0.0
333,18,0.0
333,19,0.0
333,20,0.0
333,21,0.0
333,22,0.0
333,23,0.0
333,24,0.0
333,25,0.0
333,26,0.0
333,27,0.0
333,28,0.0
333,29,0.0
333,30,129.50487386223514
333,31,194.43841913711907
333,32,282.89524
333,33,396.6708799119647
333,34,525.3846361019881
333,35,655.6117442410176
333,36,773.92744
333,37,869.6933307271579
333,38,943.4165104798126
333,39,998.3904449925614
333,40,1037.9085999999998
333,41,1064.5722298356543
333,42,1078.2137432287616
333,43,1077.973337507488
333,44,1062.99121
333,45,1033.3995061411626
333,46,993.2981637926408
333,47,947.7790689227984
333,48,901.9341075
333,49,859.6636606387575
333,50,820.1020900381751
333,51,781.1922525435052
333,52,740.8770049999999
333,53,697.9648425538072
333,54,654.7268135546583
333,55,614.2996046531802
333,56,579.8199024999999
333,57,552.1533453960132
333,58,523.081378243191
333,59,482.1143975937732
333,60,418.7628
333,61,327.3670512137026
333,62,221.58789378507788
333,63,0.0
333,64,0.0
333,65,0.0
333,66,0.0
333,67,0.0
333,68,0.0
333,69,0.0
333,70,0.0
333,71,0.0
333,72,0.0
333,73,0.0
333,74,0.0
333,75,0.0
333,76,0.0
333,77,0.0
333,78,0.0
333,79,0.0
333,80,0.0
333,81,0.0
333,82,0.0
333,83,0.0
333,84,0.0
333,85,0.0
333,86,0.0
333,87,0.0
333,88,0.0
333,89,0.0
333,90,0.0
333,91,0.0
333,92,0.0
333,93,0.0
333,94,0.0
333,95,0.0
334,0,0.0
334,1,0.0
334,2,0.0
334,3,0.0
334,4,0.0
334,5,0.0
334,6,0.0
334,7,0.0
334,8,0.0
334,9,0.0
334,10,0.0
334,11,0.0
334,12,0.0
334,13,0.0
334,14,0.0
334,15,0.0
334,16,0.0
334,17,0.0
334,18,0.0
334,19,0.0
334,20,0.0
334,21,0.0
334,22,0.0
334,23,0.0
334,24,0.0
334,25,0.0
334,26,0.0
334,27,132.3714046696219
334,28,259.5348
334,29,443.2493799839935
334,30,658.3237439563177
334,31,871.755008450483
334,32,1050.54029
334,33,1169.6875468974133
334,34,1236.248104471406
334,35,1265.2841298096955
334,36,1271.85779
334,37,1268.7393128951032
334,38,1259.5311694080583
334,39,1245.543891216984
334,40,1228.08801
334,41,1208.6431848034233
334,42,1189.365584146361
334,43,1172.5805039161185
334,44,1160.61324
334,45,1155.1593847662032
334,46,1155.395716506497
334,47,1159.869309993542
334,48,1167.12724
334,49,1175.899574881764
334,50,1185.648357327652
334,51,1196.0186236097145
334,52,1206.65541
334,53,1215.9611432067416
334,54,1217.3678116828955
334,55,1203.064794317602
334,56,1165.24147
334,57,1097.5158549475211
334,58,999.2205146907656
334,59,871.1166520886278
334,60,713.96547
334,61,532.3474015344248
334,62,346.119800804041
334,63,178.95925217163676
334,64,0.0
334,65,0.0
334,66,0.0
334,67,0.0
334,68,0.0
334,69,0.0
334,70,0.0
334,71,0.0
334,72,0.0
334,73,0.0
334,74,0.0
334,75,0.0
334,76,0.0
334,77,0.0
334,78,0.0
334,79,0.0
334,80,0.0
334,81,0.0
334,82,0.0
334,83,0.0
334,84,0.0
334,85,0.0
334,86,0.0
334,87,0.0
334,88,0.0
334,89,0.0
334,90,0.0
334,91,0.0
334,92,0.0
334,93,0.0
334,94,0.0
334,95,0.0
335,0,0.0
335,1,0.0
335,2,0.0
335,3,0.0
335,4,0.0
335,5,0.0
335,6,0.0
335,7,0.0
335,8,0.0
335,9,0.0
335,10,0.0
335,11,0.0
335,12,0.0
335,13,0.0
335,14,0.0
335,15,0.0
335,16,0.0
335,17,0.0
335,18,0.0
335,19,0.0
335,20,0.0
335,21,0.0
335,22,0.0
335,23,0.0
335,24,0.0
335,25,0.0
335,26,0.0
335,27,0.0
335,28,229.56126
335,29,393.079212053953
335,30,584.374923193604
335,31,773.6143252364532
335,32,930.96335
335,33,1034.1060897296952
335,34,1090.7992783827915
335,35,1116.317810344492
335,36,1125.93658
335,37,1132.122777308516
335,38,1136.1127745252295
335,39,1136.3352394793287
335,40,1131.21884
335,41,1119.907970098741
335,42,1104.4099285162893
335,43,1087.4477401756933
335,44,1071.74443
335,45,1059.3252693277702
335,46,1049.4245151596128
335,47,1040.578670911649
335,48,1031.32424
335,49,1020.5473344651784
335,50,1008.5325008452598
335,51,995.9138943027114
335,52,983.3256699999998
335,53,970.0080412490164
335,54,949.6254539593476
335,55,914.4484121900052
335,56,856.74742
335,57,771.609591163756
335,58,665.3884783173488
335,59,547.2542438122673
335,60,426.37705
335,61,311.2789853459599
335,62,207.88984277125687
335,63,121.4913413109256
335,64,0.0
335,65,0.0
335,66,0.0
335,67,0.0
335,68,0.0
335,69,0.0
335,70,0.0
335,71,0.0
335,72,0.0
335,73,0.0
335,74,0.0
335,75,0.0
335,76,0.0
335,77,0.0
335,78,0.0
335,79,0.0
335,80,0.0
335,81,0.0
335,82,0.0
335,83,0.0
335,84,0.0
335,85,0.0
335,86,0.0
335,87,0.0
335,88,0.0
335,89,0.0
335,90,0.0
335,91,0.0
335,92,0.0
335,93,0.0
335,94,0.0
335,95,0.0
336,0,0.0
336,1,0.0
336,2,0.0
336,3,0.0
336,4,0.0
336,5,0.0
336,6,0.0
336,7,0.0
336,8,0.0
336,9,0.0
336,10,0.0
336,11,0.0
336,12,0.0
336,13,0.0
336,14,0.0
336,15,0.0
336,16,0.0
336,17,0.0
336,18,0.0
336,19,0.0
336,20,0.0
336,21,0.0
336,22,0.0
336,23,0.0
336,24,0.0
336,25,0.0
336,26,0.0
336,27,0.0
336,28,122.06862
336,29,233.87660026075343
336,30,372.970183457924
336,31,521.0094399261326
336,32,659.65444
336,33,773.3129522478274
336,34,857.3835381726356
336,35,910.012457511126
336,36,929.34597
336,37,916.5161762166872
336,38,884.5985401015334
336,39,849.6543664356129
336,40,827.74496
336,41,829.7712999166737
336,42,845.9930626712306
336,43,861.5095990901725
336,44,861.42026
336,45,835.127331304118
336,46,789.2448392135437
336,47,734.6897450161974
336,48,682.37901
336,49,640.5388343981043
336,50,606.6323742245945
336,51,575.4320244387875
336,52,541.71018
336,53,501.3195914159648
336,54,454.434431388078
336,55,402.3092281661524
336,56,346.19851
336,57,287.65916915678685
336,58,229.4575539730932
336,59,174.6623768028529
336,60,126.34235
336,61,0.0
336,62,0.0
336,63,0.0
336,64,0.0
336,65,0.0
336,66,0.0
336,67,0.0
336,68,0.0
336,69,0.0
336,70,0.0
336,71,0.0
336,72,0.0
336,73,0.0
336,74,0.0
336,75,0.0
336,76,0.0
336,77,0.0
336,78,0.0
336,79,0.0
336,80,0.0
336,81,0.0
336,82,0.0
336,83,0.0
336,84,0.0
336,85,0.0
336,86,0.0
336,87,0.0
336,88,0.0
336,89,0.0
336,90,0.0
336,91,0.0
336,92,0.0
336,93,0.0
336,94,0.0
336,95,0.0
337,0,0.0
337,1,0.0
337,2,0.0
337,3,0.0
337,4,0.0
337,5,0.0
337,6,0.0
337,7,0.0
337,8,0.0
337,9,0.0
337,10,0.0
337,11,0.0
337,12,0.0
337,13,0.0
337,14,0.0
337,15,0.0
337,16,0.0
337,17,0.0
337,18,0.0
337,19,0.0
337,20,0.0
337,21,0.0
337,22,0.0
337,23,0.0
337,24,0.0
337,25,0.0
337,26,0.0
337,27,0.0
337,28,0.0
337,29,0.0
337,30,132.20173950295697
337,31,188.56162373474115
337,32,259.82597
337,33,346.75665803532974
337,34,444.4254993838986
337,35,546.4817885405183
337,36,646.57482
337,37,738.8325484327369
337,38,819.2975692114485
337,39,884.4911378844358
337,40,930.93451
337,41,957.0925227649732
337,42,969.204340020308
337,43,975.4527072654888
337,44,984.02037
337,45,1001.0070576948716
337,46,1024.1804357073202
337,47,1049.225153366109
337,48,1071.82586
337,49,1088.3884272367895
337,50,1098.20361590041
337,51,1101.283409113825
337,52,1097.63979
337,53,1087.0118957017185
337,54,1068.0474794410395
337,55,1039.1214484598406
337,56,998.60871
337,57,944.365084018836
337,58,872.1700413354317
337,59,777.2839654843117
337,60,654.96724
337,61,504.9188919729378
337,62,344.5925227172335
337,63,195.8803771029125
337,64,0.0
337,65,0.0
337,66,0.0
337,67,0.0
337,68,0.0
337,69,0.0
337,70,0.0
337,71,0.0
337,72,0.0
337,73,0.0
337,74,0.0
337,75,0.0
337,76,0.0
337,77,0.0
337,78,0.0
337,79,0.0
337,80,0.0
337,81,0.0
337,82,0.0
337,83,0.0
337,84,0.0
337,85,0.0
337,86,0.0
337,87,0.0
337,88,0.0
337,89,0.0
337,90,0.0
337,91,0.0
337,92,0.0
337,93,0.0
337,94,0.0
337,95,0.0
338,0,0.0
338,1,0.0
338,2,0.0
338,3,0.0
338,4,0.0
338,5,0.0
338,6,0.0
338,7,0.0
338,8,0.0
338,9,0.0
338,10,0.0
338,11,0.0
338,12,0.0
338,13,0.0
338,14,0.0
338,15,0.0
338,16,0.0
338,17,0.0
338,18,0.0
338,19,0.0
338,20,0.0
338,21,0.0
338,22,0.0
338,23,0.0
338,24,0.0
338,25,0.0
338,26,0.0
338,27,0.0
338,28,130.30789
338,29,273.5267013323803
338,30,453.3268031097056
338,31,642.5291158321781
338,32,813.95456
338,33,946.0255034394858
338,34,1039.5701032813972
338,35,1101.0179639826106
338,36,1136.79869
338,37,1152.9754580346782
338,38,1154.1457337647057
338,39,1144.5405551123802
338,40,1128.39096
338,41,1109.6665262968022
338,42,1091.290991659781
338,43,1075.9266336928697
338,44,1066.23573
338,45,1064.184257559363
338,46,1068.952990846171
338,47,1079.0264037098934
338,48,1092.8889699999995
338,49,1109.1901403407471
338,50,1127.2392724555368
338,51,1146.510700842558
338,52,1166.4787599999995
338,53,1185.191397952649
338,54,1194.991016831682
338,55,1186.793632294874
338,56,1151.51526
338,57,1082.1761244111572
338,58,980.2132852177352
338,59,849.1680109154454
338,60,692.58157
338,61,516.836723777722
338,62,339.6822047973777
338,63,181.7082384183446
338,64,0.0
338,65,0.0
338,66,0.0
338,67,0.0
338,68,0.0
338,69,0.0
338,70,0.0
338,71,0.0
338,72,0.0
338,73,0.0
338,74,0.0
338,75,0.0
338,76,0.0
338,77,0.0
338,78,0.0
338,79,0.0
338,80,0.0
338,81,0.0
338,82,0.0
338,83,0.0
338,84,0.0
338,85,0.0
338,86,0.0
338,87,0.0
338,88,0.0
338,89,0.0
338,90,0.0
338,91,0.0
338,92,0.0
338,93,0.0
338,94,0.0
338,95,0.0
339,0,0.0
339,1,0.0
339,2,0.0
339,3,0.0
339,4,0.0
339,5,0.0
339,6,0.0
339,7,0.0
339,8,0.0
339,9,0.0
339,10,0.0
339,11,0.0
339,12,0.0
339,13,0.0
339,14,0.0
339,15,0.0
339,16,0.0
339,17,0.0
339,18,0.0
339,19,0.0
339,20,0.0
339,21,0.0
339,22,0.0
339,23,0.0
339,24,0.0
339,25,0.0
339,26,0.0
339,27,0.0
339,28,190.89463
339,29,347.6518711590762
339,30,534.6541758983217
339,31,721.4959626884063
339,32,877.77165
339,33,980.054121711978
339,34,1032.8301233360364
339,35,1047.5648657920765
339,36,1035.72356
339,37,1008.6855826180118
339,38,977.4869732575328
339,39,953.0779372682877
339,40,946.40868
339,41,964.5342309409745
339,42,998.928916133832
339,43,1037.1718857597734
339,44,1066.84229
339,45,1078.871776586841
339,46,1077.60198345714
339,47,1070.7270460988689
339,48,1065.9411
339,49,1068.8127694304117
339,50,1076.4086337876083
339,51,1083.669761251001
339,52,1085.53722
339,53,1076.480240379012
339,54,1049.080701392426
339,55,995.4486442096272
339,56,907.69411
339,57,782.2904465535399
339,58,633.1642281426862
339,59,478.6053356604895
339,60,336.90365
339,61,222.72690418807872
339,62,136.25423978682898
339,63,0.0
339,64,0.0
339,65,0.0
339,66,0.0
339,67,0.0
339,68,0.0
339,69,0.0
339,70,0.0
339,71,0.0
339,72,0.0
339,73,0.0
339,74,0.0
339,75,0.0
339,76,0.0
339,77,0.0
339,78,0.0
339,79,0.0
339,80,0.0
339,81,0.0
339,82,0.0
339,83,0.0
339,84,0.0
339,85,0.0
339,86,0.0
339,87,0.0
339,88,0.0
339,89,0.0
339,90,0.0
339,91,0.0
339,92,0.0
339,93,0.0
339,94,0.0
339,95,0.0
340,0,0.0
340,1,0.0
340,2,0.0
340,3,0.0
340,4,0.0
340,5,0.0
340,6,0.0
340,7,0.0
340,8,0.0
340,9,0.0
340,10,0.0
340,11,0.0
340,12,0.0
340,13,0.0
340,14,0.0
340,15,0.0
340,16,0.0
340,17,0.0
340,18,0.0
340,19,0.0
340,20,0.0
340,21,0.0
340,22,0.0
340,23,0.0
340,24,0.0
340,25,0.0
340,26,0.0
340,27,0.0
340,28,153.05674
340,29,296.7154623672161
340,30,475.2575154545608
340,31,664.1197733146249
340,32,838.7391099999999
340,33,979.1509744688016
340,34,1083.7851153012432
340,35,1155.6698559830631
340,36,1197.83352
340,37,1213.9820547575775
340,38,1210.5319033404662
340,39,1194.5771327531213
340,40,1173.21181
340,41,1152.5815108758875
340,42,1135.0378463368918
340,43,1121.9839361294498
340,44,1114.8229
340,45,1114.4325208013718
340,46,1119.589233811966
340,47,1128.5441374165778
340,48,1139.54833
340,49,1150.896111387376
340,50,1161.054587165244
340,51,1168.5340643604895
340,52,1171.84485
340,53,1168.658120836624
340,54,1153.2885325270588
340,55,1119.2116104539646
340,56,1059.9028800000003
340,57,970.930418078628
340,58,856.2325077265202
340,59,721.8399835111525
340,60,573.7836800000001
340,61,419.3998160676152
340,62,271.24614781686034
340,63,143.1858156576754
340,64,0.0
340,65,0.0
340,66,0.0
340,67,0.0
340,68,0.0
340,69,0.0
340,70,0.0
340,71,0.0
340,72,0.0
340,73,0.0
340,74,0.0
340,75,0.0
340,76,0.0
340,77,0.0
340,78,0.0
340,79,0.0
340,80,0.0
340,81,0.0
340,82,0.0
340,83,0.0
340,84,0.0
340,85,0.0
340,86,0.0
340,87,0.0
340,88,0.0
340,89,0.0
340,90,0.0
340,91,0.0
340,92,0.0
340,93,0.0
340,94,0.0
340,95,0.0
341,0,0.0
341,1,0.0
341,2,0.0
341,3,0.0
341,4,0.0
341,5,0.0
341,6,0.0
341,7,0.0
341,8,0.0
341,9,0.0
341,10,0.0
341,11,0.0
341,12,0.0
341,13,0.0
341,14,0.0
341,15,0.0
341,16,0.0
341,17,0.0
341,18,0.0
341,19,0.0
341,20,0.0
341,21,0.0
341,22,0.0
341,23,0.0
341,24,0.0
341,25,0.0
341,26,0.0
341,27,0.0
341,28,129.00685
341,29,225.7879551979531
341,30,340.608956483792
341,31,456.6591945277349
341,32,557.12801
341,33,629.6437401399205
341,34,679.590708463289
341,35,716.7922350550131
341,36,751.07164
341,37,789.7684173673647
341,38,830.2867571630518
341,39,867.5470233772128
341,40,896.46958
341,41,913.9014466406204
341,42,924.396265384504
341,43,934.4343339361355
341,44,950.49595
341,45,977.3737535701528
341,46,1013.1097537989322
341,47,1054.058302128245
341,48,1096.57375
341,49,1137.7361765787678
341,50,1177.528571919768
341,51,1216.6596538008844
341,52,1255.83814
341,53,1293.7258508960274
341,54,1320.7970172719968
341,55,1325.4789725119676
341,56,1296.1990499999995
341,57,1224.180442024623
341,58,1111.829776492246
341,59,964.3495402137452
341,60,786.94222
341,61,587.8114066304798
341,62,387.16510675902094
341,63,208.21243100805165
341,64,0.0
341,65,0.0
341,66,0.0
341,67,0.0
341,68,0.0
341,69,0.0
341,70,0.0
341,71,0.0
341,72,0.0
341,73,0.0
341,74,0.0
341,75,0.0
341,76,0.0
341,77,0.0
341,78,0.0
341,79,0.0
341,80,0.0
341,81,0.0
341,82,0.0
341,83,0.0
341,84,0.0
341,85,0.0
341,86,0.0
341,87,0.0
341,88,0.0
341,89,0.0
341,90,0.0
341,91,0.0
341,92,0.0
341,93,0.0
341,94,0.0
341,95,0.0
342,0,0.0
342,1,0.0
342,2,0.0
342,3,0.0
342,4,0.0
342,5,0.0
342,6,0.0
342,7,0.0
342,8,0.0
342,9,0.0
342,10,0.0
342,11,0.0
342,12,0.0
342,13,0.0
342,14,0.0
342,15,0.0
342,16,0.0
342,17,0.0
342,18,0.0
342,19,0.0
342,20,0.0
342,21,0.0
342,22,0.0
342,23,0.0
342,24,0.0
342,25,0.0
342,26,0.0
342,27,0.0
342,28,172.17871
342,29,338.6060368003677
342,30,542.8631992962892
342,31,752.5669621440662
342,32,935.33409
342,33,1065.7341641667774
342,34,1146.1480325326272
342,35,1185.9093596321632
342,36,1194.35181
342,37,1180.537757001272
342,38,1152.4444093232014
342,39,1117.7776844835296
342,40,1084.2435
342,41,1058.0852690781337
342,42,1039.6963876745672
342,43,1028.0077474337174
342,44,1021.95024
342,45,1020.4079930924436
342,46,1022.0780787285292
342,47,1025.6108050003502
342,48,1029.65648
342,49,1033.503116052092
342,50,1038.9895424113165
342,51,1048.5922925648822
342,52,1064.7879
342,53,1086.740602699189
342,54,1100.3654566262069
342,55,1088.2652222401211
342,56,1033.04266
342,57,923.8203815886532
342,58,775.800403583858
342,59,610.7045937871338
342,60,450.25482
342,61,312.5089190711985
342,62,200.86860403836144
342,63,0.0
342,64,0.0
342,65,0.0
342,66,0.0
342,67,0.0
342,68,0.0
342,69,0.0
342,70,0.0
342,71,0.0
342,72,0.0
342,73,0.0
342,74,0.0
342,75,0.0
342,76,0.0
342,77,0.0
342,78,0.0
342,79,0.0
342,80,0.0
342,81,0.0
342,82,0.0
342,83,0.0
342,84,0.0
342,85,0.0
342,86,0.0
342,87,0.0
342,88,0.0
342,89,0.0
342,90,0.0
342,91,0.0
342,92,0.0
342,93,0.0
342,94,0.0
342,95,0.0
343,0,0.0
343,1,0.0
343,2,0.0
343,3,0.0
343,4,0.0
343,5,0.0
343,6,0.0
343,7,0.0
343,8,0.0
343,9,0.0
343,10,0.0
343,11,0.0
343,12,0.0
343,13,0.0
343,14,0.0
343,15,0.0
343,16,0.0
343,17,0.0
343,18,0.0
343,19,0.0
343,20,0.0
343,21,0.0
343,22,0.0
343,23,0.0
343,24,0.0
343,25,0.0
343,26,0.0
343,27,0.0
343,28,138.38675
343,29,261.4082881323225
343,30,414.6976691303571
343,31,578.7726230632131
343,32,734.15088
343,33,864.7838248665672
343,34,968.3574620157236
343,35,1045.991450657018
343,36,1098.80545
343,37,1128.5909372451592
343,38,1139.826661556749
343,39,1137.6631900899647
343,40,1127.25109
343,41,1113.2573759965462
343,42,1098.4148530072796
343,43,1084.972773514373
343,44,1075.18039
343,45,1070.643697831156
343,46,1070.3956639141322
343,47,1072.825998040042
343,48,1076.3244099999995
343,49,1079.226972210079
343,50,1079.655207586192
343,51,1075.6770016692085
343,52,1065.36024
343,53,1046.5475117660262
343,54,1016.1802207411
343,55,970.974474345624
343,56,907.64638
343,57,824.1312354133163
343,58,723.2410994494077
343,59,609.0072212607951
343,60,485.46085
343,61,357.76887329945896
343,62,235.64073271126992
343,63,129.92150826744583
343,64,0.0
343,65,0.0
343,66,0.0
343,67,0.0
343,68,0.0
343,69,0.0
343,70,0.0
343,71,0.0
343,72,0.0
343,73,0.0
343,74,0.0
343,75,0.0
343,76,0.0
343,77,0.0
343,78,0.0
343,79,0.0
343,80,0.0
343,81,0.0
343,82,0.0
343,83,0.0
343,84,0.0
343,85,0.0
343,86,0.0
343,87,0.0
343,88,0.0
343,89,0.0
343,90,0.0
343,91,0.0
343,92,0.0
343,93,0.0
343,94,0.0
343,95,0.0
344,0,0.0
344,1,0.0
344,2,0.0
344,3,0.0
344,4,0.0
344,5,0.0
344,6,0.0
344,7,0.0
344,8,0.0
344,9,0.0
344,10,0.0
344,11,0.0
344,12,0.0
344,13,0.0
344,14,0.0
344,15,0.0
344,16,0.0
344,17,0.0
344,18,0.0
344,19,0.0
344,20,0.0
344,21,0.0
344,22,0.0
344,23,0.0
344,24,0.0
344,25,0.0
344,26,0.0
344,27,0.0
344,28,155.85681
344,29,324.2045845313976
344,30,534.5237183170632
344,31,753.8268729441974
344,32,949.12671
344,33,1094.3736194427045
344,34,1191.268904714674
344,35,1248.4515976293071
344,36,1274.56073
344,37,1277.8045597290352
344,38,1264.6682490742394
344,39,1241.2061863823235
344,40,1213.47276
344,41,1186.8068486724042
344,42,1163.685292738368
344,43,1145.869422935148
344,44,1135.1205700000005
344,45,1132.5739457375985
344,46,1136.8602862222883
344,47,1145.9842085958348
344,48,1157.95033
344,49,1171.087885408453
344,50,1185.024581122478
344,51,1199.712741275264
344,52,1215.10469
344,53,1229.5566665348404
344,54,1235.0405705378002
344,55,1221.93221677186
344,56,1180.60742
344,57,1103.8910743896856
344,58,994.404391726321
344,59,857.2176631997961
344,60,697.40118
344,61,522.2781798126675
344,62,348.1836863069153
344,63,193.7056696477054
344,64,0.0
344,65,0.0
344,66,0.0
344,67,0.0
344,68,0.0
344,69,0.0
344,70,0.0
344,71,0.0
344,72,0.0
344,73,0.0
344,74,0.0
344,75,0.0
344,76,0.0
344,77,0.0
344,78,0.0
344,79,0.0
344,80,0.0
344,81,0.0
344,82,0.0
344,83,0.0
344,84,0.0
344,85,0.0
344,86,0.0
344,87,0.0
344,88,0.0
344,89,0.0
344,90,0.0
344,91,0.0
344,92,0.0
344,93,0.0
344,94,0.0
344,95,0.0
345,0,0.0
345,1,0.0
345,2,0.0
345,3,0.0
345,4,0.0
345,5,0.0
345,6,0.0
345,7,0.0
345,8,0.0
345,9,0.0
345,10,0.0
345,11,0.0
345,12,0.0
345,13,0.0
345,14,0.0
345,15,0.0
345,16,0.0
345,17,0.0
345,18,0.0
345,19,0.0
345,20,0.0
345,21,0.0
345,22,0.0
345,23,0.0
345,24,0.0
345,25,0.0
345,26,0.0
345,27,0.0
345,28,167.34379
345,29,332.8638825493877
345,30,538.121149770041
345,31,751.9673796056738
345,32,943.25436
345,33,1087.2971725523812
345,34,1185.2640734847728
345,35,1244.786612674778
345,36,1273.49634
345,37,1278.8354719285874
345,38,1267.488891290868
345,39,1245.9521475077147
345,40,1220.72079
345,41,1197.3473277020191
345,42,1177.6121076017555
345,43,1162.3524362006135
345,44,1152.40562
345,45,1148.3853767945857
345,46,1150.0110695521105
345,47,1156.7784725335794
345,48,1168.18336
345,49,1183.7460812133884
345,50,1203.085285439805
345,51,1225.844196946318
345,52,1251.66604
345,53,1278.35920897686
345,54,1296.3927786886711
345,55,1294.4009940561468
345,56,1261.0181
345,57,1187.6044203791714
345,58,1076.4245948055109
345,59,932.4693418290946
345,60,760.72938
345,61,569.0140641939541
345,62,376.4072945892861
345,63,204.8116076899748
345,64,0.0
345,65,0.0
345,66,0.0
345,67,0.0
345,68,0.0
345,69,0.0
345,70,0.0
345,71,0.0
345,72,0.0
345,73,0.0
345,74,0.0
345,75,0.0
345,76,0.0
345,77,0.0
345,78,0.0
345,79,0.0
345,80,0.0
345,81,0.0
345,82,0.0
345,83,0.0
345,84,0.0
345,85,0.0
345,86,0.0
345,87,0.0
345,88,0.0
345,89,0.0
345,90,0.0
345,91,0.0
345,92,0.0
345,93,0.0
345,94,0.0
345,95,0.0
346,0,0.0
346,1,0.0
346,2,0.0
346,3,0.0
346,4,0.0
346,5,0.0
346,6,0.0
346,7,0.0
346,8,0.0
346,9,0.0
346,10,0.0
346,11,0.0
346,12,0.0
346,13,0.0
346,14,0.0
346,15,0.0
346,16,0.0
346,17,0.0
346,18,0.0
346,19,0.0
346,20,0.0
346,21,0.0
346,22,0.0
346,23,0.0
346,24,0.0
346,25,0.0
346,26,0.0
346,27,0.0
346,28,137.13463
346,29,295.1163434408083
346,30,494.4132711145935
346,31,704.197353231082
346,32,893.64053
346,33,1038.2295963530346
346,34,1138.7107661097175
346,35,1202.1451078115415
346,36,1235.59369
346,37,1245.9361928658032
346,38,1239.3267431965353
346,39,1221.7380794289998
346,40,1199.14294
346,41,1176.7714804650034
346,42,1156.883524854141
346,43,1140.9963143162072
346,44,1130.62709
346,45,1126.8537369929331
346,46,1128.9967161369016
346,47,1135.937132212419
346,48,1146.55609
346,49,1159.9279900007643
346,50,1175.900415598253
346,51,1194.514245896616
346,52,1215.81036
346,53,1237.8240184727613
346,54,1250.5680077200866
346,55,1242.049495607368
346,56,1200.27565
346,57,1116.57544001444
346,58,995.565039771402
346,59,845.1824246426625
346,60,673.36557
346,61,489.8255430319784
346,62,311.36577819430727
346,63,156.5628017594825
346,64,0.0
346,65,0.0
346,66,0.0
346,67,0.0
346,68,0.0
346,69,0.0
346,70,0.0
346,71,0.0
346,72,0.0
346,73,0.0
346,74,0.0
346,75,0.0
346,76,0.0
346,77,0.0
346,78,0.0
346,79,0.0
346,80,0.0
346,81,0.0
346,82,0.0
346,83,0.0
346,84,0.0
346,85,0.0
346,86,0.0
346,87,0.0
346,88,0.0
346,89,0.0
346,90,0.0
346,91,0.0
346,92,0.0
346,93,0.0
346,94,0.0
346,95,0.0
347,0,0.0
347,1,0.0
347,2,0.0
347,3,0.0
347,4,0.0
347,5,0.0
347,6,0.0
347,7,0.0
347,8,0.0
347,9,0.0
347,10,0.0
347,11,0.0
347,12,0.0
347,13,0.0
347,14,0.0
347,15,0.0
347,16,0.0
347,17,0.0
347,18,0.0
347,19,0.0
347,20,0.0
347,21,0.0
347,22,0.0
347,23,0.0
347,24,0.0
347,25,0.0
347,26,0.0
347,27,0.0
347,28,136.98764
347,29,298.94657693710184
347,30,497.4410822096309
347,31,693.6679413773445
347,32,848.82394
347,33,935.096507774305
347,34,968.635650944768
347,35,976.5820198928468
347,36,986.076265
347,37,1017.0869050125526
347,38,1060.8939321362973
347,39,1101.6052069418934
347,40,1123.32859
347,41,1114.7713033473594
347,42,1083.038014885043
347,43,1039.8327539802049
347,44,996.85955
347,45,963.5194173011356
347,46,940.0013101985312
347,47,924.1911679966616
347,48,913.97493
347,49,907.2582680730994
347,50,902.0257843208316
347,51,896.2818134081481
347,52,888.03069
347,53,874.942402906467
347,54,853.349557518142
347,55,819.250413370746
347,56,768.6432300000001
347,57,698.9055673322825
347,58,612.9321868566008
347,59,514.9971504526186
347,60,409.37452
347,61,301.09029198315244
347,62,198.1782013054552
347,63,0.0
347,64,0.0
347,65,0.0
347,66,0.0
347,67,0.0
347,68,0.0
347,69,0.0
347,70,0.0
347,71,0.0
347,72,0.0
347,73,0.0
347,74,0.0
347,75,0.0
347,76,0.0
347,77,0.0
347,78,0.0
347,79,0.0
347,80,0.0
347,81,0.0
347,82,0.0
347,83,0.0
347,84,0.0
347,85,0.0
347,86,0.0
347,87,0.0
347,88,0.0
347,89,0.0
347,90,0.0
347,91,0.0
347,92,0.0
347,93,0.0
347,94,0.0
347,95,0.0
348,0,0.0
348,1,0.0
348,2,0.0
348,3,0.0
348,4,0.0
348,5,0.0
348,6,0.0
348,7,0.0
348,8,0.0
348,9,0.0
348,10,0.0
348,11,0.0
348,12,0.0
348,13,0.0
348,14,0.0
348,15,0.0
348,16,0.0
348,17,0.0
348,18,0.0
348,19,0.0
348,20,0.0
348,21,0.0
348,22,0.0
348,23,0.0
348,24,0.0
348,25,0.0
348,26,0.0
348,27,0.0
348,28,0.0
348,29,201.51178042668803
348,30,327.6031472724841
348,31,467.9782854820381
348,32,609.31808
348,33,739.5806624890052
348,34,851.8331514836315
348,35,940.4199122364416
348,36,999.6853099999998
348,37,1026.739718211041
348,38,1029.7575430429904
348,39,1019.6791988534444
348,40,1007.4451
348,41,1001.7582074793296
348,42,1002.3716688444068
348,43,1006.8011782872808
348,44,1012.56243
348,45,1017.6100234341404
348,46,1021.654179079382
348,47,1024.844022684933
348,48,1027.3286799999998
348,49,1028.8254495653591
348,50,1027.3243210880644
348,51,1020.3834570667372
348,52,1005.56102
348,53,980.5717334606722
348,54,943.7565653183603
348,55,893.6130445168684
348,56,828.6387
348,57,748.1173444044518
348,58,654.477925138494
348,59,550.9356733032889
348,60,440.70582
348,61,327.93900860902
348,62,220.5275316276636
348,63,127.29909383247536
348,64,0.0
348,65,0.0
348,66,0.0
348,67,0.0
348,68,0.0
348,69,0.0
348,70,0.0
348,71,0.0
348,72,0.0
348,73,0.0
348,74,0.0
348,75,0.0
348,76,0.0
348,77,0.0
348,78,0.0
348,79,0.0
348,80,0.0
348,81,0.0
348,82,0.0
348,83,0.0
348,84,0.0
348,85,0.0
348,86,0.0
348,87,0.0
348,88,0.0
348,89,0.0
348,90,0.0
348,91,0.0
348,92,0.0
348,93,0.0
348,94,0.0
348,95,0.0
349,0,0.0
349,1,0.0
349,2,0.0
349,3,0.0
349,4,0.0
349,5,0.0
349,6,0.0
349,7,0.0
349,8,0.0
349,9,0.0
349,10,0.0
349,11,0.0
349,12,0.0
349,13,0.0
349,14,0.0
349,15,0.0
349,16,0.0
349,17,0.0
349,18,0.0
349,19,0.0
349,20,0.0
349,21,0.0
349,22,0.0
349,23,0.0
349,24,0.0
349,25,0.0
349,26,0.0
349,27,0.0
349,28,128.61128
349,29,277.31532305791296
349,30,466.28251792918167
349,31,668.0364363358595
349,32,855.10065
349,33,1005.1398582737778
349,34,1116.3832710298504
349,35,1192.2012257709982
349,36,1235.9640599999998
349,37,1251.7450930657271
349,38,1246.429571701417
349,39,1227.6057244863982
349,40,1202.8617799999995
349,41,1178.7360957133135
349,42,1157.5675446644818
349,43,1140.645128783409
349,44,1129.25785
349,45,1124.2985117372673
349,46,1125.075123390655
349,47,1130.4994958487157
349,48,1139.4834399999995
349,49,1151.1376646813665
349,50,1165.3684705228968
349,51,1182.281056102979
349,52,1201.98062
349,53,1222.513930318517
349,54,1233.6940332677575
349,55,1223.2755445831197
349,56,1179.0130799999995
349,57,1092.285137325816
349,58,968.9657426560718
349,59,818.5528041582916
349,60,650.54423
349,61,475.4486406907183
349,62,307.8175061079547
349,63,163.21300847121367
349,64,0.0
349,65,0.0
349,66,0.0
349,67,0.0
349,68,0.0
349,69,0.0
349,70,0.0
349,71,0.0
349,72,0.0
349,73,0.0
349,74,0.0
349,75,0.0
349,76,0.0
349,77,0.0
349,78,0.0
349,79,0.0
349,80,0.0
349,81,0.0
349,82,0.0
349,83,0.0
349,84,0.0
349,85,0.0
349,86,0.0
349,87,0.0
349,88,0.0
349,89,0.0
349,90,0.0
349,91,0.0
349,92,0.0
349,93,0.0
349,94,0.0
349,95,0.0
350,0,0.0
350,1,0.0
350,2,0.0
350,3,0.0
350,4,0.0
350,5,0.0
350,6,0.0
350,7,0.0
350,8,0.0
350,9,0.0
350,10,0.0
350,11,0.0
350,12,0.0
350,13,0.0
350,14,0.0
350,15,0.0
350,16,0.0
350,17,0.0
350,18,0.0
350,19,0.0
350,20,0.0
350,21,0.0
350,22,0.0
350,23,0.0
350,24,0.0
350,25,0.0
350,26,0.0
350,27,0.0
350,28,0.0
350,29,0.0
350,30,0.0
350,31,140.61798397416837
350,32,182.73703
350,33,219.23316180526635
350,34,254.240983887458
350,35,293.8319740259206
350,36,344.07761000000005
350,37,408.3542630603013
350,38,479.2578783424669
350,39,546.6892944533993
350,40,600.54935
350,41,633.4356220472786
350,42,648.7326414926739
350,43,652.5216776917323
350,44,650.884
350,45,648.0355993755843
350,46,640.7313531868372
350,47,623.8608604046714
350,48,592.31372
350,49,543.437555294134
350,50,484.4120870099772
350,51,424.8750602208319
350,52,374.46422
350,53,340.7015430416297
350,54,322.64593252325363
350,55,317.2405232432508
350,56,321.42845
350,57,330.96536785184736
350,58,336.85701289700813
350,59,328.9216414936648
350,60,296.97751
350,61,235.4067230509808
350,62,156.8467783887137
350,63,0.0
350,64,0.0
350,65,0.0
350,66,0.0
350,67,0.0
350,68,0.0
350,69,0.0
350,70,0.0
350,71,0.0
350,72,0.0
350,73,0.0
350,74,0.0
350,75,0.0
350,76,0.0
350,77,0.0
350,78,0.0
350,79,0.0
350,80,0.0
350,81,0.0
350,82,0.0
350,83,0.0
350,84,0.0
350,85,0.0
350,86,0.0
350,87,0.0
350,88,0.0
350,89,0.0
350,90,0.0
350,91,0.0
350,92,0.0
350,93,0.0
350,94,0.0
350,95,0.0
351,0,0.0
351,1,0.0
351,2,0.0
351,3,0.0
351,4,0.0
351,5,0.0
351,6,0.0
351,7,0.0
351,8,0.0
351,9,0.0
351,10,0.0
351,11,0.0
351,12,0.0
351,13,0.0
351,14,0.0
351,15,0.0
351,16,0.0
351,17,0.0
351,18,0.0
351,19,0.0
351,20,0.0
351,21,0.0
351,22,0.0
351,23,0.0
351,24,0.0
351,25,0.0
351,26,0.0
351,27,0.0
351,28,0.0
351,29,0.0
351,30,0.0
351,31,0.0
351,32,151.39389999999997
351,33,232.62292367716407
351,34,321.33817736022894
351,35,393.9464848631793
351,36,426.85467000000006
351,37,405.9262896602122
351,38,354.85183303548166
351,39,306.7785223930103
351,40,294.85358
351,41,341.18644611948696
351,42,423.7354329978442
351,43,509.4210708772795
351,44,565.16389
351,45,568.43476008059
351,46,538.9059087231411
351,47,506.79990300412175
351,48,502.33931
351,49,545.2584532456531
351,50,613.3386821095912
351,51,673.8731024187339
351,52,694.15482
351,53,651.431531155548
351,54,562.7692940884939
351,55,455.1887574771928
351,56,355.71057
351,57,285.116061038405
351,58,239.2292827864333
351,59,207.63496814124505
351,60,179.91785
351,61,148.0018756283322
351,62,0.0
351,63,0.0
351,64,0.0
351,65,0.0
351,66,0.0
351,67,0.0
351,68,0.0
351,69,0.0
351,70,0.0
351,71,0.0
351,72,0.0
351,73,0.0
351,74,0.0
351,75,0.0
351,76,0.0
351,77,0.0
351,78,0.0
351,79,0.0
351,80,0.0
351,81,0.0
351,82,0.0
351,83,0.0
351,84,0.0
351,85,0.0
351,86,0.0
351,87,0.0
351,88,0.0
351,89,0.0
351,90,0.0
351,91,0.0
351,92,0.0
351,93,0.0
351,94,0.0
351,95,0.0
352,0,0.0
352,1,0.0
352,2,0.0
352,3,0.0
352,4,0.0
352,5,0.0
352,6,0.0
352,7,0.0
352,8,0.0
352,9,0.0
352,10,0.0
352,11,0.0
352,12,0.0
352,13,0.0
352,14,0.0
352,15,0.0
352,16,0.0
352,17,0.0
352,18,0.0
352,19,0.0
352,20,0.0
352,21,0.0
352,22,0.0
352,23,0.0
352,24,0.0
352,25,0.0
352,26,0.0
352,27,0.0
352,28,0.0
352,29,0.0
352,30,0.0
352,31,149.2553115220724
352,32,221.1719
352,33,317.543712929585
352,34,427.62997164488667
352,35,537.386252037745
352,36,632.76813
352,37,702.3139397769327
352,38,744.893049027587
352,39,761.9575837644477
352,40,754.95967
352,41,726.7854817126844
352,42,686.0573847447656
352,43,642.8317929044639
352,44,607.16512
352,45,586.0703543098297
352,46,574.3867819933506
352,47,563.9102636801962
352,48,546.43666
352,49,515.8612187042472
352,50,474.4767360318323
352,51,426.675395343501
352,52,376.84938
352,53,329.1291539981814
352,54,286.5983038793207
352,55,252.07869682079968
352,56,228.3922
352,57,216.56409811552743
352,58,210.43334595088496
352,59,202.0423158108001
352,60,183.43338
352,61,149.43605510220894
352,62,0.0
352,63,0.0
352,64,0.0
352,65,0.0
352,66,0.0
352,67,0.0
352,68,0.0
352,69,0.0
352,70,0.0
352,71,0.0
352,72,0.0
352,73,0.0
352,74,0.0
352,75,0.0
352,76,0.0
352,77,0.0
352,78,0.0
352,79,0.0
352,80,0.0
352,81,0.0
352,82,0.0
352,83,0.0
352,84,0.0
352,85,0.0
352,86,0.0
352,87,0.0
352,88,0.0
352,89,0.0
352,90,0.0
352,91,0.0
352,92,0.0
352,93,0.0
352,94,0.0
352,95,0.0
353,0,0.0
353,1,0.0
353,2,0.0
353,3,0.0
353,4,0.0
353,5,0.0
353,6,0.0
353,7,0.0
353,8,0.0
353,9,0.0
353,10,0.0
353,11,0.0
353,12,0.0
353,13,0.0
353,14,0.0
353,15,0.0
353,16,0.0
353,17,0.0
353,18,0.0
353,19,0.0
353,20,0.0
353,21,0.0
353,22,0.0
353,23,0.0
353,24,0.0
353,25,0.0
353,26,0.0
353,27,0.0
353,28,0.0
353,29,0.0
353,30,148.14021371104147
353,31,209.26974297891687
353,32,258.40987
353,33,286.9407478550352
353,34,298.9447535128308
353,35,301.67981991421084
353,36,302.40388
353,37,306.538987242214
353,38,312.1636772376355
353,39,315.5206061142394
353,40,312.85243
353,41,301.3337047386092
353,42,281.8665850366272
353,43,256.2851253163316
353,44,226.42338
353,45,194.28163161584945
353,46,162.52507511585577
353,47,133.98513355793415
353,48,0.0
353,49,0.0
353,50,0.0
353,51,0.0
353,52,0.0
353,53,0.0
353,54,0.0
353,55,0.0
353,56,0.0
353,57,0.0
353,58,0.0
353,59,0.0
353,60,0.0
353,61,0.0
353,62,0.0
353,63,0.0
353,64,0.0
353,65,0.0
353,66,0.0
353,67,0.0
353,68,0.0
353,69,0.0
353,70,0.0
353,71,0.0
353,72,0.0
353,73,0.0
353,74,0.0
353,75,0.0
353,76,0.0
353,77,0.0
353,78,0.0
353,79,0.0
353,80,0.0
353,81,0.0
353,82,0.0
353,83,0.0
353,84,0.0
353,85,0.0
353,86,0.0
353,87,0.0
353,88,0.0
353,89,0.0
353,90,0.0
353,91,0.0
353,92,0.0
353,93,0.0
353,94,0.0
353,95,0.0
354,0,0.0
354,1,0.0
354,2,0.0
354,3,0.0
354,4,0.0
354,5,0.0
354,6,0.0
354,7,0.0
354,8,0.0
354,9,0.0
354,10,0.0
354,11,0.0
354,12,0.0
354,13,0.0
354,14,0.0
354,15,0.0
354,16,0.0
354,17,0.0
354,18,0.0
354,19,0.0
354,20,0.0
354,21,0.0
354,22,0.0
354,23,0.0
354,24,0.0
354,25,0.0
354,26,0.0
354,27,0.0
354,28,0.0
354,29,0.0
354,30,158.74942552746077
354,31,222.75775214314285
354,32,261.8462099999999
354,33,263.33859960391766
354,34,237.89933746470044
354,35,202.0279940931329
354,36,172.22414
354,37,161.18619340503125
354,38,166.40796336373757
354,39,181.58210664057512
354,40,200.40128000000004
354,41,217.54305927595752
354,42,231.6246965803494
354,43,242.24836309456649
354,44,249.01623
354,45,251.79106620988884
354,46,251.47803156486503
354,47,249.2428836374088
354,48,246.25138000000004
354,49,243.28790791573712
354,50,239.61137341019045
354,51,234.09931219954865
354,52,225.62926
354,53,213.5808985334127
354,54,199.34249354437296
354,55,184.80445678314683
354,56,171.8572
354,57,161.5848142006121
354,58,151.84610741231742
354,59,139.69356691786408
354,60,122.17968
354,61,0.0
354,62,0.0
354,63,0.0
354,64,0.0
354,65,0.0
354,66,0.0
354,67,0.0
354,68,0.0
354,69,0.0
354,70,0.0
354,71,0.0
354,72,0.0
354,73,0.0
354,74,0.0
354,75,0.0
354,76,0.0
354,77,0.0
354,78,0.0
354,79,0.0
354,80,0.0
354,81,0.0
354,82,0.0
354,83,0.0
354,84,0.0
354,85,0.0
354,86,0.0
354,87,0.0
354,88,0.0
354,89,0.0
354,90,0.0
354,91,0.0
354,92,0.0
354,93,0.0
354,94,0.0
354,95,0.0
355,0,0.0
355,1,0.0
355,2,0.0
355,3,0.0
355,4,0.0
355,5,0.0
355,6,0.0
355,7,0.0
355,8,0.0
355,9,0.0
355,10,0.0
355,11,0.0
355,12,0.0
355,13,0.0
355,14,0.0
355,15,0.0
355,16,0.0
355,17,0.0
355,18,0.0
355,19,0.0
355,20,0.0
355,21,0.0
355,22,0.0
355,23,0.0
355,24,0.0
355,25,0.0
355,26,0.0
355,27,0.0
355,28,0.0
355,29,0.0
355,30,131.834875446617
355,31,201.0471134578666
355,32,268.9241400000001
355,33,328.52817903719045
355,34,378.96346537353503
355,35,420.8447365231122
355,36,454.78673
355,37,481.6378575766795
355,38,503.1812280592428
355,39,521.4336245121846
355,40,538.41183
355,41,556.2800265935916
355,42,577.7919923894941
355,43,605.8489044906494
355,44,643.35194
355,45,691.4325632364538
355,46,744.1433873827813
355,47,793.767312837718
355,48,832.58724
355,49,855.2157240543427
355,50,865.5839393293808
355,51,869.9527149397285
355,52,874.58288
355,53,883.4191208586751
355,54,891.1415527996952
355,55,890.1141483408679
355,56,872.70088
355,57,832.525480167207
355,58,768.2507207218378
355,59,679.7991334155498
355,60,567.09325
355,61,433.0806972224969
355,62,292.8094818129533
355,63,164.35270549693303
355,64,0.0
355,65,0.0
355,66,0.0
355,67,0.0
355,68,0.0
355,69,0.0
355,70,0.0
355,71,0.0
355,72,0.0
355,73,0.0
355,74,0.0
355,75,0.0
355,76,0.0
355,77,0.0
355,78,0.0
355,79,0.0
355,80,0.0
355,81,0.0
355,82,0.0
355,83,0.0
355,84,0.0
355,85,0.0
355,86,0.0
355,87,0.0
355,88,0.0
355,89,0.0
355,90,0.0
355,91,0.0
355,92,0.0
355,93,0.0
355,94,0.0
355,95,0.0
356,0,0.0
356,1,0.0
356,2,0.0
356,3,0.0
356,4,0.0
356,5,0.0
356,6,0.0
356,7,0.0
356,8,0.0
356,9,0.0
356,10,0.0
356,11,0.0
356,12,0.0
356,13,0.0
356,14,0.0
356,15,0.0
356,16,0.0
356,17,0.0
356,18,0.0
356,19,0.0
356,20,0.0
356,21,0.0
356,22,0.0
356,23,0.0
356,24,0.0
356,25,0.0
356,26,0.0
356,27,0.0
356,28,0.0
356,29,0.0
356,30,132.11845613442176
356,31,193.89976296264405
356,32,246.27427000000003
356,33,281.12247480771435
356,34,302.61155208653423
356,35,317.98034582208686
356,36,334.4676999999999
356,37,357.9711867176539
356,38,389.0232905194415
356,39,426.8152240615083
356,40,470.5382
356,41,519.17142238417
356,42,570.8460608357002
356,43,623.4812763693803
356,44,674.9962300000001
356,45,723.7289428081664
356,46,769.6928761377579
356,47,813.3203513984705
356,48,855.04369
356,49,895.1282431019142
356,50,933.171480863268
356,51,968.6039031929876
356,52,1000.85601
356,53,1028.4006080654267
356,54,1045.8797316591704
356,55,1046.9777219233288
356,56,1025.37892
356,57,975.9595269801292
356,58,898.3631837500506
356,59,793.4253911449467
356,60,661.98165
356,61,508.0043652640576
356,62,348.0135583406276
356,63,201.66615474688388
356,64,0.0
356,65,0.0
356,66,0.0
356,67,0.0
356,68,0.0
356,69,0.0
356,70,0.0
356,71,0.0
356,72,0.0
356,73,0.0
356,74,0.0
356,75,0.0
356,76,0.0
356,77,0.0
356,78,0.0
356,79,0.0
356,80,0.0
356,81,0.0
356,82,0.0
356,83,0.0
356,84,0.0
356,85,0.0
356,86,0.0
356,87,0.0
356,88,0.0
356,89,0.0
356,90,0.0
356,91,0.0
356,92,0.0
356,93,0.0
356,94,0.0
356,95,0.0
357,0,0.0
357,1,0.0
357,2,0.0
357,3,0.0
357,4,0.0
357,5,0.0
357,6,0.0
357,7,0.0
357,8,0.0
357,9,0.0
357,10,0.0
357,11,0.0
357,12,0.0
357,13,0.0
357,14,0.0
357,15,0.0
357,16,0.0
357,17,0.0
357,18,0.0
357,19,0.0
357,20,0.0
357,21,0.0
357,22,0.0
357,23,0.0
357,24,0.0
357,25,0.0
357,26,0.0
357,27,0.0
357,28,0.0
357,29,152.13874612745906
357,30,281.60974098469114
357,31,423.6547003495777
357,32,559.41745
357,33,673.5139021667352
357,34,764.4483148921433
357,35,834.1970326714797
357,36,884.7364
357,37,918.6522791118498
357,38,940.9686031967354
357,39,957.3188231832536
357,40,973.3363900000002
357,41,993.1706765421156
357,42,1015.0347435709148
357,43,1035.6575738142567
357,44,1051.76815
357,45,1061.0444126884386
357,46,1064.9601337696051
357,47,1065.9380429659698
357,48,1066.40087
357,49,1067.7634214541313
357,50,1067.4088113506634
357,51,1061.7122305718642
357,52,1047.0488700000003
357,53,1020.0873341512876
357,54,978.6698820777408
357,55,920.9321864653236
357,56,845.00992
357,57,750.3726813157192
357,58,641.8257728383735
357,59,525.5084229418412
357,60,407.55986
357,61,294.1285205858357
357,62,191.39967406876485
357,63,0.0
357,64,0.0
357,65,0.0
357,66,0.0
357,67,0.0
357,68,0.0
357,69,0.0
357,70,0.0
357,71,0.0
357,72,0.0
357,73,0.0
357,74,0.0
357,75,0.0
357,76,0.0
357,77,0.0
357,78,0.0
357,79,0.0
357,80,0.0
357,81,0.0
357,82,0.0
357,83,0.0
357,84,0.0
357,85,0.0
357,86,0.0
357,87,0.0
357,88,0.0
357,89,0.0
357,90,0.0
357,91,0.0
357,92,0.0
357,93,0.0
357,94,0.0
357,95,0.0
358,0,0.0
358,1,0.0
358,2,0.0
358,3,0.0
358,4,0.0
358,5,0.0
358,6,0.0
358,7,0.0
358,8,0.0
358,9,0.0
358,10,0.0
358,11,0.0
358,12,0.0
358,13,0.0
358,14,0.0
358,15,0.0
358,16,0.0
358,17,0.0
358,18,0.0
358,19,0.0
358,20,0.0
358,21,0.0
358,22,0.0
358,23,0.0
358,24,0.0
358,25,0.0
358,26,0.0
358,27,0.0
358,28,0.0
358,29,0.0
358,30,173.23451369409264
358,31,286.07774278568627
358,32,424.89557
358,33,585.5532975024287
358,34,751.1874162408805
358,35,901.752214358892
358,36,1017.20198
358,37,1083.253252703583
358,38,1108.671577592386
358,39,1107.984751184996
358,40,1095.72057
358,41,1083.95750340199
358,42,1074.976712139576
358,43,1068.6100298073743
358,44,1064.6892900000005
358,45,1062.8806419697082
358,46,1062.1874975993103
358,47,1061.4475844292572
358,48,1059.49863
358,49,1054.768939656678
358,50,1044.0491299631833
358,51,1023.7203952880968
358,52,990.16393
358,53,941.2531895598308
358,54,880.8306737979573
358,55,814.2311436371052
358,56,746.78936
358,57,681.8936941352491
358,58,615.1469585949874
358,59,540.2055762572321
358,60,450.72597
358,61,343.9243767116731
358,62,231.25628932209307
358,63,127.73701477146652
358,64,0.0
358,65,0.0
358,66,0.0
358,67,0.0
358,68,0.0
358,69,0.0
358,70,0.0
358,71,0.0
358,72,0.0
358,73,0.0
358,74,0.0
358,75,0.0
358,76,0.0
358,77,0.0
358,78,0.0
358,79,0.0
358,80,0.0
358,81,0.0
358,82,0.0
358,83,0.0
358,84,0.0
358,85,0.0
358,86,0.0
358,87,0.0
358,88,0.0
358,89,0.0
358,90,0.0
358,91,0.0
358,92,0.0
358,93,0.0
358,94,0.0
358,95,0.0
359,0,0.0
359,1,0.0
359,2,0.0
359,3,0.0
359,4,0.0
359,5,0.0
359,6,0.0
359,7,0.0
359,8,0.0
359,9,0.0
359,10,0.0
359,11,0.0
359,12,0.0
359,13,0.0
359,14,0.0
359,15,0.0
359,16,0.0
359,17,0.0
359,18,0.0
359,19,0.0
359,20,0.0
359,21,0.0
359,22,0.0
359,23,0.0
359,24,0.0
359,25,0.0
359,26,0.0
359,27,0.0
359,28,0.0
359,29,0.0
359,30,0.0
359,31,0.0
359,32,138.33253
359,33,176.4431800503008
359,34,216.7157418228718
359,35,263.21420268400686
359,36,320.00255
359,37,388.7165614318572
359,38,461.2791758194321
359,39,527.1851222972912
359,40,575.92913
359,41,601.1506832847708
359,42,613.0682873993997
359,43,626.0452028143286
359,44,654.44469
359,45,707.5643771478099
359,46,774.4393633329695
359,47,839.0391153516445
359,48,885.3331
359,49,901.8222287489898
359,50,895.1331917687222
359,51,876.4241239040936
359,52,856.85316
359,53,843.3386026999804
359,54,825.8394258421413
359,55,790.0747710632317
359,56,721.76378
359,57,612.5990959198385
359,58,478.16736861271255
359,59,340.02874949923023
359,60,219.74339
359,61,133.83651143316516
359,62,0.0
359,63,0.0
359,64,0.0
359,65,0.0
359,66,0.0
359,67,0.0
359,68,0.0
359,69,0.0
359,70,0.0
359,71,0.0
359,72,0.0
359,73,0.0
359,74,0.0
359,75,0.0
359,76,0.0
359,77,0.0
359,78,0.0
359,79,0.0
359,80,0.0
359,81,0.0
359,82,0.0
359,83,0.0
359,84,0.0
359,85,0.0
359,86,0.0
359,87,0.0
359,88,0.0
359,89,0.0
359,90,0.0
359,91,0.0
359,92,0.0
359,93,0.0
359,94,0.0
359,95,0.0
360,0,0.0
360,1,0.0
360,2,0.0
360,3,0.0
360,4,0.0
360,5,0.0
360,6,0.0
360,7,0.0
360,8,0.0
360,9,0.0
360,10,0.0
360,11,0.0
360,12,0.0
360,13,0.0
360,14,0.0
360,15,0.0
360,16,0.0
360,17,0.0
360,18,0.0
360,19,0.0
360,20,0.0
360,21,0.0
360,22,0.0
360,23,0.0
360,24,0.0
360,25,0.0
360,26,0.0
360,27,0.0
360,28,0.0
360,29,0.0
360,30,153.39418832467103
360,31,213.3826076667092
360,32,262.98729
360,33,294.5495043169217
360,34,312.011286965011
360,35,322.21486613059494
360,36,332.00247
360,37,347.12973447451617
360,38,369.00592631528497
360,39,397.9537199984114
360,40,434.29579000000007
360,41,477.140302941264
360,42,520.7373940238492
360,43,558.1226905945098
360,44,582.33182
360,45,588.8161667291782
360,46,582.6901438393186
360,47,571.4839215297995
360,48,562.72767
360,49,562.7502173295235
360,50,573.0750231188767
360,51,594.0242048487916
360,52,625.91988
360,53,667.2377080152277
360,54,709.0675161851746
360,55,740.6526737625342
360,56,751.23655
360,57,732.0794410783159
360,58,682.5093508904254
360,59,603.871210257322
360,60,497.50995000000006
360,61,367.826596265259
360,62,231.4465565031244
360,63,0.0
360,64,0.0
360,65,0.0
360,66,0.0
360,67,0.0
360,68,0.0
360,69,0.0
360,70,0.0
360,71,0.0
360,72,0.0
360,73,0.0
360,74,0.0
360,75,0.0
360,76,0.0
360,77,0.0
360,78,0.0
360,79,0.0
360,80,0.0
360,81,0.0
360,82,0.0
360,83,0.0
360,84,0.0
360,85,0.0
360,86,0.0
360,87,0.0
360,88,0.0
360,89,0.0
360,90,0.0
360,91,0.0
360,92,0.0
360,93,0.0
360,94,0.0
360,95,0.0
361,0,0.0
361,1,0.0
361,2,0.0
361,3,0.0
361,4,0.0
361,5,0.0
361,6,0.0
361,7,0.0
361,8,0.0
361,9,0.0
361,10,0.0
361,11,0.0
361,12,0.0
361,13,0.0
361,14,0.0
361,15,0.0
361,16,0.0
361,17,0.0
361,18,0.0
361,19,0.0
361,20,0.0
361,21,0.0
361,22,0.0
361,23,0.0
361,24,0.0
361,25,0.0
361,26,0.0
361,27,0.0
361,28,0.0
361,29,197.3877228778472
361,30,339.625214905546
361,31,495.6717219804717
361,32,647.05682
361,33,778.2612923697617
361,34,885.5707525284099
361,35,968.2220214228532
361,36,1025.45192
361,37,1057.0607256118558
361,38,1065.102541230814
361,39,1052.1949262343653
361,40,1020.95544
361,41,975.4613086203146
361,42,925.6284250483334
361,43,882.8323489521852
361,44,858.44864
361,45,859.9924244381345
361,46,879.5370948258525
361,47,905.295610300644
361,48,925.48093
361,49,931.4417537833968
361,50,927.0697443982568
361,51,919.3923053139882
361,52,915.43684
361,53,920.106587147028
361,54,929.8081263311204
361,55,938.8238723496524
361,56,941.43624
361,57,931.1980602847408
361,58,898.7438290272618
361,59,833.9784582561518
361,60,726.80686
361,61,573.7143599952586
361,62,397.5079388098328
361,63,227.57499071949056
361,64,0.0
361,65,0.0
361,66,0.0
361,67,0.0
361,68,0.0
361,69,0.0
361,70,0.0
361,71,0.0
361,72,0.0
361,73,0.0
361,74,0.0
361,75,0.0
361,76,0.0
361,77,0.0
361,78,0.0
361,79,0.0
361,80,0.0
361,81,0.0
361,82,0.0
361,83,0.0
361,84,0.0
361,85,0.0
361,86,0.0
361,87,0.0
361,88,0.0
361,89,0.0
361,90,0.0
361,91,0.0
361,92,0.0
361,93,0.0
361,94,0.0
361,95,0.0
362,0,0.0
362,1,0.0
362,2,0.0
362,3,0.0
362,4,0.0
362,5,0.0
362,6,0.0
362,7,0.0
362,8,0.0
362,9,0.0
362,10,0.0
362,11,0.0
362,12,0.0
362,13,0.0
362,14,0.0
362,15,0.0
362,16,0.0
362,17,0.0
362,18,0.0
362,19,0.0
362,20,0.0
362,21,0.0
362,22,0.0
362,23,0.0
362,24,0.0
362,25,0.0
362,26,0.0
362,27,0.0
362,28,0.0
362,29,182.2426551497173
362,30,307.39769612575515
362,31,436.5115065389154
362,32,548.54386
362,33,627.4027073613792
362,34,676.788708441697
362,35,705.3507003011665
362,36,721.73752
362,37,733.0189396235161
362,38,739.9484713574564
362,39,741.7005624126685
362,40,737.44966
362,41,727.4132844570566
362,42,715.9812486284776
362,43,708.5864384856596
362,44,710.66174
362,45,725.1418323920071
362,46,744.9685678786337
362,47,760.5855919259434
362,48,762.43655
362,49,744.3567644124147
362,50,713.7482648569877
362,51,681.4047578730671
362,52,658.11995
362,53,651.3043048020841
362,54,654.8353139434153
362,55,659.2072261130387
362,56,654.91429
362,57,633.9467501292488
362,58,594.2788343693513
362,59,535.3807664247784
362,60,456.72277
362,61,360.0665798371706
362,62,256.3399748291791
362,63,158.762244906598
362,64,0.0
362,65,0.0
362,66,0.0
362,67,0.0
362,68,0.0
362,69,0.0
362,70,0.0
362,71,0.0
362,72,0.0
362,73,0.0
362,74,0.0
362,75,0.0
362,76,0.0
362,77,0.0
362,78,0.0
362,79,0.0
362,80,0.0
362,81,0.0
362,82,0.0
362,83,0.0
362,84,0.0
362,85,0.0
362,86,0.0
362,87,0.0
362,88,0.0
362,89,0.0
362,90,0.0
362,91,0.0
362,92,0.0
362,93,0.0
362,94,0.0
362,95,0.0
363,0,0.0
363,1,0.0
363,2,0.0
363,3,0.0
363,4,0.0
363,5,0.0
363,6,0.0
363,7,0.0
363,8,0.0
363,9,0.0
363,10,0.0
363,11,0.0
363,12,0.0
363,13,0.0
363,14,0.0
363,15,0.0
363,16,0.0
363,17,0.0
363,18,0.0
363,19,0.0
363,20,0.0
363,21,0.0
363,22,0.0
363,23,0.0
363,24,0.0
363,25,0.0
363,26,0.0
363,27,0.0
363,28,0.0
363,29,0.0
363,30,0.0
363,31,0.0
363,32,0.0
363,33,0.0
363,34,146.49924379932986
363,35,194.3370177881209
363,36,251.27768
363,37,317.6634375337597
363,38,391.02861539235175
363,39,468.205568054768
363,40,546.02665
363,41,621.1472957040876
363,42,689.515259631263
363,43,746.9013762428068
363,44,789.07648
363,45,813.88209089989
363,46,827.4424710825962
363,47,837.952568224004
363,48,853.60733
363,49,879.8395905401018
363,50,911.0337297883524
363,51,938.812014142427
363,52,954.79671
363,53,952.4329988147032
363,54,932.4577222639942
363,55,897.4306370812884
363,56,849.9115
363,57,791.562803107336
363,58,720.4579799056704
363,59,633.7731992511698
363,60,528.68463
363,61,405.5119868809531
363,62,277.14916811332387
363,63,159.63361778903266
363,64,0.0
363,65,0.0
363,66,0.0
363,67,0.0
363,68,0.0
363,69,0.0
363,70,0.0
363,71,0.0
363,72,0.0
363,73,0.0
363,74,0.0
363,75,0.0
363,76,0.0
363,77,0.0
363,78,0.0
363,79,0.0
363,80,0.0
363,81,0.0
363,82,0.0
363,83,0.0
363,84,0.0
363,85,0.0
363,86,0.0
363,87,0.0
363,88,0.0
363,89,0.0
363,90,0.0
363,91,0.0
363,92,0.0
363,93,0.0
363,94,0.0
363,95,0.0
364,0,0.0
364,1,0.0
364,2,0.0
364,3,0.0
364,4,0.0
364,5,0.0
364,6,0.0
364,7,0.0
364,8,0.0
364,9,0.0
364,10,0.0
364,11,0.0
364,12,0.0
364,13,0.0
364,14,0.0
364,15,0.0
364,16,0.0
364,17,0.0
364,18,0.0
364,19,0.0
364,20,0.0
364,21,0.0
364,22,0.0
364,23,0.0
364,24,0.0
364,25,0.0
364,26,0.0
364,27,0.0
364,28,0.0
364,29,0.0
364,30,0.0
364,31,0.0
364,32,161.34698
364,33,213.1793897282049
364,34,265.2149194558924
364,35,311.8573319556337
364,36,347.51039
364,37,368.8331236572631
364,38,381.5056321784995
364,39,393.463282110486
364,40,412.64144
364,41,444.4121784552423
364,42,483.8943943301095
364,43,523.6436905399219
364,44,556.21567
364,45,575.4113048655176
364,46,580.0130442510624
364,47,570.0487065110763
364,48,545.54611
364,49,507.2274216139375
364,50,458.5922024156405
364,51,403.8343620095234
364,52,347.14781000000005
364,53,292.36442055373254
364,54,241.86792608637523
364,55,197.68002357583032
364,56,161.82241000000002
364,57,135.47417367113235
364,58,0.0
364,59,0.0
364,60,0.0
364,61,0.0
364,62,0.0
364,63,0.0
364,64,0.0
364,65,0.0
364,66,0.0
364,67,0.0
364,68,0.0
364,69,0.0
364,70,0.0
364,71,0.0
364,72,0.0
364,73,0.0
364,74,0.0
364,75,0.0
364,76,0.0
364,77,0.0
364,78,0.0
364,79,0.0
364,80,0.0
364,81,0.0
364,82,0.0
364,83,0.0
364,84,0.0
364,85,0.0
364,86,0.0
364,87,0.0
364,88,0.0
364,89,0.0
364,90,0.0
364,91,0.0
364,92,0.0
